{
	"credit": "Made with Blockbench",
	"texture_size": [64, 64],
	"textures": {
		"0": "item/lego_brick_dyable",
		"particle": "item/lego_brick_dyable"
	},
	"elements": [
		{
			"from": [4, 0, 4],
			"to": [4.25, 4, 12],
			"rotation": {"angle": 0, "axis": "y", "origin": [16, -4, 0]},
			"faces": {
				"north": {"uv": [7.75, 2, 7.5, 4], "texture": "#0", "tintindex": 0},
				"east": {"uv": [3.75, 0, 8, 2], "texture": "#0", "tintindex": 0},
				"south": {"uv": [7.75, 2, 7.5, 4], "texture": "#0", "tintindex": 0},
				"west": {"uv": [8, 0, 3.75, 2], "texture": "#0", "tintindex": 0},
				"up": {"uv": [8.25, 0, 8, 4], "texture": "#0", "tintindex": 0},
				"down": {"uv": [8.25, 0, 8, 4], "texture": "#0", "tintindex": 0}
			}
		},
		{
			"from": [11.75, 0, 4],
			"to": [12, 4, 12],
			"rotation": {"angle": 0, "axis": "y", "origin": [0, -4, 0]},
			"faces": {
				"north": {"uv": [7.5, 2, 7.75, 4], "texture": "#0", "tintindex": 0},
				"east": {"uv": [3.75, 0, 8, 2], "texture": "#0", "tintindex": 0},
				"south": {"uv": [7.5, 2, 7.75, 4], "texture": "#0", "tintindex": 0},
				"west": {"uv": [8, 0, 3.75, 2], "texture": "#0", "tintindex": 0},
				"up": {"uv": [8, 0, 8.25, 4], "texture": "#0", "tintindex": 0},
				"down": {"uv": [8, 0, 8.25, 4], "texture": "#0", "tintindex": 0}
			}
		},
		{
			"from": [4.25, 3.75, 4.25],
			"to": [11.75, 4, 11.75],
			"rotation": {"angle": 0, "axis": "y", "origin": [16, -4, 0]},
			"faces": {
				"up": {"uv": [0.125, 0.125, 3.625, 3.625], "texture": "#0", "tintindex": 0},
				"down": {"uv": [0.125, 0.125, 3.625, 3.625], "texture": "#0", "tintindex": 0}
			}
		},
		{
			"from": [4.25, 0, 4],
			"to": [11.75, 4, 4.25],
			"rotation": {"angle": 0, "axis": "y", "origin": [16, -4, 0]},
			"faces": {
				"north": {"uv": [3.875, 2, 7.625, 4], "texture": "#0", "tintindex": 0},
				"south": {"uv": [7.625, 2, 3.875, 4], "texture": "#0", "tintindex": 0},
				"up": {"uv": [0.125, 0, 3.625, 0.25], "texture": "#0", "tintindex": 0},
				"down": {"uv": [0.125, 0, 3.625, 0.25], "texture": "#0", "tintindex": 0}
			}
		},
		{
			"from": [4.25, 0, 11.75],
			"to": [11.75, 4, 12],
			"rotation": {"angle": 0, "axis": "y", "origin": [16, -4, 16]},
			"faces": {
				"north": {"uv": [3.875, 2, 7.625, 4], "texture": "#0", "tintindex": 0},
				"south": {"uv": [7.625, 2, 3.875, 4], "texture": "#0", "tintindex": 0},
				"up": {"uv": [0.125, 0.25, 3.625, 0], "texture": "#0", "tintindex": 0},
				"down": {"uv": [0.125, 0.25, 3.625, 0], "texture": "#0", "tintindex": 0}
			}
		},
		{
			"from": [9.09489, 4, 5.62818],
			"to": [10.90489, 4.5, 6.36818],
			"rotation": {"angle": 22.5, "axis": "y", "origin": [9.99989, 4.25, 5.99818]},
			"faces": {
				"north": {"uv": [0, 0, 0.4525, 0.125], "texture": "#missing", "tintindex": 0},
				"east": {"uv": [0, 4.5, 1, 5.25], "texture": "#0", "tintindex": 0},
				"south": {"uv": [0, 0, 0.4525, 0.125], "texture": "#missing", "tintindex": 0},
				"west": {"uv": [0, 4.5, 1, 5.25], "texture": "#0", "tintindex": 0},
				"up": {"uv": [1, 4.5, 2, 7.25], "rotation": 90, "texture": "#0", "tintindex": 0},
				"down": {"uv": [0.185, 0.4525, 0.37, 0.905], "rotation": 90, "texture": "#missing", "tintindex": 0}
			}
		},
		{
			"from": [9.09489, 4, 5.62818],
			"to": [10.90489, 4.5, 6.36818],
			"rotation": {"angle": -22.5, "axis": "y", "origin": [9.99989, 4.25, 5.99818]},
			"faces": {
				"north": {"uv": [0, 0, 0.4525, 0.125], "texture": "#missing", "tintindex": 0},
				"east": {"uv": [0, 4.5, 1, 5.25], "texture": "#0", "tintindex": 0},
				"south": {"uv": [0, 0, 0.4525, 0.125], "texture": "#missing", "tintindex": 0},
				"west": {"uv": [0, 4.5, 1, 5.25], "texture": "#0", "tintindex": 0},
				"up": {"uv": [1, 4.5, 2, 7.25], "rotation": 90, "texture": "#0", "tintindex": 0},
				"down": {"uv": [0.185, 0.4525, 0.37, 0.905], "rotation": 90, "texture": "#missing", "tintindex": 0}
			}
		},
		{
			"from": [9.62989, 4, 5.09318],
			"to": [10.36989, 4.5, 6.90318],
			"rotation": {"angle": -22.5, "axis": "y", "origin": [9.99989, 4.25, 5.99818]},
			"faces": {
				"north": {"uv": [0, 4.5, 1, 5.25], "texture": "#0", "tintindex": 0},
				"east": {"uv": [0, 0, 0.4525, 0.125], "texture": "#missing", "tintindex": 0},
				"south": {"uv": [0, 4.5, 1, 5.25], "texture": "#0", "tintindex": 0},
				"west": {"uv": [0, 0, 0.4525, 0.125], "texture": "#missing", "tintindex": 0},
				"up": {"uv": [1, 4.5, 2, 7.25], "texture": "#0", "tintindex": 0},
				"down": {"uv": [0.185, 0.4525, 0.37, 0.905], "rotation": 180, "texture": "#missing", "tintindex": 0}
			}
		},
		{
			"from": [9.59191, 4, 5.19224],
			"to": [10.33191, 4.5, 7.00224],
			"rotation": {"angle": 22.5, "axis": "y", "origin": [9.73191, 4.25, 5.95224]},
			"faces": {
				"north": {"uv": [0, 4.5, 1, 5.25], "texture": "#0", "tintindex": 0},
				"east": {"uv": [0, 0, 0.4525, 0.125], "texture": "#missing", "tintindex": 0},
				"south": {"uv": [0, 4.5, 1, 5.25], "texture": "#0", "tintindex": 0},
				"west": {"uv": [0, 0, 0.4525, 0.125], "texture": "#missing", "tintindex": 0},
				"up": {"uv": [1, 4.5, 2, 7.25], "texture": "#0", "tintindex": 0},
				"down": {"uv": [0.185, 0.4525, 0.37, 0.905], "texture": "#missing", "tintindex": 0}
			}
		},
		{
			"from": [5.09511, 4, 5.62818],
			"to": [6.90511, 4.5, 6.36818],
			"rotation": {"angle": -22.5, "axis": "y", "origin": [6.00011, 4.25, 5.99818]},
			"faces": {
				"north": {"uv": [0.4525, 0, 0, 0.125], "texture": "#missing", "tintindex": 0},
				"east": {"uv": [1, 4.5, 0, 5.25], "texture": "#0", "tintindex": 0},
				"south": {"uv": [0.4525, 0, 0, 0.125], "texture": "#missing", "tintindex": 0},
				"west": {"uv": [1, 4.5, 0, 5.25], "texture": "#0", "tintindex": 0},
				"up": {"uv": [1, 7.25, 2, 4.5], "rotation": 90, "texture": "#0", "tintindex": 0},
				"down": {"uv": [0.185, 0.905, 0.37, 0.4525], "rotation": 90, "texture": "#missing", "tintindex": 0}
			}
		},
		{
			"from": [5.09511, 4, 5.62818],
			"to": [6.90511, 4.5, 6.36818],
			"rotation": {"angle": 22.5, "axis": "y", "origin": [6.00011, 4.25, 5.99818]},
			"faces": {
				"north": {"uv": [0.4525, 0, 0, 0.125], "texture": "#missing", "tintindex": 0},
				"east": {"uv": [1, 4.5, 0, 5.25], "texture": "#0", "tintindex": 0},
				"south": {"uv": [0.4525, 0, 0, 0.125], "texture": "#missing", "tintindex": 0},
				"west": {"uv": [1, 4.5, 0, 5.25], "texture": "#0", "tintindex": 0},
				"up": {"uv": [1, 7.25, 2, 4.5], "rotation": 90, "texture": "#0", "tintindex": 0},
				"down": {"uv": [0.185, 0.905, 0.37, 0.4525], "rotation": 90, "texture": "#missing", "tintindex": 0}
			}
		},
		{
			"from": [5.63011, 4, 5.09318],
			"to": [6.37011, 4.5, 6.90318],
			"rotation": {"angle": 22.5, "axis": "y", "origin": [6.00011, 4.25, 5.99818]},
			"faces": {
				"north": {"uv": [1, 4.5, 0, 5.25], "texture": "#0", "tintindex": 0},
				"east": {"uv": [0.4525, 0, 0, 0.125], "texture": "#missing", "tintindex": 0},
				"south": {"uv": [1, 4.5, 0, 5.25], "texture": "#0", "tintindex": 0},
				"west": {"uv": [0.4525, 0, 0, 0.125], "texture": "#missing", "tintindex": 0},
				"up": {"uv": [2, 4.5, 1, 7.25], "texture": "#0", "tintindex": 0},
				"down": {"uv": [0.37, 0.4525, 0.185, 0.905], "rotation": 180, "texture": "#missing", "tintindex": 0}
			}
		},
		{
			"from": [5.66809, 4, 5.19224],
			"to": [6.40809, 4.5, 7.00224],
			"rotation": {"angle": -22.5, "axis": "y", "origin": [6.26809, 4.25, 5.95224]},
			"faces": {
				"north": {"uv": [1, 4.5, 0, 5.25], "texture": "#0", "tintindex": 0},
				"east": {"uv": [0.4525, 0, 0, 0.125], "texture": "#missing", "tintindex": 0},
				"south": {"uv": [1, 4.5, 0, 5.25], "texture": "#0", "tintindex": 0},
				"west": {"uv": [0.4525, 0, 0, 0.125], "texture": "#missing", "tintindex": 0},
				"up": {"uv": [2, 4.5, 1, 7.25], "texture": "#0", "tintindex": 0},
				"down": {"uv": [0.37, 0.4525, 0.185, 0.905], "texture": "#missing", "tintindex": 0}
			}
		},
		{
			"from": [9.09489, 4, 9.63182],
			"to": [10.90489, 4.5, 10.37182],
			"rotation": {"angle": -22.5, "axis": "y", "origin": [9.99989, 4.25, 10.00182]},
			"faces": {
				"north": {"uv": [0.4525, 0, 0, 0.125], "texture": "#missing", "tintindex": 0},
				"east": {"uv": [1, 4.5, 0, 5.25], "texture": "#0", "tintindex": 0},
				"south": {"uv": [0.4525, 0, 0, 0.125], "texture": "#missing", "tintindex": 0},
				"west": {"uv": [1, 4.5, 0, 5.25], "texture": "#0", "tintindex": 0},
				"up": {"uv": [2, 4.5, 1, 7.25], "rotation": 90, "texture": "#0", "tintindex": 0},
				"down": {"uv": [0.37, 0.4525, 0.185, 0.905], "rotation": 90, "texture": "#missing", "tintindex": 0}
			}
		},
		{
			"from": [9.09489, 4, 9.63182],
			"to": [10.90489, 4.5, 10.37182],
			"rotation": {"angle": 22.5, "axis": "y", "origin": [9.99989, 4.25, 10.00182]},
			"faces": {
				"north": {"uv": [0.4525, 0, 0, 0.125], "texture": "#missing", "tintindex": 0},
				"east": {"uv": [1, 4.5, 0, 5.25], "texture": "#0", "tintindex": 0},
				"south": {"uv": [0.4525, 0, 0, 0.125], "texture": "#missing", "tintindex": 0},
				"west": {"uv": [1, 4.5, 0, 5.25], "texture": "#0", "tintindex": 0},
				"up": {"uv": [2, 4.5, 1, 7.25], "rotation": 90, "texture": "#0", "tintindex": 0},
				"down": {"uv": [0.37, 0.4525, 0.185, 0.905], "rotation": 90, "texture": "#missing", "tintindex": 0}
			}
		},
		{
			"from": [9.62989, 4, 9.09682],
			"to": [10.36989, 4.5, 10.90682],
			"rotation": {"angle": 22.5, "axis": "y", "origin": [9.99989, 4.25, 10.00182]},
			"faces": {
				"north": {"uv": [1, 4.5, 0, 5.25], "texture": "#0", "tintindex": 0},
				"east": {"uv": [0.4525, 0, 0, 0.125], "texture": "#missing", "tintindex": 0},
				"south": {"uv": [1, 4.5, 0, 5.25], "texture": "#0", "tintindex": 0},
				"west": {"uv": [0.4525, 0, 0, 0.125], "texture": "#missing", "tintindex": 0},
				"up": {"uv": [1, 7.25, 2, 4.5], "texture": "#0", "tintindex": 0},
				"down": {"uv": [0.185, 0.905, 0.37, 0.4525], "rotation": 180, "texture": "#missing", "tintindex": 0}
			}
		},
		{
			"from": [9.59191, 4, 8.99776],
			"to": [10.33191, 4.5, 10.80776],
			"rotation": {"angle": -22.5, "axis": "y", "origin": [9.73191, 4.25, 10.04776]},
			"faces": {
				"north": {"uv": [1, 4.5, 0, 5.25], "texture": "#0", "tintindex": 0},
				"east": {"uv": [0.4525, 0, 0, 0.125], "texture": "#missing", "tintindex": 0},
				"south": {"uv": [1, 4.5, 0, 5.25], "texture": "#0", "tintindex": 0},
				"west": {"uv": [0.4525, 0, 0, 0.125], "texture": "#missing", "tintindex": 0},
				"up": {"uv": [1, 7.25, 2, 4.5], "texture": "#0", "tintindex": 0},
				"down": {"uv": [0.185, 0.905, 0.37, 0.4525], "texture": "#missing", "tintindex": 0}
			}
		},
		{
			"from": [5.66809, 4, 8.99776],
			"to": [6.40809, 4.5, 10.80776],
			"rotation": {"angle": 22.5, "axis": "y", "origin": [6.26809, 4.25, 10.04776]},
			"faces": {
				"north": {"uv": [0, 4.5, 1, 5.25], "texture": "#0", "tintindex": 0},
				"east": {"uv": [0, 0, 0.4525, 0.125], "texture": "#missing", "tintindex": 0},
				"south": {"uv": [0, 4.5, 1, 5.25], "texture": "#0", "tintindex": 0},
				"west": {"uv": [0, 0, 0.4525, 0.125], "texture": "#missing", "tintindex": 0},
				"up": {"uv": [2, 7.25, 1, 4.5], "texture": "#0", "tintindex": 0},
				"down": {"uv": [0.37, 0.905, 0.185, 0.4525], "texture": "#missing", "tintindex": 0}
			}
		},
		{
			"from": [5.63011, 4, 9.09682],
			"to": [6.37011, 4.5, 10.90682],
			"rotation": {"angle": -22.5, "axis": "y", "origin": [6.00011, 4.25, 10.00182]},
			"faces": {
				"north": {"uv": [0, 4.5, 1, 5.25], "texture": "#0", "tintindex": 0},
				"east": {"uv": [0, 0, 0.4525, 0.125], "texture": "#missing", "tintindex": 0},
				"south": {"uv": [0, 4.5, 1, 5.25], "texture": "#0", "tintindex": 0},
				"west": {"uv": [0, 0, 0.4525, 0.125], "texture": "#missing", "tintindex": 0},
				"up": {"uv": [2, 7.25, 1, 4.5], "texture": "#0", "tintindex": 0},
				"down": {"uv": [0.37, 0.905, 0.185, 0.4525], "rotation": 180, "texture": "#missing", "tintindex": 0}
			}
		},
		{
			"from": [5.09511, 4, 9.63182],
			"to": [6.90511, 4.5, 10.37182],
			"rotation": {"angle": -22.5, "axis": "y", "origin": [6.00011, 4.25, 10.00182]},
			"faces": {
				"north": {"uv": [0, 0, 0.4525, 0.125], "texture": "#missing", "tintindex": 0},
				"east": {"uv": [0, 4.5, 1, 5.25], "texture": "#0", "tintindex": 0},
				"south": {"uv": [0, 0, 0.4525, 0.125], "texture": "#missing", "tintindex": 0},
				"west": {"uv": [0, 4.5, 1, 5.25], "texture": "#0", "tintindex": 0},
				"up": {"uv": [2, 7.25, 1, 4.5], "rotation": 90, "texture": "#0", "tintindex": 0},
				"down": {"uv": [0.37, 0.905, 0.185, 0.4525], "rotation": 90, "texture": "#missing", "tintindex": 0}
			}
		},
		{
			"from": [5.09511, 4, 9.63182],
			"to": [6.90511, 4.5, 10.37182],
			"rotation": {"angle": 22.5, "axis": "y", "origin": [6.00011, 4.25, 10.00182]},
			"faces": {
				"north": {"uv": [0, 0, 0.4525, 0.125], "texture": "#missing", "tintindex": 0},
				"east": {"uv": [0, 4.5, 1, 5.25], "texture": "#0", "tintindex": 0},
				"south": {"uv": [0, 0, 0.4525, 0.125], "texture": "#missing", "tintindex": 0},
				"west": {"uv": [0, 4.5, 1, 5.25], "texture": "#0", "tintindex": 0},
				"up": {"uv": [2, 7.25, 1, 4.5], "rotation": 90, "texture": "#0", "tintindex": 0},
				"down": {"uv": [0.37, 0.905, 0.185, 0.4525], "rotation": 90, "texture": "#missing", "tintindex": 0}
			}
		},
		{
			"from": [8.84489, 0, 7.62818],
			"to": [8.90489, 3.75, 8.36818],
			"rotation": {"angle": 22.5, "axis": "y", "origin": [7.99989, 0.25, 7.99818]},
			"faces": {
				"north": {"uv": [0, 0, 0.015, 0.9375], "texture": "#missing", "tintindex": 0},
				"east": {"uv": [8.25, 0, 9, 3.75], "texture": "#0", "tintindex": 0},
				"south": {"uv": [0, 0, 0.015, 0.9375], "texture": "#missing", "tintindex": 0},
				"west": {"uv": [8.25, 0, 9, 3.75], "texture": "#0", "tintindex": 0},
				"up": {"uv": [0.185, 0.4525, 0.37, 0.4675], "rotation": 270, "texture": "#missing", "tintindex": 0},
				"down": {"uv": [8.25, 3.5, 9, 3.75], "texture": "#0", "tintindex": 0}
			}
		},
		{
			"from": [7.09489, 0, 7.62818],
			"to": [7.15489, 3.75, 8.36818],
			"rotation": {"angle": -22.5, "axis": "y", "origin": [7.99989, 0.25, 7.99818]},
			"faces": {
				"north": {"uv": [0, 0, 0.015, 0.9375], "texture": "#missing", "tintindex": 0},
				"east": {"uv": [8.25, 0, 9, 3.75], "texture": "#0", "tintindex": 0},
				"south": {"uv": [0, 0, 0.015, 0.9375], "texture": "#missing", "tintindex": 0},
				"west": {"uv": [8.25, 0, 9, 3.75], "texture": "#0", "tintindex": 0},
				"up": {"uv": [0.185, 0.4525, 0.37, 0.4675], "rotation": 270, "texture": "#missing", "tintindex": 0},
				"down": {"uv": [8.25, 3.5, 9, 3.75], "texture": "#0", "tintindex": 0}
			}
		},
		{
			"from": [7.59191, 0, 7.19224],
			"to": [8.33191, 3.75, 7.25224],
			"rotation": {"angle": 22.5, "axis": "y", "origin": [7.73191, 0.25, 7.95224]},
			"faces": {
				"north": {"uv": [8.25, 0, 9, 3.75], "texture": "#0", "tintindex": 0},
				"east": {"uv": [0, 0, 0.015, 0.9375], "texture": "#missing", "tintindex": 0},
				"south": {"uv": [8.25, 0, 9, 3.75], "texture": "#0", "tintindex": 0},
				"west": {"uv": [0, 0, 0.015, 0.9375], "texture": "#missing", "tintindex": 0},
				"up": {"uv": [0.185, 0.4525, 0.37, 0.4675], "texture": "#missing", "tintindex": 0},
				"down": {"uv": [8.25, 3.5, 9, 3.75], "texture": "#0", "tintindex": 0}
			}
		},
		{
			"from": [7.62989, 0, 7.09318],
			"to": [8.36989, 3.75, 7.15318],
			"rotation": {"angle": -22.5, "axis": "y", "origin": [7.99989, 0.25, 7.99818]},
			"faces": {
				"north": {"uv": [8.25, 0, 9, 3.75], "texture": "#0", "tintindex": 0},
				"east": {"uv": [0, 0, 0.015, 0.9375], "texture": "#missing", "tintindex": 0},
				"south": {"uv": [8.25, 0, 9, 3.75], "texture": "#0", "tintindex": 0},
				"west": {"uv": [0, 0, 0.015, 0.9375], "texture": "#missing", "tintindex": 0},
				"up": {"uv": [0.185, 0.4525, 0.37, 0.4675], "rotation": 180, "texture": "#missing", "tintindex": 0},
				"down": {"uv": [8.25, 3.5, 9, 3.75], "texture": "#0", "tintindex": 0}
			}
		},
		{
			"from": [7.09489, 0, 7.63182],
			"to": [7.15489, 3.75, 8.37182],
			"rotation": {"angle": 22.5, "axis": "y", "origin": [7.99989, 0.25, 8.00182]},
			"faces": {
				"north": {"uv": [0.015, 0, 0.03, 0.9375], "texture": "#missing", "tintindex": 0},
				"east": {"uv": [8.25, 0, 9, 3.75], "texture": "#0", "tintindex": 0},
				"south": {"uv": [0.015, 0, 0.03, 0.9375], "texture": "#missing", "tintindex": 0},
				"west": {"uv": [8.25, 0, 9, 3.75], "texture": "#0", "tintindex": 0},
				"up": {"uv": [0.37, 0.4525, 0.555, 0.4675], "rotation": 270, "texture": "#missing", "tintindex": 0},
				"down": {"uv": [8.25, 3.5, 9, 3.75], "texture": "#0", "tintindex": 0}
			}
		},
		{
			"from": [7.59191, 0, 8.74776],
			"to": [8.33191, 3.75, 8.80776],
			"rotation": {"angle": -22.5, "axis": "y", "origin": [7.73191, 0.25, 8.04776]},
			"faces": {
				"north": {"uv": [8.25, 0, 9, 3.75], "texture": "#0", "tintindex": 0},
				"east": {"uv": [0.015, 0, 0.03, 0.9375], "texture": "#missing", "tintindex": 0},
				"south": {"uv": [8.25, 0, 9, 3.75], "texture": "#0", "tintindex": 0},
				"west": {"uv": [0.015, 0, 0.03, 0.9375], "texture": "#missing", "tintindex": 0},
				"up": {"uv": [0.185, 0.4675, 0.37, 0.4825], "texture": "#missing", "tintindex": 0},
				"down": {"uv": [8.25, 3.5, 9, 3.75], "texture": "#0", "tintindex": 0}
			}
		},
		{
			"from": [7.62989, 0, 8.84682],
			"to": [8.36989, 3.75, 8.90682],
			"rotation": {"angle": 22.5, "axis": "y", "origin": [7.99989, 0.25, 8.00182]},
			"faces": {
				"north": {"uv": [8.25, 0, 9, 3.75], "texture": "#0", "tintindex": 0},
				"east": {"uv": [0.015, 0, 0.03, 0.9375], "texture": "#missing", "tintindex": 0},
				"south": {"uv": [8.25, 0, 9, 3.75], "texture": "#0", "tintindex": 0},
				"west": {"uv": [0.015, 0, 0.03, 0.9375], "texture": "#missing", "tintindex": 0},
				"up": {"uv": [0.185, 0.4675, 0.37, 0.4825], "rotation": 180, "texture": "#missing", "tintindex": 0},
				"down": {"uv": [8.25, 3.5, 9, 3.75], "texture": "#0", "tintindex": 0}
			}
		},
		{
			"from": [8.84489, 0, 7.63182],
			"to": [8.90489, 3.75, 8.37182],
			"rotation": {"angle": -22.5, "axis": "y", "origin": [7.99989, 0.25, 8.00182]},
			"faces": {
				"north": {"uv": [0.015, 0, 0.03, 0.9375], "texture": "#missing", "tintindex": 0},
				"east": {"uv": [8.25, 0, 9, 3.75], "texture": "#0", "tintindex": 0},
				"south": {"uv": [0.015, 0, 0.03, 0.9375], "texture": "#missing", "tintindex": 0},
				"west": {"uv": [8.25, 0, 9, 3.75], "texture": "#0", "tintindex": 0},
				"up": {"uv": [0.37, 0.4525, 0.555, 0.4675], "rotation": 270, "texture": "#missing", "tintindex": 0},
				"down": {"uv": [8.25, 3.5, 9, 3.75], "texture": "#0", "tintindex": 0}
			}
		}
	],
	"display": {
		"thirdperson_righthand": {
			"rotation": [75, 45, 0],
			"translation": [0, 1.5, 1.75],
			"scale": [0.375, 0.375, 0.375]
		},
		"thirdperson_lefthand": {
			"rotation": [75, 45, 0],
			"translation": [0, 1.5, 1.75],
			"scale": [0.375, 0.375, 0.375]
		},
		"firstperson_righthand": {
			"rotation": [0, 45, 0],
			"scale": [0.4, 0.4, 0.4]
		},
		"firstperson_lefthand": {
			"rotation": [0, 45, 0],
			"scale": [0.4, 0.4, 0.4]
		},
		"ground": {
			"translation": [0, 3, 0],
			"scale": [0.25, 0.25, 0.25]
		},
		"gui": {
			"rotation": [30, 225, 0],
			"scale": [0.625, 0.625, 0.625]
		},
		"head": {
			"rotation": [7.5, 0, 0],
			"translation": [0, 17.5, 2],
			"scale": [1.95, 1.95, 1.95]
		},
		"fixed": {
			"rotation": [-90, 0, 0],
			"translation": [0, 0, -30],
			"scale": [4, 4, 4]
		}
	}
}