{
	"credit": "Made with Blockbench",
	"texture_size": [32, 32],
	"textures": {
		"0": "item/navi_dyable",
		"1": "item/navi_wings_dyable",
		"particle": "item/navi_dyable"
	},
	"elements": [
		{
			"from": [6, 0, 6],
			"to": [10, 4, 10],
			"rotation": {"angle": 0, "axis": "y", "origin": [2, 2, 2]},
			"faces": {
				"north": {"uv": [0, 0, 8, 8], "texture": "#0", "tintindex": 0},
				"east": {"uv": [0, 0, 8, 8], "texture": "#0", "tintindex": 0},
				"south": {"uv": [0, 0, 8, 8], "texture": "#0", "tintindex": 0},
				"west": {"uv": [0, 0, 8, 8], "texture": "#0", "tintindex": 0},
				"up": {"uv": [0, 0, 8, 8], "texture": "#0", "tintindex": 0},
				"down": {"uv": [0, 0, 8, 8], "texture": "#0", "tintindex": 0}
			}
		},
		{
			"from": [8.5, -1, 10.01],
			"to": [13, 7, 10.01],
			"rotation": {"angle": 0, "axis": "y", "origin": [8.5, 3, 10.01]},
			"faces": {
				"north": {"uv": [0, 0, 4.5, 8], "texture": "#1", "tintindex": 0},
				"south": {"uv": [4.5, 0, 0, 8], "texture": "#1", "tintindex": 0}
			}
		},
		{
			"from": [8.5, -1, 10.01],
			"to": [13, 7, 10.01],
			"rotation": {"angle": -22.5, "axis": "y", "origin": [8.5, 3, 10.01]},
			"faces": {
				"north": {"uv": [4.5, 0, 9, 8], "texture": "#1", "tintindex": 0},
				"south": {"uv": [9, 0, 4.5, 8], "texture": "#1", "tintindex": 0}
			}
		},
		{
			"from": [8.5, -1, 10.01],
			"to": [13, 7, 10.01],
			"rotation": {"angle": -45, "axis": "y", "origin": [8.5, 3, 10.01]},
			"faces": {
				"north": {"uv": [9, 0, 13.5, 8], "texture": "#1", "tintindex": 0},
				"south": {"uv": [13.5, 0, 9, 8], "texture": "#1", "tintindex": 0}
			}
		},
		{
			"from": [3, -1, 10.01],
			"to": [7.5, 7, 10.01],
			"rotation": {"angle": 0, "axis": "y", "origin": [7.5, 3, 10.01]},
			"faces": {
				"north": {"uv": [4.5, 0, 0, 8], "texture": "#1", "tintindex": 0},
				"south": {"uv": [0, 0, 4.5, 8], "texture": "#1", "tintindex": 0}
			}
		},
		{
			"from": [3, -1, 10.01],
			"to": [7.5, 7, 10.01],
			"rotation": {"angle": 22.5, "axis": "y", "origin": [7.5, 3, 10.01]},
			"faces": {
				"north": {"uv": [9, 0, 4.5, 8], "texture": "#1", "tintindex": 0},
				"south": {"uv": [4.5, 0, 9, 8], "texture": "#1", "tintindex": 0}
			}
		},
		{
			"from": [3, -1, 10.01],
			"to": [7.5, 7, 10.01],
			"rotation": {"angle": 45, "axis": "y", "origin": [7.5, 3, 10.01]},
			"faces": {
				"north": {"uv": [13.5, 0, 9, 8], "texture": "#1", "tintindex": 0},
				"south": {"uv": [9, 0, 13.5, 8], "texture": "#1", "tintindex": 0}
			}
		}
	],
	"display": {
		"thirdperson_righthand": {
			"rotation": [75, 45, 0],
			"translation": [0, 1.5, 0],
			"scale": [0.375, 0.375, 0.375]
		},
		"thirdperson_lefthand": {
			"rotation": [75, 45, 0],
			"translation": [0, 1.5, 0],
			"scale": [0.375, 0.375, 0.375]
		},
		"firstperson_righthand": {
			"translation": [0, 15.25, 0],
			"scale": [0.68, 0.68, 0.68]
		},
		"firstperson_lefthand": {
			"translation": [0, 15.25, 0],
			"scale": [0.68, 0.68, 0.68]
		},
		"ground": {
			"translation": [0, 3, 0],
			"scale": [0.25, 0.25, 0.25]
		},
		"gui": {
			"rotation": [30, 225, 0],
			"scale": [0.625, 0.625, 0.625]
		},
		"head": {
			"translation": [-15, 13, 8],
			"scale": [1.21, 1.21, 1.21]
		},
		"fixed": {
			"rotation": [-90, 0, 0],
			"translation": [0, 0, -80],
			"scale": [2.01, 2.01, 2.01]
		}
	}
}