{
	"credit": "Made with Blockbench",
	"texture_size": [32, 32],
	"textures": {
		"0": "item/traffic_cone_dyable",
		"2": "item/traffic_cone_static_white",
		"particle": "item/traffic_cone_dyable"
	},
	"elements": [
		{
			"from": [4, 0, 4],
			"to": [12, 1.5, 12],
			"rotation": {"angle": 0, "axis": "y", "origin": [-0.5, 0, 4]},
			"faces": {
				"north": {"uv": [8, 8.5, 12, 9], "texture": "#0", "tintindex": 0},
				"east": {"uv": [8, 8.5, 12, 9], "texture": "#0", "tintindex": 0},
				"south": {"uv": [8, 8.25, 12, 9], "texture": "#0", "tintindex": 0},
				"west": {"uv": [8, 8.5, 12, 9], "texture": "#0", "tintindex": 0},
				"up": {"uv": [4, 4, 0, 0], "texture": "#0", "tintindex": 0},
				"down": {"uv": [4, 4, 0, 8], "texture": "#0"}
			}
		},
		{
			"from": [5, 1, 5],
			"to": [11, 4, 11],
			"rotation": {"angle": 0, "axis": "y", "origin": [-0.5, 0, 4]},
			"faces": {
				"north": {"uv": [7, 1.5, 10, 3], "texture": "#0", "tintindex": 0},
				"east": {"uv": [7, 1.5, 10, 3], "texture": "#0", "tintindex": 0},
				"south": {"uv": [7, 1.5, 10, 3], "texture": "#0", "tintindex": 0},
				"west": {"uv": [7, 1.5, 10, 3], "texture": "#0", "tintindex": 0},
				"up": {"uv": [7, 3, 4, 0], "texture": "#0", "tintindex": 0}
			}
		},
		{
			"from": [6, 3.5, 6],
			"to": [10, 6.5, 10],
			"rotation": {"angle": 0, "axis": "y", "origin": [-0.5, 0, 4]},
			"faces": {
				"north": {"uv": [7, 4.75, 9, 6.5], "texture": "#0", "tintindex": 0},
				"east": {"uv": [7, 4.75, 9, 6.5], "texture": "#0", "tintindex": 0},
				"south": {"uv": [7, 4.75, 9, 6.5], "texture": "#0", "tintindex": 0},
				"west": {"uv": [7, 4.75, 9, 6.5], "texture": "#0", "tintindex": 0},
				"up": {"uv": [4, 10, 2, 8], "texture": "#0", "tintindex": 0}
			}
		},
		{
			"from": [7, 6, 7],
			"to": [9, 9, 9],
			"rotation": {"angle": 0, "axis": "y", "origin": [-0.5, 0, 4]},
			"faces": {
				"north": {"uv": [4, 9.5, 5, 11], "texture": "#0", "tintindex": 0},
				"east": {"uv": [4, 9.5, 5, 11], "texture": "#0", "tintindex": 0},
				"south": {"uv": [4, 9.5, 5, 11], "texture": "#0", "tintindex": 0},
				"west": {"uv": [4, 9.5, 5, 11], "texture": "#0", "tintindex": 0},
				"up": {"uv": [7, 8.5, 6, 7.5], "texture": "#0", "tintindex": 0}
			}
		},
		{
			"from": [4.999, 0.999, 4.999],
			"to": [11.001, 4.001, 11.001],
			"rotation": {"angle": 0, "axis": "y", "origin": [-0.5, 0, 4]},
			"faces": {
				"north": {"uv": [7, 1.5, 10, 3], "texture": "#2"},
				"east": {"uv": [7, 1.5, 10, 3], "texture": "#2"},
				"south": {"uv": [7, 1.5, 10, 3], "texture": "#2"},
				"west": {"uv": [7, 1.5, 10, 3], "texture": "#2"},
				"up": {"uv": [7, 3, 4, 0], "texture": "#2"}
			}
		},
		{
			"from": [3.999, -0.001, 3.999],
			"to": [12.001, 1.501, 12.001],
			"rotation": {"angle": 0, "axis": "y", "origin": [-0.5, 0, 4]},
			"faces": {
				"north": {"uv": [8, 8.5, 12, 9], "texture": "#2"},
				"east": {"uv": [8, 8.5, 12, 9], "texture": "#2"},
				"south": {"uv": [8, 8.25, 12, 9], "texture": "#2"},
				"west": {"uv": [8, 8.5, 12, 9], "texture": "#2"},
				"up": {"uv": [4, 4, 0, 0], "texture": "#2"},
				"down": {"uv": [4, 4, 0, 8], "texture": "#2"}
			}
		},
		{
			"from": [5.999, 3.499, 5.999],
			"to": [10.001, 6.501, 10.001],
			"rotation": {"angle": 0, "axis": "y", "origin": [-0.5, 0, 4]},
			"faces": {
				"north": {"uv": [7, 4.75, 9, 6.5], "texture": "#2"},
				"east": {"uv": [7, 4.75, 9, 6.5], "texture": "#2"},
				"south": {"uv": [7, 4.75, 9, 6.5], "texture": "#2"},
				"west": {"uv": [7, 4.75, 9, 6.5], "texture": "#2"},
				"up": {"uv": [4, 10, 2, 8], "texture": "#2"}
			}
		},
		{
			"from": [6.999, 5.999, 6.999],
			"to": [9.001, 9.001, 9.001],
			"rotation": {"angle": 0, "axis": "y", "origin": [-0.5, 0, 4]},
			"faces": {
				"north": {"uv": [4, 9.5, 5, 11], "texture": "#2"},
				"east": {"uv": [4, 9.5, 5, 11], "texture": "#2"},
				"south": {"uv": [4, 9.5, 5, 11], "texture": "#2"},
				"west": {"uv": [4, 9.5, 5, 11], "texture": "#2"},
				"up": {"uv": [7, 8.5, 6, 7.5], "texture": "#2"}
			}
		}
	],
	"display": {
		"thirdperson_righthand": {
			"rotation": [75, 45, 0],
			"translation": [0, 1, 1],
			"scale": [0.375, 0.375, 0.375]
		},
		"thirdperson_lefthand": {
			"rotation": [75, 45, 0],
			"translation": [0, 1, 1],
			"scale": [0.375, 0.375, 0.375]
		},
		"firstperson_righthand": {
			"rotation": [0, 45, 0],
			"scale": [0.4, 0.4, 0.4]
		},
		"firstperson_lefthand": {
			"rotation": [0, 225, 0],
			"scale": [0.4, 0.4, 0.4]
		},
		"ground": {
			"translation": [0, 3, 0],
			"scale": [0.25, 0.25, 0.25]
		},
		"gui": {
			"rotation": [30, 225, 0],
			"scale": [0.625, 0.625, 0.625]
		},
		"head": {
			"rotation": [7.5, 0, 0],
			"translation": [0, 23.7, 2],
			"scale": [2.4, 2.4, 2.4]
		},
		"fixed": {
			"rotation": [-90, 0, 0],
			"translation": [0, 0, -22],
			"scale": [3.01, 3.01, 3.01]
		}
	},
	"groups": [
		0,
		1,
		2,
		3,
		{
			"name": "static",
			"origin": [-0.5, 0, 4],
			"color": 0,
			"children": [4, 5, 6, 7]
		}
	]
}