{
	"credit": "Made with Blockbench",
	"texture_size": [64, 64],
	"textures": {
		"1": "item/beanie_dyable"
	},
	"elements": [
		{
			"from": [4, 2, 4],
			"to": [12, 4, 12],
			"rotation": {"angle": 0, "axis": "y", "origin": [0, 0, -0.25]},
			"faces": {
				"north": {"uv": [9, 0, 13, 1], "texture": "#1", "tintindex": 0},
				"east": {"uv": [9, 1, 13, 2], "texture": "#1", "tintindex": 0},
				"south": {"uv": [9, 3, 13, 4], "texture": "#1", "tintindex": 0},
				"west": {"uv": [9, 2, 13, 3], "texture": "#1", "tintindex": 0},
				"up": {"uv": [0.25, 0.25, 4.25, 4.25], "texture": "#1", "tintindex": 0}
			}
		},
		{
			"from": [4.5, 4, 4.5],
			"to": [11.5, 5, 11.5],
			"rotation": {"angle": 0, "axis": "y", "origin": [0, 0, -0.5]},
			"faces": {
				"north": {"uv": [4.5, 4, 8, 4.5], "texture": "#1", "tintindex": 0},
				"east": {"uv": [4.5, 4.5, 8, 5], "texture": "#1", "tintindex": 0},
				"south": {"uv": [4.5, 5, 8, 5.5], "texture": "#1", "tintindex": 0},
				"west": {"uv": [4.5, 5.5, 8, 6], "texture": "#1", "tintindex": 0},
				"up": {"uv": [0.5, 0.5, 4, 4], "texture": "#1", "tintindex": 0}
			}
		},
		{
			"from": [5.5, 6, 5.5],
			"to": [10.5, 6.5, 10.5],
			"rotation": {"angle": 0, "axis": "y", "origin": [0, 0, -0.5]},
			"faces": {
				"north": {"uv": [11, 4, 13.5, 4.25], "texture": "#1", "tintindex": 0},
				"east": {"uv": [11, 4.25, 13.5, 4.5], "texture": "#1", "tintindex": 0},
				"south": {"uv": [11, 4.5, 13.5, 4.75], "texture": "#1", "tintindex": 0},
				"west": {"uv": [11, 4.75, 13.5, 5], "texture": "#1", "tintindex": 0},
				"up": {"uv": [1, 1, 3.5, 3.5], "texture": "#1", "tintindex": 0}
			}
		},
		{
			"from": [5, 5, 5],
			"to": [11, 6, 11],
			"rotation": {"angle": 0, "axis": "y", "origin": [0, 0, -0.5]},
			"faces": {
				"north": {"uv": [8, 4, 11, 4.5], "texture": "#1", "tintindex": 0},
				"east": {"uv": [8, 4.5, 11, 5], "texture": "#1", "tintindex": 0},
				"south": {"uv": [8, 5, 11, 5.5], "texture": "#1", "tintindex": 0},
				"west": {"uv": [8, 5.5, 11, 6], "texture": "#1", "tintindex": 0},
				"up": {"uv": [0.75, 0.75, 3.75, 3.75], "texture": "#1", "tintindex": 0}
			}
		},
		{
			"from": [6.5, 6.5, 6.5],
			"to": [9.5, 7, 9.5],
			"rotation": {"angle": 0, "axis": "y", "origin": [0, 0, -0.5]},
			"faces": {
				"north": {"uv": [11, 5, 12.5, 5.25], "texture": "#1", "tintindex": 0},
				"east": {"uv": [11, 5.25, 12.5, 5.5], "texture": "#1", "tintindex": 0},
				"south": {"uv": [11, 5.5, 12.5, 5.75], "texture": "#1", "tintindex": 0},
				"west": {"uv": [11, 5.75, 12.5, 6], "texture": "#1", "tintindex": 0},
				"up": {"uv": [1.5, 1.5, 3, 3], "texture": "#1", "tintindex": 0}
			}
		},
		{
			"from": [3.5, 0, 3.5],
			"to": [12.5, 2, 12.5],
			"faces": {
				"north": {"uv": [4.5, 0, 9, 1], "texture": "#1", "tintindex": 0},
				"east": {"uv": [4.5, 1, 9, 2], "texture": "#1", "tintindex": 0},
				"south": {"uv": [4.5, 2, 9, 3], "texture": "#1", "tintindex": 0},
				"west": {"uv": [4.5, 3, 9, 4], "texture": "#1", "tintindex": 0},
				"up": {"uv": [0, 0, 4.5, 4.5], "texture": "#1", "tintindex": 0},
				"down": {"uv": [0, 4.5, 4.5, 9], "texture": "#1", "tintindex": 0}
			}
		}
	],
	"display": {
		"thirdperson_righthand": {
			"rotation": [75, 45, 0],
			"translation": [0, 1.5, 1],
			"scale": [0.375, 0.375, 0.375]
		},
		"thirdperson_lefthand": {
			"rotation": [75, 45, 0],
			"translation": [0, 2.5, 0.75],
			"scale": [0.375, 0.375, 0.375]
		},
		"firstperson_righthand": {
			"rotation": [0, 45, 0],
			"scale": [0.4, 0.4, 0.4]
		},
		"firstperson_lefthand": {
			"rotation": [0, 225, 0],
			"scale": [0.4, 0.4, 0.4]
		},
		"ground": {
			"translation": [0, 3, 0],
			"scale": [0.25, 0.25, 0.25]
		},
		"gui": {
			"rotation": [30, 225, 0],
			"translation": [0, 3, 0],
			"scale": [0.625, 0.625, 0.625]
		},
		"head": {
			"rotation": [7.5, 0, 0],
			"translation": [0, 17.25, 1.75],
			"scale": [1.83, 1.83, 1.83]
		},
		"fixed": {
			"rotation": [-90, 0, 0],
			"translation": [0, 0, -19.25],
			"scale": [2.67, 2.67, 2.67]
		}
	}
}