{
	"credit": "Made with Blockbench",
	"texture_size": [32, 32],
	"textures": {
		"0": "item/devil_horns_dyable",
		"particle": "item/devil_horns_dyable"
	},
	"elements": [
		{
			"from": [9.25, 0.05025, 6.12132],
			"to": [11.25, 2.05025, 8.12132],
			"rotation": {"angle": -45, "axis": "x", "origin": [-1.75, -4.94975, 6.12132]},
			"faces": {
				"north": {"uv": [8, 3, 9, 4], "texture": "#0", "tintindex": 0},
				"east": {"uv": [8, 3, 9, 4], "texture": "#0", "tintindex": 0},
				"south": {"uv": [8, 3, 9, 4], "texture": "#0", "tintindex": 0},
				"west": {"uv": [8, 3, 9, 4], "texture": "#0", "tintindex": 0},
				"up": {"uv": [8, 3, 7, 2], "texture": "#0", "tintindex": 0},
				"down": {"uv": [8, 3, 7, 2], "texture": "#0", "tintindex": 0}
			}
		},
		{
			"from": [9.35, 0.12158, 1.98282],
			"to": [11.15, 2.92158, 3.78282],
			"rotation": {"angle": -22.5, "axis": "x", "origin": [-1.65, -1.97842, 1.88282]},
			"faces": {
				"north": {"uv": [0, 0, 1, 1.5], "texture": "#0", "tintindex": 0},
				"east": {"uv": [0, 0, 1, 1.5], "texture": "#0", "tintindex": 0},
				"south": {"uv": [0, 0, 1, 1.5], "texture": "#0", "tintindex": 0},
				"west": {"uv": [0, 0, 1, 1.5], "texture": "#0", "tintindex": 0},
				"up": {"uv": [8, 3, 7, 2], "texture": "#0", "tintindex": 0},
				"down": {"uv": [6, 6, 5, 7], "texture": "#0", "tintindex": 0}
			}
		},
		{
			"from": [9.55, 2.68686, 0.20006],
			"to": [10.95, 5.08686, 1.60006],
			"rotation": {"angle": 0, "axis": "x", "origin": [-1.55, -2.61314, -0.09994]},
			"faces": {
				"north": {"uv": [0, 0, 1, 1.5], "texture": "#0", "tintindex": 0},
				"east": {"uv": [0, 0, 1, 1.5], "texture": "#0", "tintindex": 0},
				"south": {"uv": [0, 0, 1, 1.5], "texture": "#0", "tintindex": 0},
				"west": {"uv": [0, 0, 1, 1.5], "texture": "#0", "tintindex": 0},
				"up": {"uv": [8, 3, 7, 2], "texture": "#0", "tintindex": 0},
				"down": {"uv": [8, 1, 7, 2], "texture": "#0", "tintindex": 0}
			}
		},
		{
			"from": [9.75, 5.84911, -2.53201],
			"to": [10.75, 7.84911, -1.53201],
			"rotation": {"angle": 22.5, "axis": "x", "origin": [-1.25, -1.65089, -3.13201]},
			"faces": {
				"north": {"uv": [0, 0, 1, 1.5], "texture": "#0", "tintindex": 0},
				"east": {"uv": [0, 0, 1, 1.5], "texture": "#0", "tintindex": 0},
				"south": {"uv": [0, 0, 1, 1.5], "texture": "#0", "tintindex": 0},
				"west": {"uv": [0, 0, 1, 1.5], "texture": "#0", "tintindex": 0},
				"up": {"uv": [8, 3, 7, 2], "texture": "#0", "tintindex": 0},
				"down": {"uv": [7, 6.5, 6, 7.5], "texture": "#0", "tintindex": 0}
			}
		},
		{
			"from": [9.95, 6.44991, 1.71063],
			"to": [10.55, 7.79991, 2.31063],
			"rotation": {"angle": 45, "axis": "x", "origin": [11.25, 7.24991, 1.83563]},
			"faces": {
				"north": {"uv": [0, 0, 1, 1.5], "texture": "#0", "tintindex": 0},
				"east": {"uv": [0, 0, 1, 1.5], "texture": "#0", "tintindex": 0},
				"south": {"uv": [0, 0, 1, 1.5], "texture": "#0", "tintindex": 0},
				"west": {"uv": [0, 0, 1, 1.5], "texture": "#0", "tintindex": 0},
				"up": {"uv": [8, 3, 7, 2], "texture": "#0", "tintindex": 0},
				"down": {"uv": [8, 3, 7, 4], "texture": "#0", "tintindex": 0}
			}
		},
		{
			"from": [4.85, 0.12158, 1.98282],
			"to": [6.65, 2.92158, 3.78282],
			"rotation": {"angle": -22.5, "axis": "x", "origin": [17.65, -1.97842, 1.88282]},
			"faces": {
				"north": {"uv": [1, 0, 0, 1.5], "texture": "#0", "tintindex": 0},
				"east": {"uv": [1, 0, 0, 1.5], "texture": "#0", "tintindex": 0},
				"south": {"uv": [1, 0, 0, 1.5], "texture": "#0", "tintindex": 0},
				"west": {"uv": [1, 0, 0, 1.5], "texture": "#0", "tintindex": 0},
				"up": {"uv": [7, 3, 8, 2], "texture": "#0", "tintindex": 0},
				"down": {"uv": [5, 6, 6, 7], "texture": "#0", "tintindex": 0}
			}
		},
		{
			"from": [5.25, 5.84911, -2.53201],
			"to": [6.25, 7.84911, -1.53201],
			"rotation": {"angle": 22.5, "axis": "x", "origin": [17.25, -1.65089, -3.13201]},
			"faces": {
				"north": {"uv": [1, 0, 0, 1.5], "texture": "#0", "tintindex": 0},
				"east": {"uv": [1, 0, 0, 1.5], "texture": "#0", "tintindex": 0},
				"south": {"uv": [1, 0, 0, 1.5], "texture": "#0", "tintindex": 0},
				"west": {"uv": [1, 0, 0, 1.5], "texture": "#0", "tintindex": 0},
				"up": {"uv": [7, 3, 8, 2], "texture": "#0", "tintindex": 0},
				"down": {"uv": [6, 6.5, 7, 7.5], "texture": "#0", "tintindex": 0}
			}
		},
		{
			"from": [5.05, 2.68686, 0.20006],
			"to": [6.45, 5.08686, 1.60006],
			"rotation": {"angle": 0, "axis": "x", "origin": [17.55, -2.61314, -0.09994]},
			"faces": {
				"north": {"uv": [1, 0, 0, 1.5], "texture": "#0", "tintindex": 0},
				"east": {"uv": [1, 0, 0, 1.5], "texture": "#0", "tintindex": 0},
				"south": {"uv": [1, 0, 0, 1.5], "texture": "#0", "tintindex": 0},
				"west": {"uv": [1, 0, 0, 1.5], "texture": "#0", "tintindex": 0},
				"up": {"uv": [7, 3, 8, 2], "texture": "#0", "tintindex": 0},
				"down": {"uv": [7, 1, 8, 2], "texture": "#0", "tintindex": 0}
			}
		},
		{
			"from": [5.45, 6.44991, 1.71063],
			"to": [6.05, 7.79991, 2.31063],
			"rotation": {"angle": 45, "axis": "x", "origin": [4.75, 7.24991, 1.83563]},
			"faces": {
				"north": {"uv": [1, 0, 0, 1.5], "texture": "#0", "tintindex": 0},
				"east": {"uv": [1, 0, 0, 1.5], "texture": "#0", "tintindex": 0},
				"south": {"uv": [1, 0, 0, 1.5], "texture": "#0", "tintindex": 0},
				"west": {"uv": [1, 0, 0, 1.5], "texture": "#0", "tintindex": 0},
				"up": {"uv": [7, 3, 8, 2], "texture": "#0", "tintindex": 0},
				"down": {"uv": [7, 3, 8, 4], "texture": "#0", "tintindex": 0}
			}
		},
		{
			"from": [4.75, 0.05025, 6.12132],
			"to": [6.75, 2.05025, 8.12132],
			"rotation": {"angle": -45, "axis": "x", "origin": [17.75, -4.94975, 6.12132]},
			"faces": {
				"north": {"uv": [9, 3, 8, 4], "texture": "#0", "tintindex": 0},
				"east": {"uv": [9, 3, 8, 4], "texture": "#0", "tintindex": 0},
				"south": {"uv": [9, 3, 8, 4], "texture": "#0", "tintindex": 0},
				"west": {"uv": [9, 3, 8, 4], "texture": "#0", "tintindex": 0},
				"up": {"uv": [7, 3, 8, 2], "texture": "#0", "tintindex": 0},
				"down": {"uv": [7, 3, 8, 2], "texture": "#0", "tintindex": 0}
			}
		}
	],
	"display": {
		"thirdperson_righthand": {
			"rotation": [75, 45, 0],
			"translation": [1.5, -0.5, 1.5],
			"scale": [0.375, 0.375, 0.375]
		},
		"thirdperson_lefthand": {
			"rotation": [75, 45, 0],
			"translation": [1.5, -0.5, 1.5],
			"scale": [0.375, 0.375, 0.375]
		},
		"firstperson_righthand": {
			"rotation": [0, 45, 0],
			"scale": [0.4, 0.4, 0.4]
		},
		"firstperson_lefthand": {
			"rotation": [0, 45, 0],
			"scale": [0.4, 0.4, 0.4]
		},
		"ground": {
			"translation": [0, 3, 0],
			"scale": [0.25, 0.25, 0.25]
		},
		"gui": {
			"rotation": [30, 225, 0],
			"translation": [-2.25, 4, 0],
			"scale": [0.625, 0.625, 0.625]
		},
		"head": {
			"rotation": [7.5, 0, 0],
			"translation": [0, 17.75, 5],
			"scale": [1.81, 1.81, 1.81]
		},
		"fixed": {
			"rotation": [-90, 0, 0],
			"translation": [0, 15.25, -19.35],
			"scale": [2.66797, 2.66797, 2.66797]
		}
	}
}