{
	"credit": "Made with Blockbench",
	"ambientocclusion": false,
	"texture_size": [16, 10],
	"textures": {
		"0": "item/bow_dyable",
		"particle": "item/bow_dyable"
	},
	"elements": [
		{
			"from": [7.25, 1, 7.75],
			"to": [8.75, 3, 8.25],
			"faces": {
				"north": {"uv": [0, 9.6, 4, 16], "texture": "#0", "tintindex": 0},
				"east": {"uv": [0, 0, 0, 0], "texture": "#0", "tintindex": 0},
				"south": {"uv": [0, 9.6, 4, 16], "texture": "#0", "tintindex": 0},
				"west": {"uv": [0, 0, 0, 0], "texture": "#0", "tintindex": 0},
				"up": {"uv": [4, 9.6, 8, 11.06667], "texture": "#0", "tintindex": 0},
				"down": {"uv": [0, 14.4, 4, 16], "texture": "#0", "tintindex": 0}
			}
		},
		{
			"from": [7.5, 1.25, 7.5],
			"to": [8.5, 2.75, 8.5],
			"faces": {
				"north": {"uv": [1, 11.2, 3, 16], "texture": "#0", "tintindex": 0},
				"east": {"uv": [1, 11.2, 2, 16], "texture": "#0", "tintindex": 0},
				"south": {"uv": [1, 11.2, 3, 16], "texture": "#0", "tintindex": 0},
				"west": {"uv": [1, 11.2, 2, 16], "texture": "#0", "tintindex": 0},
				"up": {"uv": [1, 11.2, 3, 12.8], "texture": "#0", "tintindex": 0},
				"down": {"uv": [1, 14.4, 3, 16], "texture": "#0", "tintindex": 0}
			}
		},
		{
			"from": [3.75, 0, 7.75],
			"to": [5.75, 5, 8.25],
			"faces": {
				"north": {"uv": [8, 0, 12, 16], "texture": "#0", "tintindex": 0},
				"east": {"uv": [0, 0, 1, 16], "texture": "#0", "tintindex": 0},
				"south": {"uv": [8, 0, 12, 16], "texture": "#0", "tintindex": 0},
				"west": {"uv": [0, 0, 1, 16], "texture": "#0", "tintindex": 0},
				"up": {"uv": [8, 0, 12, 1.6], "texture": "#0", "tintindex": 0},
				"down": {"uv": [8, 14.4, 12, 16], "texture": "#0", "tintindex": 0}
			}
		},
		{
			"from": [5.75, 0.5, 7.75],
			"to": [6.75, 4.5, 8.25],
			"faces": {
				"north": {"uv": [14, 0, 16, 12.8], "texture": "#0", "tintindex": 0},
				"east": {"uv": [10, 0, 11, 1.6], "texture": "#0", "tintindex": 0},
				"south": {"uv": [14, 0, 16, 12.8], "texture": "#0", "tintindex": 0},
				"up": {"uv": [16, 0, 14, 1.6], "texture": "#0", "tintindex": 0},
				"down": {"uv": [10, 14.4, 11, 16], "texture": "#0", "tintindex": 0}
			}
		},
		{
			"from": [3.25, 0.75, 7.5],
			"to": [7.25, 3.75, 8.5],
			"faces": {
				"north": {"uv": [0, 0, 8, 9.6], "texture": "#0", "tintindex": 0},
				"east": {"uv": [0, 0, 2, 9.6], "texture": "#0", "tintindex": 0},
				"south": {"uv": [0, 0, 8, 9.6], "texture": "#0", "tintindex": 0},
				"west": {"uv": [0, 0, 2, 9.6], "texture": "#0", "tintindex": 0},
				"up": {"uv": [0, 0, 8, 1.6], "texture": "#0", "tintindex": 0},
				"down": {"uv": [0, 8, 8, 9.6], "texture": "#0", "tintindex": 0}
			}
		},
		{
			"from": [10.25, 0, 7.75],
			"to": [12.25, 5, 8.25],
			"rotation": {"angle": 0, "axis": "y", "origin": [16, 0, 0]},
			"faces": {
				"north": {"uv": [12, 0, 8, 16], "texture": "#0", "tintindex": 0},
				"east": {"uv": [0, 0, 0.75, 26.66667], "texture": "#0", "tintindex": 0},
				"south": {"uv": [8, 0, 12, 16], "texture": "#0", "tintindex": 0},
				"west": {"uv": [0, 0, 1, 26.66667], "texture": "#0", "tintindex": 0},
				"up": {"uv": [8, 0, 12, 1.6], "texture": "#0", "tintindex": 0},
				"down": {"uv": [8, 14.4, 12, 16], "texture": "#0", "tintindex": 0}
			}
		},
		{
			"from": [9.25, 0.5, 7.75],
			"to": [10.25, 4.5, 8.25],
			"rotation": {"angle": 0, "axis": "y", "origin": [16, 0, 0]},
			"faces": {
				"north": {"uv": [16, 0, 14, 12.8], "texture": "#0", "tintindex": 0},
				"south": {"uv": [14, 0, 16, 12.8], "texture": "#0", "tintindex": 0},
				"west": {"uv": [10, 0, 11, 21.33333], "texture": "#0", "tintindex": 0},
				"up": {"uv": [14, 0, 16, 1.6], "texture": "#0", "tintindex": 0},
				"down": {"uv": [10, 14.4, 11, 16], "texture": "#0", "tintindex": 0}
			}
		},
		{
			"from": [8.75, 0.75, 7.5],
			"to": [12.75, 3.75, 8.5],
			"rotation": {"angle": 0, "axis": "y", "origin": [16, 0, 0]},
			"faces": {
				"north": {"uv": [8, 0, 0, 9.6], "texture": "#0", "tintindex": 0},
				"east": {"uv": [0, 0, 2, 9.6], "texture": "#0", "tintindex": 0},
				"south": {"uv": [0, 0, 8, 9.6], "texture": "#0", "tintindex": 0},
				"west": {"uv": [0, 0, 2, 9.6], "texture": "#0", "tintindex": 0},
				"up": {"uv": [0, 0, 8, 1.6], "texture": "#0", "tintindex": 0},
				"down": {"uv": [0, 8, 8, 9.6], "texture": "#0", "tintindex": 0}
			}
		}
	],
	"gui_light": "front",
	"display": {
		"thirdperson_righthand": {
			"rotation": [75, 45, 0],
			"translation": [0, 1.75, 1.5],
			"scale": [0.375, 0.375, 0.375]
		},
		"thirdperson_lefthand": {
			"rotation": [75, 45, 0],
			"translation": [0, 1.75, 1.5],
			"scale": [0.375, 0.375, 0.375]
		},
		"firstperson_righthand": {
			"rotation": [0, 45, 0],
			"scale": [0.4, 0.4, 0.4]
		},
		"firstperson_lefthand": {
			"rotation": [0, 45, 0],
			"scale": [0.4, 0.4, 0.4]
		},
		"ground": {
			"translation": [0, 3, 0],
			"scale": [0.25, 0.25, 0.25]
		},
		"gui": {
			"rotation": [30, 225, 0],
			"translation": [0, 3, 0],
			"scale": [0.625, 0.625, 0.625]
		},
		"head": {
			"rotation": [7.5, 0, 0],
			"translation": [0, 24.5, 2.5],
			"scale": [2.52, 2.52, 2.52]
		},
		"fixed": {
			"rotation": [-90, 0, 0],
			"translation": [0, 0, -27],
			"scale": [3.36, 3.36, 3.36]
		}
	}
}