{
	"credit": "Made with Blockbench",
	"texture_size": [32, 32],
	"textures": {
		"0": "item/ball_cap_dyable",
		"particle": "item/ball_cap_dyable"
	},
	"elements": [
		{
			"from": [4, 0, 2],
			"to": [12, 1, 12],
			"rotation": {"angle": 0, "axis": "y", "origin": [4, 0, 4]},
			"faces": {
				"north": {"uv": [4, 8, 8, 8.5], "texture": "#0", "tintindex": 0},
				"east": {"uv": [8, 3, 13, 3.5], "texture": "#0", "tintindex": 0},
				"south": {"uv": [8, 4, 12, 4.5], "texture": "#0", "tintindex": 0},
				"west": {"uv": [13, 3.5, 8, 4], "texture": "#0", "tintindex": 0},
				"up": {"uv": [4, 5, 0, 0], "texture": "#0", "tintindex": 0},
				"down": {"uv": [8, 0, 4, 5], "texture": "#0", "tintindex": 0}
			}
		},
		{
			"from": [5, 0, 1],
			"to": [11, 1, 2],
			"rotation": {"angle": 0, "axis": "x", "origin": [8, 1.5, 1.5]},
			"faces": {
				"north": {"uv": [8, 5, 11, 4.5], "rotation": 180, "texture": "#0", "tintindex": 0},
				"east": {"uv": [9, 9, 9.5, 9.5], "rotation": 90, "texture": "#0", "tintindex": 0},
				"south": {"uv": [7, 8.5, 4, 9], "texture": "#0"},
				"west": {"uv": [0, 9.5, 0.5, 10], "rotation": 270, "texture": "#0", "tintindex": 0},
				"up": {"uv": [11, 8.5, 8, 8], "rotation": 180, "texture": "#0", "tintindex": 0},
				"down": {"uv": [8, 4.5, 11, 5], "rotation": 180, "texture": "#0", "tintindex": 0}
			}
		},
		{
			"from": [4, 1, 4],
			"to": [12, 4, 12],
			"rotation": {"angle": 0, "axis": "y", "origin": [4, 0, 4]},
			"faces": {
				"north": {"uv": [7, 5, 11, 6.5], "texture": "#0"},
				"east": {"uv": [7, 6.5, 11, 8], "texture": "#0", "tintindex": 0},
				"south": {"uv": [8, 0, 12, 1.5], "texture": "#0", "tintindex": 0},
				"west": {"uv": [8, 1.5, 12, 3], "texture": "#0", "tintindex": 0},
				"up": {"uv": [4, 9, 0, 5], "texture": "#0", "tintindex": 0}
			}
		},
		{
			"from": [4.5, 4, 4],
			"to": [11.5, 5, 11],
			"rotation": {"angle": 0, "axis": "y", "origin": [4, 0, 4]},
			"faces": {
				"north": {"uv": [7, 8.5, 10.5, 9], "texture": "#0"},
				"east": {"uv": [7, 8.5, 10.5, 9], "texture": "#0", "tintindex": 0},
				"south": {"uv": [7, 8.5, 10.5, 9], "texture": "#0", "tintindex": 0},
				"west": {"uv": [7, 8.5, 10.5, 9], "texture": "#0", "tintindex": 0},
				"up": {"uv": [15.75, 7.75, 12.25, 4.25], "texture": "#0", "tintindex": 0}
			}
		},
		{
			"from": [7.5, 5, 7],
			"to": [8.5, 5.25, 8],
			"rotation": {"angle": 0, "axis": "y", "origin": [4, 0, 4]},
			"faces": {
				"north": {"uv": [1, 9.5, 1.5, 9.75], "texture": "#0", "tintindex": 0},
				"east": {"uv": [1.5, 9.5, 2, 9.75], "texture": "#0", "tintindex": 0},
				"south": {"uv": [2, 9.5, 2.5, 9.75], "texture": "#0", "tintindex": 0},
				"west": {"uv": [2.5, 9.5, 3, 9.75], "texture": "#0", "tintindex": 0},
				"up": {"uv": [1, 10, 0.5, 9.5], "texture": "#0", "tintindex": 0}
			}
		}
	],
	"display": {
		"thirdperson_righthand": {
			"rotation": [75, 45, 0],
			"translation": [0, 1.5, 1],
			"scale": [0.375, 0.375, 0.375]
		},
		"thirdperson_lefthand": {
			"rotation": [75, 45, 0],
			"translation": [0, 2, 1.5],
			"scale": [0.375, 0.375, 0.375]
		},
		"firstperson_righthand": {
			"rotation": [0, 225, 0],
			"scale": [0.4, 0.4, 0.4]
		},
		"firstperson_lefthand": {
			"rotation": [0, 225, 0],
			"scale": [0.4, 0.4, 0.4]
		},
		"ground": {
			"translation": [0, 3, 0],
			"scale": [0.25, 0.25, 0.25]
		},
		"gui": {
			"rotation": [30, 225, 0],
			"translation": [0, 3, 0],
			"scale": [0.625, 0.625, 0.625]
		},
		"head": {
			"rotation": [7.5, 0, 0],
			"translation": [0, 17, 1.7],
			"scale": [1.89, 1.89, 1.89]
		},
		"fixed": {
			"rotation": [-90, 0, 0],
			"translation": [0, 4, -22],
			"scale": [3.01, 3.01, 3.01]
		}
	}
}