{
	"credit": "Made with Blockbench",
	"texture_size": [64, 64],
	"textures": {
		"1": "item/runescape_helmet_static",
		"2": "item/runescape_helmet_dyable",
		"particle": "item/runescape_helmet_dyable"
	},
	"elements": [
		{
			"from": [4, 0, 4],
			"to": [12, 8, 12],
			"faces": {
				"north": {"uv": [0, 0, 4, 4], "texture": "#2", "tintindex": 0},
				"east": {"uv": [0, 0, 4, 4], "texture": "#2", "tintindex": 0},
				"south": {"uv": [0, 0, 4, 4], "texture": "#2", "tintindex": 0},
				"west": {"uv": [0, 0, 4, 4], "texture": "#2", "tintindex": 0},
				"up": {"uv": [0, 0, 4, 4], "texture": "#2", "tintindex": 0},
				"down": {"uv": [0, 0, 4, 4], "texture": "#2", "tintindex": 0}
			}
		},
		{
			"from": [3, 2, 3],
			"to": [13, 6, 11],
			"faces": {
				"north": {"uv": [0, 6, 5, 8], "texture": "#2", "tintindex": 0},
				"east": {"uv": [0, 4, 5, 6], "texture": "#2", "tintindex": 0},
				"south": {"uv": [0, 4, 5, 6], "texture": "#2", "tintindex": 0},
				"west": {"uv": [0, 4, 5, 6], "texture": "#2", "tintindex": 0},
				"up": {"uv": [0, 0, 4, 4], "texture": "#2", "tintindex": 0},
				"down": {"uv": [0, 0, 4, 4], "texture": "#2", "tintindex": 0}
			}
		},
		{
			"from": [5.5, 6, 10],
			"to": [10.5, 9, 13],
			"faces": {
				"north": {"uv": [5, 5.5, 7.5, 4], "texture": "#2", "tintindex": 0},
				"east": {"uv": [5, 4, 6.5, 5.5], "texture": "#2", "tintindex": 0},
				"south": {"uv": [5, 4, 7.5, 5.5], "texture": "#2", "tintindex": 0},
				"west": {"uv": [6.5, 4, 5, 5.5], "texture": "#2", "tintindex": 0},
				"up": {"uv": [5, 5.5, 7.5, 4], "texture": "#2", "tintindex": 0},
				"down": {"uv": [5, 5.5, 7.5, 4], "texture": "#2", "tintindex": 0}
			}
		},
		{
			"from": [5.5, 2.5, 3],
			"to": [4.5, 5.5, 4],
			"faces": {
				"east": {"uv": [4.75, 6.25, 4.25, 7.75], "texture": "#2", "tintindex": 0},
				"west": {"uv": [3.75, 6.25, 3.25, 7.75], "texture": "#2", "tintindex": 0},
				"up": {"uv": [4.25, 6, 3.75, 6.25], "texture": "#2", "tintindex": 0},
				"down": {"uv": [4.25, 7.75, 3.75, 8], "texture": "#2", "tintindex": 0}
			}
		},
		{
			"from": [7.5, 2.5, 3],
			"to": [6.5, 5.5, 4],
			"faces": {
				"east": {"uv": [4.75, 6.25, 4.25, 7.75], "texture": "#2", "tintindex": 0},
				"west": {"uv": [3.75, 6.25, 3.25, 7.75], "texture": "#2", "tintindex": 0},
				"up": {"uv": [4.25, 6, 3.75, 6.25], "texture": "#2", "tintindex": 0},
				"down": {"uv": [4.25, 7.75, 3.75, 8], "texture": "#2", "tintindex": 0}
			}
		},
		{
			"from": [9.5, 2.5, 3],
			"to": [8.5, 5.5, 4],
			"faces": {
				"east": {"uv": [4.75, 6.25, 4.25, 7.75], "texture": "#2", "tintindex": 0},
				"west": {"uv": [3.75, 6.25, 3.25, 7.75], "texture": "#2", "tintindex": 0},
				"up": {"uv": [4.25, 6, 3.75, 6.25], "texture": "#2", "tintindex": 0},
				"down": {"uv": [4.25, 7.75, 3.75, 8], "texture": "#2", "tintindex": 0}
			}
		},
		{
			"from": [11.5, 2.5, 3],
			"to": [10.5, 5.5, 4],
			"faces": {
				"east": {"uv": [4.75, 6.25, 4.25, 7.75], "texture": "#2", "tintindex": 0},
				"west": {"uv": [3.75, 6.25, 3.25, 7.75], "texture": "#2", "tintindex": 0},
				"up": {"uv": [4.25, 6, 3.75, 6.25], "texture": "#2", "tintindex": 0},
				"down": {"uv": [4.25, 7.75, 3.75, 8], "texture": "#2", "tintindex": 0}
			}
		},
		{
			"from": [3, 2, 3.5],
			"to": [13, 6, 3.5],
			"faces": {
				"north": {"uv": [0, 8, 5, 10], "texture": "#1"},
				"east": {"uv": [0, 4, 5, 6], "texture": "#1"},
				"south": {"uv": [0, 4, 5, 6], "texture": "#1"},
				"west": {"uv": [0, 4, 5, 6], "texture": "#1"},
				"up": {"uv": [0, 0, 4, 4], "texture": "#1"},
				"down": {"uv": [0, 0, 4, 4], "texture": "#1"}
			}
		},
		{
			"from": [6.5, 7.35355, 10.81066],
			"to": [9.5, 11.35355, 13.81066],
			"rotation": {"angle": 22.5, "axis": "x", "origin": [8, 9.35355, 13.06066]},
			"faces": {
				"north": {"uv": [7.75, 0, 9.25, 2], "texture": "#1"},
				"east": {"uv": [7.75, 0, 9.25, 2], "texture": "#1"},
				"south": {"uv": [7.75, 0, 9.25, 2], "texture": "#1"},
				"west": {"uv": [7.75, 0, 9.25, 2], "texture": "#1"}
			}
		},
		{
			"from": [6.501, 11.27046, 13.68184],
			"to": [9.499, 14.26846, 15.67984],
			"rotation": {"angle": 45, "axis": "x", "origin": [8, 12.76946, 12.18084]},
			"faces": {
				"east": {"uv": [7.75, 0, 9.25, 1], "rotation": 90, "texture": "#1"},
				"south": {"uv": [7.75, 0, 9.25, 1], "rotation": 90, "texture": "#1"},
				"west": {"uv": [7.75, 0, 9.25, 1], "rotation": 90, "texture": "#1"},
				"up": {"uv": [7.75, 0, 9.25, 1], "texture": "#1"}
			}
		},
		{
			"from": [6.5015, 10.45916, 12.84382],
			"to": [9.4985, 13.45616, 13.84082],
			"rotation": {"angle": 22.5, "axis": "x", "origin": [8, 11.95766, 12.34232]},
			"faces": {
				"east": {"uv": [7.75, 0.5, 9.25, 1], "rotation": 90, "texture": "#1"},
				"west": {"uv": [7.75, 0.5, 9.25, 1], "rotation": 90, "texture": "#1"},
				"up": {"uv": [7.75, 0.5, 9.25, 1], "texture": "#1"}
			}
		},
		{
			"from": [6.502, 10.07698, 12.99237],
			"to": [9.498, 13.07298, 13.98837],
			"rotation": {"angle": -22.5, "axis": "x", "origin": [8, 11.57498, 13.49037]},
			"faces": {
				"north": {"uv": [14.5, 2.5, 16, 3], "texture": "#1"},
				"east": {"uv": [7.75, 0, 9.25, 0.5], "rotation": 90, "texture": "#1"},
				"west": {"uv": [7.75, 0, 9.25, 0.5], "rotation": 90, "texture": "#1"},
				"up": {"uv": [7.75, 1, 9.25, 1.5], "texture": "#1"}
			}
		},
		{
			"from": [6.501, 10.4117, 10.23573],
			"to": [9.499, 11.4097, 13.23373],
			"rotation": {"angle": 45, "axis": "x", "origin": [8, 9.4107, 12.98473]},
			"faces": {
				"north": {"uv": [7.75, 0.5, 9.25, 1], "texture": "#1"},
				"east": {"uv": [7.75, 0.5, 9.25, 1], "texture": "#1"},
				"west": {"uv": [7.75, 0.5, 9.25, 1], "texture": "#1"},
				"up": {"uv": [13.25, 3, 14, 3.75], "texture": "#1"}
			}
		},
		{
			"from": [7, 7.50748, 13.48174],
			"to": [9, 9.50748, 16.48174],
			"rotation": {"angle": 0, "axis": "y", "origin": [8, 15.00748, 12.98174]},
			"faces": {
				"north": {"uv": [8, 0.25, 9, 1.25], "texture": "#1"},
				"east": {"uv": [7.75, 0.8125, 9.25, 1.75], "texture": "#1"},
				"south": {"uv": [8, 0.25, 9, 1.25], "texture": "#1"},
				"west": {"uv": [7.75, 0.8125, 9.25, 1.75], "texture": "#1"},
				"up": {"uv": [14.5, 2, 16, 2.5], "texture": "#1"},
				"down": {"uv": [7.75, 0, 9.25, 1], "rotation": 90, "texture": "#1"}
			}
		},
		{
			"from": [6.75, 8.5148, 11.49117],
			"to": [9.25, 10.5148, 14.49117],
			"rotation": {"angle": -22.5, "axis": "x", "origin": [8, 14.0148, 12.99117]},
			"faces": {
				"north": {"uv": [7.875, 0.5, 9.125, 1.75], "texture": "#1"},
				"east": {"uv": [7.75, 0.8125, 9.25, 1.75], "texture": "#1"},
				"south": {"uv": [7.875, 0.5, 9.125, 1.75], "texture": "#1"},
				"west": {"uv": [7.75, 0.8125, 9.25, 1.75], "texture": "#1"},
				"up": {"uv": [14.5, 2, 16, 2.5], "texture": "#1"},
				"down": {"uv": [7.75, 0, 9.25, 1], "rotation": 90, "texture": "#1"}
			}
		},
		{
			"from": [7.25, 6.50748, 13.98174],
			"to": [8.75, 7.50748, 15.98174],
			"rotation": {"angle": 0, "axis": "y", "origin": [8, 15.00748, 12.98174]},
			"faces": {
				"north": {"uv": [7.875, 1, 8.625, 1.5], "texture": "#1"},
				"east": {"uv": [7.75, 0, 8.75, 0.5], "texture": "#1"},
				"south": {"uv": [7.875, 1, 8.625, 1.5], "texture": "#1"},
				"west": {"uv": [7.75, 0, 8.75, 0.5], "texture": "#1"},
				"down": {"uv": [7.75, 0, 9.25, 1], "rotation": 90, "texture": "#1"}
			}
		},
		{
			"from": [7.5, 5.50748, 14.23174],
			"to": [8.5, 6.50748, 15.73174],
			"rotation": {"angle": 0, "axis": "y", "origin": [8, 15.00748, 12.98174]},
			"faces": {
				"north": {"uv": [8, 0, 8.5, 0.5], "texture": "#1"},
				"east": {"uv": [8, 0.5, 8.75, 1], "texture": "#1"},
				"south": {"uv": [8, 0, 8.5, 0.5], "texture": "#1"},
				"west": {"uv": [8, 0.5, 8.75, 1], "texture": "#1"},
				"down": {"uv": [7.75, 0, 9.25, 1], "rotation": 90, "texture": "#1"}
			}
		},
		{
			"from": [7.75, 4.50748, 14.48174],
			"to": [8.25, 5.50748, 15.48174],
			"rotation": {"angle": 0, "axis": "y", "origin": [8, 15.00748, 12.98174]},
			"faces": {
				"north": {"uv": [8.25, 1, 8.5, 1.5], "texture": "#1"},
				"east": {"uv": [8, 1, 8.5, 1.5], "texture": "#1"},
				"south": {"uv": [8.25, 1, 8.5, 1.5], "texture": "#1"},
				"west": {"uv": [8, 1, 8.5, 1.5], "texture": "#1"},
				"down": {"uv": [8.25, 1, 8.5, 1.5], "texture": "#1"}
			}
		}
	],
	"display": {
		"thirdperson_righthand": {
			"rotation": [75, 45, 0],
			"translation": [0, 2.5, 0],
			"scale": [0.375, 0.375, 0.375]
		},
		"thirdperson_lefthand": {
			"rotation": [75, 45, 0],
			"translation": [0, 2.5, 0],
			"scale": [0.375, 0.375, 0.375]
		},
		"firstperson_righthand": {
			"rotation": [0, 45, 0],
			"scale": [0.4, 0.4, 0.4]
		},
		"firstperson_lefthand": {
			"rotation": [0, 45, 0],
			"scale": [0.4, 0.4, 0.4]
		},
		"ground": {
			"translation": [0, 3, 0],
			"scale": [0.25, 0.25, 0.25]
		},
		"gui": {
			"rotation": [30, 225, 0],
			"translation": [0, 0.75, 0],
			"scale": [0.625, 0.625, 0.625]
		},
		"head": {
			"translation": [0, 7.25, 0],
			"scale": [1.81, 1.81, 1.81]
		},
		"fixed": {
			"rotation": [-90, 0, 0],
			"translation": [0, 0, -22],
			"scale": [3.01, 3.01, 3.01]
		}
	},
	"groups": [
		0,
		1,
		2,
		3,
		4,
		5,
		6,
		{
			"name": "static",
			"origin": [8, 15.00748, 12.98174],
			"color": 0,
			"children": [7, 8, 9, 10, 11, 12, 13, 14, 15, 16, 17]
		}
	]
}