{
	"credit": "Made with Blockbench",
	"texture_size": [32, 32],
	"textures": {
		"0": "item/crewmate_dyable",
		"1": "item/crewmate_visor",
		"particle": "item/crewmate_dyable"
	},
	"elements": [
		{
			"from": [4, 0, 4],
			"to": [12, 8, 12],
			"faces": {
				"north": {"uv": [0, 4.5, 8, 12.5], "texture": "#0", "tintindex": 0},
				"east": {"uv": [8, 4.5, 16, 12.5], "texture": "#0", "tintindex": 0},
				"south": {"uv": [8, 4.5, 16, 12.5], "texture": "#0", "tintindex": 0},
				"west": {"uv": [8, 4.5, 16, 12.5], "texture": "#0", "tintindex": 0},
				"up": {"uv": [8, 4.5, 16, 12.5], "texture": "#0", "tintindex": 0},
				"down": {"uv": [8, 4.5, 16, 12.5], "texture": "#0", "tintindex": 0}
			}
		},
		{
			"from": [5, 3, 3.5],
			"to": [11, 6, 4.5],
			"faces": {
				"north": {"uv": [1, 1, 7, 4], "texture": "#1"},
				"east": {"uv": [0, 1, 1, 4], "texture": "#1"},
				"west": {"uv": [0, 1, 1, 4], "texture": "#1"},
				"up": {"uv": [1, 0, 7, 1], "texture": "#1"},
				"down": {"uv": [1, 4.5, 7, 3.5], "texture": "#1"}
			}
		}
	],
	"display": {
		"thirdperson_righthand": {
			"rotation": [75, 45, 0],
			"translation": [0, 2.5, 0],
			"scale": [0.375, 0.375, 0.375]
		},
		"thirdperson_lefthand": {
			"rotation": [75, 45, 0],
			"translation": [0, 2.5, 0],
			"scale": [0.375, 0.375, 0.375]
		},
		"firstperson_righthand": {
			"rotation": [0, 45, 0],
			"scale": [0.4, 0.4, 0.4]
		},
		"firstperson_lefthand": {
			"rotation": [0, 45, 0],
			"scale": [0.4, 0.4, 0.4]
		},
		"ground": {
			"translation": [0, 3, 0],
			"scale": [0.25, 0.25, 0.25]
		},
		"gui": {
			"rotation": [30, 225, 0],
			"translation": [0, 2.25, 0],
			"scale": [0.625, 0.625, 0.625]
		},
		"head": {
			"translation": [0, 7.21, 0],
			"scale": [1.81, 1.81, 1.81]
		},
		"fixed": {
			"rotation": [-90, 0, 0],
			"translation": [0, 0, -22],
			"scale": [3.01, 3.01, 3.01]
		}
	}
}