{
	"credit": "Made with Blockbench",
	"texture_size": [32, 32],
	"textures": {
		"0": "item/pikmin_dyable",
		"1": "item/pikmin_static",
		"particle": "item/pikmin_dyable"
	},
	"elements": [
		{
			"from": [4, 0, 4],
			"to": [12, 8, 12],
			"faces": {
				"north": {"uv": [8, 0, 12, 4], "texture": "#0", "tintindex": 0},
				"east": {"uv": [0, 0, 4, 4], "texture": "#0", "tintindex": 0},
				"south": {"uv": [0, 0, 4, 4], "texture": "#0", "tintindex": 0},
				"west": {"uv": [0, 0, 4, 4], "texture": "#0", "tintindex": 0},
				"up": {"uv": [0, 0, 4, 4], "texture": "#0", "tintindex": 0},
				"down": {"uv": [0, 0, 4, 4], "texture": "#0", "tintindex": 0}
			}
		},
		{
			"from": [4.5, 8, 4.5],
			"to": [11.5, 8.5, 11.5],
			"faces": {
				"north": {"uv": [7.75, 4.5, 11.25, 4.75], "texture": "#0", "tintindex": 0},
				"east": {"uv": [7.75, 4.5, 11.25, 4.75], "texture": "#0", "tintindex": 0},
				"south": {"uv": [7.75, 4.5, 11.25, 4.75], "texture": "#0", "tintindex": 0},
				"west": {"uv": [7.75, 4.5, 11.25, 4.75], "texture": "#0", "tintindex": 0},
				"up": {"uv": [7.75, 4.5, 11.25, 8], "texture": "#0", "tintindex": 0},
				"down": {"uv": [0, 0, 7, 7], "texture": "#missing", "tintindex": 0}
			}
		},
		{
			"from": [5.25, 8.5, 5.25],
			"to": [10.75, 10, 10.75],
			"faces": {
				"north": {"uv": [5, 4.5, 7.75, 5.25], "texture": "#0", "tintindex": 0},
				"east": {"uv": [5, 4.5, 7.75, 5.25], "texture": "#0", "tintindex": 0},
				"south": {"uv": [5, 4.5, 7.75, 5.25], "texture": "#0", "tintindex": 0},
				"west": {"uv": [5, 4.5, 7.75, 5.25], "texture": "#0", "tintindex": 0},
				"up": {"uv": [5, 4.5, 7.75, 7.25], "texture": "#0", "tintindex": 0},
				"down": {"uv": [0, 0, 5.5, 5.5], "texture": "#missing", "tintindex": 0}
			}
		},
		{
			"from": [6, 10, 6],
			"to": [10, 11.5, 10],
			"faces": {
				"north": {"uv": [3, 5.25, 5, 6], "texture": "#0", "tintindex": 0},
				"east": {"uv": [3, 5.25, 5, 6], "texture": "#0", "tintindex": 0},
				"south": {"uv": [3, 5.25, 5, 6], "texture": "#0", "tintindex": 0},
				"west": {"uv": [3, 5.25, 5, 6], "texture": "#0", "tintindex": 0},
				"up": {"uv": [3, 5.25, 5, 7.25], "texture": "#0", "tintindex": 0},
				"down": {"uv": [0, 0, 4, 4], "texture": "#missing", "tintindex": 0}
			}
		},
		{
			"from": [6.5, 11.25, 6.5],
			"to": [9.5, 14.25, 9.5],
			"rotation": {"angle": 0, "axis": "x", "origin": [8, 12, 7.5]},
			"faces": {
				"north": {"uv": [1.5, 5.75, 3, 7.25], "texture": "#0", "tintindex": 0},
				"east": {"uv": [1.5, 5.75, 3, 7.25], "texture": "#0", "tintindex": 0},
				"south": {"uv": [1.5, 5.75, 3, 7.25], "texture": "#0", "tintindex": 0},
				"west": {"uv": [1.5, 5.75, 3, 7.25], "texture": "#0", "tintindex": 0},
				"up": {"uv": [1.5, 5.75, 3, 7.25], "texture": "#0", "tintindex": 0},
				"down": {"uv": [0, 0, 3, 3], "texture": "#missing", "tintindex": 0}
			}
		},
		{
			"from": [7, 14.25, 7],
			"to": [9, 16.25, 9],
			"rotation": {"angle": 0, "axis": "x", "origin": [8, 11, 7.5]},
			"faces": {
				"north": {"uv": [1, 7.25, 2, 8.25], "texture": "#0", "tintindex": 0},
				"east": {"uv": [1, 7.25, 2, 8.25], "texture": "#0", "tintindex": 0},
				"south": {"uv": [1, 7.25, 2, 8.25], "texture": "#0", "tintindex": 0},
				"west": {"uv": [1, 7.25, 2, 8.25], "texture": "#0", "tintindex": 0},
				"up": {"uv": [1, 7.25, 2, 8.25], "texture": "#0", "tintindex": 0},
				"down": {"uv": [0, 0, 2, 2], "texture": "#missing", "tintindex": 0}
			}
		},
		{
			"from": [7.5, 16, 7.5],
			"to": [8.5, 19, 8.5],
			"rotation": {"angle": 22.5, "axis": "x", "origin": [8, 16, 8]},
			"faces": {
				"north": {"uv": [0, 8.25, 0.5, 9.75], "texture": "#0", "tintindex": 0},
				"east": {"uv": [0, 8.25, 0.5, 9.75], "texture": "#0", "tintindex": 0},
				"south": {"uv": [0, 8.25, 0.5, 9.75], "texture": "#0", "tintindex": 0},
				"west": {"uv": [0, 8.25, 0.5, 9.75], "texture": "#0", "tintindex": 0},
				"up": {"uv": [0, 0, 1, 1], "texture": "#missing", "tintindex": 0},
				"down": {"uv": [0, 0, 1, 1], "texture": "#missing", "tintindex": 0}
			}
		},
		{
			"from": [1.5, 20.5, 1.5],
			"to": [14.5, 20.5, 14.5],
			"rotation": {"angle": 22.5, "axis": "x", "origin": [8, 16, 8]},
			"faces": {
				"north": {"uv": [0, 0, 13, 0], "texture": "#1"},
				"east": {"uv": [0, 0, 13, 0], "texture": "#1"},
				"south": {"uv": [0, 0, 13, 0], "texture": "#1"},
				"west": {"uv": [0, 0, 13, 0], "texture": "#1"},
				"up": {"uv": [9.5, 9.5, 16, 16], "texture": "#1"},
				"down": {"uv": [9.5, 9.5, 16, 16], "texture": "#1"}
			}
		},
		{
			"from": [7.25, 18, 7.25],
			"to": [8.75, 20, 8.75],
			"rotation": {"angle": 22.5, "axis": "x", "origin": [8, 16, 8]},
			"faces": {
				"north": {"uv": [0, 9.75, 0.75, 10.75], "texture": "#1"},
				"east": {"uv": [0, 9.75, 0.75, 10.75], "texture": "#1"},
				"south": {"uv": [0, 9.75, 0.75, 10.75], "texture": "#1"},
				"west": {"uv": [0, 9.75, 0.75, 10.75], "texture": "#1"},
				"up": {"uv": [0, 0, 1.5, 1.5], "texture": "#1"},
				"down": {"uv": [0.75, 10, 1.5, 10.75], "texture": "#1"}
			}
		},
		{
			"from": [7, 20, 7],
			"to": [9, 21, 9],
			"rotation": {"angle": 22.5, "axis": "x", "origin": [8, 16, 8]},
			"faces": {
				"north": {"uv": [1, 10.75, 0, 11.25], "texture": "#1"},
				"east": {"uv": [0, 10.75, 1, 11.25], "texture": "#1"},
				"south": {"uv": [1, 10.75, 0, 11.25], "texture": "#1"},
				"west": {"uv": [0, 10.75, 1, 11.25], "texture": "#1"},
				"up": {"uv": [2, 10.75, 3, 11.75], "texture": "#1"},
				"down": {"uv": [1, 10.75, 2, 11.75], "texture": "#1"}
			}
		},
		{
			"name": "cube inverted",
			"from": [11.999, 7.999, 11.999],
			"to": [4.001, 0.001, 4.001],
			"faces": {
				"north": {"uv": [0, 4, 4, 0], "texture": "#0", "tintindex": 0},
				"east": {"uv": [0, 4, 4, 0], "texture": "#0", "tintindex": 0},
				"south": {"uv": [8, 4, 12, 0], "texture": "#0", "tintindex": 0},
				"west": {"uv": [0, 4, 4, 0], "texture": "#0", "tintindex": 0},
				"up": {"uv": [4, 0, 0, 4], "texture": "#0", "tintindex": 0},
				"down": {"uv": [4, 0, 0, 4], "texture": "#0", "tintindex": 0}
			}
		}
	],
	"display": {
		"thirdperson_righthand": {
			"rotation": [75, 45, 0],
			"translation": [0, 1.5, 0],
			"scale": [0.375, 0.375, 0.375]
		},
		"thirdperson_lefthand": {
			"rotation": [75, 45, 0],
			"translation": [0, 1.5, 0],
			"scale": [0.375, 0.375, 0.375]
		},
		"firstperson_righthand": {
			"rotation": [0, 45, 0],
			"scale": [0.4, 0.4, 0.4]
		},
		"firstperson_lefthand": {
			"rotation": [0, 45, 0],
			"scale": [0.4, 0.4, 0.4]
		},
		"ground": {
			"translation": [0, 3, 0],
			"scale": [0.25, 0.25, 0.25]
		},
		"gui": {
			"rotation": [30, 225, 0],
			"translation": [0, -1.75, 0],
			"scale": [0.625, 0.625, 0.625]
		},
		"head": {
			"translation": [0, 7.25, 0],
			"scale": [1.81, 1.81, 1.81]
		},
		"fixed": {
			"rotation": [-90, 0, 0],
			"translation": [0, 0, -22],
			"scale": [3.01, 3.01, 3.01]
		}
	},
	"groups": [
		0,
		1,
		2,
		3,
		4,
		5,
		6,
		{
			"name": "group",
			"origin": [8, 16, 8],
			"color": 0,
			"children": [7, 8, 9]
		},
		10
	]
}