{
	"credit": "Made with Blockbench",
	"texture_size": [32, 32],
	"textures": {
		"0": "item/bunny_hood",
		"particle": "item/bunny_hood"
	},
	"elements": [
		{
			"from": [3.999, -0.001, 3.999],
			"to": [12.001, 8.001, 12.001],
			"faces": {
				"north": {"uv": [0, 0, 2, 2], "texture": "#0", "tintindex": 0},
				"east": {"uv": [0, 2, 2, 4], "texture": "#0", "tintindex": 0},
				"south": {"uv": [0, 2, 2, 4], "texture": "#0", "tintindex": 0},
				"west": {"uv": [0, 2, 2, 4], "texture": "#0", "tintindex": 0},
				"up": {"uv": [2, 6, 0, 4], "texture": "#0", "tintindex": 0},
				"down": {"uv": [4, 2, 2, 4], "texture": "#0", "tintindex": 0}
			}
		},
		{
			"from": [8.02539, 8.88478, 7.5],
			"to": [11.02539, 13.88478, 8.5],
			"rotation": {"angle": -22.5, "axis": "z", "origin": [8.52539, 7.88478, 8]},
			"faces": {
				"north": {"uv": [4.75, 6, 5.5, 7.25], "texture": "#0", "tintindex": 0},
				"east": {"uv": [5.125, 7.75, 5.375, 9], "texture": "#0", "tintindex": 0},
				"south": {"uv": [4, 6, 4.75, 7.25], "texture": "#0", "tintindex": 0},
				"west": {"uv": [7.75, 3.75, 8, 5], "texture": "#0", "tintindex": 0}
			}
		},
		{
			"from": [8.44714, 8.001, 7.501],
			"to": [10.94514, 8.999, 8.499],
			"rotation": {"angle": 0, "axis": "z", "origin": [8.44614, 8, 8]},
			"faces": {
				"north": {"uv": [7.75, 7.25, 8.375, 7.5], "texture": "#0", "tintindex": 0},
				"south": {"uv": [8.375, 7.25, 7.75, 7.5], "texture": "#0", "tintindex": 0},
				"west": {"uv": [6, 5.5, 6.25, 5.75], "texture": "#0", "tintindex": 0}
			}
		},
		{
			"from": [10.80816, 11.41057, 7.501],
			"to": [12.92816, 13.53057, 8.49],
			"rotation": {"angle": 22.5, "axis": "z", "origin": [10.36059, 12.44733, 8.44]},
			"faces": {
				"north": {"uv": [7, 7, 7.75, 7.75], "texture": "#0", "tintindex": 0},
				"east": {"uv": [8, 2, 8.25, 2.75], "texture": "#0", "tintindex": 0},
				"south": {"uv": [7, 7, 7.75, 7.75], "rotation": 90, "texture": "#0", "tintindex": 0},
				"west": {"uv": [6.5, 7.5, 7, 8.25], "texture": "#0", "tintindex": 0},
				"up": {"uv": [8.25, 2.75, 8, 2], "rotation": 90, "texture": "#0", "tintindex": 0},
				"down": {"uv": [7.75, 3.75, 8.5, 3.25], "texture": "#0", "tintindex": 0}
			}
		},
		{
			"from": [5.05486, 8.001, 7.501],
			"to": [7.55286, 8.999, 8.499],
			"rotation": {"angle": 0, "axis": "z", "origin": [7.55386, 8, 8]},
			"faces": {
				"north": {"uv": [8.375, 7.25, 7.75, 7.5], "texture": "#0", "tintindex": 0},
				"east": {"uv": [6.25, 5.5, 6, 5.75], "texture": "#0", "tintindex": 0},
				"south": {"uv": [7.75, 7.25, 8.375, 7.5], "texture": "#0", "tintindex": 0}
			}
		},
		{
			"from": [4.97461, 8.88478, 7.5],
			"to": [7.97461, 13.88478, 8.5],
			"rotation": {"angle": 22.5, "axis": "z", "origin": [7.47461, 7.88478, 8]},
			"faces": {
				"north": {"uv": [5.5, 6, 4.75, 7.25], "texture": "#0", "tintindex": 0},
				"east": {"uv": [8, 3.75, 7.75, 5], "texture": "#0", "tintindex": 0},
				"south": {"uv": [4.75, 6, 4, 7.25], "texture": "#0", "tintindex": 0},
				"west": {"uv": [5.375, 7.75, 5.125, 9], "texture": "#0", "tintindex": 0}
			}
		},
		{
			"from": [3.07184, 11.41057, 7.501],
			"to": [5.19184, 13.53057, 8.49],
			"rotation": {"angle": -22.5, "axis": "z", "origin": [5.63941, 12.44733, 8.44]},
			"faces": {
				"north": {"uv": [7.75, 7, 7, 7.75], "texture": "#0", "tintindex": 0},
				"east": {"uv": [7, 7.5, 6.5, 8.25], "texture": "#0", "tintindex": 0},
				"south": {"uv": [7, 7.75, 7.75, 7], "rotation": 90, "texture": "#0", "tintindex": 0},
				"west": {"uv": [8.25, 2, 8, 2.75], "texture": "#0", "tintindex": 0},
				"up": {"uv": [8.25, 2, 8, 2.75], "rotation": 90, "texture": "#0", "tintindex": 0},
				"down": {"uv": [8.5, 3.75, 7.75, 3.25], "texture": "#0", "tintindex": 0}
			}
		},
		{
			"from": [11, 2, 4],
			"to": [11.5, 5.5, 4.5],
			"rotation": {"angle": 0, "axis": "y", "origin": [16, 16, 0]},
			"faces": {
				"south": {"uv": [0.125, 0.625, 0.25, 1.5], "texture": "#0", "tintindex": 0},
				"west": {"uv": [0.125, 0.625, 0.25, 1.5], "texture": "#0", "tintindex": 0}
			}
		},
		{
			"from": [10, 0.5, 4],
			"to": [10.5, 1.5, 4.5],
			"rotation": {"angle": 0, "axis": "y", "origin": [16, 0, 0]},
			"faces": {
				"south": {"uv": [0.375, 1.625, 0.5, 1.875], "texture": "#0", "tintindex": 0},
				"west": {"uv": [0.375, 1.625, 0.5, 1.875], "texture": "#0", "tintindex": 0},
				"up": {"uv": [0.375, 1.625, 0.5, 1.75], "texture": "#0", "tintindex": 0}
			}
		},
		{
			"from": [10.5, 1.5, 4],
			"to": [11.5, 2, 4.5],
			"rotation": {"angle": 0, "axis": "y", "origin": [16, 0, 0]},
			"faces": {
				"south": {"uv": [0.375, 1.5, 0.125, 1.625], "texture": "#0", "tintindex": 0},
				"west": {"uv": [0.375, 1.5, 0.25, 1.625], "texture": "#0", "tintindex": 0},
				"up": {"uv": [0.375, 1.5, 0.125, 1.625], "texture": "#0", "tintindex": 0}
			}
		},
		{
			"from": [4.5, 1.5, 4],
			"to": [5.5, 2, 4.5],
			"faces": {
				"east": {"uv": [0.25, 1.5, 0.375, 1.625], "texture": "#0", "tintindex": 0},
				"south": {"uv": [0.125, 1.5, 0.375, 1.625], "texture": "#0", "tintindex": 0},
				"up": {"uv": [0.125, 1.5, 0.375, 1.625], "texture": "#0", "tintindex": 0}
			}
		},
		{
			"from": [5.5, 0.5, 4],
			"to": [6, 1.5, 4.5],
			"faces": {
				"east": {"uv": [0.5, 1.625, 0.375, 1.875], "texture": "#0", "tintindex": 0},
				"south": {"uv": [0.5, 1.625, 0.375, 1.875], "texture": "#0", "tintindex": 0},
				"up": {"uv": [0.5, 1.625, 0.375, 1.75], "texture": "#0", "tintindex": 0}
			}
		},
		{
			"from": [4.5, 5.5, 4],
			"to": [5.5, 6, 4.5],
			"rotation": {"angle": 0, "axis": "y", "origin": [0, 16, 0]},
			"faces": {
				"east": {"uv": [0.25, 1.625, 0.375, 1.5], "texture": "#0", "tintindex": 0},
				"south": {"uv": [0.125, 1.625, 0.375, 1.5], "texture": "#0", "tintindex": 0},
				"down": {"uv": [0.125, 1.625, 0.375, 1.5], "texture": "#0", "tintindex": 0}
			}
		},
		{
			"from": [5.5, 6, 4],
			"to": [6, 7, 4.5],
			"rotation": {"angle": 0, "axis": "y", "origin": [0, 16, 0]},
			"faces": {
				"east": {"uv": [0.5, 1.875, 0.375, 1.625], "texture": "#0", "tintindex": 0},
				"south": {"uv": [0.5, 1.875, 0.375, 1.625], "texture": "#0", "tintindex": 0},
				"down": {"uv": [0.5, 1.75, 0.375, 1.625], "texture": "#0", "tintindex": 0}
			}
		},
		{
			"from": [10.5, 5.5, 4],
			"to": [11.5, 6, 4.5],
			"rotation": {"angle": 0, "axis": "y", "origin": [16, 16, 0]},
			"faces": {
				"south": {"uv": [0.375, 1.625, 0.125, 1.5], "texture": "#0", "tintindex": 0},
				"west": {"uv": [0.375, 1.625, 0.25, 1.5], "texture": "#0", "tintindex": 0},
				"down": {"uv": [0.375, 1.625, 0.125, 1.5], "texture": "#0", "tintindex": 0}
			}
		},
		{
			"from": [10, 6, 4],
			"to": [10.5, 7, 4.5],
			"rotation": {"angle": 0, "axis": "y", "origin": [16, 16, 0]},
			"faces": {
				"south": {"uv": [0.375, 1.875, 0.5, 1.625], "texture": "#0", "tintindex": 0},
				"west": {"uv": [0.375, 1.875, 0.5, 1.625], "texture": "#0", "tintindex": 0},
				"down": {"uv": [0.375, 1.75, 0.5, 1.625], "texture": "#0", "tintindex": 0}
			}
		},
		{
			"from": [4.5, 2, 4],
			"to": [5, 5.5, 4.5],
			"rotation": {"angle": 0, "axis": "y", "origin": [0, 16, 0]},
			"faces": {
				"east": {"uv": [0.25, 0.625, 0.125, 1.5], "texture": "#0", "tintindex": 0},
				"south": {"uv": [0.25, 0.625, 0.125, 1.5], "texture": "#0", "tintindex": 0}
			}
		},
		{
			"from": [6, 0.5, 4],
			"to": [10, 1, 4.5],
			"faces": {
				"south": {"uv": [0.5, 1.75, 1.5, 1.875], "texture": "#0", "tintindex": 0},
				"up": {"uv": [0.5, 1.75, 1.5, 1.875], "texture": "#0", "tintindex": 0}
			}
		},
		{
			"from": [6, 6.5, 4],
			"to": [10, 7, 4.5],
			"rotation": {"angle": 0, "axis": "y", "origin": [0, 16, 0]},
			"faces": {
				"south": {"uv": [0.5, 1.875, 1.5, 1.75], "texture": "#0", "tintindex": 0},
				"down": {"uv": [0.5, 1.875, 1.5, 1.75], "texture": "#0", "tintindex": 0}
			}
		},
		{
			"name": "cube inverted",
			"from": [12, 7.75, 12],
			"to": [4, 0, 4],
			"faces": {
				"north": {"uv": [0, 4, 2, 2], "texture": "#0", "tintindex": 0},
				"east": {"uv": [0, 4, 2, 2], "texture": "#0", "tintindex": 0},
				"west": {"uv": [0, 4, 2, 2], "texture": "#0", "tintindex": 0},
				"up": {"uv": [4, 2, 2, 4], "texture": "#0", "tintindex": 0},
				"down": {"uv": [2, 6, 0, 4], "texture": "#0", "tintindex": 0}
			}
		}
	],
	"display": {
		"thirdperson_righthand": {
			"rotation": [75, 45, 0],
			"translation": [0, 2.5, 0],
			"scale": [0.375, 0.375, 0.375]
		},
		"thirdperson_lefthand": {
			"rotation": [75, 45, 0],
			"translation": [0, 2.5, 0],
			"scale": [0.375, 0.375, 0.375]
		},
		"firstperson_righthand": {
			"rotation": [0, 45, 0],
			"scale": [0.4, 0.4, 0.4]
		},
		"firstperson_lefthand": {
			"rotation": [0, 45, 0],
			"scale": [0.4, 0.4, 0.4]
		},
		"ground": {
			"translation": [0, 3, 0],
			"scale": [0.25, 0.25, 0.25]
		},
		"gui": {
			"rotation": [30, 225, 0],
			"scale": [0.625, 0.625, 0.625]
		},
		"head": {
			"translation": [0, 7.25, 0],
			"scale": [1.81, 1.81, 1.81]
		},
		"fixed": {
			"rotation": [-90, 0, 0],
			"translation": [0, 0, -22.001],
			"scale": [3, 3, 3]
		}
	},
	"groups": [
		0,
		1,
		2,
		3,
		4,
		5,
		6,
		{
			"name": "lining",
			"origin": [0, 0, 0],
			"color": 0,
			"children": [7, 8, 9, 10, 11, 12, 13, 14, 15, 16, 17, 18]
		},
		19
	]
}