{
	"credit": "Made with Blockbench",
	"textures": {
		"0": "item/heart_glasses_dyable",
		"particle": "item/heart_glasses_dyable"
	},
	"elements": [
		{
			"from": [13.57769, 2.86627, 1],
			"to": [14.57769, 3.86627, 1.25],
			"rotation": {"angle": 22.5, "axis": "z", "origin": [14.32769, 3.36627, 1.125]},
			"faces": {
				"north": {"uv": [0, 0, 7, 1], "texture": "#0", "tintindex": 0},
				"east": {"uv": [0, 0, 0.5, 1], "texture": "#0", "tintindex": 0},
				"south": {"uv": [7, 0, 0, 1], "texture": "#0", "tintindex": 0},
				"west": {"uv": [6.5, 0, 7, 1], "texture": "#0", "tintindex": 0},
				"up": {"uv": [0, 0, 7, 0.5], "texture": "#0", "tintindex": 0},
				"down": {"uv": [0, 0.5, 7, 1], "texture": "#0", "tintindex": 0}
			}
		},
		{
			"from": [13.57769, 0.63373, 1],
			"to": [14.57769, 1.63373, 1.25],
			"rotation": {"angle": -22.5, "axis": "z", "origin": [14.32769, 1.13373, 1.125]},
			"faces": {
				"north": {"uv": [0, 1, 7, 0], "texture": "#0", "tintindex": 0},
				"east": {"uv": [0, 1, 0.5, 0], "texture": "#0", "tintindex": 0},
				"south": {"uv": [7, 1, 0, 0], "texture": "#0", "tintindex": 0},
				"west": {"uv": [6.5, 1, 7, 0], "texture": "#0", "tintindex": 0},
				"up": {"uv": [0, 1, 7, 0.5], "texture": "#0", "tintindex": 0},
				"down": {"uv": [0, 0.5, 7, 0], "texture": "#0", "tintindex": 0}
			}
		},
		{
			"from": [13.16021, 3.42388, 1],
			"to": [14.16021, 4.42388, 1.25],
			"rotation": {"angle": 45, "axis": "z", "origin": [13.66021, 3.92388, 1.125]},
			"faces": {
				"north": {"uv": [0, 0, 7, 1], "texture": "#0", "tintindex": 0},
				"east": {"uv": [0, 0, 0.5, 1], "texture": "#0", "tintindex": 0},
				"south": {"uv": [7, 0, 0, 1], "texture": "#0", "tintindex": 0},
				"west": {"uv": [6.5, 0, 7, 1], "texture": "#0", "tintindex": 0},
				"up": {"uv": [0, 0, 7, 0.5], "texture": "#0", "tintindex": 0},
				"down": {"uv": [0, 0.5, 7, 1], "texture": "#0", "tintindex": 0}
			}
		},
		{
			"from": [12.16021, 3.63099, 1],
			"to": [13.66021, 4.63099, 1.25],
			"rotation": {"angle": 0, "axis": "z", "origin": [13.16021, 4.13099, 1.125]},
			"faces": {
				"north": {"uv": [0, 0, 7, 1], "texture": "#0", "tintindex": 0},
				"east": {"uv": [0, 0, 0.5, 1], "texture": "#0", "tintindex": 0},
				"south": {"uv": [7, 0, 0, 1], "texture": "#0", "tintindex": 0},
				"west": {"uv": [6.5, 0, 7, 1], "texture": "#0", "tintindex": 0},
				"up": {"uv": [0, 0, 7, 0.5], "texture": "#0", "tintindex": 0},
				"down": {"uv": [0, 0.5, 7, 1], "texture": "#0", "tintindex": 0}
			}
		},
		{
			"from": [13.75, 1.5, 1],
			"to": [14.75, 3, 1.25],
			"rotation": {"angle": 0, "axis": "y", "origin": [15.5, 0, 0]},
			"faces": {
				"north": {"uv": [0, 0, 1, 2], "texture": "#0", "tintindex": 0},
				"east": {"uv": [1, 0, 2, 2], "texture": "#0", "tintindex": 0},
				"south": {"uv": [0, 2, 1, 4], "texture": "#0", "tintindex": 0},
				"west": {"uv": [2, 0, 3, 2], "texture": "#0", "tintindex": 0},
				"up": {"uv": [2, 3, 1, 2], "texture": "#0", "tintindex": 0},
				"down": {"uv": [3, 2, 2, 3], "texture": "#0", "tintindex": 0}
			}
		},
		{
			"from": [9.246, 3.63099, 1],
			"to": [10.746, 4.63099, 1.25],
			"rotation": {"angle": 0, "axis": "z", "origin": [10.246, 4.13099, 1.125]},
			"faces": {
				"north": {"uv": [7, 0, 0, 1], "texture": "#0", "tintindex": 0},
				"east": {"uv": [7, 0, 6.5, 1], "texture": "#0", "tintindex": 0},
				"south": {"uv": [0, 0, 7, 1], "texture": "#0", "tintindex": 0},
				"west": {"uv": [0.5, 0, 0, 1], "texture": "#0", "tintindex": 0},
				"up": {"uv": [7, 0, 0, 0.5], "texture": "#0", "tintindex": 0},
				"down": {"uv": [7, 0.5, 0, 1], "texture": "#0", "tintindex": 0}
			}
		},
		{
			"from": [8.746, 3.42388, 1],
			"to": [9.746, 4.42388, 1.25],
			"rotation": {"angle": -45, "axis": "z", "origin": [9.246, 3.92388, 1.125]},
			"faces": {
				"north": {"uv": [7, 0, 0, 1], "texture": "#0", "tintindex": 0},
				"east": {"uv": [7, 0, 6.5, 1], "texture": "#0", "tintindex": 0},
				"south": {"uv": [0, 0, 7, 1], "texture": "#0", "tintindex": 0},
				"west": {"uv": [0.5, 0, 0, 1], "texture": "#0", "tintindex": 0},
				"up": {"uv": [7, 0, 0, 0.5], "texture": "#0", "tintindex": 0},
				"down": {"uv": [7, 0.5, 0, 1], "texture": "#0", "tintindex": 0}
			}
		},
		{
			"from": [8.32852, 2.86627, 1],
			"to": [9.32852, 3.86627, 1.25],
			"rotation": {"angle": -22.5, "axis": "z", "origin": [8.57852, 3.36627, 1.125]},
			"faces": {
				"north": {"uv": [7, 0, 0, 1], "texture": "#0", "tintindex": 0},
				"east": {"uv": [7, 0, 6.5, 1], "texture": "#0", "tintindex": 0},
				"south": {"uv": [0, 0, 7, 1], "texture": "#0", "tintindex": 0},
				"west": {"uv": [0.5, 0, 0, 1], "texture": "#0", "tintindex": 0},
				"up": {"uv": [7, 0, 0, 0.5], "texture": "#0", "tintindex": 0},
				"down": {"uv": [7, 0.5, 0, 1], "texture": "#0", "tintindex": 0}
			}
		},
		{
			"from": [8.15621, 1.5, 1],
			"to": [9.15621, 3, 1.25],
			"rotation": {"angle": 0, "axis": "y", "origin": [7.40621, 0, 0]},
			"faces": {
				"north": {"uv": [7, 0, 0, 1], "texture": "#0", "tintindex": 0},
				"east": {"uv": [7, 0, 6.5, 1], "texture": "#0", "tintindex": 0},
				"south": {"uv": [0, 0, 7, 1], "texture": "#0", "tintindex": 0},
				"west": {"uv": [0.5, 0, 0, 1], "texture": "#0", "tintindex": 0},
				"up": {"uv": [7, 0, 0, 0.5], "texture": "#0", "tintindex": 0},
				"down": {"uv": [7, 0.5, 0, 1], "texture": "#0", "tintindex": 0}
			}
		},
		{
			"from": [11.66021, 2.42388, 1],
			"to": [12.66021, 4.42388, 1.25],
			"rotation": {"angle": -45, "axis": "z", "origin": [12.16021, 3.92388, 1.125]},
			"faces": {
				"north": {"uv": [7, 0, 0, 1], "texture": "#0", "tintindex": 0},
				"east": {"uv": [7, 0, 6.5, 1], "texture": "#0", "tintindex": 0},
				"south": {"uv": [0, 0, 7, 1], "texture": "#0", "tintindex": 0},
				"west": {"uv": [0.5, 0, 0, 1], "texture": "#0", "tintindex": 0},
				"up": {"uv": [7, 0, 0, 0.5], "texture": "#0", "tintindex": 0},
				"down": {"uv": [7, 0.5, 0, 1], "texture": "#0", "tintindex": 0}
			}
		},
		{
			"from": [10.246, 2.42388, 1],
			"to": [11.246, 4.42388, 1.25],
			"rotation": {"angle": 45, "axis": "z", "origin": [10.746, 3.92388, 1.125]},
			"faces": {
				"north": {"uv": [0, 0, 7, 1], "texture": "#0", "tintindex": 0},
				"east": {"uv": [0, 0, 0.5, 1], "texture": "#0", "tintindex": 0},
				"south": {"uv": [7, 0, 0, 1], "texture": "#0", "tintindex": 0},
				"west": {"uv": [6.5, 0, 7, 1], "texture": "#0", "tintindex": 0},
				"up": {"uv": [0, 0, 7, 0.5], "texture": "#0", "tintindex": 0},
				"down": {"uv": [0, 0.5, 7, 1], "texture": "#0", "tintindex": 0}
			}
		},
		{
			"from": [13.16021, -3.04888, 1],
			"to": [14.16021, 1.07612, 1.25],
			"rotation": {"angle": -45, "axis": "z", "origin": [13.66021, 0.57612, 1.125]},
			"faces": {
				"north": {"uv": [0, 0, 7, 1], "texture": "#0", "tintindex": 0},
				"east": {"uv": [0, 0, 0.5, 1], "texture": "#0", "tintindex": 0},
				"south": {"uv": [7, 0, 0, 1], "texture": "#0", "tintindex": 0},
				"west": {"uv": [6.5, 0, 7, 1], "texture": "#0", "tintindex": 0},
				"up": {"uv": [0, 0, 7, 0.5], "texture": "#0", "tintindex": 0},
				"down": {"uv": [0, 0.5, 7, 1], "texture": "#0", "tintindex": 0}
			}
		},
		{
			"from": [8.746, -2.04888, 1],
			"to": [9.746, 1.07612, 1.25],
			"rotation": {"angle": 45, "axis": "z", "origin": [9.246, 0.57612, 1.125]},
			"faces": {
				"north": {"uv": [7, 0, 0, 1], "texture": "#0", "tintindex": 0},
				"east": {"uv": [7, 0, 6.5, 1], "texture": "#0", "tintindex": 0},
				"south": {"uv": [0, 0, 7, 1], "texture": "#0", "tintindex": 0},
				"west": {"uv": [0.5, 0, 0, 1], "texture": "#0", "tintindex": 0},
				"up": {"uv": [7, 0, 0, 0.5], "texture": "#0", "tintindex": 0},
				"down": {"uv": [7, 0.5, 0, 1], "texture": "#0", "tintindex": 0}
			}
		},
		{
			"from": [8.32852, 0.63373, 1],
			"to": [9.32852, 1.63373, 1.25],
			"rotation": {"angle": 22.5, "axis": "z", "origin": [8.57852, 1.13373, 1.125]},
			"faces": {
				"north": {"uv": [7, 1, 0, 0], "texture": "#0", "tintindex": 0},
				"east": {"uv": [7, 1, 6.5, 0], "texture": "#0", "tintindex": 0},
				"south": {"uv": [0, 1, 7, 0], "texture": "#0", "tintindex": 0},
				"west": {"uv": [0.5, 1, 0, 0], "texture": "#0", "tintindex": 0},
				"up": {"uv": [7, 1, 0, 0.5], "texture": "#0", "tintindex": 0},
				"down": {"uv": [7, 0.5, 0, 0], "texture": "#0", "tintindex": 0}
			}
		},
		{
			"from": [1.42231, 2.86627, 1],
			"to": [2.42231, 3.86627, 1.25],
			"rotation": {"angle": -22.5, "axis": "z", "origin": [1.67231, 3.36627, 1.125]},
			"faces": {
				"north": {"uv": [7, 0, 0, 1], "texture": "#0", "tintindex": 0},
				"east": {"uv": [7, 0, 6.5, 1], "texture": "#0", "tintindex": 0},
				"south": {"uv": [0, 0, 7, 1], "texture": "#0", "tintindex": 0},
				"west": {"uv": [0.5, 0, 0, 1], "texture": "#0", "tintindex": 0},
				"up": {"uv": [7, 0, 0, 0.5], "texture": "#0", "tintindex": 0},
				"down": {"uv": [7, 0.5, 0, 1], "texture": "#0", "tintindex": 0}
			}
		},
		{
			"from": [1.25, 1.5, 1],
			"to": [2.25, 3, 1.25],
			"rotation": {"angle": 0, "axis": "y", "origin": [0.5, 0, 0]},
			"faces": {
				"north": {"uv": [7, 0, 0, 1], "texture": "#0", "tintindex": 0},
				"east": {"uv": [7, 0, 6.5, 1], "texture": "#0", "tintindex": 0},
				"south": {"uv": [0, 0, 7, 1], "texture": "#0", "tintindex": 0},
				"west": {"uv": [0.5, 0, 0, 1], "texture": "#0", "tintindex": 0},
				"up": {"uv": [7, 0, 0, 0.5], "texture": "#0", "tintindex": 0},
				"down": {"uv": [7, 0.5, 0, 1], "texture": "#0", "tintindex": 0}
			}
		},
		{
			"from": [1.83979, 3.42388, 1],
			"to": [2.83979, 4.42388, 1.25],
			"rotation": {"angle": -45, "axis": "z", "origin": [2.33979, 3.92388, 1.125]},
			"faces": {
				"north": {"uv": [7, 0, 0, 1], "texture": "#0", "tintindex": 0},
				"east": {"uv": [7, 0, 6.5, 1], "texture": "#0", "tintindex": 0},
				"south": {"uv": [0, 0, 7, 1], "texture": "#0", "tintindex": 0},
				"west": {"uv": [0.5, 0, 0, 1], "texture": "#0", "tintindex": 0},
				"up": {"uv": [7, 0, 0, 0.5], "texture": "#0", "tintindex": 0},
				"down": {"uv": [7, 0.5, 0, 1], "texture": "#0", "tintindex": 0}
			}
		},
		{
			"from": [2.33979, 3.63099, 1],
			"to": [3.83979, 4.63099, 1.25],
			"rotation": {"angle": 0, "axis": "z", "origin": [2.83979, 4.13099, 1.125]},
			"faces": {
				"north": {"uv": [7, 0, 0, 1], "texture": "#0", "tintindex": 0},
				"east": {"uv": [7, 0, 6.5, 1], "texture": "#0", "tintindex": 0},
				"south": {"uv": [0, 0, 7, 1], "texture": "#0", "tintindex": 0},
				"west": {"uv": [0.5, 0, 0, 1], "texture": "#0", "tintindex": 0},
				"up": {"uv": [7, 0, 0, 0.5], "texture": "#0", "tintindex": 0},
				"down": {"uv": [7, 0.5, 0, 1], "texture": "#0", "tintindex": 0}
			}
		},
		{
			"from": [3.33979, 2.42388, 1],
			"to": [4.33979, 4.42388, 1.25],
			"rotation": {"angle": 45, "axis": "z", "origin": [3.83979, 3.92388, 1.125]},
			"faces": {
				"north": {"uv": [0, 0, 7, 1], "texture": "#0", "tintindex": 0},
				"east": {"uv": [0, 0, 0.5, 1], "texture": "#0", "tintindex": 0},
				"south": {"uv": [7, 0, 0, 1], "texture": "#0", "tintindex": 0},
				"west": {"uv": [6.5, 0, 7, 1], "texture": "#0", "tintindex": 0},
				"up": {"uv": [0, 0, 7, 0.5], "texture": "#0", "tintindex": 0},
				"down": {"uv": [0, 0.5, 7, 1], "texture": "#0", "tintindex": 0}
			}
		},
		{
			"from": [6.84379, 1.5, 1],
			"to": [7.84379, 3, 1.25],
			"rotation": {"angle": 0, "axis": "y", "origin": [8.59379, 0, 0]},
			"faces": {
				"north": {"uv": [0, 0, 7, 1], "texture": "#0", "tintindex": 0},
				"east": {"uv": [0, 0, 0.5, 1], "texture": "#0", "tintindex": 0},
				"south": {"uv": [7, 0, 0, 1], "texture": "#0", "tintindex": 0},
				"west": {"uv": [6.5, 0, 7, 1], "texture": "#0", "tintindex": 0},
				"up": {"uv": [0, 0, 7, 0.5], "texture": "#0", "tintindex": 0},
				"down": {"uv": [0, 0.5, 7, 1], "texture": "#0", "tintindex": 0}
			}
		},
		{
			"from": [6.67148, 2.86627, 1],
			"to": [7.67148, 3.86627, 1.25],
			"rotation": {"angle": 22.5, "axis": "z", "origin": [7.42148, 3.36627, 1.125]},
			"faces": {
				"north": {"uv": [0, 0, 7, 1], "texture": "#0", "tintindex": 0},
				"east": {"uv": [0, 0, 0.5, 1], "texture": "#0", "tintindex": 0},
				"south": {"uv": [7, 0, 0, 1], "texture": "#0", "tintindex": 0},
				"west": {"uv": [6.5, 0, 7, 1], "texture": "#0", "tintindex": 0},
				"up": {"uv": [0, 0, 7, 0.5], "texture": "#0", "tintindex": 0},
				"down": {"uv": [0, 0.5, 7, 1], "texture": "#0", "tintindex": 0}
			}
		},
		{
			"from": [6.254, 3.42388, 1],
			"to": [7.254, 4.42388, 1.25],
			"rotation": {"angle": 45, "axis": "z", "origin": [6.754, 3.92388, 1.125]},
			"faces": {
				"north": {"uv": [0, 0, 7, 1], "texture": "#0", "tintindex": 0},
				"east": {"uv": [0, 0, 0.5, 1], "texture": "#0", "tintindex": 0},
				"south": {"uv": [7, 0, 0, 1], "texture": "#0", "tintindex": 0},
				"west": {"uv": [6.5, 0, 7, 1], "texture": "#0", "tintindex": 0},
				"up": {"uv": [0, 0, 7, 0.5], "texture": "#0", "tintindex": 0},
				"down": {"uv": [0, 0.5, 7, 1], "texture": "#0", "tintindex": 0}
			}
		},
		{
			"from": [5.254, 3.63099, 1],
			"to": [6.754, 4.63099, 1.25],
			"rotation": {"angle": 0, "axis": "z", "origin": [5.754, 4.13099, 1.125]},
			"faces": {
				"north": {"uv": [0, 0, 7, 1], "texture": "#0", "tintindex": 0},
				"east": {"uv": [0, 0, 0.5, 1], "texture": "#0", "tintindex": 0},
				"south": {"uv": [7, 0, 0, 1], "texture": "#0", "tintindex": 0},
				"west": {"uv": [6.5, 0, 7, 1], "texture": "#0", "tintindex": 0},
				"up": {"uv": [0, 0, 7, 0.5], "texture": "#0", "tintindex": 0},
				"down": {"uv": [0, 0.5, 7, 1], "texture": "#0", "tintindex": 0}
			}
		},
		{
			"from": [4.754, 2.42388, 1],
			"to": [5.754, 4.42388, 1.25],
			"rotation": {"angle": -45, "axis": "z", "origin": [5.254, 3.92388, 1.125]},
			"faces": {
				"north": {"uv": [7, 0, 0, 1], "texture": "#0", "tintindex": 0},
				"east": {"uv": [7, 0, 6.5, 1], "texture": "#0", "tintindex": 0},
				"south": {"uv": [0, 0, 7, 1], "texture": "#0", "tintindex": 0},
				"west": {"uv": [0.5, 0, 0, 1], "texture": "#0", "tintindex": 0},
				"up": {"uv": [7, 0, 0, 0.5], "texture": "#0", "tintindex": 0},
				"down": {"uv": [7, 0.5, 0, 1], "texture": "#0", "tintindex": 0}
			}
		},
		{
			"from": [1.42231, 0.63373, 1],
			"to": [2.42231, 1.63373, 1.25],
			"rotation": {"angle": 22.5, "axis": "z", "origin": [1.67231, 1.13373, 1.125]},
			"faces": {
				"north": {"uv": [7, 1, 0, 0], "texture": "#0", "tintindex": 0},
				"east": {"uv": [7, 1, 6.5, 0], "texture": "#0", "tintindex": 0},
				"south": {"uv": [0, 1, 7, 0], "texture": "#0", "tintindex": 0},
				"west": {"uv": [0.5, 1, 0, 0], "texture": "#0", "tintindex": 0},
				"up": {"uv": [7, 1, 0, 0.5], "texture": "#0", "tintindex": 0},
				"down": {"uv": [7, 0.5, 0, 0], "texture": "#0", "tintindex": 0}
			}
		},
		{
			"from": [1.83979, -3.04888, 1],
			"to": [2.83979, 1.07612, 1.25],
			"rotation": {"angle": 45, "axis": "z", "origin": [2.33979, 0.57612, 1.125]},
			"faces": {
				"north": {"uv": [7, 0, 0, 1], "texture": "#0", "tintindex": 0},
				"east": {"uv": [7, 0, 6.5, 1], "texture": "#0", "tintindex": 0},
				"south": {"uv": [0, 0, 7, 1], "texture": "#0", "tintindex": 0},
				"west": {"uv": [0.5, 0, 0, 1], "texture": "#0", "tintindex": 0},
				"up": {"uv": [7, 0, 0, 0.5], "texture": "#0", "tintindex": 0},
				"down": {"uv": [7, 0.5, 0, 1], "texture": "#0", "tintindex": 0}
			}
		},
		{
			"from": [6.67148, 0.63373, 1],
			"to": [7.67148, 1.63373, 1.25],
			"rotation": {"angle": -22.5, "axis": "z", "origin": [7.42148, 1.13373, 1.125]},
			"faces": {
				"north": {"uv": [0, 1, 7, 0], "texture": "#0", "tintindex": 0},
				"east": {"uv": [0, 1, 0.5, 0], "texture": "#0", "tintindex": 0},
				"south": {"uv": [7, 1, 0, 0], "texture": "#0", "tintindex": 0},
				"west": {"uv": [6.5, 1, 7, 0], "texture": "#0", "tintindex": 0},
				"up": {"uv": [0, 1, 7, 0.5], "texture": "#0", "tintindex": 0},
				"down": {"uv": [0, 0.5, 7, 0], "texture": "#0", "tintindex": 0}
			}
		},
		{
			"from": [6.254, -2.04888, 1],
			"to": [7.254, 1.07612, 1.25],
			"rotation": {"angle": -45, "axis": "z", "origin": [6.754, 0.57612, 1.125]},
			"faces": {
				"north": {"uv": [0, 0, 7, 1], "texture": "#0", "tintindex": 0},
				"east": {"uv": [0, 0, 0.5, 1], "texture": "#0", "tintindex": 0},
				"south": {"uv": [7, 0, 0, 1], "texture": "#0", "tintindex": 0},
				"west": {"uv": [6.5, 0, 7, 1], "texture": "#0", "tintindex": 0},
				"up": {"uv": [0, 0, 7, 0.5], "texture": "#0", "tintindex": 0},
				"down": {"uv": [0, 0.5, 7, 1], "texture": "#0", "tintindex": 0}
			}
		},
		{
			"from": [15, 2.5, 1],
			"to": [15.25, 3, 8],
			"rotation": {"angle": 0, "axis": "y", "origin": [14, 0, 0.25]},
			"faces": {
				"north": {"uv": [0, 0, 0.5, 0.5], "texture": "#0", "tintindex": 0},
				"east": {"uv": [7, 0, 0, 0.5], "texture": "#0", "tintindex": 0},
				"south": {"uv": [6.5, 0, 7, 0.5], "texture": "#0", "tintindex": 0},
				"west": {"uv": [7, 0, 0, 0.5], "texture": "#0", "tintindex": 0},
				"up": {"uv": [7, 0, 0, 0.5], "texture": "#0", "tintindex": 0},
				"down": {"uv": [7, 0, 0, 0.5], "texture": "#0", "tintindex": 0}
			}
		},
		{
			"from": [7.5, 2.5, 1.025],
			"to": [8.5, 3, 1.275],
			"rotation": {"angle": 0, "axis": "y", "origin": [8, 2.75, 1.5]},
			"faces": {
				"north": {"uv": [7, 0, 0, 0.5], "texture": "#0", "tintindex": 0},
				"east": {"uv": [6.5, 0, 7, 0.5], "texture": "#0", "tintindex": 0},
				"south": {"uv": [7, 0, 0, 0.5], "texture": "#0", "tintindex": 0},
				"west": {"uv": [0, 0, 0.5, 0.5], "texture": "#0", "tintindex": 0},
				"up": {"uv": [7, 0, 0, 0.5], "rotation": 270, "texture": "#0", "tintindex": 0},
				"down": {"uv": [7, 0, 0, 0.5], "rotation": 90, "texture": "#0", "tintindex": 0}
			}
		},
		{
			"from": [0.75, 2.5, 1.025],
			"to": [1.5, 3, 1.275],
			"rotation": {"angle": 0, "axis": "y", "origin": [8, 2.75, 1.5]},
			"faces": {
				"north": {"uv": [7, 0, 0, 0.5], "texture": "#0", "tintindex": 0},
				"east": {"uv": [6.5, 0, 7, 0.5], "texture": "#0", "tintindex": 0},
				"south": {"uv": [7, 0, 0, 0.5], "texture": "#0", "tintindex": 0},
				"west": {"uv": [0, 0, 0.5, 0.5], "texture": "#0", "tintindex": 0},
				"up": {"uv": [7, 0, 0, 0.5], "rotation": 270, "texture": "#0", "tintindex": 0},
				"down": {"uv": [7, 0, 0, 0.5], "rotation": 90, "texture": "#0", "tintindex": 0}
			}
		},
		{
			"from": [14.5, 2.5, 1.025],
			"to": [15.25, 3, 1.275],
			"rotation": {"angle": 0, "axis": "y", "origin": [8, 2.75, 1.5]},
			"faces": {
				"north": {"uv": [7, 0, 0, 0.5], "texture": "#0", "tintindex": 0},
				"east": {"uv": [6.5, 0, 7, 0.5], "texture": "#0", "tintindex": 0},
				"south": {"uv": [7, 0, 0, 0.5], "texture": "#0", "tintindex": 0},
				"west": {"uv": [0, 0, 0.5, 0.5], "texture": "#0", "tintindex": 0},
				"up": {"uv": [7, 0, 0, 0.5], "rotation": 270, "texture": "#0", "tintindex": 0},
				"down": {"uv": [7, 0, 0, 0.5], "rotation": 90, "texture": "#0", "tintindex": 0}
			}
		},
		{
			"from": [0.75, 2.5, 1],
			"to": [1, 3, 8],
			"rotation": {"angle": 0, "axis": "y", "origin": [2, 0, 0.25]},
			"faces": {
				"north": {"uv": [0.5, 0, 0, 0.5], "texture": "#0", "tintindex": 0},
				"east": {"uv": [0, 0, 7, 0.5], "texture": "#0", "tintindex": 0},
				"south": {"uv": [7, 0, 6.5, 0.5], "texture": "#0", "tintindex": 0},
				"west": {"uv": [0, 0, 7, 0.5], "texture": "#0", "tintindex": 0},
				"up": {"uv": [0, 0, 7, 0.5], "texture": "#0", "tintindex": 0},
				"down": {"uv": [0, 0, 7, 0.5], "texture": "#0", "tintindex": 0}
			}
		}
	],
	"display": {
		"thirdperson_righthand": {
			"rotation": [75, 45, 0],
			"translation": [0, 1.5, 2.25],
			"scale": [0.375, 0.375, 0.375]
		},
		"thirdperson_lefthand": {
			"rotation": [75, 45, 0],
			"translation": [0, 1.5, 2.25],
			"scale": [0.375, 0.375, 0.375]
		},
		"firstperson_righthand": {
			"translation": [3.25, 4.5, 0]
		},
		"firstperson_lefthand": {
			"translation": [3.25, 4.5, 0]
		},
		"ground": {
			"translation": [0, 5.5, 0],
			"scale": [0.75, 0.75, 0.75]
		},
		"gui": {
			"rotation": [30, 145, 0],
			"translation": [1.75, 6, 0],
			"scale": [0.9, 0.9, 0.9]
		},
		"head": {
			"translation": [0, 6.5, -0.25]
		},
		"fixed": {
			"rotation": [-69.5, 0, 0],
			"translation": [0, 7.75, -6.75],
			"scale": [1.36, 1.36, 1.36]
		}
	},
	"groups": [
		{
			"name": "meme_glasses",
			"origin": [8, 8, 8],
			"color": 0,
			"children": [0, 1, 2, 3, 4, 5, 6, 7, 8, 9, 10, 11, 12, 13, 14, 15, 16, 17, 18, 19, 20, 21, 22, 23, 24, 25, 26, 27, 28, 29, 30, 31, 32]
		}
	]
}