{
	"credit": "Made with Blockbench",
	"texture_size": [32, 32],
	"textures": {
		"1": "item/backpackblue"
	},
	"elements": [
		{
			"from": [4, 0, 5],
			"to": [12, 5, 11],
			"rotation": {"angle": 0, "axis": "y", "origin": [8, 0, 0]},
			"faces": {
				"north": {"uv": [4, 0, 8, 2.5], "texture": "#1"},
				"east": {"uv": [4, 5, 7, 7.5], "texture": "#1"},
				"south": {"uv": [4, 2.5, 8, 5], "texture": "#1"},
				"west": {"uv": [0, 6, 3, 8.5], "texture": "#1"},
				"up": {"uv": [4, 3, 0, 0], "texture": "#1"},
				"down": {"uv": [4, 3, 0, 6], "texture": "#1"}
			}
		},
		{
			"from": [3.5, 0.5, 5.5],
			"to": [4, 4.5, 10.5],
			"rotation": {"angle": 0, "axis": "y", "origin": [8, 0, 0]},
			"faces": {
				"north": {"uv": [3.5, 13, 3.75, 15], "texture": "#1"},
				"east": {"uv": [6, 9, 8.5, 11], "texture": "#1"},
				"south": {"uv": [4, 13, 4.25, 15], "texture": "#1"},
				"west": {"uv": [8.5, 9, 11, 11], "texture": "#1"},
				"up": {"uv": [0.25, 15, 0, 12.5], "texture": "#1"},
				"down": {"uv": [0.75, 12.5, 0.5, 15], "texture": "#1"}
			}
		},
		{
			"from": [12, 0.5, 5.5],
			"to": [12.5, 4.5, 10.5],
			"rotation": {"angle": 0, "axis": "y", "origin": [16.5, 0, 0]},
			"faces": {
				"north": {"uv": [4.5, 13, 4.75, 15], "texture": "#1"},
				"east": {"uv": [3, 10, 5.5, 12], "texture": "#1"},
				"south": {"uv": [5, 13, 5.25, 15], "texture": "#1"},
				"west": {"uv": [0, 10.5, 2.5, 12.5], "texture": "#1"},
				"up": {"uv": [1.25, 15, 1, 12.5], "texture": "#1"},
				"down": {"uv": [1.75, 12.5, 1.5, 15], "texture": "#1"}
			}
		},
		{
			"from": [4.5, 0.5, 4.5],
			"to": [11.5, 4.25, 5],
			"rotation": {"angle": 0, "axis": "y", "origin": [8, 0, 0]},
			"faces": {
				"north": {"uv": [7, 5, 10.5, 7], "texture": "#1"},
				"east": {"uv": [5.5, 13, 5.75, 15], "texture": "#1"},
				"south": {"uv": [7, 7, 10.5, 9], "texture": "#1"},
				"west": {"uv": [6, 13, 6.25, 15], "texture": "#1"},
				"up": {"uv": [14.5, 4.25, 11, 4], "texture": "#1"},
				"down": {"uv": [14.5, 10.5, 11, 10.75], "texture": "#1"}
			}
		},
		{
			"from": [5, 5, 6.5],
			"to": [11, 8, 11],
			"rotation": {"angle": 0, "axis": "y", "origin": [8, 0, 0]},
			"faces": {
				"north": {"uv": [10.5, 4.5, 13.5, 6], "texture": "#1"},
				"east": {"uv": [10.5, 7.5, 12.75, 9], "texture": "#1"},
				"south": {"uv": [10.5, 6, 13.5, 7.5], "texture": "#1"},
				"west": {"uv": [11, 9, 13.25, 10.5], "texture": "#1"},
				"up": {"uv": [6, 9.75, 3, 7.5], "texture": "#1"},
				"down": {"uv": [11, 0, 8, 2.25], "texture": "#1"}
			}
		},
		{
			"from": [4.5, 5, 7.25],
			"to": [5, 8.5, 11],
			"rotation": {"angle": 0, "axis": "y", "origin": [8, 0, 0]},
			"faces": {
				"north": {"uv": [8.5, 13, 8.75, 14.75], "texture": "#1"},
				"east": {"uv": [11, 0, 13, 1.75], "texture": "#1"},
				"south": {"uv": [9, 13, 9.25, 14.75], "texture": "#1"},
				"west": {"uv": [11, 2, 13, 3.75], "texture": "#1"},
				"up": {"uv": [6.75, 15, 6.5, 13], "texture": "#1"},
				"down": {"uv": [7.25, 13, 7, 15], "texture": "#1"}
			}
		},
		{
			"from": [11, 5, 7.25],
			"to": [11.5, 8.25, 11],
			"rotation": {"angle": 0, "axis": "y", "origin": [14.5, 0, 0]},
			"faces": {
				"north": {"uv": [9.5, 13, 9.75, 14.75], "texture": "#1"},
				"east": {"uv": [5.5, 11, 7.5, 12.75], "texture": "#1"},
				"south": {"uv": [10, 13, 10.25, 14.75], "texture": "#1"},
				"west": {"uv": [7.5, 11, 9.5, 12.75], "texture": "#1"},
				"up": {"uv": [7.75, 15, 7.5, 13], "texture": "#1"},
				"down": {"uv": [8.25, 13, 8, 15], "texture": "#1"}
			}
		},
		{
			"from": [5, 8, 7],
			"to": [11, 10, 11],
			"rotation": {"angle": 0, "axis": "y", "origin": [8, 0, 0]},
			"faces": {
				"north": {"uv": [9.5, 11, 12.5, 12], "texture": "#1"},
				"east": {"uv": [9.5, 12, 11.5, 13], "texture": "#1"},
				"south": {"uv": [2.5, 12, 5.5, 13], "texture": "#1"},
				"west": {"uv": [11.5, 12, 13.5, 13], "texture": "#1"},
				"up": {"uv": [11, 4.5, 8, 2.5], "texture": "#1"},
				"down": {"uv": [3, 8.5, 0, 10.5], "texture": "#1"}
			}
		},
		{
			"from": [7, 11, 9.25],
			"to": [9, 12, 9.5],
			"rotation": {"angle": 0, "axis": "y", "origin": [5, 1, 0]},
			"faces": {
				"north": {"uv": [8, 4.5, 9, 5], "texture": "#1"},
				"east": {"uv": [14, 2.5, 14.25, 3], "texture": "#1"},
				"south": {"uv": [9, 4.5, 10, 5], "texture": "#1"},
				"west": {"uv": [14, 12, 14.25, 12.5], "texture": "#1"},
				"up": {"uv": [14, 13.25, 13, 13], "texture": "#1"},
				"down": {"uv": [14.5, 0, 13.5, 0.25], "texture": "#1"}
			}
		},
		{
			"from": [9, 10, 9.25],
			"to": [10, 11, 9.5],
			"rotation": {"angle": 0, "axis": "y", "origin": [8, 0, 0]},
			"faces": {
				"north": {"uv": [10, 4.5, 10.5, 5], "texture": "#1"},
				"east": {"uv": [14, 12.5, 14.25, 13], "texture": "#1"},
				"south": {"uv": [5.5, 10, 6, 10.5], "texture": "#1"},
				"west": {"uv": [14, 13, 14.25, 13.5], "texture": "#1"},
				"up": {"uv": [14.5, 13.75, 14, 13.5], "texture": "#1"},
				"down": {"uv": [14.5, 14, 14, 14.25], "texture": "#1"}
			}
		},
		{
			"from": [6, 10, 9.25],
			"to": [7, 11, 9.5],
			"rotation": {"angle": 0, "axis": "y", "origin": [5, 0, 0]},
			"faces": {
				"north": {"uv": [5.5, 10.5, 6, 11], "texture": "#1"},
				"east": {"uv": [14.5, 0, 14.75, 0.5], "texture": "#1"},
				"south": {"uv": [13.5, 0.5, 14, 1], "texture": "#1"},
				"west": {"uv": [14.5, 0.5, 14.75, 1], "texture": "#1"},
				"up": {"uv": [15, 1.25, 14.5, 1], "texture": "#1"},
				"down": {"uv": [15, 1.5, 14.5, 1.75], "texture": "#1"}
			}
		},
		{
			"from": [6.25, 7, 6.5],
			"to": [7, 9.5, 6.75],
			"rotation": {"angle": 22.5, "axis": "x", "origin": [6.625, 8, 6.625]},
			"faces": {
				"north": {"uv": [3, 6, 3.5, 7.25], "texture": "#1"},
				"east": {"uv": [13, 7.5, 13.25, 8.75], "texture": "#1"},
				"south": {"uv": [3.5, 6, 4, 7.25], "texture": "#1"},
				"west": {"uv": [10.5, 13, 10.75, 14.25], "texture": "#1"},
				"up": {"uv": [15, 2.25, 14.5, 2], "texture": "#1"},
				"down": {"uv": [15, 2.5, 14.5, 2.75], "texture": "#1"}
			}
		},
		{
			"from": [7.65, 2.75, 4.25],
			"to": [8.4, 5.25, 4.5],
			"rotation": {"angle": 22.5, "axis": "x", "origin": [8.025, 3.75, 4.375]},
			"faces": {
				"north": {"uv": [6, 7.5, 6.5, 8.75], "texture": "#1"},
				"east": {"uv": [11, 13, 11.25, 14.25], "texture": "#1"},
				"south": {"uv": [6.5, 7.5, 7, 8.75], "texture": "#1"},
				"west": {"uv": [11.5, 13, 11.75, 14.25], "texture": "#1"},
				"up": {"uv": [15, 3.25, 14.5, 3], "texture": "#1"},
				"down": {"uv": [15, 3.5, 14.5, 3.75], "texture": "#1"}
			}
		},
		{
			"from": [7.65, 4.93097, 4.82067],
			"to": [8.4, 5.18097, 7.32067],
			"rotation": {"angle": 0, "axis": "x", "origin": [8.025, 5.05597, 6.07067]},
			"faces": {
				"north": {"uv": [14.5, 4, 15, 4.25], "texture": "#1"},
				"east": {"uv": [13, 3, 14.25, 3.25], "texture": "#1"},
				"south": {"uv": [14.5, 4.5, 15, 4.75], "texture": "#1"},
				"west": {"uv": [13, 3.5, 14.25, 3.75], "texture": "#1"},
				"up": {"uv": [3, 11.75, 2.5, 10.5], "texture": "#1"},
				"down": {"uv": [2.5, 12.5, 2, 13.75], "texture": "#1"}
			}
		},
		{
			"from": [8.9, 7.9, 6.4],
			"to": [9, 8.5, 6.5],
			"rotation": {"angle": 22.5, "axis": "x", "origin": [9.375, 8, 6.625]},
			"faces": {
				"north": {"uv": [1.5, 15, 1.75, 15.25], "texture": "#1"},
				"east": {"uv": [15, 1.5, 15.25, 1.75], "texture": "#1"},
				"south": {"uv": [2, 15, 2.25, 15.25], "texture": "#1"},
				"west": {"uv": [15, 2, 15.25, 2.25], "texture": "#1"},
				"up": {"uv": [2.75, 15.25, 2.5, 15], "texture": "#1"},
				"down": {"uv": [15.25, 2.5, 15, 2.75], "texture": "#1"}
			}
		},
		{
			"from": [9, 7.9, 6.4],
			"to": [9.75, 8.025, 6.5],
			"rotation": {"angle": 22.5, "axis": "x", "origin": [6.625, 8, 6.625]},
			"faces": {
				"north": {"uv": [14.5, 5, 15, 5.25], "texture": "#1"},
				"east": {"uv": [3, 15, 3.25, 15.25], "texture": "#1"},
				"south": {"uv": [14.5, 5.5, 15, 5.75], "texture": "#1"},
				"west": {"uv": [15, 3, 15.25, 3.25], "texture": "#1"},
				"up": {"uv": [15, 6.25, 14.5, 6], "texture": "#1"},
				"down": {"uv": [15, 6.5, 14.5, 6.75], "texture": "#1"}
			}
		},
		{
			"from": [9.75, 7.9, 6.4],
			"to": [9.85, 8.5, 6.5],
			"rotation": {"angle": 22.5, "axis": "x", "origin": [9.375, 8, 6.625]},
			"faces": {
				"north": {"uv": [3.5, 15, 3.75, 15.25], "texture": "#1"},
				"east": {"uv": [15, 3.5, 15.25, 3.75], "texture": "#1"},
				"south": {"uv": [4, 15, 4.25, 15.25], "texture": "#1"},
				"west": {"uv": [15, 4, 15.25, 4.25], "texture": "#1"},
				"up": {"uv": [4.75, 15.25, 4.5, 15], "texture": "#1"},
				"down": {"uv": [15.25, 4.5, 15, 4.75], "texture": "#1"}
			}
		},
		{
			"from": [9.325, 8.175, 6.4],
			"to": [9.425, 8.375, 6.5],
			"rotation": {"angle": 22.5, "axis": "x", "origin": [9.375, 8, 6.625]},
			"faces": {
				"north": {"uv": [5, 15, 5.25, 15.25], "texture": "#1"},
				"east": {"uv": [15, 5, 15.25, 5.25], "texture": "#1"},
				"south": {"uv": [5.5, 15, 5.75, 15.25], "texture": "#1"},
				"west": {"uv": [15, 5.5, 15.25, 5.75], "texture": "#1"},
				"up": {"uv": [6.25, 15.25, 6, 15], "texture": "#1"},
				"down": {"uv": [15.25, 6, 15, 6.25], "texture": "#1"}
			}
		},
		{
			"from": [9, 8.375, 6.4],
			"to": [9.75, 8.5, 6.5],
			"rotation": {"angle": 22.5, "axis": "x", "origin": [6.625, 8, 6.625]},
			"faces": {
				"north": {"uv": [14.5, 7, 15, 7.25], "texture": "#1"},
				"east": {"uv": [6.5, 15, 6.75, 15.25], "texture": "#1"},
				"south": {"uv": [14.5, 7.5, 15, 7.75], "texture": "#1"},
				"west": {"uv": [15, 6.5, 15.25, 6.75], "texture": "#1"},
				"up": {"uv": [15, 8.25, 14.5, 8], "texture": "#1"},
				"down": {"uv": [15, 8.5, 14.5, 8.75], "texture": "#1"}
			}
		},
		{
			"from": [6.15, 7.9, 6.4],
			"to": [6.25, 8.5, 6.5],
			"rotation": {"angle": 22.5, "axis": "x", "origin": [6.625, 8, 6.625]},
			"faces": {
				"north": {"uv": [7, 15, 7.25, 15.25], "texture": "#1"},
				"east": {"uv": [15, 7, 15.25, 7.25], "texture": "#1"},
				"south": {"uv": [7.5, 15, 7.75, 15.25], "texture": "#1"},
				"west": {"uv": [15, 7.5, 15.25, 7.75], "texture": "#1"},
				"up": {"uv": [8.25, 15.25, 8, 15], "texture": "#1"},
				"down": {"uv": [15.25, 8, 15, 8.25], "texture": "#1"}
			}
		},
		{
			"from": [6.25, 8.375, 6.4],
			"to": [7, 8.5, 6.5],
			"rotation": {"angle": 22.5, "axis": "x", "origin": [6.625, 8, 6.625]},
			"faces": {
				"north": {"uv": [14.5, 9, 15, 9.25], "texture": "#1"},
				"east": {"uv": [8.5, 15, 8.75, 15.25], "texture": "#1"},
				"south": {"uv": [14.5, 9.5, 15, 9.75], "texture": "#1"},
				"west": {"uv": [15, 8.5, 15.25, 8.75], "texture": "#1"},
				"up": {"uv": [15, 10.25, 14.5, 10], "texture": "#1"},
				"down": {"uv": [11, 14.5, 10.5, 14.75], "texture": "#1"}
			}
		},
		{
			"from": [6.575, 8.175, 6.4],
			"to": [6.675, 8.375, 6.5],
			"rotation": {"angle": 22.5, "axis": "x", "origin": [9.375, 8, 6.625]},
			"faces": {
				"north": {"uv": [9, 15, 9.25, 15.25], "texture": "#1"},
				"east": {"uv": [15, 9, 15.25, 9.25], "texture": "#1"},
				"south": {"uv": [9.5, 15, 9.75, 15.25], "texture": "#1"},
				"west": {"uv": [15, 9.5, 15.25, 9.75], "texture": "#1"},
				"up": {"uv": [10.25, 15.25, 10, 15], "texture": "#1"},
				"down": {"uv": [15.25, 10, 15, 10.25], "texture": "#1"}
			}
		},
		{
			"from": [6.25, 7.9, 6.4],
			"to": [7, 8.025, 6.5],
			"rotation": {"angle": 22.5, "axis": "x", "origin": [6.625, 8, 6.625]},
			"faces": {
				"north": {"uv": [14.5, 10.5, 15, 10.75], "texture": "#1"},
				"east": {"uv": [10.5, 15, 10.75, 15.25], "texture": "#1"},
				"south": {"uv": [11, 14.5, 11.5, 14.75], "texture": "#1"},
				"west": {"uv": [15, 10.5, 15.25, 10.75], "texture": "#1"},
				"up": {"uv": [15, 11.25, 14.5, 11], "texture": "#1"},
				"down": {"uv": [12, 14.5, 11.5, 14.75], "texture": "#1"}
			}
		},
		{
			"from": [7, 7.9, 6.4],
			"to": [7.1, 8.5, 6.5],
			"rotation": {"angle": 22.5, "axis": "x", "origin": [6.625, 8, 6.625]},
			"faces": {
				"north": {"uv": [11, 15, 11.25, 15.25], "texture": "#1"},
				"east": {"uv": [15, 11, 15.25, 11.25], "texture": "#1"},
				"south": {"uv": [11.5, 15, 11.75, 15.25], "texture": "#1"},
				"west": {"uv": [15, 11.5, 15.25, 11.75], "texture": "#1"},
				"up": {"uv": [12.25, 15.25, 12, 15], "texture": "#1"},
				"down": {"uv": [15.25, 12, 15, 12.25], "texture": "#1"}
			}
		},
		{
			"from": [7.55, 3.875, 4.55],
			"to": [7.65, 4.475, 4.65],
			"rotation": {"angle": 22.5, "axis": "x", "origin": [6.625, 4.725, 4.775]},
			"faces": {
				"north": {"uv": [12.5, 15, 12.75, 15.25], "texture": "#1"},
				"east": {"uv": [15, 12.5, 15.25, 12.75], "texture": "#1"},
				"south": {"uv": [13, 15, 13.25, 15.25], "texture": "#1"},
				"west": {"uv": [15, 13, 15.25, 13.25], "texture": "#1"},
				"up": {"uv": [13.75, 15.25, 13.5, 15], "texture": "#1"},
				"down": {"uv": [15.25, 13.5, 15, 13.75], "texture": "#1"}
			}
		},
		{
			"from": [7.65, 4.35, 4.55],
			"to": [8.4, 4.475, 4.65],
			"rotation": {"angle": 22.5, "axis": "x", "origin": [6.625, 4.725, 4.775]},
			"faces": {
				"north": {"uv": [14.5, 11.5, 15, 11.75], "texture": "#1"},
				"east": {"uv": [14, 15, 14.25, 15.25], "texture": "#1"},
				"south": {"uv": [12, 14.5, 12.5, 14.75], "texture": "#1"},
				"west": {"uv": [15, 14, 15.25, 14.25], "texture": "#1"},
				"up": {"uv": [15, 12.25, 14.5, 12], "texture": "#1"},
				"down": {"uv": [13, 14.5, 12.5, 14.75], "texture": "#1"}
			}
		},
		{
			"from": [7.975, 4.15, 4.55],
			"to": [8.075, 4.35, 4.65],
			"rotation": {"angle": 22.5, "axis": "x", "origin": [9.375, 4.725, 4.775]},
			"faces": {
				"north": {"uv": [14.5, 15, 14.75, 15.25], "texture": "#1"},
				"east": {"uv": [15, 14.5, 15.25, 14.75], "texture": "#1"},
				"south": {"uv": [15, 15, 15.25, 15.25], "texture": "#1"},
				"west": {"uv": [0, 15.5, 0.25, 15.75], "texture": "#1"},
				"up": {"uv": [15.75, 0.25, 15.5, 0], "texture": "#1"},
				"down": {"uv": [0.75, 15.5, 0.5, 15.75], "texture": "#1"}
			}
		},
		{
			"from": [7.65, 3.875, 4.55],
			"to": [8.4, 4, 4.65],
			"rotation": {"angle": 22.5, "axis": "x", "origin": [6.625, 4.725, 4.775]},
			"faces": {
				"north": {"uv": [14.5, 12.5, 15, 12.75], "texture": "#1"},
				"east": {"uv": [15.5, 0.5, 15.75, 0.75], "texture": "#1"},
				"south": {"uv": [13, 14.5, 13.5, 14.75], "texture": "#1"},
				"west": {"uv": [1, 15.5, 1.25, 15.75], "texture": "#1"},
				"up": {"uv": [15, 13.25, 14.5, 13], "texture": "#1"},
				"down": {"uv": [14, 14.5, 13.5, 14.75], "texture": "#1"}
			}
		},
		{
			"from": [8.4, 3.875, 4.55],
			"to": [8.5, 4.475, 4.65],
			"rotation": {"angle": 22.5, "axis": "x", "origin": [6.625, 4.725, 4.775]},
			"faces": {
				"north": {"uv": [15.5, 1, 15.75, 1.25], "texture": "#1"},
				"east": {"uv": [1.5, 15.5, 1.75, 15.75], "texture": "#1"},
				"south": {"uv": [15.5, 1.5, 15.75, 1.75], "texture": "#1"},
				"west": {"uv": [2, 15.5, 2.25, 15.75], "texture": "#1"},
				"up": {"uv": [15.75, 2.25, 15.5, 2], "texture": "#1"},
				"down": {"uv": [2.75, 15.5, 2.5, 15.75], "texture": "#1"}
			}
		},
		{
			"from": [9, 7, 6.5],
			"to": [9.75, 9.5, 6.75],
			"rotation": {"angle": 22.5, "axis": "x", "origin": [9.375, 8, 6.625]},
			"faces": {
				"north": {"uv": [13, 0, 13.5, 1.25], "texture": "#1"},
				"east": {"uv": [12, 13, 12.25, 14.25], "texture": "#1"},
				"south": {"uv": [13, 1.5, 13.5, 2.75], "texture": "#1"},
				"west": {"uv": [12.5, 13, 12.75, 14.25], "texture": "#1"},
				"up": {"uv": [15, 13.75, 14.5, 13.5], "texture": "#1"},
				"down": {"uv": [14.5, 14.5, 14, 14.75], "texture": "#1"}
			}
		},
		{
			"from": [12.5, -0.75, 6.5],
			"to": [12.75, 1.25, 6.75],
			"rotation": {"angle": 0, "axis": "y", "origin": [12, 0, 6]},
			"faces": {
				"north": {"uv": [13.5, 1, 13.75, 2], "texture": "#1"},
				"east": {"uv": [13.5, 2, 13.75, 3], "texture": "#1"},
				"south": {"uv": [13.5, 4.5, 13.75, 5.5], "texture": "#1"},
				"west": {"uv": [13.5, 5.5, 13.75, 6.5], "texture": "#1"},
				"up": {"uv": [15.75, 2.75, 15.5, 2.5], "texture": "#1"},
				"down": {"uv": [3.25, 15.5, 3, 15.75], "texture": "#1"}
			}
		},
		{
			"from": [12.5, -2.25, 6],
			"to": [12.75, -0.75, 7.25],
			"rotation": {"angle": 0, "axis": "y", "origin": [12, 0, 6]},
			"faces": {
				"north": {"uv": [13.5, 6.5, 13.75, 7.25], "texture": "#1"},
				"east": {"uv": [12.5, 11, 13.25, 11.75], "texture": "#1"},
				"south": {"uv": [13.5, 7.5, 13.75, 8.25], "texture": "#1"},
				"west": {"uv": [2.5, 13, 3.25, 13.75], "texture": "#1"},
				"up": {"uv": [13.75, 9.25, 13.5, 8.5], "texture": "#1"},
				"down": {"uv": [13.75, 9.5, 13.5, 10.25], "texture": "#1"}
			}
		},
		{
			"from": [12.5, -2.4, 6.4],
			"to": [12.75, -2.25, 6.85],
			"rotation": {"angle": 0, "axis": "y", "origin": [12, -1.5, 6]},
			"faces": {
				"north": {"uv": [15.5, 3, 15.75, 3.25], "texture": "#1"},
				"east": {"uv": [3.5, 15.5, 3.75, 15.75], "texture": "#1"},
				"south": {"uv": [15.5, 3.5, 15.75, 3.75], "texture": "#1"},
				"west": {"uv": [4, 15.5, 4.25, 15.75], "texture": "#1"},
				"up": {"uv": [15.75, 4.25, 15.5, 4], "texture": "#1"},
				"down": {"uv": [4.75, 15.5, 4.5, 15.75], "texture": "#1"}
			}
		},
		{
			"from": [12.5, -0.75, 7],
			"to": [12.75, -0.5, 7.25],
			"rotation": {"angle": 0, "axis": "y", "origin": [12, 0.25, 6.5]},
			"faces": {
				"north": {"uv": [15.5, 4.5, 15.75, 4.75], "texture": "#1"},
				"east": {"uv": [5, 15.5, 5.25, 15.75], "texture": "#1"},
				"south": {"uv": [15.5, 5, 15.75, 5.25], "texture": "#1"},
				"west": {"uv": [5.5, 15.5, 5.75, 15.75], "texture": "#1"},
				"up": {"uv": [15.75, 5.75, 15.5, 5.5], "texture": "#1"},
				"down": {"uv": [6.25, 15.5, 6, 15.75], "texture": "#1"}
			}
		},
		{
			"from": [12.5, -0.75, 6],
			"to": [12.75, -0.5, 6.25],
			"rotation": {"angle": 0, "axis": "y", "origin": [12, 0.25, 5.5]},
			"faces": {
				"north": {"uv": [15.5, 6, 15.75, 6.25], "texture": "#1"},
				"east": {"uv": [6.5, 15.5, 6.75, 15.75], "texture": "#1"},
				"south": {"uv": [15.5, 6.5, 15.75, 6.75], "texture": "#1"},
				"west": {"uv": [7, 15.5, 7.25, 15.75], "texture": "#1"},
				"up": {"uv": [15.75, 7.25, 15.5, 7], "texture": "#1"},
				"down": {"uv": [7.75, 15.5, 7.5, 15.75], "texture": "#1"}
			}
		},
		{
			"from": [12.5, -2, 5.75],
			"to": [12.75, -0.35, 6],
			"rotation": {"angle": 0, "axis": "y", "origin": [12, 0, 4.75]},
			"faces": {
				"north": {"uv": [13.5, 11, 13.75, 11.75], "texture": "#1"},
				"east": {"uv": [13.5, 12, 13.75, 12.75], "texture": "#1"},
				"south": {"uv": [13, 13.5, 13.25, 14.25], "texture": "#1"},
				"west": {"uv": [13.5, 13.5, 13.75, 14.25], "texture": "#1"},
				"up": {"uv": [15.75, 7.75, 15.5, 7.5], "texture": "#1"},
				"down": {"uv": [8.25, 15.5, 8, 15.75], "texture": "#1"}
			}
		},
		{
			"from": [12.5, -2, 7.25],
			"to": [12.75, -0.35, 7.5],
			"rotation": {"angle": 0, "axis": "y", "origin": [12, 0, 6.25]},
			"faces": {
				"north": {"uv": [14, 0.5, 14.25, 1.25], "texture": "#1"},
				"east": {"uv": [14, 1.5, 14.25, 2.25], "texture": "#1"},
				"south": {"uv": [2, 14, 2.25, 14.75], "texture": "#1"},
				"west": {"uv": [2.5, 14, 2.75, 14.75], "texture": "#1"},
				"up": {"uv": [15.75, 8.25, 15.5, 8], "texture": "#1"},
				"down": {"uv": [8.75, 15.5, 8.5, 15.75], "texture": "#1"}
			}
		},
		{
			"from": [12.5, -1.75, 7.5],
			"to": [12.75, -0.5, 7.75],
			"rotation": {"angle": 0, "axis": "y", "origin": [12, 0, 6.5]},
			"faces": {
				"north": {"uv": [3, 14, 3.25, 14.75], "texture": "#1"},
				"east": {"uv": [14, 4.5, 14.25, 5.25], "texture": "#1"},
				"south": {"uv": [14, 5.5, 14.25, 6.25], "texture": "#1"},
				"west": {"uv": [14, 6.5, 14.25, 7.25], "texture": "#1"},
				"up": {"uv": [15.75, 8.75, 15.5, 8.5], "texture": "#1"},
				"down": {"uv": [9.25, 15.5, 9, 15.75], "texture": "#1"}
			}
		},
		{
			"from": [12.5, -1.5, 7.75],
			"to": [12.75, -0.75, 7.9],
			"rotation": {"angle": 0, "axis": "y", "origin": [12, 0, 6.75]},
			"faces": {
				"north": {"uv": [14.5, 14, 14.75, 14.5], "texture": "#1"},
				"east": {"uv": [14.5, 14.5, 14.75, 15], "texture": "#1"},
				"south": {"uv": [0, 15, 0.25, 15.5], "texture": "#1"},
				"west": {"uv": [15, 0, 15.25, 0.5], "texture": "#1"},
				"up": {"uv": [15.75, 9.25, 15.5, 9], "texture": "#1"},
				"down": {"uv": [9.75, 15.5, 9.5, 15.75], "texture": "#1"}
			}
		},
		{
			"from": [12.5, -1.5, 5.35],
			"to": [12.75, -0.75, 5.5],
			"rotation": {"angle": 0, "axis": "y", "origin": [12, 0, 4.25]},
			"faces": {
				"north": {"uv": [0.5, 15, 0.75, 15.5], "texture": "#1"},
				"east": {"uv": [15, 0.5, 15.25, 1], "texture": "#1"},
				"south": {"uv": [1, 15, 1.25, 15.5], "texture": "#1"},
				"west": {"uv": [15, 1, 15.25, 1.5], "texture": "#1"},
				"up": {"uv": [15.75, 9.75, 15.5, 9.5], "texture": "#1"},
				"down": {"uv": [10.25, 15.5, 10, 15.75], "texture": "#1"}
			}
		},
		{
			"from": [12.5, -1.75, 5.5],
			"to": [12.75, -0.5, 5.75],
			"rotation": {"angle": 0, "axis": "y", "origin": [12, 0, 4.5]},
			"faces": {
				"north": {"uv": [14, 7.5, 14.25, 8.25], "texture": "#1"},
				"east": {"uv": [14, 8.5, 14.25, 9.25], "texture": "#1"},
				"south": {"uv": [14, 9.5, 14.25, 10.25], "texture": "#1"},
				"west": {"uv": [14, 11, 14.25, 11.75], "texture": "#1"},
				"up": {"uv": [15.75, 10.25, 15.5, 10], "texture": "#1"},
				"down": {"uv": [10.75, 15.5, 10.5, 15.75], "texture": "#1"}
			}
		}
	],
	"display": {
		"thirdperson_righthand": {
			"rotation": [78, 0, 0],
			"translation": [0, 1.25, 0]
		},
		"thirdperson_lefthand": {
			"rotation": [77.5, -180, 2.5],
			"translation": [-6, -7.25, 8.5]
		},
		"firstperson_righthand": {
			"scale": [0, 0, 0]
		},
		"firstperson_lefthand": {
			"scale": [0, 0, 0]
		},
		"ground": {
			"translation": [0, 5.5, 0],
			"scale": [0.9, 0.9, 0.9]
		},
		"gui": {
			"rotation": [0, -180, 0],
			"translation": [0, 2.75, 0],
			"scale": [1.3, 1.3, 1.3]
		},
		"head": {
			"rotation": [-180, 0, -180],
			"translation": [-0.25, -10.5, 8.25],
			"scale": [1.68, 1.68, 1.68]
		},
		"fixed": {
			"translation": [0, 2.75, -2.25],
			"scale": [1.35, 1.35, 1.35]
		}
	},
	"groups": [
		{
			"name": "group",
			"origin": [8, 8, 8],
			"color": 0,
			"children": [
				0,
				1,
				2,
				3,
				4,
				5,
				6,
				7,
				{
					"name": "group",
					"origin": [5, 1, 0],
					"color": 0,
					"children": [8, 9, 10]
				},
				11,
				12,
				13,
				{
					"name": "group",
					"origin": [6.625, 8, 6.625],
					"color": 0,
					"children": [
						{
							"name": "group",
							"origin": [6.625, 8, 6.625],
							"color": 0,
							"children": [14, 15, 16, 17, 18]
						},
						{
							"name": "group",
							"origin": [6.625, 8, 6.625],
							"color": 0,
							"children": [19, 20, 21, 22, 23]
						},
						{
							"name": "group",
							"origin": [6.625, 8, 6.625],
							"color": 0,
							"children": [24, 25, 26, 27, 28]
						}
					]
				},
				29,
				30,
				31,
				32,
				33,
				34,
				35,
				36,
				37,
				38,
				39,
				40
			]
		}
	]
}