{
	"credit": "Made with Blockbench",
	"texture_size": [64, 64],
	"textures": {
		"0": "item/doc_ock_arms",
		"particle": "item/doc_ock_arms"
	},
	"elements": [
		{
			"from": [-0.67962, 10.17439, 11.03105],
			"to": [1.82038, 12.67439, 13.53105],
			"rotation": {"angle": 0, "axis": "y", "origin": [-1.17962, -0.57561, -0.21895]},
			"faces": {
				"north": {"uv": [3.5, 0, 4.75, 1.25], "texture": "#0"},
				"east": {"uv": [3.5, 0, 4.75, 1.25], "texture": "#0"},
				"south": {"uv": [3.5, 0, 4.75, 1.25], "texture": "#0"},
				"west": {"uv": [3.5, 0, 4.75, 1.25], "texture": "#0"},
				"up": {"uv": [3.5, 0, 4.75, 1.25], "texture": "#0"},
				"down": {"uv": [3.5, 0, 4.75, 1.25], "texture": "#0"}
			}
		},
		{
			"from": [14.17962, 8.32663, 11.03105],
			"to": [16.67962, 10.82663, 13.53105],
			"rotation": {"angle": 0, "axis": "y", "origin": [-4.07038, -2.42337, -0.46895]},
			"faces": {
				"north": {"uv": [3.5, 0, 4.75, 1.25], "texture": "#0"},
				"east": {"uv": [3.5, 0, 4.75, 1.25], "texture": "#0"},
				"south": {"uv": [3.5, 0, 4.75, 1.25], "texture": "#0"},
				"west": {"uv": [3.5, 0, 4.75, 1.25], "texture": "#0"},
				"up": {"uv": [3.5, 0, 4.75, 1.25], "texture": "#0"},
				"down": {"uv": [3.5, 0, 4.75, 1.25], "texture": "#0"}
			}
		},
		{
			"from": [18.48624, -4.59746, 10.28105],
			"to": [21.48624, -1.59746, 14.28105],
			"rotation": {"angle": 45, "axis": "z", "origin": [8.73624, -14.84746, -0.71895]},
			"faces": {
				"north": {"uv": [0, 0, 1.5, 1.5], "texture": "#0"},
				"east": {"uv": [1.5, 0, 3.5, 1.5], "texture": "#0"},
				"south": {"uv": [0, 0, 1.5, 1.5], "texture": "#0"},
				"west": {"uv": [1.5, 0, 3.5, 1.5], "texture": "#0"},
				"up": {"uv": [1.5, 0, 3.5, 1.5], "rotation": 90, "texture": "#0"},
				"down": {"uv": [1.5, 0, 3.5, 1.5], "rotation": 90, "texture": "#0"}
			}
		},
		{
			"from": [-0.42962, 12.62483, 7.47554],
			"to": [1.57038, 14.62483, 12.47554],
			"rotation": {"angle": 22.5, "axis": "x", "origin": [0.57038, 11.62483, 7.97554]},
			"faces": {
				"north": {"uv": [0, 0, 0.5, 0.5], "rotation": 180, "texture": "#missing"},
				"east": {"uv": [0, 3.5, 1, 6], "rotation": 90, "texture": "#0"},
				"south": {"uv": [0, 0, 0.5, 0.5], "texture": "#missing"},
				"west": {"uv": [0, 3.5, 1, 6], "rotation": 90, "texture": "#0"},
				"up": {"uv": [0, 3.5, 1, 6], "texture": "#0"},
				"down": {"uv": [0, 3.5, 1, 6], "texture": "#0"}
			}
		},
		{
			"from": [-0.16316, 6.32877, 11.28005],
			"to": [1.83884, 12.33077, 13.28205],
			"rotation": {"angle": 22.5, "axis": "z", "origin": [0.83784, 11.82977, 12.28105]},
			"faces": {
				"north": {"uv": [0, 5, 1, 8], "texture": "#0"},
				"east": {"uv": [0, 5, 1, 8], "texture": "#0"},
				"south": {"uv": [0, 5, 1, 8], "texture": "#0"},
				"west": {"uv": [0, 5, 1, 8], "texture": "#0"},
				"up": {"uv": [0, 0, 0.5, 0.5], "texture": "#missing"},
				"down": {"uv": [0, 0, 0.5, 0.5], "texture": "#missing"}
			}
		},
		{
			"from": [-0.04194, -2.65938, 11.28105],
			"to": [1.95806, 6.34062, 13.28105],
			"rotation": {"angle": 45, "axis": "z", "origin": [0.95806, 8.84062, 12.28105]},
			"faces": {
				"north": {"uv": [0, 3.5, 1, 8], "texture": "#0"},
				"east": {"uv": [0, 3.5, 1, 8], "texture": "#0"},
				"south": {"uv": [0, 3.5, 1, 8], "texture": "#0"},
				"west": {"uv": [0, 3.5, 1, 8], "texture": "#0"},
				"up": {"uv": [0, 0, 0.5, 0.5], "texture": "#missing"},
				"down": {"uv": [0, 0, 0.5, 0.5], "texture": "#missing"}
			}
		},
		{
			"from": [14.92652, 6.32877, 11.28005],
			"to": [16.92852, 10.33077, 13.28205],
			"rotation": {"angle": -22.5, "axis": "z", "origin": [15.92752, 11.82977, 12.28105]},
			"faces": {
				"north": {"uv": [0, 6, 1, 8], "texture": "#0"},
				"east": {"uv": [0, 6, 1, 8], "texture": "#0"},
				"south": {"uv": [0, 6, 1, 8], "texture": "#0"},
				"west": {"uv": [0, 6, 1, 8], "texture": "#0"},
				"up": {"uv": [0.5, 0, 1, 0.5], "texture": "#missing"},
				"down": {"uv": [0.5, 0, 1, 0.5], "texture": "#missing"}
			}
		},
		{
			"from": [14.8073, -2.65938, 11.28105],
			"to": [16.8073, 6.34062, 13.28105],
			"rotation": {"angle": -45, "axis": "z", "origin": [15.8073, 8.84062, 12.28105]},
			"faces": {
				"north": {"uv": [0, 3.5, 1, 8], "texture": "#0"},
				"east": {"uv": [0, 3.5, 1, 8], "texture": "#0"},
				"south": {"uv": [0, 3.5, 1, 8], "texture": "#0"},
				"west": {"uv": [0, 3.5, 1, 8], "texture": "#0"},
				"up": {"uv": [0.5, 0, 1, 0.5], "texture": "#missing"},
				"down": {"uv": [0.5, 0, 1, 0.5], "texture": "#missing"}
			}
		},
		{
			"from": [12.42962, 12.77158, 6.58553],
			"to": [14.42962, 15.77158, 8.58553],
			"rotation": {"angle": -45, "axis": "x", "origin": [24.42962, 13.77158, 9.58553]},
			"faces": {
				"north": {"uv": [5.75, 1.5, 6.75, 3], "texture": "#0"},
				"east": {"uv": [5.75, 1.5, 6.75, 3], "texture": "#0"},
				"south": {"uv": [5.75, 1.5, 6.75, 3], "texture": "#0"},
				"west": {"uv": [5.75, 1.5, 6.75, 3], "texture": "#0"},
				"up": {"uv": [5.75, 3, 6.75, 4], "texture": "#0"},
				"down": {"uv": [5.75, 3, 6.75, 4], "texture": "#0"}
			}
		},
		{
			"from": [12.67962, 15.77158, 7.08553],
			"to": [14.17962, 18.77158, 8.08553],
			"rotation": {"angle": -45, "axis": "x", "origin": [24.42962, 13.77158, 9.58553]},
			"faces": {
				"north": {"uv": [7.5, 0, 6.75, 1.5], "texture": "#0"},
				"east": {"uv": [6.75, 1.5, 7.25, 3], "texture": "#0"},
				"south": {"uv": [6.75, 0, 7.5, 1.5], "texture": "#0"},
				"west": {"uv": [6.75, 1.5, 7.25, 3], "texture": "#0"},
				"up": {"uv": [6.75, 3, 7.5, 3.5], "texture": "#0"},
				"down": {"uv": [0, 0, 0.375, 0.25], "texture": "#missing"}
			}
		},
		{
			"from": [12.92962, 16.10854, 1.91218],
			"to": [13.92962, 16.60854, 4.91218],
			"rotation": {"angle": 22.5, "axis": "x", "origin": [15.42962, 16.35854, 3.41218]},
			"faces": {
				"north": {"uv": [7.5, 1.5, 8, 1.75], "texture": "#0"},
				"east": {"uv": [8, 0, 9.5, 0.25], "texture": "#0"},
				"south": {"uv": [0, 0, 0.25, 0.125], "texture": "#missing"},
				"west": {"uv": [8, 0, 9.5, 0.25], "texture": "#0"},
				"up": {"uv": [7.5, 0, 8, 1.5], "texture": "#0"},
				"down": {"uv": [7.5, 0, 8, 1.5], "texture": "#0"}
			}
		},
		{
			"from": [16.42962, 12.77158, 6.58553],
			"to": [18.42962, 15.77158, 8.58553],
			"rotation": {"angle": -45, "axis": "x", "origin": [6.42962, 13.77158, 9.58553]},
			"faces": {
				"north": {"uv": [5.75, 1.5, 6.75, 3], "texture": "#0"},
				"east": {"uv": [6.75, 1.5, 5.75, 3], "texture": "#0"},
				"south": {"uv": [5.75, 1.5, 6.75, 3], "texture": "#0"},
				"west": {"uv": [6.75, 1.5, 5.75, 3], "texture": "#0"},
				"up": {"uv": [6.75, 3, 5.75, 4], "texture": "#0"},
				"down": {"uv": [6.75, 3, 5.75, 4], "texture": "#0"}
			}
		},
		{
			"from": [16.67962, 15.77158, 7.08553],
			"to": [18.17962, 18.77158, 8.08553],
			"rotation": {"angle": -45, "axis": "x", "origin": [6.42962, 13.77158, 9.58553]},
			"faces": {
				"north": {"uv": [7.5, 0, 6.75, 1.5], "texture": "#0"},
				"east": {"uv": [7.25, 1.5, 6.75, 3], "texture": "#0"},
				"south": {"uv": [7.5, 0, 6.75, 1.5], "texture": "#0"},
				"west": {"uv": [7.25, 1.5, 6.75, 3], "texture": "#0"},
				"up": {"uv": [7.5, 3, 6.75, 3.5], "texture": "#0"},
				"down": {"uv": [0.375, 0, 0, 0.25], "texture": "#missing"}
			}
		},
		{
			"from": [16.92962, 16.10854, 1.91218],
			"to": [17.92962, 16.60854, 4.91218],
			"rotation": {"angle": 22.5, "axis": "x", "origin": [15.42962, 16.35854, 3.41218]},
			"faces": {
				"north": {"uv": [8, 1.5, 7.5, 1.75], "texture": "#0"},
				"east": {"uv": [9.5, 0, 8, 0.25], "texture": "#0"},
				"south": {"uv": [0.25, 0, 0, 0.125], "texture": "#missing"},
				"west": {"uv": [9.5, 0, 8, 0.25], "texture": "#0"},
				"up": {"uv": [8, 0, 7.5, 1.5], "texture": "#0"},
				"down": {"uv": [8, 0, 7.5, 1.5], "texture": "#0"}
			}
		},
		{
			"from": [14.92962, 8.1062, 1.91218],
			"to": [15.92962, 8.6062, 4.91218],
			"rotation": {"angle": -22.5, "axis": "x", "origin": [13.42962, 8.3562, 3.41218]},
			"faces": {
				"north": {"uv": [8, 1.75, 7.5, 1.5], "texture": "#0"},
				"east": {"uv": [9.5, 0.25, 8, 0], "texture": "#0"},
				"south": {"uv": [0.25, 0.125, 0, 0], "texture": "#missing"},
				"west": {"uv": [9.5, 0.25, 8, 0], "texture": "#0"},
				"up": {"uv": [8, 1.5, 7.5, 0], "texture": "#0"},
				"down": {"uv": [8, 1.5, 7.5, 0], "texture": "#0"}
			}
		},
		{
			"from": [14.67962, 5.94316, 7.08553],
			"to": [16.17962, 8.94316, 8.08553],
			"rotation": {"angle": 45, "axis": "x", "origin": [4.42962, 10.94316, 9.58553]},
			"faces": {
				"north": {"uv": [7.5, 1.5, 6.75, 0], "texture": "#0"},
				"east": {"uv": [7.25, 3, 6.75, 1.5], "texture": "#0"},
				"south": {"uv": [7.5, 1.5, 6.75, 0], "texture": "#0"},
				"west": {"uv": [7.25, 3, 6.75, 1.5], "texture": "#0"},
				"up": {"uv": [0.375, 0.25, 0, 0], "texture": "#missing"},
				"down": {"uv": [7.5, 3.5, 6.75, 3], "texture": "#0"}
			}
		},
		{
			"from": [14.42962, 8.94316, 6.58553],
			"to": [16.42962, 11.94316, 8.58553],
			"rotation": {"angle": 45, "axis": "x", "origin": [4.42962, 10.94316, 9.58553]},
			"faces": {
				"north": {"uv": [5.75, 1.5, 6.75, 3], "rotation": 180, "texture": "#0"},
				"east": {"uv": [6.75, 3, 5.75, 1.5], "texture": "#0"},
				"south": {"uv": [6.75, 1.5, 5.75, 0], "texture": "#0"},
				"west": {"uv": [6.75, 3, 5.75, 1.5], "texture": "#0"},
				"up": {"uv": [6.75, 4, 5.75, 3], "texture": "#0"},
				"down": {"uv": [6.75, 4, 5.75, 3], "texture": "#0"}
			}
		},
		{
			"from": [-2.42962, 14.56848, 6.3105],
			"to": [-0.42962, 17.56848, 8.3105],
			"rotation": {"angle": -45, "axis": "x", "origin": [9.57038, 15.56848, 9.3105]},
			"faces": {
				"north": {"uv": [5.75, 1.5, 6.75, 3], "texture": "#0"},
				"east": {"uv": [5.75, 1.5, 6.75, 3], "texture": "#0"},
				"south": {"uv": [5.75, 1.5, 6.75, 3], "texture": "#0"},
				"west": {"uv": [5.75, 1.5, 6.75, 3], "texture": "#0"},
				"up": {"uv": [5.75, 3, 6.75, 4], "texture": "#0"},
				"down": {"uv": [5.75, 3, 6.75, 4], "texture": "#0"}
			}
		},
		{
			"from": [-2.17962, 17.56848, 6.8105],
			"to": [-0.67962, 20.56848, 7.8105],
			"rotation": {"angle": -45, "axis": "x", "origin": [9.57038, 15.56848, 9.3105]},
			"faces": {
				"north": {"uv": [6.75, 0, 7.5, 1.5], "texture": "#0"},
				"east": {"uv": [6.75, 1.5, 7.25, 3], "texture": "#0"},
				"south": {"uv": [6.75, 0, 7.5, 1.5], "texture": "#0"},
				"west": {"uv": [6.75, 1.5, 7.25, 3], "texture": "#0"},
				"up": {"uv": [6.75, 3, 7.5, 3.5], "texture": "#0"},
				"down": {"uv": [0, 0, 0.375, 0.25], "texture": "#missing"}
			}
		},
		{
			"from": [-1.92962, 17.90544, 1.63715],
			"to": [-0.92962, 18.40544, 4.63715],
			"rotation": {"angle": 22.5, "axis": "x", "origin": [0.57038, 18.15544, 3.13715]},
			"faces": {
				"north": {"uv": [7.5, 1.5, 8, 1.75], "texture": "#0"},
				"east": {"uv": [8, 0, 9.5, 0.25], "texture": "#0"},
				"south": {"uv": [0, 0, 0.25, 0.125], "texture": "#missing"},
				"west": {"uv": [8, 0, 9.5, 0.25], "texture": "#0"},
				"up": {"uv": [7.5, 0, 8, 1.5], "texture": "#0"},
				"down": {"uv": [7.5, 0, 8, 1.5], "texture": "#0"}
			}
		},
		{
			"from": [2.07038, 17.90544, 1.63715],
			"to": [3.07038, 18.40544, 4.63715],
			"rotation": {"angle": 22.5, "axis": "x", "origin": [0.57038, 18.15544, 3.13715]},
			"faces": {
				"north": {"uv": [8, 1.5, 7.5, 1.75], "texture": "#0"},
				"east": {"uv": [9.5, 0, 8, 0.25], "texture": "#0"},
				"south": {"uv": [0.25, 0, 0, 0.125], "texture": "#missing"},
				"west": {"uv": [9.5, 0, 8, 0.25], "texture": "#0"},
				"up": {"uv": [8, 0, 7.5, 1.5], "texture": "#0"},
				"down": {"uv": [8, 0, 7.5, 1.5], "texture": "#0"}
			}
		},
		{
			"from": [1.82038, 17.56848, 6.8105],
			"to": [3.32038, 20.56848, 7.8105],
			"rotation": {"angle": -45, "axis": "x", "origin": [-8.42962, 15.56848, 9.3105]},
			"faces": {
				"north": {"uv": [7.5, 0, 6.75, 1.5], "texture": "#0"},
				"east": {"uv": [7.25, 1.5, 6.75, 3], "texture": "#0"},
				"south": {"uv": [7.5, 0, 6.75, 1.5], "texture": "#0"},
				"west": {"uv": [7.25, 1.5, 6.75, 3], "texture": "#0"},
				"up": {"uv": [7.5, 3, 6.75, 3.5], "texture": "#0"},
				"down": {"uv": [0.375, 0, 0, 0.25], "texture": "#missing"}
			}
		},
		{
			"from": [1.57038, 14.56848, 6.3105],
			"to": [3.57038, 17.56848, 8.3105],
			"rotation": {"angle": -45, "axis": "x", "origin": [-8.42962, 15.56848, 9.3105]},
			"faces": {
				"north": {"uv": [5.75, 1.5, 6.75, 3], "texture": "#0"},
				"east": {"uv": [6.75, 1.5, 5.75, 3], "texture": "#0"},
				"south": {"uv": [5.75, 1.5, 6.75, 3], "texture": "#0"},
				"west": {"uv": [5.75, 1.5, 6.75, 3], "texture": "#0"},
				"up": {"uv": [6.75, 3, 5.75, 4], "texture": "#0"},
				"down": {"uv": [6.75, 3, 5.75, 4], "texture": "#0"}
			}
		},
		{
			"from": [-0.42962, 10.74005, 6.3105],
			"to": [1.57038, 13.74005, 8.3105],
			"rotation": {"angle": 45, "axis": "x", "origin": [-10.42962, 12.74005, 9.3105]},
			"faces": {
				"north": {"uv": [5.75, 1.5, 6.75, 3], "rotation": 180, "texture": "#0"},
				"east": {"uv": [5.75, 1.5, 6.75, 3], "rotation": 180, "texture": "#0"},
				"south": {"uv": [5.75, 1.5, 6.75, 3], "rotation": 180, "texture": "#0"},
				"west": {"uv": [5.75, 1.5, 6.75, 3], "rotation": 180, "texture": "#0"},
				"up": {"uv": [6.75, 4, 5.75, 3], "texture": "#0"},
				"down": {"uv": [6.75, 4, 5.75, 3], "texture": "#0"}
			}
		},
		{
			"from": [-0.17962, 7.74005, 6.8105],
			"to": [1.32038, 10.74005, 7.8105],
			"rotation": {"angle": 45, "axis": "x", "origin": [-10.42962, 12.74005, 9.3105]},
			"faces": {
				"north": {"uv": [7.5, 1.5, 6.75, 0], "texture": "#0"},
				"east": {"uv": [7.25, 3, 6.75, 1.5], "texture": "#0"},
				"south": {"uv": [7.5, 1.5, 6.75, 0], "texture": "#0"},
				"west": {"uv": [7.25, 3, 6.75, 1.5], "texture": "#0"},
				"up": {"uv": [0.375, 0.25, 0, 0], "texture": "#missing"},
				"down": {"uv": [7.5, 3.5, 6.75, 3], "texture": "#0"}
			}
		},
		{
			"from": [0.07038, 9.90309, 1.63715],
			"to": [1.07038, 10.40309, 4.63715],
			"rotation": {"angle": -22.5, "axis": "x", "origin": [-1.42962, 10.15309, 3.13715]},
			"faces": {
				"north": {"uv": [8, 1.75, 7.5, 1.5], "texture": "#0"},
				"east": {"uv": [9.5, 0.25, 8, 0], "texture": "#0"},
				"south": {"uv": [0.25, 0.125, 0, 0], "texture": "#missing"},
				"west": {"uv": [9.5, 0.25, 8, 0], "texture": "#0"},
				"up": {"uv": [8, 1.5, 7.5, 0], "texture": "#0"},
				"down": {"uv": [8, 1.5, 7.5, 0], "texture": "#0"}
			}
		},
		{
			"from": [14.42962, 10.77707, 7.47554],
			"to": [16.42962, 12.77707, 12.47554],
			"rotation": {"angle": 22.5, "axis": "x", "origin": [15.42962, 9.77707, 7.97554]},
			"faces": {
				"north": {"uv": [0, 0, 0.5, 0.5], "rotation": 180, "texture": "#missing"},
				"east": {"uv": [0, 3.5, 1, 6], "rotation": 90, "texture": "#0"},
				"south": {"uv": [0, 0, 0.5, 0.5], "texture": "#missing"},
				"west": {"uv": [0, 3.5, 1, 6], "rotation": 90, "texture": "#0"},
				"up": {"uv": [0, 3.5, 1, 6], "texture": "#0"},
				"down": {"uv": [0, 3.5, 1, 6], "texture": "#0"}
			}
		}
	],
	"display": {
		"thirdperson_righthand": {
			"rotation": [75, 45, 0],
			"translation": [0, 2.5, 0],
			"scale": [0.375, 0.375, 0.375]
		},
		"thirdperson_lefthand": {
			"rotation": [75, 45, 0],
			"translation": [0, 2.5, 0],
			"scale": [0.375, 0.375, 0.375]
		},
		"firstperson_righthand": {
			"rotation": [0, 45, 0],
			"scale": [0.4, 0.4, 0.4]
		},
		"firstperson_lefthand": {
			"rotation": [0, 225, 0],
			"scale": [0.4, 0.4, 0.4]
		},
		"ground": {
			"translation": [0, 3, 0],
			"scale": [0.25, 0.25, 0.25]
		},
		"gui": {
			"rotation": [30, 135, 0],
			"scale": [0.625, 0.625, 0.625]
		},
		"head": {
			"translation": [0, 7.21, 0.5],
			"scale": [1.81, 1.81, 1.81]
		},
		"fixed": {
			"translation": [0, 0, -4.5]
		}
	}
}