{
	"credit": "Made with Blockbench",
	"texture_size": [64, 64],
	"textures": {
		"2": "item/fairywingsbutawesome"
	},
	"elements": [
		{
			"name": "wing1",
			"from": [10, 5, 7],
			"to": [11, 7, 18],
			"rotation": {"angle": -45, "axis": "y", "origin": [8, 0, 0]},
			"faces": {
				"north": {"uv": [7.5, 5.5, 7.75, 6], "texture": "#2"},
				"east": {"uv": [0, 4.5, 2.75, 5], "texture": "#2"},
				"south": {"uv": [7.75, 5.5, 8, 6], "texture": "#2"},
				"west": {"uv": [2.75, 4.5, 5.5, 5], "texture": "#2"},
				"up": {"uv": [2.25, 8.25, 2, 5.5], "texture": "#2"},
				"down": {"uv": [2.5, 5.5, 2.25, 8.25], "texture": "#2"}
			}
		},
		{
			"name": "wing2",
			"from": [10, 7, 7],
			"to": [11, 8, 17],
			"rotation": {"angle": -45, "axis": "y", "origin": [8, 0, 0]},
			"faces": {
				"north": {"uv": [7, 3.5, 7.25, 3.75], "texture": "#2"},
				"east": {"uv": [3, 5.5, 5.5, 5.75], "texture": "#2"},
				"south": {"uv": [7.25, 0.5, 7.5, 0.75], "texture": "#2"},
				"west": {"uv": [5.5, 4.5, 8, 4.75], "texture": "#2"},
				"up": {"uv": [5.75, 7.25, 5.5, 4.75], "texture": "#2"},
				"down": {"uv": [3.25, 5.75, 3, 8.25], "texture": "#2"}
			}
		},
		{
			"name": "wing2",
			"from": [10, 2, 18],
			"to": [11, 5, 19],
			"rotation": {"angle": -45, "axis": "y", "origin": [8, 0, 0]},
			"faces": {
				"north": {"uv": [7, 7.25, 7.25, 8], "texture": "#2"},
				"east": {"uv": [6, 7.5, 6.25, 8.25], "texture": "#2"},
				"south": {"uv": [6.25, 7.5, 6.5, 8.25], "texture": "#2"},
				"west": {"uv": [7.5, 6.75, 7.75, 7.5], "texture": "#2"},
				"up": {"uv": [7.5, 3.75, 7.25, 3.5], "texture": "#2"},
				"down": {"uv": [7.75, 0.5, 7.5, 0.75], "texture": "#2"}
			}
		},
		{
			"name": "wing3",
			"from": [10, 0, 19],
			"to": [11, 2, 20],
			"rotation": {"angle": -45, "axis": "y", "origin": [8, 0, 0]},
			"faces": {
				"north": {"uv": [8, 5.5, 8.25, 6], "texture": "#2"},
				"east": {"uv": [8, 6.25, 8.25, 6.75], "texture": "#2"},
				"south": {"uv": [8, 6.75, 8.25, 7.25], "texture": "#2"},
				"west": {"uv": [7, 8, 7.25, 8.5], "texture": "#2"},
				"up": {"uv": [7.75, 3.75, 7.5, 3.5], "texture": "#2"},
				"down": {"uv": [8, 2, 7.75, 2.25], "texture": "#2"}
			}
		},
		{
			"name": "wing2",
			"from": [10, 4, 8],
			"to": [11, 5, 18],
			"rotation": {"angle": -45, "axis": "y", "origin": [8, 0, 0]},
			"faces": {
				"north": {"uv": [7.75, 3.5, 8, 3.75], "texture": "#2"},
				"east": {"uv": [5.75, 3.75, 8.25, 4], "texture": "#2"},
				"south": {"uv": [8, 4.5, 8.25, 4.75], "texture": "#2"},
				"west": {"uv": [5.75, 4, 8.25, 4.25], "texture": "#2"},
				"up": {"uv": [3.5, 8.25, 3.25, 5.75], "texture": "#2"},
				"down": {"uv": [3.75, 5.75, 3.5, 8.25], "texture": "#2"}
			}
		},
		{
			"name": "wing3",
			"from": [10, 3, 8],
			"to": [11, 4, 16],
			"rotation": {"angle": -45, "axis": "y", "origin": [8, 0, 0]},
			"faces": {
				"north": {"uv": [6, 8.25, 6.25, 8.5], "texture": "#2"},
				"east": {"uv": [6, 0.75, 8, 1], "texture": "#2"},
				"south": {"uv": [6.25, 8.25, 6.5, 8.5], "texture": "#2"},
				"west": {"uv": [6, 1, 8, 1.25], "texture": "#2"},
				"up": {"uv": [6.25, 7.5, 6, 5.5], "texture": "#2"},
				"down": {"uv": [6.5, 5.5, 6.25, 7.5], "texture": "#2"}
			}
		},
		{
			"name": "upper wing2",
			"from": [10, 10, 16],
			"to": [11, 12, 20],
			"rotation": {"angle": -45, "axis": "y", "origin": [8, 0, 0]},
			"faces": {
				"north": {"uv": [8, 7.25, 8.25, 7.75], "texture": "#2"},
				"east": {"uv": [6, 1.25, 7, 1.75], "texture": "#2"},
				"south": {"uv": [8, 7.75, 8.25, 8.25], "texture": "#2"},
				"west": {"uv": [6, 1.75, 7, 2.25], "texture": "#2"},
				"up": {"uv": [7.25, 2.25, 7, 1.25], "texture": "#2"},
				"down": {"uv": [7.25, 6.25, 7, 7.25], "texture": "#2"}
			}
		},
		{
			"name": "upper wing2",
			"from": [10, 12, 8],
			"to": [11, 15, 23],
			"rotation": {"angle": -45, "axis": "y", "origin": [8, 0, 0]},
			"faces": {
				"north": {"uv": [7.5, 7.5, 7.75, 8.25], "texture": "#2"},
				"east": {"uv": [0, 0, 3.75, 0.75], "texture": "#2"},
				"south": {"uv": [7.75, 0, 8, 0.75], "texture": "#2"},
				"west": {"uv": [0, 0.75, 3.75, 1.5], "texture": "#2"},
				"up": {"uv": [0.25, 9.25, 0, 5.5], "texture": "#2"},
				"down": {"uv": [0.5, 5.5, 0.25, 9.25], "texture": "#2"}
			}
		},
		{
			"name": "upper wing3",
			"from": [10, 15, 13],
			"to": [11, 18, 27],
			"rotation": {"angle": -45, "axis": "y", "origin": [8, 0, 0]},
			"faces": {
				"north": {"uv": [7.75, 1.25, 8, 2], "texture": "#2"},
				"east": {"uv": [0, 3, 3.5, 3.75], "texture": "#2"},
				"south": {"uv": [5.75, 7.75, 6, 8.5], "texture": "#2"},
				"west": {"uv": [3.5, 3, 7, 3.75], "texture": "#2"},
				"up": {"uv": [1.25, 9, 1, 5.5], "texture": "#2"},
				"down": {"uv": [1.5, 5.5, 1.25, 9], "texture": "#2"}
			}
		},
		{
			"name": "upper wing4",
			"from": [10, 15, 11],
			"to": [11, 17, 13],
			"rotation": {"angle": -45, "axis": "y", "origin": [8, 0, 0]},
			"faces": {
				"north": {"uv": [8.25, 0, 8.5, 0.5], "texture": "#2"},
				"east": {"uv": [7, 2.25, 7.5, 2.75], "texture": "#2"},
				"south": {"uv": [8.25, 0.5, 8.5, 1], "texture": "#2"},
				"west": {"uv": [7, 3, 7.5, 3.5], "texture": "#2"},
				"up": {"uv": [8.5, 1.5, 8.25, 1], "texture": "#2"},
				"down": {"uv": [8.5, 1.5, 8.25, 2], "texture": "#2"}
			}
		},
		{
			"name": "upper wing4",
			"from": [10, 18, 27],
			"to": [11, 20, 29],
			"rotation": {"angle": -45, "axis": "y", "origin": [8, 0, 0]},
			"faces": {
				"north": {"uv": [2, 8.25, 2.25, 8.75], "texture": "#2"},
				"east": {"uv": [7.25, 0, 7.75, 0.5], "texture": "#2"},
				"south": {"uv": [8.25, 2, 8.5, 2.5], "texture": "#2"},
				"west": {"uv": [7.25, 1.25, 7.75, 1.75], "texture": "#2"},
				"up": {"uv": [2.5, 8.75, 2.25, 8.25], "texture": "#2"},
				"down": {"uv": [2.75, 8.25, 2.5, 8.75], "texture": "#2"}
			}
		},
		{
			"name": "upper wing1",
			"from": [10, 9, 7],
			"to": [11, 12, 16],
			"rotation": {"angle": -45, "axis": "y", "origin": [8, 0, 0]},
			"faces": {
				"north": {"uv": [7.75, 6.25, 8, 7], "texture": "#2"},
				"east": {"uv": [3.75, 0.75, 6, 1.5], "texture": "#2"},
				"south": {"uv": [7.75, 7, 8, 7.75], "texture": "#2"},
				"west": {"uv": [3.75, 1.5, 6, 2.25], "texture": "#2"},
				"up": {"uv": [5, 8, 4.75, 5.75], "texture": "#2"},
				"down": {"uv": [5.25, 5.75, 5, 8], "texture": "#2"}
			}
		},
		{
			"name": "wing4",
			"from": [5, 15, 13],
			"to": [6, 18, 27],
			"rotation": {"angle": 45, "axis": "y", "origin": [8, 0, 0]},
			"faces": {
				"north": {"uv": [7.25, 7.75, 7.5, 8.5], "texture": "#2"},
				"east": {"uv": [0, 3.75, 3.5, 4.5], "texture": "#2"},
				"south": {"uv": [7.75, 7.75, 8, 8.5], "texture": "#2"},
				"west": {"uv": [3.75, 0, 7.25, 0.75], "texture": "#2"},
				"up": {"uv": [1.75, 9, 1.5, 5.5], "texture": "#2"},
				"down": {"uv": [2, 5.5, 1.75, 9], "texture": "#2"}
			}
		},
		{
			"name": "wing3",
			"from": [5, 12, 8],
			"to": [6, 15, 23],
			"rotation": {"angle": 45, "axis": "y", "origin": [8, 0, 0]},
			"faces": {
				"north": {"uv": [8, 0, 8.25, 0.75], "texture": "#2"},
				"east": {"uv": [0, 1.5, 3.75, 2.25], "texture": "#2"},
				"south": {"uv": [8, 0.75, 8.25, 1.5], "texture": "#2"},
				"west": {"uv": [0, 2.25, 3.75, 3], "texture": "#2"},
				"up": {"uv": [0.75, 9.25, 0.5, 5.5], "texture": "#2"},
				"down": {"uv": [1, 5.5, 0.75, 9.25], "texture": "#2"}
			}
		},
		{
			"name": "wing5",
			"from": [5, 18, 27],
			"to": [6, 20, 29],
			"rotation": {"angle": 45, "axis": "y", "origin": [8, 0, 0]},
			"faces": {
				"north": {"uv": [8.25, 2.5, 8.5, 3], "texture": "#2"},
				"east": {"uv": [7.25, 1.75, 7.75, 2.25], "texture": "#2"},
				"south": {"uv": [2.75, 8.25, 3, 8.75], "texture": "#2"},
				"west": {"uv": [7.25, 6.25, 7.75, 6.75], "texture": "#2"},
				"up": {"uv": [3.25, 8.75, 3, 8.25], "texture": "#2"},
				"down": {"uv": [8.5, 3, 8.25, 3.5], "texture": "#2"}
			}
		},
		{
			"name": "wing3",
			"from": [5, 10, 16],
			"to": [6, 12, 20],
			"rotation": {"angle": 45, "axis": "y", "origin": [8, 0, 0]},
			"faces": {
				"north": {"uv": [3.25, 8.25, 3.5, 8.75], "texture": "#2"},
				"east": {"uv": [6, 2.25, 7, 2.75], "texture": "#2"},
				"south": {"uv": [3.5, 8.25, 3.75, 8.75], "texture": "#2"},
				"west": {"uv": [6.5, 5.5, 7.5, 6], "texture": "#2"},
				"up": {"uv": [5.75, 8.25, 5.5, 7.25], "texture": "#2"},
				"down": {"uv": [7.5, 6.75, 7.25, 7.75], "texture": "#2"}
			}
		},
		{
			"name": "wing2",
			"from": [5, 9, 7],
			"to": [6, 12, 16],
			"rotation": {"angle": 45, "axis": "y", "origin": [8, 0, 0]},
			"faces": {
				"north": {"uv": [8, 1.5, 8.25, 2.25], "texture": "#2"},
				"east": {"uv": [3.75, 2.25, 6, 3], "texture": "#2"},
				"south": {"uv": [8, 2.25, 8.25, 3], "texture": "#2"},
				"west": {"uv": [3.5, 3.75, 5.75, 4.5], "texture": "#2"},
				"up": {"uv": [5.5, 8, 5.25, 5.75], "texture": "#2"},
				"down": {"uv": [6, 5.5, 5.75, 7.75], "texture": "#2"}
			}
		},
		{
			"name": "upper wing2",
			"from": [5, 5, 7],
			"to": [6, 7, 18],
			"rotation": {"angle": 45, "axis": "y", "origin": [8, 0, 0]},
			"faces": {
				"north": {"uv": [8.25, 3.5, 8.5, 4], "texture": "#2"},
				"east": {"uv": [0, 5, 2.75, 5.5], "texture": "#2"},
				"south": {"uv": [3.75, 8.25, 4, 8.75], "texture": "#2"},
				"west": {"uv": [2.75, 5, 5.5, 5.5], "texture": "#2"},
				"up": {"uv": [2.75, 8.25, 2.5, 5.5], "texture": "#2"},
				"down": {"uv": [3, 5.5, 2.75, 8.25], "texture": "#2"}
			}
		},
		{
			"name": "upper wing3",
			"from": [5, 7, 7],
			"to": [6, 8, 17],
			"rotation": {"angle": 45, "axis": "y", "origin": [8, 0, 0]},
			"faces": {
				"north": {"uv": [8.25, 6.25, 8.5, 6.5], "texture": "#2"},
				"east": {"uv": [5.75, 4.25, 8.25, 4.5], "texture": "#2"},
				"south": {"uv": [6.5, 8.25, 6.75, 8.5], "texture": "#2"},
				"west": {"uv": [5.75, 4.75, 8.25, 5], "texture": "#2"},
				"up": {"uv": [4, 8.25, 3.75, 5.75], "texture": "#2"},
				"down": {"uv": [4.25, 5.75, 4, 8.25], "texture": "#2"}
			}
		},
		{
			"name": "upper wing3",
			"from": [5, 4, 8],
			"to": [6, 5, 18],
			"rotation": {"angle": 45, "axis": "y", "origin": [8, 0, 0]},
			"faces": {
				"north": {"uv": [8.25, 6.5, 8.5, 6.75], "texture": "#2"},
				"east": {"uv": [5.75, 5, 8.25, 5.25], "texture": "#2"},
				"south": {"uv": [6.75, 8.25, 7, 8.5], "texture": "#2"},
				"west": {"uv": [5.75, 5.25, 8.25, 5.5], "texture": "#2"},
				"up": {"uv": [4.5, 8.25, 4.25, 5.75], "texture": "#2"},
				"down": {"uv": [4.75, 5.75, 4.5, 8.25], "texture": "#2"}
			}
		},
		{
			"name": "upper wing4",
			"from": [5, 3, 8],
			"to": [6, 4, 16],
			"rotation": {"angle": 45, "axis": "y", "origin": [8, 0, 0]},
			"faces": {
				"north": {"uv": [8.25, 6.75, 8.5, 7], "texture": "#2"},
				"east": {"uv": [6, 2.75, 8, 3], "texture": "#2"},
				"south": {"uv": [8.25, 7, 8.5, 7.25], "texture": "#2"},
				"west": {"uv": [6.5, 6, 8.5, 6.25], "texture": "#2"},
				"up": {"uv": [6.75, 8.25, 6.5, 6.25], "texture": "#2"},
				"down": {"uv": [7, 6.25, 6.75, 8.25], "texture": "#2"}
			}
		},
		{
			"name": "wing5",
			"from": [5, 15, 11],
			"to": [6, 17, 13],
			"rotation": {"angle": 45, "axis": "y", "origin": [8, 0, 0]},
			"faces": {
				"north": {"uv": [4, 8.25, 4.25, 8.75], "texture": "#2"},
				"east": {"uv": [7.5, 2.25, 8, 2.75], "texture": "#2"},
				"south": {"uv": [8.25, 4, 8.5, 4.5], "texture": "#2"},
				"west": {"uv": [7.5, 3, 8, 3.5], "texture": "#2"},
				"up": {"uv": [4.5, 8.75, 4.25, 8.25], "texture": "#2"},
				"down": {"uv": [4.75, 8.25, 4.5, 8.75], "texture": "#2"}
			}
		},
		{
			"name": "upper wing3",
			"from": [5, 2, 18],
			"to": [6, 5, 19],
			"rotation": {"angle": 45, "axis": "y", "origin": [8, 0, 0]},
			"faces": {
				"north": {"uv": [8, 3, 8.25, 3.75], "texture": "#2"},
				"east": {"uv": [4.75, 8, 5, 8.75], "texture": "#2"},
				"south": {"uv": [5, 8, 5.25, 8.75], "texture": "#2"},
				"west": {"uv": [5.25, 8, 5.5, 8.75], "texture": "#2"},
				"up": {"uv": [8.5, 7.5, 8.25, 7.25], "texture": "#2"},
				"down": {"uv": [7.75, 8.25, 7.5, 8.5], "texture": "#2"}
			}
		},
		{
			"name": "upper wing4",
			"from": [5, 0, 19],
			"to": [6, 2, 20],
			"rotation": {"angle": 45, "axis": "y", "origin": [8, 0, 0]},
			"faces": {
				"north": {"uv": [8.25, 4.5, 8.5, 5], "texture": "#2"},
				"east": {"uv": [8.25, 5, 8.5, 5.5], "texture": "#2"},
				"south": {"uv": [5.5, 8.25, 5.75, 8.75], "texture": "#2"},
				"west": {"uv": [8.25, 5.5, 8.5, 6], "texture": "#2"},
				"up": {"uv": [8.5, 7.75, 8.25, 7.5], "texture": "#2"},
				"down": {"uv": [8.5, 7.75, 8.25, 8], "texture": "#2"}
			}
		}
	],
	"display": {
		"thirdperson_righthand": {
			"rotation": [80.5, 1, 1],
			"translation": [-5.25, -6.75, 6],
			"scale": [0.6, 0.6, 0.6]
		},
		"thirdperson_lefthand": {
			"rotation": [80.5, 1, 1],
			"translation": [-5.25, -6.75, 6],
			"scale": [0.6, 0.6, 0.6]
		},
		"firstperson_righthand": {
			"rotation": [-180, -180, -180],
			"translation": [-80, -80, -80],
			"scale": [0, 0, 0]
		},
		"firstperson_lefthand": {
			"rotation": [-180, -180, -180],
			"translation": [-80, -80, -80],
			"scale": [0, 0, 0]
		},
		"ground": {
			"translation": [0, 9.5, 0]
		},
		"gui": {
			"translation": [0, -2, 0],
			"scale": [0.4, 0.4, 0.4]
		},
		"head": {
			"translation": [0, -15.75, 6.25]
		},
		"fixed": {
			"rotation": [2, -180, 0],
			"translation": [0, 0, -3.75]
		}
	},
	"groups": [
		{
			"name": "group",
			"origin": [8, 8, 8],
			"color": 0,
			"children": [
				{
					"name": "group",
					"origin": [8, 0, 0],
					"color": 0,
					"children": [0, 1, 2, 3, 4, 5, 6, 7, 8, 9, 10, 11]
				},
				{
					"name": "group",
					"origin": [8, 0, 0],
					"color": 0,
					"children": [12, 13, 14, 15, 16, 17, 18, 19, 20, 21, 22, 23]
				}
			]
		}
	]
}