{
	"credit": "Made with Blockbench",
	"texture_size": [32, 32],
	"textures": {
		"0": "item/atelier_witch_hat_nolnoa",
		"1": "item/mc_hay_block_top",
		"2": "item/mc_hay_block_side",
		"3": "item/mc_oak_log"
	},
	"elements": [
		{
			"from": [4.9999, 0.0099, -0.0001],
			"to": [11.0001, 1.5001, 6.0001],
			"rotation": {"angle": 0, "axis": "x", "origin": [6.5, 4.25, 1.5]},
			"faces": {
				"north": {"uv": [0, 6, 6, 7.5], "texture": "#0"},
				"east": {"uv": [0, 6, 6, 7.5], "texture": "#0"},
				"south": {"uv": [0, 6, 6, 7.5], "texture": "#0"},
				"west": {"uv": [0, 6, 6, 7.5], "texture": "#0"},
				"up": {"uv": [0, 0, 6, 6], "texture": "#0"},
				"down": {"uv": [6, 0, 12, 6], "texture": "#0"}
			}
		},
		{
			"from": [5.5, 1.5, 0.5],
			"to": [10.5, 3, 5.5],
			"rotation": {"angle": 0, "axis": "x", "origin": [6.5, 4.25, 1.5]},
			"faces": {
				"north": {"uv": [0, 7.5, 5, 9], "texture": "#0"},
				"east": {"uv": [0, 7.5, 5, 9], "texture": "#0"},
				"south": {"uv": [0, 7.5, 5, 9], "texture": "#0"},
				"west": {"uv": [0, 7.5, 5, 9], "texture": "#0"},
				"up": {"uv": [0.5, 0.5, 5.5, 5.5], "texture": "#0"}
			}
		},
		{
			"from": [6, 3, 1],
			"to": [10, 4.5, 5],
			"rotation": {"angle": 0, "axis": "x", "origin": [6.5, 4.25, 1.5]},
			"faces": {
				"north": {"uv": [0, 9, 4, 10.5], "texture": "#0"},
				"east": {"uv": [0, 9, 4, 10.5], "texture": "#0"},
				"south": {"uv": [0, 9, 4, 10.5], "texture": "#0"},
				"west": {"uv": [0, 9, 4, 10.5], "texture": "#0"},
				"up": {"uv": [1, 1, 5, 5], "texture": "#0"}
			}
		},
		{
			"from": [6.5, 4.5, 1.5],
			"to": [9.5, 6, 4.5],
			"rotation": {"angle": 0, "axis": "x", "origin": [6.5, 4.25, 1.5]},
			"faces": {
				"north": {"uv": [0, 10.5, 3, 12], "texture": "#0"},
				"east": {"uv": [0, 10.5, 3, 12], "texture": "#0"},
				"south": {"uv": [0, 10.5, 3, 12], "texture": "#0"},
				"west": {"uv": [0, 10.5, 3, 12], "texture": "#0"},
				"up": {"uv": [1.5, 1.5, 4.5, 4.5], "texture": "#0"}
			}
		},
		{
			"from": [7, 6, 2],
			"to": [9, 7.5, 4],
			"rotation": {"angle": 0, "axis": "x", "origin": [6.5, 4.25, 1.5]},
			"faces": {
				"north": {"uv": [0, 12, 2, 13.5], "texture": "#0"},
				"east": {"uv": [0, 12, 2, 13.5], "texture": "#0"},
				"south": {"uv": [0, 12, 2, 13.5], "texture": "#0"},
				"west": {"uv": [0, 12, 2, 13.5], "texture": "#0"},
				"up": {"uv": [2, 2, 4, 4], "texture": "#0"}
			}
		},
		{
			"from": [7.5, 7.5, 2.5],
			"to": [8.5, 8.25, 3.5],
			"rotation": {"angle": 0, "axis": "x", "origin": [6.5, 4.25, 1.5]},
			"faces": {
				"north": {"uv": [0, 13.5, 1, 15], "texture": "#0"},
				"east": {"uv": [0, 13.5, 1, 15], "texture": "#0"},
				"south": {"uv": [0, 13.5, 1, 15], "texture": "#0"},
				"west": {"uv": [0, 13.5, 1, 15], "texture": "#0"}
			}
		},
		{
			"from": [7.5, 8.25, 2.5],
			"to": [8.5, 8.75, 3.5],
			"rotation": {"angle": 0, "axis": "x", "origin": [6.5, 4.25, 1.5]},
			"faces": {
				"north": {"uv": [6, 6.5, 7, 7], "texture": "#0"},
				"east": {"uv": [6, 6.5, 7, 7], "texture": "#0"},
				"south": {"uv": [6, 6.5, 7, 7], "texture": "#0"},
				"west": {"uv": [6, 6.5, 7, 7], "texture": "#0"},
				"up": {"uv": [6, 6, 7, 7], "texture": "#0"}
			}
		},
		{
			"from": [6.5, 8.75, 2.875],
			"to": [9.5, 9.25, 3.125],
			"rotation": {"angle": 0, "axis": "x", "origin": [6.5, 4.25, 1.375]},
			"faces": {
				"north": {"uv": [5, 10, 8.5, 10.5], "texture": "#0"},
				"east": {"uv": [5, 10, 5.5, 10.5], "texture": "#0"},
				"south": {"uv": [5, 10, 8.5, 10.5], "texture": "#0"},
				"west": {"uv": [5, 10, 5.5, 10.5], "texture": "#0"},
				"up": {"uv": [5, 10, 8.5, 10.5], "texture": "#0"},
				"down": {"uv": [5, 10, 8.5, 10.5], "texture": "#0"}
			}
		},
		{
			"from": [6.925, 9.25, 2.875],
			"to": [9.075, 9.75, 3.125],
			"rotation": {"angle": 0, "axis": "x", "origin": [6.5, 4.25, 1.375]},
			"faces": {
				"north": {"uv": [5.5, 9.5, 8, 10], "texture": "#0"},
				"east": {"uv": [5, 10, 5.5, 10.5], "texture": "#0"},
				"south": {"uv": [5.5, 9.5, 8, 10], "texture": "#0"},
				"west": {"uv": [5, 10, 5.5, 10.5], "texture": "#0"},
				"up": {"uv": [5.5, 9.5, 8, 10], "texture": "#0"},
				"down": {"uv": [5, 10, 8.5, 10.5], "texture": "#0"}
			}
		},
		{
			"from": [7.35, 9.75, 2.875],
			"to": [8.65, 10.25, 3.125],
			"rotation": {"angle": 0, "axis": "x", "origin": [6.5, 4.25, 1.375]},
			"faces": {
				"north": {"uv": [6, 9, 7.5, 9.5], "texture": "#0"},
				"east": {"uv": [5, 10, 5.5, 10.5], "texture": "#0"},
				"south": {"uv": [6, 9, 7.5, 9.5], "texture": "#0"},
				"west": {"uv": [5, 10, 5.5, 10.5], "texture": "#0"},
				"up": {"uv": [6, 9, 7.5, 9.5], "texture": "#0"},
				"down": {"uv": [5, 10, 8.5, 10.5], "texture": "#0"}
			}
		},
		{
			"from": [6.5, 9.75, 2.875],
			"to": [6.925, 10.25, 3.125],
			"rotation": {"angle": 0, "axis": "x", "origin": [6.5, 4.25, 1.375]},
			"faces": {
				"north": {"uv": [5, 9, 5.5, 9.5], "texture": "#0"},
				"east": {"uv": [5, 10, 5.5, 10.5], "texture": "#0"},
				"south": {"uv": [5, 9, 5.5, 9.5], "texture": "#0"},
				"west": {"uv": [5, 10, 5.5, 10.5], "texture": "#0"},
				"up": {"uv": [5, 9, 5.5, 9.5], "texture": "#0"},
				"down": {"uv": [5, 10, 8.5, 10.5], "texture": "#0"}
			}
		},
		{
			"from": [9.075, 9.75, 2.875],
			"to": [9.5, 10.25, 3.125],
			"rotation": {"angle": 0, "axis": "x", "origin": [6.5, 4.25, 1.375]},
			"faces": {
				"north": {"uv": [5, 9, 5.5, 9.5], "texture": "#0"},
				"east": {"uv": [5, 10, 5.5, 10.5], "texture": "#0"},
				"south": {"uv": [5, 9, 5.5, 9.5], "texture": "#0"},
				"west": {"uv": [5, 10, 5.5, 10.5], "texture": "#0"},
				"up": {"uv": [5, 9, 5.5, 9.5], "texture": "#0"},
				"down": {"uv": [5, 10, 8.5, 10.5], "texture": "#0"}
			}
		},
		{
			"from": [8.225, 10.25, 2.875],
			"to": [8.65, 10.75, 3.125],
			"rotation": {"angle": 0, "axis": "x", "origin": [6.5, 4.25, 1.375]},
			"faces": {
				"north": {"uv": [5, 9, 5.5, 9.5], "texture": "#0"},
				"east": {"uv": [5, 10, 5.5, 10.5], "texture": "#0"},
				"south": {"uv": [5, 9, 5.5, 9.5], "texture": "#0"},
				"west": {"uv": [5, 10, 5.5, 10.5], "texture": "#0"},
				"up": {"uv": [5, 9, 5.5, 9.5], "texture": "#0"},
				"down": {"uv": [5, 10, 8.5, 10.5], "texture": "#0"}
			}
		},
		{
			"from": [7.35, 10.25, 2.875],
			"to": [7.775, 10.75, 3.125],
			"rotation": {"angle": 0, "axis": "x", "origin": [6.5, 4.25, 1.375]},
			"faces": {
				"north": {"uv": [5, 9, 5.5, 9.5], "texture": "#0"},
				"east": {"uv": [5, 10, 5.5, 10.5], "texture": "#0"},
				"south": {"uv": [5, 9, 5.5, 9.5], "texture": "#0"},
				"west": {"uv": [5, 10, 5.5, 10.5], "texture": "#0"},
				"up": {"uv": [5, 9, 5.5, 9.5], "texture": "#0"},
				"down": {"uv": [5, 10, 8.5, 10.5], "texture": "#0"}
			}
		},
		{
			"from": [4.75, 2.85385, -5.19374],
			"to": [11.25, 4.35385, -4.94374],
			"rotation": {"angle": -22.5, "axis": "x", "origin": [8, 14.60385, 0.93126]},
			"faces": {
				"north": {"uv": [14.5, 9.5, 16, 16], "rotation": 90, "texture": "#0"},
				"east": {"uv": [14.5, 9.5, 16, 10], "rotation": 90, "texture": "#0"},
				"south": {"uv": [14.5, 9.5, 16, 16], "rotation": 90, "texture": "#0"},
				"west": {"uv": [14.5, 9.5, 16, 10], "rotation": 90, "texture": "#0"},
				"up": {"uv": [15, 9.5, 14.5, 16], "rotation": 90, "texture": "#0"}
			}
		},
		{
			"from": [4.75, -0.50612, 0.54443],
			"to": [11.25, 0.99388, 0.79443],
			"rotation": {"angle": 22.5, "axis": "x", "origin": [8, 3.24388, 1.66943]},
			"faces": {
				"north": {"uv": [16, 9.5, 14.5, 16], "rotation": 90, "texture": "#0"},
				"east": {"uv": [16, 9.5, 14.5, 10], "rotation": 90, "texture": "#0"},
				"south": {"uv": [16, 9.5, 14.5, 16], "rotation": 90, "texture": "#0"},
				"west": {"uv": [16, 9.5, 14.5, 10], "rotation": 90, "texture": "#0"},
				"down": {"uv": [14.5, 9.5, 15, 16], "rotation": 90, "texture": "#0"}
			}
		},
		{
			"from": [4.75, 2.85385, 10.94374],
			"to": [11.25, 4.35385, 11.19374],
			"rotation": {"angle": 22.5, "axis": "x", "origin": [8, 14.60385, 5.06874]},
			"faces": {
				"north": {"uv": [14.5, 16, 16, 9.5], "rotation": 90, "texture": "#0"},
				"east": {"uv": [14.5, 10, 16, 9.5], "rotation": 90, "texture": "#0"},
				"south": {"uv": [14.5, 16, 16, 9.5], "rotation": 90, "texture": "#0"},
				"west": {"uv": [14.5, 10, 16, 9.5], "rotation": 90, "texture": "#0"},
				"up": {"uv": [14.5, 9.5, 15, 16], "rotation": 90, "texture": "#0"}
			}
		},
		{
			"from": [4.75, -0.50612, 5.20557],
			"to": [11.25, 0.99388, 5.45557],
			"rotation": {"angle": -22.5, "axis": "x", "origin": [8, 3.24388, 4.33057]},
			"faces": {
				"north": {"uv": [16, 16, 14.5, 9.5], "rotation": 90, "texture": "#0"},
				"east": {"uv": [16, 10, 14.5, 9.5], "rotation": 90, "texture": "#0"},
				"south": {"uv": [16, 16, 14.5, 9.5], "rotation": 90, "texture": "#0"},
				"west": {"uv": [16, 10, 14.5, 9.5], "rotation": 90, "texture": "#0"},
				"down": {"uv": [15, 9.5, 14.5, 16], "rotation": 90, "texture": "#0"}
			}
		},
		{
			"from": [4.97836, 2.64805, -0.25],
			"to": [5.22836, 4.14805, 6.25],
			"rotation": {"angle": 22.5, "axis": "z", "origin": [8, 1.5, 3]},
			"faces": {
				"north": {"uv": [14.5, 10, 16, 9.5], "rotation": 90, "texture": "#0"},
				"east": {"uv": [14.5, 16, 16, 9.5], "rotation": 90, "texture": "#0"},
				"south": {"uv": [14.5, 10, 16, 9.5], "rotation": 90, "texture": "#0"},
				"west": {"uv": [14.5, 16, 16, 9.5], "rotation": 90, "texture": "#0"},
				"up": {"uv": [14.5, 9.5, 15, 16], "rotation": 180, "texture": "#0"}
			}
		},
		{
			"from": [4.97836, -1.14805, -0.25],
			"to": [5.22836, 0.35195, 6.25],
			"rotation": {"angle": -22.5, "axis": "z", "origin": [8, 1.5, 3]},
			"faces": {
				"north": {"uv": [16, 10, 14.5, 9.5], "rotation": 90, "texture": "#0"},
				"east": {"uv": [16, 16, 14.5, 9.5], "rotation": 90, "texture": "#0"},
				"south": {"uv": [16, 10, 14.5, 9.5], "rotation": 90, "texture": "#0"},
				"west": {"uv": [16, 16, 14.5, 9.5], "rotation": 90, "texture": "#0"},
				"down": {"uv": [15, 9.5, 14.5, 16], "texture": "#0"}
			}
		},
		{
			"from": [10.77164, 2.64805, -0.25],
			"to": [11.02164, 4.14805, 6.25],
			"rotation": {"angle": -22.5, "axis": "z", "origin": [8, 1.5, 3]},
			"faces": {
				"north": {"uv": [14.5, 9.5, 16, 10], "rotation": 90, "texture": "#0"},
				"east": {"uv": [14.5, 9.5, 16, 16], "rotation": 90, "texture": "#0"},
				"south": {"uv": [14.5, 9.5, 16, 10], "rotation": 90, "texture": "#0"},
				"west": {"uv": [14.5, 9.5, 16, 16], "rotation": 90, "texture": "#0"},
				"up": {"uv": [15, 9.5, 14.5, 16], "rotation": 180, "texture": "#0"}
			}
		},
		{
			"from": [10.77164, -1.14805, -0.25],
			"to": [11.02164, 0.35195, 6.25],
			"rotation": {"angle": 22.5, "axis": "z", "origin": [8, 1.5, 3]},
			"faces": {
				"north": {"uv": [16, 9.5, 14.5, 10], "rotation": 90, "texture": "#0"},
				"east": {"uv": [16, 9.5, 14.5, 16], "rotation": 90, "texture": "#0"},
				"south": {"uv": [16, 9.5, 14.5, 10], "rotation": 90, "texture": "#0"},
				"west": {"uv": [16, 9.5, 14.5, 16], "rotation": 90, "texture": "#0"},
				"down": {"uv": [14.5, 9.5, 15, 16], "texture": "#0"}
			}
		},
		{
			"from": [7.48611, 1.25, -0.5],
			"to": [7.73611, 1.5, -0.125],
			"rotation": {"angle": 0, "axis": "z", "origin": [10.98611, 8.25, 4.375]},
			"faces": {
				"north": {"uv": [10.5, 6, 11, 6.5], "rotation": 270, "texture": "#0"},
				"east": {"uv": [10.5, 6, 11, 6.5], "rotation": 270, "texture": "#0"},
				"west": {"uv": [10.5, 6, 11, 6.5], "rotation": 270, "texture": "#0"},
				"down": {"uv": [10.5, 6, 11, 6.5], "rotation": 270, "texture": "#0"}
			}
		},
		{
			"from": [8.3961, 1.375, -0.325],
			"to": [11.3261, 1.625, -0.325],
			"rotation": {"angle": 0, "axis": "z", "origin": [10.73611, 8.5, 5.375]},
			"faces": {
				"north": {"uv": [11.5, 6, 12, 6.5], "rotation": 270, "texture": "#0"},
				"south": {"uv": [0, 0, 3.34, 0.125], "rotation": 180, "texture": "#missing"}
			}
		},
		{
			"from": [4.6461, 1.375, -0.325],
			"to": [7.5761, 1.625, -0.325],
			"rotation": {"angle": 0, "axis": "z", "origin": [10.73611, 8.5, 5.375]},
			"faces": {
				"north": {"uv": [11.5, 6, 12, 6.5], "rotation": 270, "texture": "#0"},
				"south": {"uv": [0, 0, 3.34, 0.125], "rotation": 180, "texture": "#missing"}
			}
		},
		{
			"from": [4.6461, 1.375, 6.354],
			"to": [11.3261, 1.625, 6.354],
			"rotation": {"angle": 0, "axis": "z", "origin": [10.73611, 8.5, 0.654]},
			"faces": {
				"north": {"uv": [3.34, 0, 6.68, 0.125], "rotation": 180, "texture": "#missing"},
				"south": {"uv": [11.5, 6, 12, 6.5], "rotation": 270, "texture": "#0"}
			}
		},
		{
			"from": [4.6461, 1.375, -0.325],
			"to": [4.6461, 1.625, 6.355],
			"rotation": {"angle": 0, "axis": "z", "origin": [10.3461, 8.5, 5.76501]},
			"faces": {
				"east": {"uv": [3.34, 0, 6.68, 0.125], "rotation": 180, "texture": "#missing"},
				"west": {"uv": [11.5, 6, 12, 6.5], "rotation": 270, "texture": "#0"}
			}
		},
		{
			"from": [11.3251, 1.375, -0.325],
			"to": [11.3251, 1.625, 6.355],
			"rotation": {"angle": 0, "axis": "z", "origin": [5.6251, 8.5, 5.76501]},
			"faces": {
				"east": {"uv": [11.5, 6, 12, 6.5], "rotation": 270, "texture": "#0"},
				"west": {"uv": [0, 0, 3.34, 0.125], "rotation": 180, "texture": "#missing"}
			}
		},
		{
			"from": [5.03611, 1.375, -0.25],
			"to": [5.03611, 1.625, 6.25],
			"rotation": {"angle": 0, "axis": "z", "origin": [10.73611, 8.5, 0.75]},
			"color": 0,
			"faces": {
				"east": {"uv": [3.25, 0, 6.5, 0.125], "rotation": 180, "texture": "#missing"},
				"west": {"uv": [3.25, 0, 6.5, 0.125], "rotation": 180, "texture": "#missing"}
			}
		},
		{
			"from": [7.73611, 1, -0.5],
			"to": [7.98611, 1.25, -0.375],
			"rotation": {"angle": 0, "axis": "z", "origin": [10.98611, 8.25, 4.375]},
			"faces": {
				"north": {"uv": [10.5, 6, 11, 6.5], "rotation": 270, "texture": "#0"},
				"south": {"uv": [10.5, 6, 11, 6.5], "rotation": 270, "texture": "#0"},
				"west": {"uv": [10.5, 6, 11, 6.5], "rotation": 270, "texture": "#0"},
				"up": {"uv": [10.5, 6, 11, 6.5], "rotation": 270, "texture": "#0"},
				"down": {"uv": [10.5, 6, 11, 6.5], "rotation": 270, "texture": "#0"}
			}
		},
		{
			"from": [7.98611, 1, -0.5],
			"to": [8.23611, 1.25, -0.375],
			"rotation": {"angle": 0, "axis": "z", "origin": [10.98611, 8.25, 4.375]},
			"faces": {
				"north": {"uv": [10.5, 6, 11, 6.5], "rotation": 270, "texture": "#0"},
				"east": {"uv": [10.5, 6, 11, 6.5], "rotation": 270, "texture": "#0"},
				"south": {"uv": [10.5, 6, 11, 6.5], "rotation": 270, "texture": "#0"},
				"up": {"uv": [10.5, 6, 11, 6.5], "rotation": 270, "texture": "#0"},
				"down": {"uv": [10.5, 6, 11, 6.5], "rotation": 270, "texture": "#0"}
			}
		},
		{
			"from": [8.23611, 1.25, -0.5],
			"to": [8.48611, 1.5, -0.125],
			"rotation": {"angle": 0, "axis": "z", "origin": [10.98611, 8.25, 4.375]},
			"faces": {
				"north": {"uv": [10.5, 6, 11, 6.5], "rotation": 270, "texture": "#0"},
				"east": {"uv": [10.5, 6, 11, 6.5], "rotation": 270, "texture": "#0"},
				"west": {"uv": [10.5, 6, 11, 6.5], "rotation": 270, "texture": "#0"},
				"down": {"uv": [10.5, 6, 11, 6.5], "rotation": 270, "texture": "#0"}
			}
		},
		{
			"from": [8.23611, 1.5, -0.5],
			"to": [8.48611, 1.75, -0.125],
			"rotation": {"angle": 0, "axis": "y", "origin": [2.98611, 6.75, 2]},
			"faces": {
				"north": {"uv": [11, 6, 11.5, 6.5], "rotation": 270, "texture": "#0"},
				"east": {"uv": [11, 6, 11.5, 6.5], "rotation": 270, "texture": "#0"},
				"west": {"uv": [11, 6, 11.5, 6.5], "rotation": 270, "texture": "#0"},
				"up": {"uv": [11, 6, 11.5, 6.5], "rotation": 270, "texture": "#0"}
			}
		},
		{
			"from": [7.73611, 1.75, -0.5],
			"to": [7.98611, 2, -0.375],
			"rotation": {"angle": 0, "axis": "z", "origin": [11.23611, 8.25, 4.375]},
			"faces": {
				"north": {"uv": [10, 6, 10.5, 6.5], "rotation": 270, "texture": "#0"},
				"south": {"uv": [10, 6, 10.5, 6.5], "rotation": 270, "texture": "#0"},
				"west": {"uv": [10, 6, 10.5, 6.5], "rotation": 270, "texture": "#0"},
				"up": {"uv": [10, 6, 10.5, 6.5], "rotation": 270, "texture": "#0"},
				"down": {"uv": [10, 6, 10.5, 6.5], "rotation": 270, "texture": "#0"}
			}
		},
		{
			"from": [7.48611, 1.5, -0.5],
			"to": [7.73611, 1.75, -0.125],
			"rotation": {"angle": 0, "axis": "z", "origin": [11.23611, 8.25, 4.375]},
			"faces": {
				"north": {"uv": [11, 6, 11.5, 6.5], "rotation": 270, "texture": "#0"},
				"east": {"uv": [11, 6, 11.5, 6.5], "rotation": 270, "texture": "#0"},
				"west": {"uv": [11, 6, 11.5, 6.5], "rotation": 270, "texture": "#0"},
				"up": {"uv": [11, 6, 11.5, 6.5], "rotation": 270, "texture": "#0"}
			}
		},
		{
			"from": [7.98611, 1.75, -0.5],
			"to": [8.23611, 2, -0.375],
			"rotation": {"angle": 0, "axis": "y", "origin": [2.98611, 6.75, 2]},
			"faces": {
				"north": {"uv": [10, 6, 10.5, 6.5], "rotation": 270, "texture": "#0"},
				"east": {"uv": [10, 6, 10.5, 6.5], "rotation": 270, "texture": "#0"},
				"south": {"uv": [10, 6, 10.5, 6.5], "rotation": 270, "texture": "#0"},
				"up": {"uv": [10, 6, 10.5, 6.5], "rotation": 270, "texture": "#0"},
				"down": {"uv": [10, 6, 10.5, 6.5], "rotation": 270, "texture": "#0"}
			}
		},
		{
			"from": [9.02836, -13.42597, 19.98918],
			"to": [10.02836, -9.42597, 22.98918],
			"rotation": {"angle": -22.5, "axis": "y", "origin": [8.52836, -11.42597, 21.98918]},
			"faces": {
				"north": {"uv": [0, 5, 8, 3], "rotation": 270, "texture": "#1"},
				"east": {"uv": [0, 8, 8, 14], "rotation": 90, "texture": "#2"},
				"west": {"uv": [0, 6, 8, 12], "rotation": 270, "texture": "#2"},
				"up": {"uv": [8, 8, 11, 14], "texture": "#2"},
				"down": {"uv": [13, 8, 16, 14], "rotation": 180, "texture": "#2"}
			}
		},
		{
			"name": "stick",
			"from": [7, -12.41515, 14.56321],
			"to": [9, -10.41515, 22.56321],
			"rotation": {"angle": 0, "axis": "y", "origin": [0, -19.41515, 30.56321]},
			"faces": {
				"east": {"uv": [12, 0, 16, 16], "rotation": 90, "texture": "#3"},
				"west": {"uv": [4, 0, 8, 16], "rotation": 270, "texture": "#3"},
				"up": {"uv": [8, 0, 12, 16], "texture": "#3"},
				"down": {"uv": [0, 0, 4, 16], "rotation": 180, "texture": "#3"}
			}
		},
		{
			"name": "stick",
			"from": [7, -12.41515, 6.56321],
			"to": [9, -10.41515, 14.56321],
			"rotation": {"angle": 0, "axis": "y", "origin": [0, -19.41515, 30.56321]},
			"faces": {
				"east": {"uv": [12, 0, 16, 16], "rotation": 90, "texture": "#3"},
				"west": {"uv": [4, 0, 8, 16], "rotation": 270, "texture": "#3"},
				"up": {"uv": [8, 0, 12, 16], "texture": "#3"},
				"down": {"uv": [0, 0, 4, 16], "rotation": 180, "texture": "#3"}
			}
		},
		{
			"name": "stick",
			"from": [7, -12.41515, -1.43679],
			"to": [9, -10.41515, 6.56321],
			"rotation": {"angle": 0, "axis": "y", "origin": [0, -19.41515, 30.56321]},
			"faces": {
				"north": {"uv": [3, 11, 7, 15], "rotation": 180, "texture": "#3"},
				"east": {"uv": [12, 0, 16, 16], "rotation": 90, "texture": "#3"},
				"west": {"uv": [4, 0, 8, 16], "rotation": 270, "texture": "#3"},
				"up": {"uv": [8, 0, 12, 16], "texture": "#3"},
				"down": {"uv": [0, 0, 4, 16], "rotation": 180, "texture": "#3"}
			}
		},
		{
			"name": "straw",
			"from": [6, -13.41515, 22.56321],
			"to": [10, -9.41515, 30.56321],
			"rotation": {"angle": 0, "axis": "y", "origin": [0, -19.41515, 30.56321]},
			"faces": {
				"north": {"uv": [0, 0, 8, 8], "rotation": 180, "texture": "#1"},
				"east": {"uv": [0, 0, 8, 16], "rotation": 90, "texture": "#2"},
				"south": {"uv": [0, 0, 8, 8], "texture": "#1"},
				"west": {"uv": [0, 0, 8, 16], "rotation": 270, "texture": "#2"},
				"up": {"uv": [0, 0, 8, 16], "texture": "#2"},
				"down": {"uv": [0, 0, 8, 16], "rotation": 180, "texture": "#2"}
			}
		},
		{
			"from": [6, -13.52933, 23.13724],
			"to": [10, -12.52933, 28.13724],
			"rotation": {"angle": 22.5, "axis": "x", "origin": [8, -12.02933, 23.13724]},
			"faces": {
				"east": {"uv": [14, 0, 16, 10], "rotation": 90, "texture": "#2"},
				"west": {"uv": [8, 0, 10, 10], "rotation": 270, "texture": "#2"},
				"up": {"uv": [8, 0, 0, 10], "texture": "#2"},
				"down": {"uv": [0, 0, 8, 10], "rotation": 180, "texture": "#2"}
			}
		},
		{
			"from": [6, -13.52933, 28.13724],
			"to": [10, -12.52933, 31.13724],
			"rotation": {"angle": 22.5, "axis": "x", "origin": [8, -12.02933, 23.13724]},
			"faces": {
				"east": {"uv": [15, 6, 13, 12], "rotation": 90, "texture": "#2"},
				"south": {"uv": [0, 16, 8, 14], "texture": "#1"},
				"west": {"uv": [11, 6, 9, 12], "rotation": 270, "texture": "#2"},
				"up": {"uv": [9, 6, 1, 12], "texture": "#2"},
				"down": {"uv": [9, 6, 1, 12], "rotation": 180, "texture": "#2"}
			}
		},
		{
			"from": [6, -10.30097, 28.13724],
			"to": [10, -9.30097, 31.13724],
			"rotation": {"angle": -22.5, "axis": "x", "origin": [8, -10.80097, 23.13724]},
			"faces": {
				"east": {"uv": [13, 6, 15, 12], "rotation": 90, "texture": "#2"},
				"south": {"uv": [0, 14, 8, 16], "texture": "#1"},
				"west": {"uv": [9, 6, 11, 12], "rotation": 270, "texture": "#2"},
				"up": {"uv": [1, 6, 9, 12], "texture": "#2"},
				"down": {"uv": [1, 6, 9, 12], "rotation": 180, "texture": "#2"}
			}
		},
		{
			"from": [6, -13.52933, 19.98918],
			"to": [10, -12.52933, 22.98918],
			"rotation": {"angle": -22.5, "axis": "x", "origin": [8, -12.02933, 21.98918]},
			"faces": {
				"north": {"uv": [0, 5, 8, 3], "rotation": 180, "texture": "#1"},
				"east": {"uv": [8, 8, 11, 14], "rotation": 90, "texture": "#2"},
				"west": {"uv": [13, 8, 16, 14], "rotation": 270, "texture": "#2"},
				"up": {"uv": [0, 6, 8, 12], "texture": "#2"},
				"down": {"uv": [0, 8, 8, 14], "rotation": 180, "texture": "#2"}
			}
		},
		{
			"from": [6, -10.30097, 19.98918],
			"to": [10, -9.30097, 22.98918],
			"rotation": {"angle": 22.5, "axis": "x", "origin": [8, -10.80097, 21.98918]},
			"faces": {
				"north": {"uv": [0, 3, 8, 5], "rotation": 180, "texture": "#1"},
				"east": {"uv": [11, 8, 8, 14], "rotation": 90, "texture": "#2"},
				"west": {"uv": [16, 8, 13, 14], "rotation": 270, "texture": "#2"},
				"up": {"uv": [8, 8, 0, 14], "texture": "#2"},
				"down": {"uv": [8, 6, 0, 12], "rotation": 180, "texture": "#2"}
			}
		},
		{
			"from": [6, -10.30097, 23.13724],
			"to": [10, -9.30097, 28.13724],
			"rotation": {"angle": -22.5, "axis": "x", "origin": [8, -10.80097, 23.13724]},
			"faces": {
				"east": {"uv": [16, 0, 14, 10], "rotation": 90, "texture": "#2"},
				"west": {"uv": [10, 0, 8, 10], "rotation": 270, "texture": "#2"},
				"up": {"uv": [8, 0, 0, 10], "texture": "#2"},
				"down": {"uv": [0, 0, 8, 10], "rotation": 180, "texture": "#2"}
			}
		},
		{
			"from": [5.95, -13.42597, 19.98918],
			"to": [6.95, -9.42597, 22.98918],
			"rotation": {"angle": 22.5, "axis": "y", "origin": [7.45, -11.42597, 21.98918]},
			"faces": {
				"north": {"uv": [0, 3, 8, 5], "rotation": 270, "texture": "#1"},
				"east": {"uv": [8, 6, 0, 12], "rotation": 90, "texture": "#2"},
				"west": {"uv": [8, 8, 0, 14], "rotation": 270, "texture": "#2"},
				"up": {"uv": [11, 8, 8, 14], "texture": "#2"},
				"down": {"uv": [16, 8, 13, 14], "rotation": 180, "texture": "#2"}
			}
		},
		{
			"from": [5.95, -13.42597, 23.13724],
			"to": [6.95, -9.42597, 28.13724],
			"rotation": {"angle": -22.5, "axis": "y", "origin": [7.45, -11.42597, 23.13724]},
			"faces": {
				"east": {"uv": [0, 0, 8, 10], "rotation": 90, "texture": "#2"},
				"west": {"uv": [8, 0, 0, 10], "rotation": 270, "texture": "#2"},
				"up": {"uv": [16, 0, 14, 10], "texture": "#2"},
				"down": {"uv": [10, 0, 8, 10], "rotation": 180, "texture": "#2"}
			}
		},
		{
			"from": [5.95, -13.42597, 28.13724],
			"to": [6.95, -9.42597, 31.13724],
			"rotation": {"angle": -22.5, "axis": "y", "origin": [7.45, -11.42597, 23.13724]},
			"faces": {
				"east": {"uv": [1, 6, 9, 12], "rotation": 90, "texture": "#2"},
				"south": {"uv": [0, 14, 8, 16], "rotation": 270, "texture": "#1"},
				"west": {"uv": [1, 6, 9, 12], "rotation": 270, "texture": "#2"},
				"up": {"uv": [13, 6, 15, 12], "texture": "#2"},
				"down": {"uv": [9, 6, 11, 12], "rotation": 180, "texture": "#2"}
			}
		},
		{
			"from": [9.02836, -13.42597, 28.13724],
			"to": [10.02836, -9.42597, 31.13724],
			"rotation": {"angle": 22.5, "axis": "y", "origin": [8.52836, -11.42597, 23.13724]},
			"faces": {
				"east": {"uv": [9, 6, 1, 12], "rotation": 90, "texture": "#2"},
				"south": {"uv": [0, 16, 8, 14], "rotation": 270, "texture": "#1"},
				"west": {"uv": [9, 6, 1, 12], "rotation": 270, "texture": "#2"},
				"up": {"uv": [15, 6, 13, 12], "texture": "#2"},
				"down": {"uv": [11, 6, 9, 12], "rotation": 180, "texture": "#2"}
			}
		},
		{
			"from": [9.02836, -13.42597, 23.13724],
			"to": [10.02836, -9.42597, 28.13724],
			"rotation": {"angle": 22.5, "axis": "y", "origin": [8.52836, -11.42597, 23.13724]},
			"faces": {
				"east": {"uv": [0, 0, 8, 10], "rotation": 90, "texture": "#2"},
				"west": {"uv": [8, 0, 0, 10], "rotation": 270, "texture": "#2"},
				"up": {"uv": [14, 0, 16, 10], "texture": "#2"},
				"down": {"uv": [8, 0, 10, 10], "rotation": 180, "texture": "#2"}
			}
		}
	],
	"display": {
		"thirdperson_righthand": {
			"rotation": [75, 45, 0],
			"translation": [-0.5, 2.5, 6.75],
			"scale": [0.375, 0.375, 0.375]
		},
		"thirdperson_lefthand": {
			"rotation": [75, 45, 0],
			"translation": [-0.5, 2.5, 6.75],
			"scale": [0.375, 0.375, 0.375]
		},
		"firstperson_righthand": {
			"rotation": [0, 45, 0],
			"scale": [0.4, 0.4, 0.4]
		},
		"firstperson_lefthand": {
			"rotation": [0, 45, 0],
			"scale": [0.4, 0.4, 0.4]
		},
		"ground": {
			"translation": [0, 3, 0],
			"scale": [0.25, 0.25, 0.25]
		},
		"gui": {
			"rotation": [30, 225, 0],
			"translation": [3.5, 6.25, 0],
			"scale": [0.58, 0.58, 0.58]
		},
		"head": {
			"rotation": [14, 0, 0],
			"translation": [0, 18.25, 16.75],
			"scale": [2.57, 2.57, 2.57]
		},
		"fixed": {
			"rotation": [-90, 90, 90],
			"translation": [-3.25, 5.25, -1.25],
			"scale": [0.56, 0.56, 0.56]
		}
	},
	"groups": [
		0,
		1,
		2,
		3,
		4,
		5,
		6,
		7,
		8,
		9,
		10,
		11,
		12,
		13,
		14,
		15,
		16,
		17,
		18,
		19,
		20,
		21,
		{
			"name": "ring",
			"origin": [0, 0, 0],
			"color": 0,
			"children": [
				22,
				23,
				24,
				25,
				26,
				27,
				{
					"name": "group",
					"origin": [8.2225, 8.5, 7.33361],
					"color": 0,
					"children": []
				},
				28,
				29,
				30,
				31,
				32,
				33,
				34,
				35
			]
		},
		{
			"name": "broom",
			"origin": [8.52836, 7.42597, 7.98918],
			"color": 0,
			"children": []
		},
		{
			"name": "broom",
			"origin": [8, 8, 8],
			"color": 0,
			"children": [
				{
					"name": "broom",
					"origin": [8.52836, 7.42597, 7.98918],
					"color": 0,
					"children": [36, 37, 38, 39, 40, 41, 42, 43, 44, 45, 46, 47, 48, 49, 50, 51]
				}
			]
		}
	]
}