{
	"credit": "Made with Blockbench",
	"texture_size": [64, 64],
	"textures": {
		"0": "item/atelier_witch_hat_olruggio",
		"1": "item/mc_hay_block_top",
		"2": "item/mc_hay_block_side",
		"3": "item/mc_oak_log"
	},
	"elements": [
		{
			"from": [4.998, 0.008, -0.002],
			"to": [11.002, 1.502, 6.002],
			"rotation": {"angle": 0, "axis": "x", "origin": [6.5, 4.25, 1.5]},
			"faces": {
				"north": {"uv": [6, 0, 9, 0.75], "texture": "#0"},
				"east": {"uv": [6, 0.75, 9, 1.5], "texture": "#0"},
				"south": {"uv": [6, 1.5, 9, 2.25], "texture": "#0"},
				"west": {"uv": [9, 0.75, 6, 1.5], "texture": "#0"},
				"up": {"uv": [5.5, 8.25, 8.5, 11.25], "texture": "#0"},
				"down": {"uv": [8.5, 8.25, 11.5, 11.25], "texture": "#0"}
			}
		},
		{
			"from": [5.249, 0.01, -0.021],
			"to": [10.751, 1.502, -0.019],
			"rotation": {"angle": 0, "axis": "x", "origin": [6.75, 4.25, 1.5]},
			"faces": {
				"north": {"uv": [9, 0, 11.75, 0.75], "texture": "#0"}
			}
		},
		{
			"from": [5.249, 1.502, 0.479],
			"to": [10.751, 2.994, 0.481],
			"rotation": {"angle": 0, "axis": "x", "origin": [6.75, 4.243, 0.98]},
			"faces": {
				"north": {"uv": [9, 0.75, 11.75, 1.5], "texture": "#0"}
			}
		},
		{
			"from": [5.249, 3.0081, 0.979],
			"to": [10.751, 4.5001, 0.981],
			"rotation": {"angle": 0, "axis": "x", "origin": [6.75, 4.2491, 0.98]},
			"faces": {
				"north": {"uv": [9, 1.75, 11.75, 2.5], "texture": "#0"}
			}
		},
		{
			"from": [5.249, 4.002, 1.479],
			"to": [10.751, 5.494, 1.481],
			"rotation": {"angle": 0, "axis": "x", "origin": [6.75, 4.243, 0.98]},
			"faces": {
				"north": {"uv": [9, 3.25, 11.75, 2.5], "texture": "#0"}
			}
		},
		{
			"from": [5.249, 4.4981, 0.979],
			"to": [10.751, 4.5001, 2.471],
			"rotation": {"angle": 0, "axis": "x", "origin": [6.75, 5.968, 2.22]},
			"faces": {
				"up": {"uv": [9, 3.5, 11.75, 2.75], "rotation": 180, "texture": "#0"}
			}
		},
		{
			"from": [5.249, 1.5, -0.021],
			"to": [10.751, 1.502, 1.721],
			"rotation": {"angle": 0, "axis": "x", "origin": [8, 1.501, 1.225]},
			"faces": {
				"up": {"uv": [9, 2.25, 11.5, 1.5], "rotation": 180, "texture": "#0"}
			}
		},
		{
			"from": [5.5, 1.5, 0.5],
			"to": [10.5, 3, 5.5],
			"rotation": {"angle": 0, "axis": "x", "origin": [6.5, 4.25, 1.5]},
			"faces": {
				"north": {"uv": [0, 3.75, 2.5, 4.5], "texture": "#0"},
				"east": {"uv": [0, 3.75, 2.5, 4.5], "texture": "#0"},
				"south": {"uv": [0, 3.75, 2.5, 4.5], "texture": "#0"},
				"west": {"uv": [0, 3.75, 2.5, 4.5], "texture": "#0"},
				"up": {"uv": [0.25, 0.25, 2.75, 2.75], "texture": "#0"}
			}
		},
		{
			"from": [6, 3, 1],
			"to": [10, 4.5, 5],
			"rotation": {"angle": 0, "axis": "x", "origin": [6.5, 4.25, 1.5]},
			"faces": {
				"north": {"uv": [0, 4.5, 2, 5.25], "texture": "#0"},
				"east": {"uv": [0, 4.5, 2, 5.25], "texture": "#0"},
				"south": {"uv": [0, 4.5, 2, 5.25], "texture": "#0"},
				"west": {"uv": [0, 4.5, 2, 5.25], "texture": "#0"},
				"up": {"uv": [0.5, 0.5, 2.5, 2.5], "texture": "#0"}
			}
		},
		{
			"from": [6.5, 4.5, 1.5],
			"to": [9.5, 6, 4.5],
			"rotation": {"angle": 0, "axis": "x", "origin": [6.5, 4.25, 1.5]},
			"faces": {
				"north": {"uv": [0, 5.25, 1.5, 6], "texture": "#0"},
				"east": {"uv": [0, 5.25, 1.5, 6], "texture": "#0"},
				"south": {"uv": [0, 5.25, 1.5, 6], "texture": "#0"},
				"west": {"uv": [0, 5.25, 1.5, 6], "texture": "#0"},
				"up": {"uv": [0.75, 0.75, 2.25, 2.25], "texture": "#0"}
			}
		},
		{
			"from": [7, 6, 2],
			"to": [9, 7.5, 4],
			"rotation": {"angle": 0, "axis": "x", "origin": [6.5, 4.25, 1.5]},
			"faces": {
				"north": {"uv": [0, 6, 1, 6.75], "texture": "#0"},
				"east": {"uv": [0, 6, 1, 6.75], "texture": "#0"},
				"south": {"uv": [0, 6, 1, 6.75], "texture": "#0"},
				"west": {"uv": [0, 6, 1, 6.75], "texture": "#0"},
				"up": {"uv": [1, 1, 2, 2], "texture": "#0"}
			}
		},
		{
			"from": [7.5, 7.5, 2.5],
			"to": [8.5, 8.25, 3.5],
			"rotation": {"angle": 0, "axis": "x", "origin": [6.5, 4.25, 1.5]},
			"faces": {
				"north": {"uv": [0, 6.75, 0.5, 7.5], "texture": "#0"},
				"east": {"uv": [0, 6.75, 0.5, 7.5], "texture": "#0"},
				"south": {"uv": [0, 6.75, 0.5, 7.5], "texture": "#0"},
				"west": {"uv": [0, 6.75, 0.5, 7.5], "texture": "#0"},
				"up": {"uv": [1.25, 1.25, 1.75, 1.75], "texture": "#0"}
			}
		},
		{
			"from": [7.5, 8.25, 2.5],
			"to": [8.5, 8.75, 3.5],
			"rotation": {"angle": 0, "axis": "x", "origin": [6.5, 4.25, 1.5]},
			"faces": {
				"north": {"uv": [3, 3.25, 3.5, 3.5], "texture": "#0"},
				"east": {"uv": [3, 3.25, 3.5, 3.5], "texture": "#0"},
				"south": {"uv": [3, 3.25, 3.5, 3.5], "texture": "#0"},
				"west": {"uv": [3, 3.25, 3.5, 3.5], "texture": "#0"},
				"up": {"uv": [3, 3, 3.5, 3.5], "texture": "#0"}
			}
		},
		{
			"from": [7.4999, 8.28796, 3.44124],
			"to": [8.5001, 8.78816, 3.69144],
			"rotation": {"angle": -22.5, "axis": "x", "origin": [8, 8.28806, 3.69134]},
			"faces": {
				"north": {"uv": [2.5, 3.75, 3.5, 4.25], "texture": "#0"},
				"east": {"uv": [3, 3.25, 3.5, 3.5], "rotation": 270, "texture": "#0"},
				"south": {"uv": [2.5, 3.75, 3.5, 4.25], "texture": "#0"},
				"west": {"uv": [3, 3.25, 3.5, 3.5], "rotation": 90, "texture": "#0"},
				"up": {"uv": [3, 3.25, 3.5, 3.5], "rotation": 180, "texture": "#0"},
				"down": {"uv": [3, 3.25, 3.5, 3.5], "texture": "#0"}
			}
		},
		{
			"from": [7.5, 7.53806, 3.44134],
			"to": [8.5, 8.28806, 3.69134],
			"rotation": {"angle": -22.5, "axis": "x", "origin": [8, 8.28806, 3.69134]},
			"faces": {
				"north": {"uv": [4, 3, 5, 3.75], "texture": "#0"},
				"east": {"uv": [3, 3.25, 3.5, 3.5], "rotation": 270, "texture": "#0"},
				"south": {"uv": [4, 3, 5, 3.75], "texture": "#0"},
				"west": {"uv": [3, 3.25, 3.5, 3.5], "rotation": 90, "texture": "#0"},
				"up": {"uv": [3, 3.25, 3.5, 3.5], "rotation": 180, "texture": "#0"},
				"down": {"uv": [3.75, 3, 4.25, 3.25], "texture": "#0"}
			}
		},
		{
			"from": [7.25, 6.78806, 3.44134],
			"to": [8.75, 7.53806, 3.69134],
			"rotation": {"angle": -22.5, "axis": "x", "origin": [8, 8.28806, 3.69134]},
			"faces": {
				"north": {"uv": [3.75, 3.75, 5.25, 4.5], "texture": "#0"},
				"east": {"uv": [3, 3.25, 3.5, 3.5], "rotation": 270, "texture": "#0"},
				"south": {"uv": [3.75, 3.75, 5.25, 4.5], "texture": "#0"},
				"west": {"uv": [3, 3.25, 3.5, 3.5], "rotation": 90, "texture": "#0"},
				"up": {"uv": [3, 3.25, 3.5, 3.5], "rotation": 180, "texture": "#0"},
				"down": {"uv": [3.75, 3, 4.25, 3.25], "texture": "#0"}
			}
		},
		{
			"from": [7, 5.28806, 3.44134],
			"to": [9, 6.78806, 3.69134],
			"rotation": {"angle": -22.5, "axis": "x", "origin": [8, 8.28806, 3.69134]},
			"faces": {
				"north": {"uv": [3.5, 4.5, 5.5, 6], "texture": "#0"},
				"east": {"uv": [3, 3.25, 3.5, 3.5], "rotation": 270, "texture": "#0"},
				"south": {"uv": [3.5, 4.5, 5.5, 6], "texture": "#0"},
				"west": {"uv": [3, 3.25, 3.5, 3.5], "rotation": 90, "texture": "#0"},
				"up": {"uv": [3, 3.25, 3.5, 3.5], "rotation": 180, "texture": "#0"},
				"down": {"uv": [4.75, 6.75, 5, 7], "texture": "#0"}
			}
		},
		{
			"from": [7.25, 5.03806, 3.44134],
			"to": [8.75, 5.28806, 3.69134],
			"rotation": {"angle": -22.5, "axis": "x", "origin": [8, 8.28806, 3.69134]},
			"faces": {
				"north": {"uv": [3.75, 6, 5.25, 6.25], "texture": "#0"},
				"east": {"uv": [4.75, 6.75, 5, 7], "texture": "#0"},
				"south": {"uv": [3.75, 6, 5.25, 6.25], "texture": "#0"},
				"west": {"uv": [4.75, 6.75, 5, 7], "texture": "#0"},
				"up": {"uv": [3, 3.25, 3.5, 3.5], "rotation": 180, "texture": "#0"},
				"down": {"uv": [4.75, 6.75, 5, 7], "texture": "#0"}
			}
		},
		{
			"from": [7.75, 4.78806, 3.44134],
			"to": [8.75, 5.03806, 3.69134],
			"rotation": {"angle": -22.5, "axis": "x", "origin": [8, 8.28806, 3.69134]},
			"faces": {
				"north": {"uv": [4.25, 6.25, 5.25, 6.5], "texture": "#0"},
				"east": {"uv": [4.75, 6.75, 5, 7], "texture": "#0"},
				"south": {"uv": [4.25, 6.25, 5.25, 6.5], "texture": "#0"},
				"west": {"uv": [3, 3.25, 3.5, 3.5], "rotation": 90, "texture": "#0"},
				"up": {"uv": [3, 3.25, 3.5, 3.5], "rotation": 180, "texture": "#0"},
				"down": {"uv": [4.75, 6.75, 5, 7], "texture": "#0"}
			}
		},
		{
			"from": [7.75, 4.53806, 3.44134],
			"to": [8, 4.78806, 3.69134],
			"rotation": {"angle": -22.5, "axis": "x", "origin": [8, 8.28806, 3.69134]},
			"faces": {
				"north": {"uv": [4.25, 6.5, 4.5, 6.75], "texture": "#0"},
				"east": {"uv": [4.75, 6.75, 5, 7], "texture": "#0"},
				"south": {"uv": [4.25, 6.5, 4.5, 6.75], "texture": "#0"},
				"west": {"uv": [4.75, 6.75, 5, 7], "texture": "#0"},
				"up": {"uv": [3, 3.25, 3.5, 3.5], "rotation": 180, "texture": "#0"},
				"down": {"uv": [4.75, 6.75, 5, 7], "texture": "#0"}
			}
		},
		{
			"from": [8.25, 4.53806, 3.44134],
			"to": [8.75, 4.78806, 3.69134],
			"rotation": {"angle": -22.5, "axis": "x", "origin": [8, 8.28806, 3.69134]},
			"faces": {
				"north": {"uv": [4.75, 6.5, 5.25, 6.75], "texture": "#0"},
				"east": {"uv": [4.75, 6.75, 5, 7], "texture": "#0"},
				"south": {"uv": [4.75, 6.5, 5.25, 6.75], "texture": "#0"},
				"west": {"uv": [3, 3.25, 3.5, 3.5], "rotation": 90, "texture": "#0"},
				"up": {"uv": [3, 3.25, 3.5, 3.5], "rotation": 180, "texture": "#0"},
				"down": {"uv": [3.75, 3, 4.25, 3.25], "texture": "#0"}
			}
		},
		{
			"from": [8.25, 4.28806, 3.44134],
			"to": [8.5, 4.53806, 3.69134],
			"rotation": {"angle": -22.5, "axis": "x", "origin": [8, 8.28806, 3.69134]},
			"faces": {
				"north": {"uv": [4.75, 6.75, 5, 7], "texture": "#0"},
				"east": {"uv": [4.75, 6.75, 5, 7], "texture": "#0"},
				"south": {"uv": [4.75, 6.75, 5, 7], "texture": "#0"},
				"west": {"uv": [4.75, 6.75, 5, 7], "texture": "#0"},
				"up": {"uv": [3, 3.25, 3.5, 3.5], "rotation": 180, "texture": "#0"},
				"down": {"uv": [4.75, 6.75, 5, 7], "texture": "#0"}
			}
		},
		{
			"from": [7.25, 4.78806, 3.44134],
			"to": [7.5, 5.03806, 3.69134],
			"rotation": {"angle": -22.5, "axis": "x", "origin": [8, 8.28806, 3.69134]},
			"faces": {
				"north": {"uv": [3.75, 6.25, 4, 6.5], "texture": "#0"},
				"east": {"uv": [4.75, 6.75, 5, 7], "texture": "#0"},
				"south": {"uv": [3.75, 6.25, 4, 6.5], "texture": "#0"},
				"west": {"uv": [4.75, 6.75, 5, 7], "texture": "#0"},
				"up": {"uv": [3, 3.25, 3.5, 3.5], "rotation": 180, "texture": "#0"},
				"down": {"uv": [4.75, 6.75, 5, 7], "texture": "#0"}
			}
		},
		{
			"from": [4.999, 0.009, -0.001],
			"to": [11.001, 1.501, 6.001],
			"rotation": {"angle": 0, "axis": "x", "origin": [6.5, 4.25, 1.5]},
			"faces": {
				"north": {"uv": [0, 3, 3, 3.75], "texture": "#0"},
				"east": {"uv": [0, 3, 3, 3.75], "texture": "#0"},
				"south": {"uv": [0, 3, 3, 3.75], "texture": "#0"},
				"west": {"uv": [0, 3, 3, 3.75], "texture": "#0"},
				"up": {"uv": [0, 0, 3, 3], "texture": "#0"},
				"down": {"uv": [3, 0, 6, 3], "texture": "#0"}
			}
		},
		{
			"from": [9.02836, -13.42597, 19.98918],
			"to": [10.02836, -9.42597, 22.98918],
			"rotation": {"angle": -22.5, "axis": "y", "origin": [8.52836, -11.42597, 21.98918]},
			"faces": {
				"north": {"uv": [0, 5, 8, 3], "rotation": 270, "texture": "#1"},
				"east": {"uv": [0, 8, 8, 14], "rotation": 90, "texture": "#2"},
				"west": {"uv": [0, 6, 8, 12], "rotation": 270, "texture": "#2"},
				"up": {"uv": [8, 8, 11, 14], "texture": "#2"},
				"down": {"uv": [13, 8, 16, 14], "rotation": 180, "texture": "#2"}
			}
		},
		{
			"name": "stick",
			"from": [7, -12.41515, 14.56321],
			"to": [9, -10.41515, 22.56321],
			"rotation": {"angle": 0, "axis": "y", "origin": [0, -19.41515, 30.56321]},
			"faces": {
				"east": {"uv": [12, 0, 16, 16], "rotation": 90, "texture": "#3"},
				"west": {"uv": [4, 0, 8, 16], "rotation": 270, "texture": "#3"},
				"up": {"uv": [8, 0, 12, 16], "texture": "#3"},
				"down": {"uv": [0, 0, 4, 16], "rotation": 180, "texture": "#3"}
			}
		},
		{
			"name": "stick",
			"from": [7, -12.41515, 6.56321],
			"to": [9, -10.41515, 14.56321],
			"rotation": {"angle": 0, "axis": "y", "origin": [0, -19.41515, 30.56321]},
			"faces": {
				"east": {"uv": [12, 0, 16, 16], "rotation": 90, "texture": "#3"},
				"west": {"uv": [4, 0, 8, 16], "rotation": 270, "texture": "#3"},
				"up": {"uv": [8, 0, 12, 16], "texture": "#3"},
				"down": {"uv": [0, 0, 4, 16], "rotation": 180, "texture": "#3"}
			}
		},
		{
			"name": "stick",
			"from": [7, -12.41515, -1.43679],
			"to": [9, -10.41515, 6.56321],
			"rotation": {"angle": 0, "axis": "y", "origin": [0, -19.41515, 30.56321]},
			"faces": {
				"north": {"uv": [3, 11, 7, 15], "rotation": 180, "texture": "#3"},
				"east": {"uv": [12, 0, 16, 16], "rotation": 90, "texture": "#3"},
				"west": {"uv": [4, 0, 8, 16], "rotation": 270, "texture": "#3"},
				"up": {"uv": [8, 0, 12, 16], "texture": "#3"},
				"down": {"uv": [0, 0, 4, 16], "rotation": 180, "texture": "#3"}
			}
		},
		{
			"name": "straw",
			"from": [6, -13.41515, 22.56321],
			"to": [10, -9.41515, 30.56321],
			"rotation": {"angle": 0, "axis": "y", "origin": [0, -19.41515, 30.56321]},
			"faces": {
				"north": {"uv": [0, 0, 8, 8], "rotation": 180, "texture": "#1"},
				"east": {"uv": [0, 0, 8, 16], "rotation": 90, "texture": "#2"},
				"south": {"uv": [0, 0, 8, 8], "texture": "#1"},
				"west": {"uv": [0, 0, 8, 16], "rotation": 270, "texture": "#2"},
				"up": {"uv": [0, 0, 8, 16], "texture": "#2"},
				"down": {"uv": [0, 0, 8, 16], "rotation": 180, "texture": "#2"}
			}
		},
		{
			"from": [6, -13.52933, 23.13724],
			"to": [10, -12.52933, 28.13724],
			"rotation": {"angle": 22.5, "axis": "x", "origin": [8, -12.02933, 23.13724]},
			"faces": {
				"east": {"uv": [14, 0, 16, 10], "rotation": 90, "texture": "#2"},
				"west": {"uv": [8, 0, 10, 10], "rotation": 270, "texture": "#2"},
				"up": {"uv": [8, 0, 0, 10], "texture": "#2"},
				"down": {"uv": [0, 0, 8, 10], "rotation": 180, "texture": "#2"}
			}
		},
		{
			"from": [6, -13.52933, 28.13724],
			"to": [10, -12.52933, 31.13724],
			"rotation": {"angle": 22.5, "axis": "x", "origin": [8, -12.02933, 23.13724]},
			"faces": {
				"east": {"uv": [15, 6, 13, 12], "rotation": 90, "texture": "#2"},
				"south": {"uv": [0, 16, 8, 14], "texture": "#1"},
				"west": {"uv": [11, 6, 9, 12], "rotation": 270, "texture": "#2"},
				"up": {"uv": [9, 6, 1, 12], "texture": "#2"},
				"down": {"uv": [9, 6, 1, 12], "rotation": 180, "texture": "#2"}
			}
		},
		{
			"from": [6, -10.30097, 28.13724],
			"to": [10, -9.30097, 31.13724],
			"rotation": {"angle": -22.5, "axis": "x", "origin": [8, -10.80097, 23.13724]},
			"faces": {
				"east": {"uv": [13, 6, 15, 12], "rotation": 90, "texture": "#2"},
				"south": {"uv": [0, 14, 8, 16], "texture": "#1"},
				"west": {"uv": [9, 6, 11, 12], "rotation": 270, "texture": "#2"},
				"up": {"uv": [1, 6, 9, 12], "texture": "#2"},
				"down": {"uv": [1, 6, 9, 12], "rotation": 180, "texture": "#2"}
			}
		},
		{
			"from": [6, -13.52933, 19.98918],
			"to": [10, -12.52933, 22.98918],
			"rotation": {"angle": -22.5, "axis": "x", "origin": [8, -12.02933, 21.98918]},
			"faces": {
				"north": {"uv": [0, 5, 8, 3], "rotation": 180, "texture": "#1"},
				"east": {"uv": [8, 8, 11, 14], "rotation": 90, "texture": "#2"},
				"west": {"uv": [13, 8, 16, 14], "rotation": 270, "texture": "#2"},
				"up": {"uv": [0, 6, 8, 12], "texture": "#2"},
				"down": {"uv": [0, 8, 8, 14], "rotation": 180, "texture": "#2"}
			}
		},
		{
			"from": [6, -10.30097, 19.98918],
			"to": [10, -9.30097, 22.98918],
			"rotation": {"angle": 22.5, "axis": "x", "origin": [8, -10.80097, 21.98918]},
			"faces": {
				"north": {"uv": [0, 3, 8, 5], "rotation": 180, "texture": "#1"},
				"east": {"uv": [11, 8, 8, 14], "rotation": 90, "texture": "#2"},
				"west": {"uv": [16, 8, 13, 14], "rotation": 270, "texture": "#2"},
				"up": {"uv": [8, 8, 0, 14], "texture": "#2"},
				"down": {"uv": [8, 6, 0, 12], "rotation": 180, "texture": "#2"}
			}
		},
		{
			"from": [6, -10.30097, 23.13724],
			"to": [10, -9.30097, 28.13724],
			"rotation": {"angle": -22.5, "axis": "x", "origin": [8, -10.80097, 23.13724]},
			"faces": {
				"east": {"uv": [16, 0, 14, 10], "rotation": 90, "texture": "#2"},
				"west": {"uv": [10, 0, 8, 10], "rotation": 270, "texture": "#2"},
				"up": {"uv": [8, 0, 0, 10], "texture": "#2"},
				"down": {"uv": [0, 0, 8, 10], "rotation": 180, "texture": "#2"}
			}
		},
		{
			"from": [5.95, -13.42597, 19.98918],
			"to": [6.95, -9.42597, 22.98918],
			"rotation": {"angle": 22.5, "axis": "y", "origin": [7.45, -11.42597, 21.98918]},
			"faces": {
				"north": {"uv": [0, 3, 8, 5], "rotation": 270, "texture": "#1"},
				"east": {"uv": [8, 6, 0, 12], "rotation": 90, "texture": "#2"},
				"west": {"uv": [8, 8, 0, 14], "rotation": 270, "texture": "#2"},
				"up": {"uv": [11, 8, 8, 14], "texture": "#2"},
				"down": {"uv": [16, 8, 13, 14], "rotation": 180, "texture": "#2"}
			}
		},
		{
			"from": [5.95, -13.42597, 23.13724],
			"to": [6.95, -9.42597, 28.13724],
			"rotation": {"angle": -22.5, "axis": "y", "origin": [7.45, -11.42597, 23.13724]},
			"faces": {
				"east": {"uv": [0, 0, 8, 10], "rotation": 90, "texture": "#2"},
				"west": {"uv": [8, 0, 0, 10], "rotation": 270, "texture": "#2"},
				"up": {"uv": [16, 0, 14, 10], "texture": "#2"},
				"down": {"uv": [10, 0, 8, 10], "rotation": 180, "texture": "#2"}
			}
		},
		{
			"from": [5.95, -13.42597, 28.13724],
			"to": [6.95, -9.42597, 31.13724],
			"rotation": {"angle": -22.5, "axis": "y", "origin": [7.45, -11.42597, 23.13724]},
			"faces": {
				"east": {"uv": [1, 6, 9, 12], "rotation": 90, "texture": "#2"},
				"south": {"uv": [0, 14, 8, 16], "rotation": 270, "texture": "#1"},
				"west": {"uv": [1, 6, 9, 12], "rotation": 270, "texture": "#2"},
				"up": {"uv": [13, 6, 15, 12], "texture": "#2"},
				"down": {"uv": [9, 6, 11, 12], "rotation": 180, "texture": "#2"}
			}
		},
		{
			"from": [9.02836, -13.42597, 28.13724],
			"to": [10.02836, -9.42597, 31.13724],
			"rotation": {"angle": 22.5, "axis": "y", "origin": [8.52836, -11.42597, 23.13724]},
			"faces": {
				"east": {"uv": [9, 6, 1, 12], "rotation": 90, "texture": "#2"},
				"south": {"uv": [0, 16, 8, 14], "rotation": 270, "texture": "#1"},
				"west": {"uv": [9, 6, 1, 12], "rotation": 270, "texture": "#2"},
				"up": {"uv": [15, 6, 13, 12], "texture": "#2"},
				"down": {"uv": [11, 6, 9, 12], "rotation": 180, "texture": "#2"}
			}
		},
		{
			"from": [9.02836, -13.42597, 23.13724],
			"to": [10.02836, -9.42597, 28.13724],
			"rotation": {"angle": 22.5, "axis": "y", "origin": [8.52836, -11.42597, 23.13724]},
			"faces": {
				"east": {"uv": [0, 0, 8, 10], "rotation": 90, "texture": "#2"},
				"west": {"uv": [8, 0, 0, 10], "rotation": 270, "texture": "#2"},
				"up": {"uv": [14, 0, 16, 10], "texture": "#2"},
				"down": {"uv": [8, 0, 10, 10], "rotation": 180, "texture": "#2"}
			}
		}
	],
	"display": {
		"thirdperson_righthand": {
			"rotation": [75, 45, 0],
			"translation": [-0.5, 2.5, 6.75],
			"scale": [0.375, 0.375, 0.375]
		},
		"thirdperson_lefthand": {
			"rotation": [75, 45, 0],
			"translation": [-0.5, 2.5, 6.75],
			"scale": [0.375, 0.375, 0.375]
		},
		"firstperson_righthand": {
			"rotation": [0, 45, 0],
			"scale": [0.4, 0.4, 0.4]
		},
		"firstperson_lefthand": {
			"rotation": [0, 45, 0],
			"scale": [0.4, 0.4, 0.4]
		},
		"ground": {
			"translation": [0, 3, 0],
			"scale": [0.25, 0.25, 0.25]
		},
		"gui": {
			"rotation": [30, 225, 0],
			"translation": [3.5, 6.25, 0],
			"scale": [0.58, 0.58, 0.58]
		},
		"head": {
			"rotation": [14, 0, 0],
			"translation": [0, 18.25, 16.75],
			"scale": [2.57, 2.57, 2.57]
		},
		"fixed": {
			"rotation": [-90, 90, 90],
			"translation": [-3.25, 5.25, -1.25],
			"scale": [0.56, 0.56, 0.56]
		}
	},
	"groups": [
		0,
		1,
		2,
		3,
		4,
		5,
		6,
		7,
		8,
		9,
		10,
		11,
		12,
		13,
		14,
		15,
		16,
		17,
		18,
		19,
		20,
		21,
		22,
		23,
		{
			"name": "broom",
			"origin": [8.52836, 7.42597, 7.98918],
			"color": 0,
			"children": []
		},
		{
			"name": "broom",
			"origin": [8, 8, 8],
			"color": 0,
			"children": [
				{
					"name": "broom",
					"origin": [8.52836, 7.42597, 7.98918],
					"color": 0,
					"children": [24, 25, 26, 27, 28, 29, 30, 31, 32, 33, 34, 35, 36, 37, 38, 39]
				}
			]
		}
	]
}