{
	"credit": "Made with Blockbench",
	"texture_size": [32, 32],
	"textures": {
		"0": "item/atelier_witch_hat_tetia",
		"1": "item/mc_hay_block_top",
		"2": "item/mc_hay_block_side",
		"3": "item/mc_oak_log"
	},
	"elements": [
		{
			"from": [4.5, 0, -0.21971],
			"to": [11.5, 0.5, 0.03029],
			"rotation": {"angle": 0, "axis": "y", "origin": [10.75, 3.84216, 0.16529]},
			"faces": {
				"north": {"uv": [15.5, 9, 16, 16], "rotation": 90, "texture": "#0"},
				"east": {"uv": [27, 20, 32, 32], "rotation": 90, "texture": "#0"},
				"south": {"uv": [27, 20, 32, 32], "rotation": 90, "texture": "#0"},
				"west": {"uv": [27, 20, 32, 32], "rotation": 90, "texture": "#0"},
				"up": {"uv": [27, 20, 32, 32], "rotation": 90, "texture": "#0"},
				"down": {"uv": [27, 20, 32, 32], "rotation": 90, "texture": "#0"}
			}
		},
		{
			"from": [5, 0.5, -0.21971],
			"to": [11, 1, 0.03029],
			"rotation": {"angle": 0, "axis": "y", "origin": [10.75, 3.84216, 0.16529]},
			"faces": {
				"north": {"uv": [15, 10, 15.5, 16], "rotation": 90, "texture": "#0"},
				"east": {"uv": [27, 20, 32, 32], "rotation": 90, "texture": "#0"},
				"west": {"uv": [27, 20, 32, 32], "rotation": 90, "texture": "#0"},
				"up": {"uv": [27, 20, 32, 32], "rotation": 90, "texture": "#0"}
			}
		},
		{
			"from": [5.5, 1, -0.21971],
			"to": [10.5, 1.5, 0.03029],
			"rotation": {"angle": 0, "axis": "y", "origin": [10.75, 3.84216, 0.16529]},
			"faces": {
				"north": {"uv": [14.5, 11, 15, 16], "rotation": 90, "texture": "#0"},
				"east": {"uv": [27, 20, 32, 32], "rotation": 90, "texture": "#0"},
				"west": {"uv": [27, 20, 32, 32], "rotation": 90, "texture": "#0"},
				"up": {"uv": [27, 20, 32, 32], "rotation": 90, "texture": "#0"}
			}
		},
		{
			"from": [6, 1.5, -0.21971],
			"to": [10, 2, 0.03029],
			"rotation": {"angle": 0, "axis": "y", "origin": [10.75, 3.84216, 0.16529]},
			"faces": {
				"north": {"uv": [14, 12, 14.5, 16], "rotation": 90, "texture": "#0"},
				"east": {"uv": [27, 20, 32, 32], "rotation": 90, "texture": "#0"},
				"west": {"uv": [27, 20, 32, 32], "rotation": 90, "texture": "#0"},
				"up": {"uv": [27, 20, 32, 32], "rotation": 90, "texture": "#0"}
			}
		},
		{
			"from": [6.5, 2, -0.21971],
			"to": [9.5, 2.5, 0.03029],
			"rotation": {"angle": 0, "axis": "y", "origin": [10.75, 3.84216, 0.16529]},
			"faces": {
				"north": {"uv": [13.5, 13, 14, 16], "rotation": 90, "texture": "#0"},
				"east": {"uv": [27, 20, 32, 32], "rotation": 90, "texture": "#0"},
				"south": {"uv": [27, 20, 32, 32], "rotation": 90, "texture": "#0"},
				"west": {"uv": [27, 20, 32, 32], "rotation": 90, "texture": "#0"},
				"up": {"uv": [27, 20, 32, 32], "rotation": 90, "texture": "#0"}
			}
		},
		{
			"from": [7, 2.5, -0.21971],
			"to": [9, 3, 0.03029],
			"rotation": {"angle": 0, "axis": "y", "origin": [10.75, 3.84216, 0.16529]},
			"faces": {
				"north": {"uv": [13, 14, 13.5, 16], "rotation": 90, "texture": "#0"},
				"east": {"uv": [27, 20, 32, 32], "rotation": 90, "texture": "#0"},
				"south": {"uv": [27, 20, 32, 32], "rotation": 90, "texture": "#0"},
				"west": {"uv": [27, 20, 32, 32], "rotation": 90, "texture": "#0"},
				"up": {"uv": [27, 20, 32, 32], "rotation": 90, "texture": "#0"}
			}
		},
		{
			"from": [7.5, 3, -0.21971],
			"to": [8.5, 3.5, 0.03029],
			"rotation": {"angle": 0, "axis": "y", "origin": [10.75, 3.84216, 0.16529]},
			"faces": {
				"north": {"uv": [12.5, 15, 13, 16], "rotation": 90, "texture": "#0"},
				"east": {"uv": [27, 20, 32, 32], "rotation": 90, "texture": "#0"},
				"south": {"uv": [27, 20, 32, 32], "rotation": 90, "texture": "#0"},
				"west": {"uv": [27, 20, 32, 32], "rotation": 90, "texture": "#0"},
				"up": {"uv": [27, 20, 32, 32], "rotation": 90, "texture": "#0"}
			}
		},
		{
			"from": [9.65901, 13.09216, 2.75],
			"to": [10.15901, 13.34216, 3.25],
			"rotation": {"angle": -45, "axis": "z", "origin": [6.40901, 4.59216, 1.5]},
			"faces": {
				"north": {"uv": [6, 6, 7, 6.5], "texture": "#0"},
				"east": {"uv": [6, 6, 7, 6.5], "texture": "#0"},
				"south": {"uv": [6, 6, 7, 6.5], "texture": "#0"},
				"west": {"uv": [6, 6, 7, 6.5], "texture": "#0"},
				"up": {"uv": [6, 6, 7, 7], "texture": "#0"},
				"down": {"uv": [0, 0, 0, 0], "texture": "#0"}
			}
		},
		{
			"from": [5.84099, 13.09216, 2.75],
			"to": [6.34099, 13.34216, 3.25],
			"rotation": {"angle": 45, "axis": "z", "origin": [9.59099, 4.59216, 1.5]},
			"faces": {
				"north": {"uv": [7, 6, 6, 6.5], "texture": "#0"},
				"east": {"uv": [7, 6, 6, 6.5], "texture": "#0"},
				"south": {"uv": [7, 6, 6, 6.5], "texture": "#0"},
				"west": {"uv": [7, 6, 6, 6.5], "texture": "#0"},
				"up": {"uv": [7, 6, 6, 7], "texture": "#0"},
				"down": {"uv": [0, 0, 0, 0], "texture": "#0"}
			}
		},
		{
			"from": [-0.42444, 2.85899, 3],
			"to": [0.32556, 7.85899, 3],
			"rotation": {"angle": -22.5, "axis": "z", "origin": [-0.04944, 4.85899, 3]},
			"faces": {
				"north": {"uv": [8, 6, 11, 6.5], "rotation": 90, "texture": "#0"},
				"south": {"uv": [8, 6, 11, 6.5], "rotation": 90, "texture": "#0"}
			}
		},
		{
			"from": [0.75216, 1.77414, 3],
			"to": [1.50216, 7.77414, 3],
			"rotation": {"angle": 0, "axis": "z", "origin": [1.12716, 4.77414, 3]},
			"faces": {
				"north": {"uv": [8, 6, 11, 6.5], "rotation": 90, "texture": "#0"},
				"south": {"uv": [8, 6, 11, 6.5], "rotation": 90, "texture": "#0"}
			}
		},
		{
			"from": [15.67444, 2.85899, 3],
			"to": [16.42444, 7.85899, 3],
			"rotation": {"angle": 22.5, "axis": "z", "origin": [16.04944, 4.85899, 3]},
			"faces": {
				"north": {"uv": [8, 6.5, 11, 6], "rotation": 90, "texture": "#0"},
				"south": {"uv": [8, 6.5, 11, 6], "rotation": 90, "texture": "#0"}
			}
		},
		{
			"from": [14.49784, 1.77414, 3],
			"to": [15.24784, 7.77414, 3],
			"rotation": {"angle": 0, "axis": "z", "origin": [14.87284, 4.77414, 3]},
			"faces": {
				"north": {"uv": [8, 6.5, 11, 6], "rotation": 90, "texture": "#0"},
				"south": {"uv": [8, 6.5, 11, 6], "rotation": 90, "texture": "#0"}
			}
		},
		{
			"from": [5.01, 0.01, 0.01],
			"to": [10.99, 1.99, 5.99],
			"rotation": {"angle": 0, "axis": "y", "origin": [0.25, 0, -6]},
			"faces": {
				"north": {"uv": [0, 0, 6.35, 2], "texture": "#0"},
				"east": {"uv": [1, 14, 7, 16], "texture": "#0"},
				"south": {"uv": [12, 0, 14, 6], "rotation": 90, "texture": "#0"},
				"west": {"uv": [1, 14, 7, 16], "texture": "#0"},
				"down": {"uv": [6, 0, 12, 6], "texture": "#0"}
			}
		},
		{
			"from": [3.14124, 4.75596, 0],
			"to": [9.14124, 6.24596, 6],
			"rotation": {"angle": -45, "axis": "z", "origin": [4.64124, -0.00404, 1.5]},
			"faces": {
				"north": {"uv": [0, 6, 6, 7.5], "texture": "#0"},
				"east": {"uv": [1, 14.5, 7, 16], "texture": "#0"},
				"south": {"uv": [0, 6, 6, 7.5], "texture": "#0"},
				"up": {"uv": [0, 0, 6, 6], "texture": "#0"},
				"down": {"uv": [6, 0, 12, 6], "texture": "#0"}
			}
		},
		{
			"from": [5.30529, 0.42034, 0],
			"to": [7.29529, 2.41034, 6],
			"rotation": {"angle": -45, "axis": "z", "origin": [7.83029, -0.36466, 1.5]},
			"faces": {
				"north": {"uv": [0, 6, 6, 7.5], "texture": "#0"},
				"south": {"uv": [7, 14, 9, 16], "texture": "#0"}
			}
		},
		{
			"from": [3.64124, 6.24596, 0.5],
			"to": [8.64124, 7.74596, 5.5],
			"rotation": {"angle": -45, "axis": "z", "origin": [4.64124, -0.00404, 1.5]},
			"faces": {
				"north": {"uv": [0, 7.5, 5, 9], "texture": "#0"},
				"east": {"uv": [2, 13, 7, 14.5], "texture": "#0"},
				"south": {"uv": [0, 7.5, 5, 9], "texture": "#0"},
				"west": {"uv": [2, 13, 7, 14.5], "texture": "#0"},
				"up": {"uv": [0.5, 0.5, 5.5, 5.5], "texture": "#0"}
			}
		},
		{
			"from": [4.14124, 7.74596, 1],
			"to": [8.14124, 9.24596, 5],
			"rotation": {"angle": -45, "axis": "z", "origin": [4.64124, -0.00404, 1.5]},
			"faces": {
				"north": {"uv": [0, 9, 4, 10.5], "texture": "#0"},
				"east": {"uv": [3, 11.5, 7, 13], "texture": "#0"},
				"south": {"uv": [0, 9, 4, 10.5], "texture": "#0"},
				"west": {"uv": [3, 11.5, 7, 13], "texture": "#0"},
				"up": {"uv": [1, 1, 5, 5], "texture": "#0"}
			}
		},
		{
			"from": [4.64124, 9.24596, 1.5],
			"to": [7.64124, 10.74596, 4.5],
			"rotation": {"angle": -45, "axis": "z", "origin": [4.64124, -0.00404, 1.5]},
			"faces": {
				"north": {"uv": [0, 10.5, 3, 12], "texture": "#0"},
				"east": {"uv": [4, 10, 7, 11.5], "texture": "#0"},
				"south": {"uv": [0, 10.5, 3, 12], "texture": "#0"},
				"west": {"uv": [4, 10, 7, 11.5], "texture": "#0"},
				"up": {"uv": [1.5, 1.5, 4.5, 4.5], "texture": "#0"}
			}
		},
		{
			"from": [5.14124, 10.74596, 2],
			"to": [7.14124, 12.24596, 4],
			"rotation": {"angle": -45, "axis": "z", "origin": [4.64124, -0.00404, 1.5]},
			"faces": {
				"north": {"uv": [0, 12, 2, 13.5], "texture": "#0"},
				"east": {"uv": [7, 12.5, 9, 14], "texture": "#0"},
				"south": {"uv": [0, 12, 2, 13.5], "texture": "#0"},
				"west": {"uv": [7, 12.5, 9, 14], "texture": "#0"},
				"up": {"uv": [2, 2, 4, 4], "texture": "#0"}
			}
		},
		{
			"from": [6.34835, 11.95293, 2.5001],
			"to": [7.34835, 12.70293, 3.5001],
			"rotation": {"angle": -45, "axis": "z", "origin": [5.34835, 0.70293, 1.5001]},
			"faces": {
				"north": {"uv": [6, 6, 7, 7], "texture": "#0"},
				"east": {"uv": [6, 6, 7, 7], "texture": "#0"},
				"south": {"uv": [6, 6, 7, 7], "texture": "#0"},
				"west": {"uv": [6, 6, 7, 7], "texture": "#0"},
				"up": {"uv": [6, 6, 7, 7], "texture": "#0"}
			}
		},
		{
			"from": [8.65165, 11.95293, 2.5001],
			"to": [9.65165, 12.70293, 3.5001],
			"rotation": {"angle": 45, "axis": "z", "origin": [10.65165, 0.70293, 1.5001]},
			"faces": {
				"north": {"uv": [7, 6, 6, 7], "texture": "#0"},
				"east": {"uv": [7, 6, 6, 7], "texture": "#0"},
				"south": {"uv": [7, 6, 6, 7], "texture": "#0"},
				"west": {"uv": [7, 6, 6, 7], "texture": "#0"},
				"up": {"uv": [7, 6, 6, 7], "texture": "#0"}
			}
		},
		{
			"from": [8.85876, 10.74596, 2],
			"to": [10.85876, 12.24596, 4],
			"rotation": {"angle": 45, "axis": "z", "origin": [11.35876, -0.00404, 1.5]},
			"faces": {
				"north": {"uv": [2, 12, 0, 13.5], "texture": "#0"},
				"east": {"uv": [9, 12.5, 7, 14], "texture": "#0"},
				"south": {"uv": [2, 12, 0, 13.5], "texture": "#0"},
				"west": {"uv": [9, 12.5, 7, 14], "texture": "#0"},
				"up": {"uv": [2, 2, 4, 4], "texture": "#0"}
			}
		},
		{
			"from": [8.35876, 9.24596, 1.5],
			"to": [11.35876, 10.74596, 4.5],
			"rotation": {"angle": 45, "axis": "z", "origin": [11.35876, -0.00404, 1.5]},
			"faces": {
				"north": {"uv": [3, 10.5, 0, 12], "texture": "#0"},
				"east": {"uv": [4, 10, 7, 11.5], "texture": "#0"},
				"south": {"uv": [3, 10.5, 0, 12], "texture": "#0"},
				"west": {"uv": [4, 10, 7, 11.5], "texture": "#0"},
				"up": {"uv": [4.5, 1.5, 1.5, 4.5], "texture": "#0"}
			}
		},
		{
			"from": [7.85876, 7.74596, 1],
			"to": [11.85876, 9.24596, 5],
			"rotation": {"angle": 45, "axis": "z", "origin": [11.35876, -0.00404, 1.5]},
			"faces": {
				"north": {"uv": [4, 9, 0, 10.5], "texture": "#0"},
				"east": {"uv": [3, 11.5, 7, 13], "texture": "#0"},
				"south": {"uv": [4, 9, 0, 10.5], "texture": "#0"},
				"west": {"uv": [3, 11.5, 7, 13], "texture": "#0"},
				"up": {"uv": [5, 1, 1, 5], "texture": "#0"}
			}
		},
		{
			"from": [7.35876, 6.24596, 0.5],
			"to": [12.35876, 7.74596, 5.5],
			"rotation": {"angle": 45, "axis": "z", "origin": [11.35876, -0.00404, 1.5]},
			"faces": {
				"north": {"uv": [5, 7.5, 0, 9], "texture": "#0"},
				"east": {"uv": [2, 13, 7, 14.5], "texture": "#0"},
				"south": {"uv": [5, 7.5, 0, 9], "texture": "#0"},
				"west": {"uv": [2, 13, 7, 14.5], "texture": "#0"},
				"up": {"uv": [5.5, 0.5, 0.5, 5.5], "texture": "#0"}
			}
		},
		{
			"from": [6.85976, 4.75696, 0.001],
			"to": [12.85776, 6.24496, 5.999],
			"rotation": {"angle": 45, "axis": "z", "origin": [11.35876, -0.00404, 1.5]},
			"faces": {
				"north": {"uv": [6, 6, 0, 7.5], "texture": "#0"},
				"south": {"uv": [6, 6, 0, 7.5], "texture": "#0"},
				"west": {"uv": [7, 14.5, 1, 16], "texture": "#0"},
				"up": {"uv": [6, 0, 0, 6], "texture": "#0"},
				"down": {"uv": [12, 0, 6, 6], "texture": "#0"}
			}
		},
		{
			"from": [11, 0.5, -0.1],
			"to": [12, 1.5, -0.1],
			"rotation": {"angle": 0, "axis": "y", "origin": [0, 0, -5]},
			"faces": {
				"north": {"uv": [7, 7, 8, 8], "texture": "#0"},
				"east": {"uv": [7, 7, 8, 8], "texture": "#0"},
				"south": {"uv": [0, 0, 0.5, 0.5], "texture": "#0"},
				"west": {"uv": [0, 0, 0, 0.5], "texture": "#0"},
				"up": {"uv": [0, 0, 0.5, 0], "texture": "#0"},
				"down": {"uv": [0, 0, 0.5, 0], "texture": "#0"}
			}
		},
		{
			"from": [10.5, 1, -0.1],
			"to": [11.5, 2, -0.1],
			"rotation": {"angle": 0, "axis": "y", "origin": [0, 0, -5]},
			"faces": {
				"north": {"uv": [7, 7, 8, 8], "texture": "#0"},
				"east": {"uv": [7, 7, 8, 8], "texture": "#0"},
				"south": {"uv": [0, 0, 0.5, 0.5], "texture": "#0"},
				"west": {"uv": [0, 0, 0, 0.5], "texture": "#0"},
				"up": {"uv": [0, 0, 0.5, 0], "texture": "#0"},
				"down": {"uv": [0, 0, 0.5, 0], "texture": "#0"}
			}
		},
		{
			"from": [9.5, 2, -0.1],
			"to": [10.5, 3, -0.1],
			"rotation": {"angle": 0, "axis": "y", "origin": [0, 0, -5]},
			"faces": {
				"north": {"uv": [7, 7, 8, 8], "texture": "#0"},
				"east": {"uv": [7, 7, 8, 8], "texture": "#0"},
				"south": {"uv": [0, 0, 0.5, 0.5], "texture": "#0"},
				"west": {"uv": [0, 0, 0, 0.5], "texture": "#0"},
				"up": {"uv": [0, 0, 0.5, 0], "texture": "#0"},
				"down": {"uv": [0, 0, 0.5, 0], "texture": "#0"}
			}
		},
		{
			"from": [10, 1.5, -0.1],
			"to": [11, 2.5, -0.1],
			"rotation": {"angle": 0, "axis": "y", "origin": [0, 0, -5]},
			"faces": {
				"north": {"uv": [7, 7, 8, 8], "texture": "#0"},
				"east": {"uv": [7, 7, 8, 8], "texture": "#0"},
				"south": {"uv": [0, 0, 0.5, 0.5], "texture": "#0"},
				"west": {"uv": [0, 0, 0, 0.5], "texture": "#0"},
				"up": {"uv": [0, 0, 0.5, 0], "texture": "#0"},
				"down": {"uv": [0, 0, 0.5, 0], "texture": "#0"}
			}
		},
		{
			"from": [8.5, 3, -0.1],
			"to": [9.5, 4, -0.1],
			"rotation": {"angle": 0, "axis": "y", "origin": [0, 0, -5]},
			"faces": {
				"north": {"uv": [7, 7, 8, 8], "texture": "#0"},
				"east": {"uv": [7, 7, 8, 8], "texture": "#0"},
				"south": {"uv": [0, 0, 0.5, 0.5], "texture": "#0"},
				"west": {"uv": [0, 0, 0, 0.5], "texture": "#0"},
				"up": {"uv": [0, 0, 0.5, 0], "texture": "#0"},
				"down": {"uv": [0, 0, 0.5, 0], "texture": "#0"}
			}
		},
		{
			"from": [9, 2.5, -0.1],
			"to": [10, 3.5, -0.1],
			"rotation": {"angle": 0, "axis": "y", "origin": [0, 0, -5]},
			"faces": {
				"north": {"uv": [7, 7, 8, 8], "texture": "#0"},
				"east": {"uv": [7, 7, 8, 8], "texture": "#0"},
				"south": {"uv": [0, 0, 0.5, 0.5], "texture": "#0"},
				"west": {"uv": [0, 0, 0, 0.5], "texture": "#0"},
				"up": {"uv": [0, 0, 0.5, 0], "texture": "#0"},
				"down": {"uv": [0, 0, 0.5, 0], "texture": "#0"}
			}
		},
		{
			"from": [4, 0.5, -0.1],
			"to": [5, 1.5, -0.1],
			"rotation": {"angle": 0, "axis": "y", "origin": [16, 0, -5]},
			"faces": {
				"north": {"uv": [8, 7, 7, 8], "texture": "#0"},
				"east": {"uv": [0, 0, 0, 0.5], "texture": "#0"},
				"south": {"uv": [0.5, 0, 0, 0.5], "texture": "#0"},
				"west": {"uv": [8, 7, 7, 8], "texture": "#0"},
				"up": {"uv": [0.5, 0, 0, 0], "texture": "#0"},
				"down": {"uv": [0.5, 0, 0, 0], "texture": "#0"}
			}
		},
		{
			"from": [4.5, 1, -0.1],
			"to": [5.5, 2, -0.1],
			"rotation": {"angle": 0, "axis": "y", "origin": [16, 0, -5]},
			"faces": {
				"north": {"uv": [8, 7, 7, 8], "texture": "#0"},
				"east": {"uv": [0, 0, 0, 0.5], "texture": "#0"},
				"south": {"uv": [0.5, 0, 0, 0.5], "texture": "#0"},
				"west": {"uv": [8, 7, 7, 8], "texture": "#0"},
				"up": {"uv": [0.5, 0, 0, 0], "texture": "#0"},
				"down": {"uv": [0.5, 0, 0, 0], "texture": "#0"}
			}
		},
		{
			"from": [5, 1.5, -0.1],
			"to": [6, 2.5, -0.1],
			"rotation": {"angle": 0, "axis": "y", "origin": [16, 0, -5]},
			"faces": {
				"north": {"uv": [8, 7, 7, 8], "texture": "#0"},
				"east": {"uv": [0, 0, 0, 0.5], "texture": "#0"},
				"south": {"uv": [0.5, 0, 0, 0.5], "texture": "#0"},
				"west": {"uv": [8, 7, 7, 8], "texture": "#0"},
				"up": {"uv": [0.5, 0, 0, 0], "texture": "#0"},
				"down": {"uv": [0.5, 0, 0, 0], "texture": "#0"}
			}
		},
		{
			"from": [5.5, 2, -0.1],
			"to": [6.5, 3, -0.1],
			"rotation": {"angle": 0, "axis": "y", "origin": [16, 0, -5]},
			"faces": {
				"north": {"uv": [8, 7, 7, 8], "texture": "#0"},
				"east": {"uv": [0, 0, 0, 0.5], "texture": "#0"},
				"south": {"uv": [0.5, 0, 0, 0.5], "texture": "#0"},
				"west": {"uv": [8, 7, 7, 8], "texture": "#0"},
				"up": {"uv": [0.5, 0, 0, 0], "texture": "#0"},
				"down": {"uv": [0.5, 0, 0, 0], "texture": "#0"}
			}
		},
		{
			"from": [6, 2.5, -0.1],
			"to": [7, 3.5, -0.1],
			"rotation": {"angle": 0, "axis": "y", "origin": [16, 0, -5]},
			"faces": {
				"north": {"uv": [8, 7, 7, 8], "texture": "#0"},
				"east": {"uv": [0, 0, 0, 0.5], "texture": "#0"},
				"south": {"uv": [0.5, 0, 0, 0.5], "texture": "#0"},
				"west": {"uv": [8, 7, 7, 8], "texture": "#0"},
				"up": {"uv": [0.5, 0, 0, 0], "texture": "#0"},
				"down": {"uv": [0.5, 0, 0, 0], "texture": "#0"}
			}
		},
		{
			"from": [6.5, 3, -0.1],
			"to": [7.5, 4, -0.1],
			"rotation": {"angle": 0, "axis": "y", "origin": [16, 0, -5]},
			"faces": {
				"north": {"uv": [8, 7, 7, 8], "texture": "#0"},
				"east": {"uv": [0, 0, 0, 0.5], "texture": "#0"},
				"south": {"uv": [0.5, 0, 0, 0.5], "texture": "#0"},
				"west": {"uv": [8, 7, 7, 8], "texture": "#0"},
				"up": {"uv": [0.5, 0, 0, 0], "texture": "#0"},
				"down": {"uv": [0.5, 0, 0, 0], "texture": "#0"}
			}
		},
		{
			"from": [9.02836, -13.42597, 19.98918],
			"to": [10.02836, -9.42597, 22.98918],
			"rotation": {"angle": -22.5, "axis": "y", "origin": [8.52836, -11.42597, 21.98918]},
			"faces": {
				"north": {"uv": [0, 5, 8, 3], "rotation": 270, "texture": "#1"},
				"east": {"uv": [0, 8, 8, 14], "rotation": 90, "texture": "#2"},
				"west": {"uv": [0, 6, 8, 12], "rotation": 270, "texture": "#2"},
				"up": {"uv": [8, 8, 11, 14], "texture": "#2"},
				"down": {"uv": [13, 8, 16, 14], "rotation": 180, "texture": "#2"}
			}
		},
		{
			"name": "stick",
			"from": [7, -12.41515, 14.56321],
			"to": [9, -10.41515, 22.56321],
			"rotation": {"angle": 0, "axis": "y", "origin": [0, -19.41515, 30.56321]},
			"faces": {
				"east": {"uv": [12, 0, 16, 16], "rotation": 90, "texture": "#3"},
				"west": {"uv": [4, 0, 8, 16], "rotation": 270, "texture": "#3"},
				"up": {"uv": [8, 0, 12, 16], "texture": "#3"},
				"down": {"uv": [0, 0, 4, 16], "rotation": 180, "texture": "#3"}
			}
		},
		{
			"name": "stick",
			"from": [7, -12.41515, 6.56321],
			"to": [9, -10.41515, 14.56321],
			"rotation": {"angle": 0, "axis": "y", "origin": [0, -19.41515, 30.56321]},
			"faces": {
				"east": {"uv": [12, 0, 16, 16], "rotation": 90, "texture": "#3"},
				"west": {"uv": [4, 0, 8, 16], "rotation": 270, "texture": "#3"},
				"up": {"uv": [8, 0, 12, 16], "texture": "#3"},
				"down": {"uv": [0, 0, 4, 16], "rotation": 180, "texture": "#3"}
			}
		},
		{
			"name": "stick",
			"from": [7, -12.41515, -1.43679],
			"to": [9, -10.41515, 6.56321],
			"rotation": {"angle": 0, "axis": "y", "origin": [0, -19.41515, 30.56321]},
			"faces": {
				"north": {"uv": [3, 11, 7, 15], "rotation": 180, "texture": "#3"},
				"east": {"uv": [12, 0, 16, 16], "rotation": 90, "texture": "#3"},
				"west": {"uv": [4, 0, 8, 16], "rotation": 270, "texture": "#3"},
				"up": {"uv": [8, 0, 12, 16], "texture": "#3"},
				"down": {"uv": [0, 0, 4, 16], "rotation": 180, "texture": "#3"}
			}
		},
		{
			"name": "straw",
			"from": [6, -13.41515, 22.56321],
			"to": [10, -9.41515, 30.56321],
			"rotation": {"angle": 0, "axis": "y", "origin": [0, -19.41515, 30.56321]},
			"faces": {
				"north": {"uv": [0, 0, 8, 8], "rotation": 180, "texture": "#1"},
				"east": {"uv": [0, 0, 8, 16], "rotation": 90, "texture": "#2"},
				"south": {"uv": [0, 0, 8, 8], "texture": "#1"},
				"west": {"uv": [0, 0, 8, 16], "rotation": 270, "texture": "#2"},
				"up": {"uv": [0, 0, 8, 16], "texture": "#2"},
				"down": {"uv": [0, 0, 8, 16], "rotation": 180, "texture": "#2"}
			}
		},
		{
			"from": [6, -13.52933, 23.13724],
			"to": [10, -12.52933, 28.13724],
			"rotation": {"angle": 22.5, "axis": "x", "origin": [8, -12.02933, 23.13724]},
			"faces": {
				"east": {"uv": [14, 0, 16, 10], "rotation": 90, "texture": "#2"},
				"west": {"uv": [8, 0, 10, 10], "rotation": 270, "texture": "#2"},
				"up": {"uv": [8, 0, 0, 10], "texture": "#2"},
				"down": {"uv": [0, 0, 8, 10], "rotation": 180, "texture": "#2"}
			}
		},
		{
			"from": [6, -13.52933, 28.13724],
			"to": [10, -12.52933, 31.13724],
			"rotation": {"angle": 22.5, "axis": "x", "origin": [8, -12.02933, 23.13724]},
			"faces": {
				"east": {"uv": [15, 6, 13, 12], "rotation": 90, "texture": "#2"},
				"south": {"uv": [0, 16, 8, 14], "texture": "#1"},
				"west": {"uv": [11, 6, 9, 12], "rotation": 270, "texture": "#2"},
				"up": {"uv": [9, 6, 1, 12], "texture": "#2"},
				"down": {"uv": [9, 6, 1, 12], "rotation": 180, "texture": "#2"}
			}
		},
		{
			"from": [6, -10.30097, 28.13724],
			"to": [10, -9.30097, 31.13724],
			"rotation": {"angle": -22.5, "axis": "x", "origin": [8, -10.80097, 23.13724]},
			"faces": {
				"east": {"uv": [13, 6, 15, 12], "rotation": 90, "texture": "#2"},
				"south": {"uv": [0, 14, 8, 16], "texture": "#1"},
				"west": {"uv": [9, 6, 11, 12], "rotation": 270, "texture": "#2"},
				"up": {"uv": [1, 6, 9, 12], "texture": "#2"},
				"down": {"uv": [1, 6, 9, 12], "rotation": 180, "texture": "#2"}
			}
		},
		{
			"from": [6, -13.52933, 19.98918],
			"to": [10, -12.52933, 22.98918],
			"rotation": {"angle": -22.5, "axis": "x", "origin": [8, -12.02933, 21.98918]},
			"faces": {
				"north": {"uv": [0, 5, 8, 3], "rotation": 180, "texture": "#1"},
				"east": {"uv": [8, 8, 11, 14], "rotation": 90, "texture": "#2"},
				"west": {"uv": [13, 8, 16, 14], "rotation": 270, "texture": "#2"},
				"up": {"uv": [0, 6, 8, 12], "texture": "#2"},
				"down": {"uv": [0, 8, 8, 14], "rotation": 180, "texture": "#2"}
			}
		},
		{
			"from": [6, -10.30097, 19.98918],
			"to": [10, -9.30097, 22.98918],
			"rotation": {"angle": 22.5, "axis": "x", "origin": [8, -10.80097, 21.98918]},
			"faces": {
				"north": {"uv": [0, 3, 8, 5], "rotation": 180, "texture": "#1"},
				"east": {"uv": [11, 8, 8, 14], "rotation": 90, "texture": "#2"},
				"west": {"uv": [16, 8, 13, 14], "rotation": 270, "texture": "#2"},
				"up": {"uv": [8, 8, 0, 14], "texture": "#2"},
				"down": {"uv": [8, 6, 0, 12], "rotation": 180, "texture": "#2"}
			}
		},
		{
			"from": [6, -10.30097, 23.13724],
			"to": [10, -9.30097, 28.13724],
			"rotation": {"angle": -22.5, "axis": "x", "origin": [8, -10.80097, 23.13724]},
			"faces": {
				"east": {"uv": [16, 0, 14, 10], "rotation": 90, "texture": "#2"},
				"west": {"uv": [10, 0, 8, 10], "rotation": 270, "texture": "#2"},
				"up": {"uv": [8, 0, 0, 10], "texture": "#2"},
				"down": {"uv": [0, 0, 8, 10], "rotation": 180, "texture": "#2"}
			}
		},
		{
			"from": [5.95, -13.42597, 19.98918],
			"to": [6.95, -9.42597, 22.98918],
			"rotation": {"angle": 22.5, "axis": "y", "origin": [7.45, -11.42597, 21.98918]},
			"faces": {
				"north": {"uv": [0, 3, 8, 5], "rotation": 270, "texture": "#1"},
				"east": {"uv": [8, 6, 0, 12], "rotation": 90, "texture": "#2"},
				"west": {"uv": [8, 8, 0, 14], "rotation": 270, "texture": "#2"},
				"up": {"uv": [11, 8, 8, 14], "texture": "#2"},
				"down": {"uv": [16, 8, 13, 14], "rotation": 180, "texture": "#2"}
			}
		},
		{
			"from": [5.95, -13.42597, 23.13724],
			"to": [6.95, -9.42597, 28.13724],
			"rotation": {"angle": -22.5, "axis": "y", "origin": [7.45, -11.42597, 23.13724]},
			"faces": {
				"east": {"uv": [0, 0, 8, 10], "rotation": 90, "texture": "#2"},
				"west": {"uv": [8, 0, 0, 10], "rotation": 270, "texture": "#2"},
				"up": {"uv": [16, 0, 14, 10], "texture": "#2"},
				"down": {"uv": [10, 0, 8, 10], "rotation": 180, "texture": "#2"}
			}
		},
		{
			"from": [5.95, -13.42597, 28.13724],
			"to": [6.95, -9.42597, 31.13724],
			"rotation": {"angle": -22.5, "axis": "y", "origin": [7.45, -11.42597, 23.13724]},
			"faces": {
				"east": {"uv": [1, 6, 9, 12], "rotation": 90, "texture": "#2"},
				"south": {"uv": [0, 14, 8, 16], "rotation": 270, "texture": "#1"},
				"west": {"uv": [1, 6, 9, 12], "rotation": 270, "texture": "#2"},
				"up": {"uv": [13, 6, 15, 12], "texture": "#2"},
				"down": {"uv": [9, 6, 11, 12], "rotation": 180, "texture": "#2"}
			}
		},
		{
			"from": [9.02836, -13.42597, 28.13724],
			"to": [10.02836, -9.42597, 31.13724],
			"rotation": {"angle": 22.5, "axis": "y", "origin": [8.52836, -11.42597, 23.13724]},
			"faces": {
				"east": {"uv": [9, 6, 1, 12], "rotation": 90, "texture": "#2"},
				"south": {"uv": [0, 16, 8, 14], "rotation": 270, "texture": "#1"},
				"west": {"uv": [9, 6, 1, 12], "rotation": 270, "texture": "#2"},
				"up": {"uv": [15, 6, 13, 12], "texture": "#2"},
				"down": {"uv": [11, 6, 9, 12], "rotation": 180, "texture": "#2"}
			}
		},
		{
			"from": [9.02836, -13.42597, 23.13724],
			"to": [10.02836, -9.42597, 28.13724],
			"rotation": {"angle": 22.5, "axis": "y", "origin": [8.52836, -11.42597, 23.13724]},
			"faces": {
				"east": {"uv": [0, 0, 8, 10], "rotation": 90, "texture": "#2"},
				"west": {"uv": [8, 0, 0, 10], "rotation": 270, "texture": "#2"},
				"up": {"uv": [14, 0, 16, 10], "texture": "#2"},
				"down": {"uv": [8, 0, 10, 10], "rotation": 180, "texture": "#2"}
			}
		}
	],
	"display": {
		"thirdperson_righthand": {
			"rotation": [75, 45, 0],
			"translation": [-0.5, 2.5, 6.75],
			"scale": [0.375, 0.375, 0.375]
		},
		"thirdperson_lefthand": {
			"rotation": [75, 45, 0],
			"translation": [-0.5, 2.5, 6.75],
			"scale": [0.375, 0.375, 0.375]
		},
		"firstperson_righthand": {
			"rotation": [0, 45, 0],
			"scale": [0.4, 0.4, 0.4]
		},
		"firstperson_lefthand": {
			"rotation": [0, 45, 0],
			"scale": [0.4, 0.4, 0.4]
		},
		"ground": {
			"translation": [0, 3, 0],
			"scale": [0.25, 0.25, 0.25]
		},
		"gui": {
			"rotation": [30, 225, 0],
			"translation": [3.5, 6.25, 0],
			"scale": [0.58, 0.58, 0.58]
		},
		"head": {
			"rotation": [14, 0, 0],
			"translation": [0, 18.25, 16.75],
			"scale": [2.57, 2.57, 2.57]
		},
		"fixed": {
			"rotation": [-90, 90, 90],
			"translation": [-3.25, 5.25, -1.25],
			"scale": [0.56, 0.56, 0.56]
		}
	},
	"groups": [
		{
			"name": "front",
			"origin": [10.75, 3.5, 5.125],
			"color": 0,
			"children": [0, 1, 2, 3, 4, 5, 6]
		},
		{
			"name": "point",
			"origin": [6.5, 4.25, 6.5],
			"color": 0,
			"children": [7, 8, 9, 10, 11, 12]
		},
		13,
		14,
		15,
		16,
		17,
		18,
		19,
		20,
		21,
		22,
		23,
		24,
		25,
		26,
		27,
		28,
		29,
		30,
		31,
		32,
		33,
		34,
		35,
		36,
		37,
		38,
		{
			"name": "broom",
			"origin": [8.52836, 7.42597, 7.98918],
			"color": 0,
			"children": []
		},
		{
			"name": "broom",
			"origin": [8, 8, 8],
			"color": 0,
			"children": [
				{
					"name": "broom",
					"origin": [8.52836, 7.42597, 7.98918],
					"color": 0,
					"children": [39, 40, 41, 42, 43, 44, 45, 46, 47, 48, 49, 50, 51, 52, 53, 54]
				}
			]
		}
	]
}