{
	"credit": "Made with Blockbench",
	"ambientocclusion": false,
	"texture_size": [32, 32],
	"textures": {
		"0": "item/atelier_witch_hat_coco",
		"1": "item/mc_hay_block_top",
		"2": "item/mc_hay_block_side",
		"3": "item/mc_oak_log",
		"particle": "item/atelier_witch_hat_coco"
	},
	"elements": [
		{
			"from": [4.999, 0.009, -0.001],
			"to": [11.001, 1.501, 6.001],
			"rotation": {"angle": 0, "axis": "x", "origin": [6.5, 4.25, 1.5]},
			"faces": {
				"east": {"uv": [0, 6, 6, 7.5], "texture": "#0"},
				"south": {"uv": [0, 6, 6, 7.5], "texture": "#0"},
				"west": {"uv": [0, 6, 6, 7.5], "texture": "#0"},
				"up": {"uv": [0, 0, 6, 6], "texture": "#0"},
				"down": {"uv": [6, 0, 12, 6], "texture": "#0"}
			}
		},
		{
			"from": [5.5, 1.5, 0.5],
			"to": [10.5, 3, 5.5],
			"rotation": {"angle": 0, "axis": "x", "origin": [6.5, 4.25, 1.5]},
			"faces": {
				"north": {"uv": [0, 7.5, 5, 9], "texture": "#0"},
				"east": {"uv": [0, 7.5, 5, 9], "texture": "#0"},
				"south": {"uv": [0, 7.5, 5, 9], "texture": "#0"},
				"west": {"uv": [0, 7.5, 5, 9], "texture": "#0"},
				"up": {"uv": [0.5, 0.5, 5.5, 5.5], "texture": "#0"}
			}
		},
		{
			"from": [6, 3, 1],
			"to": [10, 4.5, 5],
			"rotation": {"angle": 0, "axis": "x", "origin": [6.5, 4.25, 1.5]},
			"faces": {
				"north": {"uv": [0, 9, 4, 10.5], "texture": "#0"},
				"east": {"uv": [0, 9, 4, 10.5], "texture": "#0"},
				"south": {"uv": [0, 9, 4, 10.5], "texture": "#0"},
				"west": {"uv": [0, 9, 4, 10.5], "texture": "#0"},
				"up": {"uv": [1, 1, 5, 5], "texture": "#0"}
			}
		},
		{
			"from": [6.5, 4.5, 1.5],
			"to": [9.5, 6, 4.5],
			"rotation": {"angle": 0, "axis": "x", "origin": [6.5, 4.25, 1.5]},
			"faces": {
				"north": {"uv": [0, 10.5, 3, 12], "texture": "#0"},
				"east": {"uv": [0, 10.5, 3, 12], "texture": "#0"},
				"south": {"uv": [0, 10.5, 3, 12], "texture": "#0"},
				"west": {"uv": [0, 10.5, 3, 12], "texture": "#0"},
				"up": {"uv": [1.5, 1.5, 4.5, 4.5], "texture": "#0"}
			}
		},
		{
			"from": [7, 6, 2],
			"to": [9, 7.5, 4],
			"rotation": {"angle": 0, "axis": "x", "origin": [6.5, 4.25, 1.5]},
			"faces": {
				"north": {"uv": [0, 12, 2, 13.5], "texture": "#0"},
				"east": {"uv": [0, 12, 2, 13.5], "texture": "#0"},
				"south": {"uv": [0, 12, 2, 13.5], "texture": "#0"},
				"west": {"uv": [0, 12, 2, 13.5], "texture": "#0"},
				"up": {"uv": [2, 2, 4, 4], "texture": "#0"}
			}
		},
		{
			"from": [7.5, 7.5, 2.5],
			"to": [8.5, 8.25, 3.5],
			"rotation": {"angle": 0, "axis": "x", "origin": [6.5, 4.25, 1.5]},
			"faces": {
				"north": {"uv": [0, 13.5, 1, 15], "texture": "#0"},
				"east": {"uv": [0, 13.5, 1, 15], "texture": "#0"},
				"south": {"uv": [0, 13.5, 1, 15], "texture": "#0"},
				"west": {"uv": [0, 13.5, 1, 15], "texture": "#0"},
				"up": {"uv": [2.5, 2.5, 3.5, 3.5], "texture": "#0"}
			}
		},
		{
			"from": [7.5, 8.25, 2.5],
			"to": [8.5, 8.75, 3.5],
			"rotation": {"angle": 0, "axis": "x", "origin": [6.5, 4.25, 1.5]},
			"faces": {
				"north": {"uv": [6, 6.5, 7, 7], "texture": "#0"},
				"east": {"uv": [6, 6.5, 7, 7], "texture": "#0"},
				"south": {"uv": [6, 6.5, 7, 7], "texture": "#0"},
				"west": {"uv": [6, 6.5, 7, 7], "texture": "#0"},
				"up": {"uv": [6, 6, 7, 7], "texture": "#0"}
			}
		},
		{
			"from": [7.4999, 8.28796, 3.44124],
			"to": [8.5001, 8.78816, 3.69144],
			"rotation": {"angle": -22.5, "axis": "x", "origin": [8, 8.28806, 3.69134]},
			"faces": {
				"north": {"uv": [5, 7.5, 7, 8.5], "texture": "#0"},
				"east": {"uv": [6, 6.5, 7, 7], "rotation": 270, "texture": "#0"},
				"south": {"uv": [5, 7.5, 7, 8.5], "texture": "#0"},
				"west": {"uv": [6, 6.5, 7, 7], "rotation": 90, "texture": "#0"},
				"up": {"uv": [6, 6.5, 7, 7], "rotation": 180, "texture": "#0"},
				"down": {"uv": [6, 6.5, 7, 7], "texture": "#0"}
			}
		},
		{
			"from": [7.5, 7.53806, 3.44134],
			"to": [8.5, 8.28806, 3.69134],
			"rotation": {"angle": -22.5, "axis": "x", "origin": [8, 8.28806, 3.69134]},
			"faces": {
				"north": {"uv": [8, 6, 10, 7.5], "texture": "#0"},
				"east": {"uv": [6, 6.5, 7, 7], "rotation": 270, "texture": "#0"},
				"south": {"uv": [8, 6, 10, 7.5], "texture": "#0"},
				"west": {"uv": [6, 6.5, 7, 7], "rotation": 90, "texture": "#0"},
				"up": {"uv": [6, 6.5, 7, 7], "rotation": 180, "texture": "#0"},
				"down": {"uv": [7.5, 6, 8.5, 6.5], "texture": "#0"}
			}
		},
		{
			"from": [7.25, 6.78806, 3.44134],
			"to": [8.75, 7.53806, 3.69134],
			"rotation": {"angle": -22.5, "axis": "x", "origin": [8, 8.28806, 3.69134]},
			"faces": {
				"north": {"uv": [7.5, 7.5, 10.5, 9], "texture": "#0"},
				"east": {"uv": [6, 6.5, 7, 7], "rotation": 270, "texture": "#0"},
				"south": {"uv": [7.5, 7.5, 10.5, 9], "texture": "#0"},
				"west": {"uv": [6, 6.5, 7, 7], "rotation": 90, "texture": "#0"},
				"up": {"uv": [6, 6.5, 7, 7], "rotation": 180, "texture": "#0"},
				"down": {"uv": [7.5, 6, 8.5, 6.5], "texture": "#0"}
			}
		},
		{
			"from": [7, 5.28806, 3.44134],
			"to": [9, 6.78806, 3.69134],
			"rotation": {"angle": -22.5, "axis": "x", "origin": [8, 8.28806, 3.69134]},
			"faces": {
				"north": {"uv": [7, 9, 11, 12], "texture": "#0"},
				"east": {"uv": [6, 6.5, 7, 7], "rotation": 270, "texture": "#0"},
				"south": {"uv": [7, 9, 11, 12], "texture": "#0"},
				"west": {"uv": [6, 6.5, 7, 7], "rotation": 90, "texture": "#0"},
				"up": {"uv": [6, 6.5, 7, 7], "rotation": 180, "texture": "#0"},
				"down": {"uv": [9.5, 13.5, 10, 14], "texture": "#0"}
			}
		},
		{
			"from": [7.25, 5.03806, 3.44134],
			"to": [8.75, 5.28806, 3.69134],
			"rotation": {"angle": -22.5, "axis": "x", "origin": [8, 8.28806, 3.69134]},
			"faces": {
				"north": {"uv": [7.5, 12, 10.5, 12.5], "texture": "#0"},
				"east": {"uv": [9.5, 13.5, 10, 14], "texture": "#0"},
				"south": {"uv": [7.5, 12, 10.5, 12.5], "texture": "#0"},
				"west": {"uv": [9.5, 13.5, 10, 14], "texture": "#0"},
				"up": {"uv": [6, 6.5, 7, 7], "rotation": 180, "texture": "#0"},
				"down": {"uv": [9.5, 13.5, 10, 14], "texture": "#0"}
			}
		},
		{
			"from": [7.75, 4.78806, 3.44134],
			"to": [8.75, 5.03806, 3.69134],
			"rotation": {"angle": -22.5, "axis": "x", "origin": [8, 8.28806, 3.69134]},
			"faces": {
				"north": {"uv": [8.5, 12.5, 10.5, 13], "texture": "#0"},
				"east": {"uv": [9.5, 13.5, 10, 14], "texture": "#0"},
				"south": {"uv": [8.5, 12.5, 10.5, 13], "texture": "#0"},
				"west": {"uv": [6, 6.5, 7, 7], "rotation": 90, "texture": "#0"},
				"up": {"uv": [6, 6.5, 7, 7], "rotation": 180, "texture": "#0"},
				"down": {"uv": [9.5, 13.5, 10, 14], "texture": "#0"}
			}
		},
		{
			"from": [7.75, 4.53806, 3.44134],
			"to": [8, 4.78806, 3.69134],
			"rotation": {"angle": -22.5, "axis": "x", "origin": [8, 8.28806, 3.69134]},
			"faces": {
				"north": {"uv": [8.5, 13, 9, 13.5], "texture": "#0"},
				"east": {"uv": [9.5, 13.5, 10, 14], "texture": "#0"},
				"south": {"uv": [8.5, 13, 9, 13.5], "texture": "#0"},
				"west": {"uv": [9.5, 13.5, 10, 14], "texture": "#0"},
				"up": {"uv": [6, 6.5, 7, 7], "rotation": 180, "texture": "#0"},
				"down": {"uv": [9.5, 13.5, 10, 14], "texture": "#0"}
			}
		},
		{
			"from": [8.25, 4.53806, 3.44134],
			"to": [8.75, 4.78806, 3.69134],
			"rotation": {"angle": -22.5, "axis": "x", "origin": [8, 8.28806, 3.69134]},
			"faces": {
				"north": {"uv": [9.5, 13, 10.5, 13.5], "texture": "#0"},
				"east": {"uv": [9.5, 13.5, 10, 14], "texture": "#0"},
				"south": {"uv": [9.5, 13, 10.5, 13.5], "texture": "#0"},
				"west": {"uv": [6, 6.5, 7, 7], "rotation": 90, "texture": "#0"},
				"up": {"uv": [6, 6.5, 7, 7], "rotation": 180, "texture": "#0"},
				"down": {"uv": [7.5, 6, 8.5, 6.5], "texture": "#0"}
			}
		},
		{
			"from": [8.25, 4.28806, 3.44134],
			"to": [8.5, 4.53806, 3.69134],
			"rotation": {"angle": -22.5, "axis": "x", "origin": [8, 8.28806, 3.69134]},
			"faces": {
				"north": {"uv": [9.5, 13.5, 10, 14], "texture": "#0"},
				"east": {"uv": [9.5, 13.5, 10, 14], "texture": "#0"},
				"south": {"uv": [9.5, 13.5, 10, 14], "texture": "#0"},
				"west": {"uv": [9.5, 13.5, 10, 14], "texture": "#0"},
				"up": {"uv": [6, 6.5, 7, 7], "rotation": 180, "texture": "#0"},
				"down": {"uv": [9.5, 13.5, 10, 14], "texture": "#0"}
			}
		},
		{
			"from": [7.25, 4.78806, 3.44134],
			"to": [7.5, 5.03806, 3.69134],
			"rotation": {"angle": -22.5, "axis": "x", "origin": [8, 8.28806, 3.69134]},
			"faces": {
				"north": {"uv": [7.5, 12.5, 8, 13], "texture": "#0"},
				"east": {"uv": [9.5, 13.5, 10, 14], "texture": "#0"},
				"south": {"uv": [7.5, 12.5, 8, 13], "texture": "#0"},
				"west": {"uv": [9.5, 13.5, 10, 14], "texture": "#0"},
				"up": {"uv": [6, 6.5, 7, 7], "rotation": 180, "texture": "#0"},
				"down": {"uv": [9.5, 13.5, 10, 14], "texture": "#0"}
			}
		},
		{
			"from": [5, 0, -0.01],
			"to": [11, 2.5, 0.24],
			"rotation": {"angle": 0, "axis": "y", "origin": [10.75, 3.5, 0.125]},
			"faces": {
				"north": {"uv": [13.5, 10, 16, 16], "rotation": 90, "texture": "#0"},
				"south": {"uv": [13.5, 10, 16, 16], "rotation": 90, "texture": "#0"},
				"up": {"uv": [13.5, 10, 14, 16], "rotation": 90, "texture": "#0"},
				"down": {"uv": [15.5, 10, 16, 16], "rotation": 90, "texture": "#0"}
			}
		},
		{
			"from": [7.65, 2.5, 0.23],
			"to": [8.35, 3.2, 0.48],
			"rotation": {"angle": 0, "axis": "y", "origin": [10.75, 3.5, 0.125]},
			"faces": {
				"north": {"uv": [8.5, 14, 10.5, 16], "rotation": 90, "texture": "#0"},
				"south": {"uv": [13.5, 10, 16, 16], "rotation": 90, "texture": "#0"},
				"up": {"uv": [13.5, 10, 14, 16], "rotation": 90, "texture": "#0"},
				"down": {"uv": [15.5, 10, 16, 16], "rotation": 90, "texture": "#0"}
			}
		},
		{
			"from": [5.5, 2.25, 0.24],
			"to": [10.5, 3.25, 0.49],
			"rotation": {"angle": 0, "axis": "y", "origin": [9.75, 2.5, 0.275]},
			"faces": {
				"north": {"uv": [12, 11, 13, 16], "rotation": 90, "texture": "#0"},
				"east": {"uv": [12, 15.5, 13.5, 16], "rotation": 90, "texture": "#0"},
				"south": {"uv": [12, 11, 13.5, 16], "rotation": 90, "texture": "#0"},
				"west": {"uv": [12, 15.5, 13.5, 16], "rotation": 90, "texture": "#0"},
				"up": {"uv": [12, 11, 12.5, 16], "rotation": 90, "texture": "#0"},
				"down": {"uv": [0, 0, 0.125, 2.5], "rotation": 270, "texture": "#0"}
			}
		},
		{
			"from": [6.5, 2.75, 0.49],
			"to": [9.5, 3.75, 0.74],
			"rotation": {"angle": 0, "axis": "y", "origin": [10, 2.5, 0.275]},
			"faces": {
				"north": {"uv": [11, 13, 12, 16], "rotation": 90, "texture": "#0"},
				"east": {"uv": [11, 15.5, 12, 16], "rotation": 90, "texture": "#0"},
				"south": {"uv": [11, 13, 12, 16], "rotation": 90, "texture": "#0"},
				"west": {"uv": [11, 15.5, 12, 16], "rotation": 90, "texture": "#0"},
				"up": {"uv": [11, 13, 11.5, 16], "rotation": 90, "texture": "#0"},
				"down": {"uv": [0, 0, 0.125, 1.5], "rotation": 270, "texture": "#0"}
			}
		},
		{
			"from": [7.5, 3.25, 0.74],
			"to": [8.5, 4.25, 0.99],
			"rotation": {"angle": 0, "axis": "y", "origin": [10, 2.5, 0.275]},
			"faces": {
				"north": {"uv": [10.5, 15, 11.5, 16], "rotation": 90, "texture": "#0"},
				"east": {"uv": [10.5, 15, 11.5, 16], "rotation": 90, "texture": "#0"},
				"south": {"uv": [10.5, 15, 11.5, 16], "rotation": 90, "texture": "#0"},
				"west": {"uv": [10.5, 15, 11.5, 16], "rotation": 90, "texture": "#0"},
				"up": {"uv": [10.5, 15, 11.5, 16], "rotation": 90, "texture": "#0"},
				"down": {"uv": [0, 0, 0.125, 0.5], "rotation": 270, "texture": "#0"}
			}
		},
		{
			"from": [11, 1, -0.01],
			"to": [11.25, 1.5, 2.49],
			"rotation": {"angle": 0, "axis": "x", "origin": [11.125, 3.5, -0.1]},
			"faces": {
				"north": {"uv": [15, 10, 15.5, 9.5], "rotation": 90, "texture": "#0"},
				"east": {"uv": [15, 10, 15.5, 7.5], "rotation": 90, "texture": "#0"},
				"south": {"uv": [15, 8, 15.5, 7.5], "rotation": 90, "texture": "#0"},
				"up": {"uv": [15, 10, 15.5, 7.5], "texture": "#0"}
			}
		},
		{
			"from": [10.751, 1.501, -0.009],
			"to": [10.999, 2.499, 1.489],
			"rotation": {"angle": 0, "axis": "x", "origin": [10.625, 3.5, 0.15]},
			"faces": {
				"east": {"uv": [14, 10, 15, 8.5], "rotation": 90, "texture": "#0"},
				"south": {"uv": [14, 9, 15, 8.5], "rotation": 90, "texture": "#0"},
				"west": {"uv": [0, 0, 0.5, 0.75], "rotation": 270, "texture": "#missing"},
				"up": {"uv": [14, 10, 14.5, 8.5], "rotation": 90, "texture": "#0"}
			}
		},
		{
			"from": [11, 0, -0.01],
			"to": [11.25, 1, 3.99],
			"rotation": {"angle": 0, "axis": "x", "origin": [11.125, 3.5, -0.1]},
			"faces": {
				"north": {"uv": [15, 10, 16, 9.5], "rotation": 90, "texture": "#0"},
				"east": {"uv": [15, 10, 16, 6], "rotation": 90, "texture": "#0"},
				"south": {"uv": [15, 6.5, 16, 6], "rotation": 90, "texture": "#0"},
				"west": {"uv": [0, 0, 0.5, 2], "rotation": 270, "texture": "#0"},
				"up": {"uv": [15, 10, 15.5, 6], "texture": "#0"},
				"down": {"uv": [15, 10, 15.5, 6], "texture": "#0"}
			}
		},
		{
			"from": [4.75, 0, -0.01],
			"to": [5, 1, 3.99],
			"rotation": {"angle": 0, "axis": "x", "origin": [4.875, 3.5, -0.1]},
			"faces": {
				"north": {"uv": [15, 9.5, 16, 10], "rotation": 90, "texture": "#0"},
				"east": {"uv": [0, 2, 0.5, 0], "rotation": 270, "texture": "#0"},
				"south": {"uv": [15, 6, 16, 6.5], "rotation": 90, "texture": "#0"},
				"west": {"uv": [15, 6, 16, 10], "rotation": 90, "texture": "#0"},
				"up": {"uv": [15.5, 10, 15, 6], "texture": "#0"},
				"down": {"uv": [15.5, 10, 15, 6], "texture": "#0"}
			}
		},
		{
			"from": [4.75, 1, -0.01],
			"to": [5, 1.5, 2.49],
			"rotation": {"angle": 0, "axis": "x", "origin": [4.875, 3.5, -0.1]},
			"faces": {
				"north": {"uv": [15, 9.5, 15.5, 10], "rotation": 90, "texture": "#0"},
				"south": {"uv": [15, 7.5, 15.5, 8], "rotation": 90, "texture": "#0"},
				"west": {"uv": [15, 7.5, 15.5, 10], "rotation": 90, "texture": "#0"},
				"up": {"uv": [15.5, 10, 15, 7.5], "texture": "#0"}
			}
		},
		{
			"from": [5.001, 1.501, -0.009],
			"to": [5.249, 2.499, 1.489],
			"rotation": {"angle": 0, "axis": "x", "origin": [5.375, 3.5, 0.15]},
			"faces": {
				"east": {"uv": [0, 0.75, 0.5, 0], "rotation": 270, "texture": "#missing"},
				"south": {"uv": [14, 8.5, 15, 9], "rotation": 90, "texture": "#0"},
				"west": {"uv": [14, 8.5, 15, 10], "rotation": 90, "texture": "#0"},
				"up": {"uv": [14, 8.5, 14.5, 10], "rotation": 90, "texture": "#0"}
			}
		},
		{
			"from": [9.02836, -13.42597, 19.98918],
			"to": [10.02836, -9.42597, 22.98918],
			"rotation": {"angle": -22.5, "axis": "y", "origin": [8.52836, -11.42597, 21.98918]},
			"faces": {
				"north": {"uv": [0, 5, 8, 3], "rotation": 270, "texture": "#1"},
				"east": {"uv": [0, 8, 8, 14], "rotation": 90, "texture": "#2"},
				"west": {"uv": [0, 6, 8, 12], "rotation": 270, "texture": "#2"},
				"up": {"uv": [8, 8, 11, 14], "texture": "#2"},
				"down": {"uv": [13, 8, 16, 14], "rotation": 180, "texture": "#2"}
			}
		},
		{
			"name": "stick",
			"from": [7, -12.41515, 14.56321],
			"to": [9, -10.41515, 22.56321],
			"rotation": {"angle": 0, "axis": "y", "origin": [0, -19.41515, 30.56321]},
			"faces": {
				"east": {"uv": [12, 0, 16, 16], "rotation": 90, "texture": "#3"},
				"west": {"uv": [4, 0, 8, 16], "rotation": 270, "texture": "#3"},
				"up": {"uv": [8, 0, 12, 16], "texture": "#3"},
				"down": {"uv": [0, 0, 4, 16], "rotation": 180, "texture": "#3"}
			}
		},
		{
			"name": "stick",
			"from": [7, -12.41515, 6.56321],
			"to": [9, -10.41515, 14.56321],
			"rotation": {"angle": 0, "axis": "y", "origin": [0, -19.41515, 30.56321]},
			"faces": {
				"east": {"uv": [12, 0, 16, 16], "rotation": 90, "texture": "#3"},
				"west": {"uv": [4, 0, 8, 16], "rotation": 270, "texture": "#3"},
				"up": {"uv": [8, 0, 12, 16], "texture": "#3"},
				"down": {"uv": [0, 0, 4, 16], "rotation": 180, "texture": "#3"}
			}
		},
		{
			"name": "stick",
			"from": [7, -12.41515, -1.43679],
			"to": [9, -10.41515, 6.56321],
			"rotation": {"angle": 0, "axis": "y", "origin": [0, -19.41515, 30.56321]},
			"faces": {
				"north": {"uv": [3, 11, 7, 15], "rotation": 180, "texture": "#3"},
				"east": {"uv": [12, 0, 16, 16], "rotation": 90, "texture": "#3"},
				"west": {"uv": [4, 0, 8, 16], "rotation": 270, "texture": "#3"},
				"up": {"uv": [8, 0, 12, 16], "texture": "#3"},
				"down": {"uv": [0, 0, 4, 16], "rotation": 180, "texture": "#3"}
			}
		},
		{
			"name": "straw",
			"from": [6, -13.41515, 22.56321],
			"to": [10, -9.41515, 30.56321],
			"rotation": {"angle": 0, "axis": "y", "origin": [0, -19.41515, 30.56321]},
			"faces": {
				"north": {"uv": [0, 0, 8, 8], "rotation": 180, "texture": "#1"},
				"east": {"uv": [0, 0, 8, 16], "rotation": 90, "texture": "#2"},
				"south": {"uv": [0, 0, 8, 8], "texture": "#1"},
				"west": {"uv": [0, 0, 8, 16], "rotation": 270, "texture": "#2"},
				"up": {"uv": [0, 0, 8, 16], "texture": "#2"},
				"down": {"uv": [0, 0, 8, 16], "rotation": 180, "texture": "#2"}
			}
		},
		{
			"from": [6, -13.52933, 23.13724],
			"to": [10, -12.52933, 28.13724],
			"rotation": {"angle": 22.5, "axis": "x", "origin": [8, -12.02933, 23.13724]},
			"faces": {
				"east": {"uv": [14, 0, 16, 10], "rotation": 90, "texture": "#2"},
				"west": {"uv": [8, 0, 10, 10], "rotation": 270, "texture": "#2"},
				"up": {"uv": [8, 0, 0, 10], "texture": "#2"},
				"down": {"uv": [0, 0, 8, 10], "rotation": 180, "texture": "#2"}
			}
		},
		{
			"from": [6, -13.52933, 28.13724],
			"to": [10, -12.52933, 31.13724],
			"rotation": {"angle": 22.5, "axis": "x", "origin": [8, -12.02933, 23.13724]},
			"faces": {
				"east": {"uv": [15, 6, 13, 12], "rotation": 90, "texture": "#2"},
				"south": {"uv": [0, 16, 8, 14], "texture": "#1"},
				"west": {"uv": [11, 6, 9, 12], "rotation": 270, "texture": "#2"},
				"up": {"uv": [9, 6, 1, 12], "texture": "#2"},
				"down": {"uv": [9, 6, 1, 12], "rotation": 180, "texture": "#2"}
			}
		},
		{
			"from": [6, -10.30097, 28.13724],
			"to": [10, -9.30097, 31.13724],
			"rotation": {"angle": -22.5, "axis": "x", "origin": [8, -10.80097, 23.13724]},
			"faces": {
				"east": {"uv": [13, 6, 15, 12], "rotation": 90, "texture": "#2"},
				"south": {"uv": [0, 14, 8, 16], "texture": "#1"},
				"west": {"uv": [9, 6, 11, 12], "rotation": 270, "texture": "#2"},
				"up": {"uv": [1, 6, 9, 12], "texture": "#2"},
				"down": {"uv": [1, 6, 9, 12], "rotation": 180, "texture": "#2"}
			}
		},
		{
			"from": [6, -13.52933, 19.98918],
			"to": [10, -12.52933, 22.98918],
			"rotation": {"angle": -22.5, "axis": "x", "origin": [8, -12.02933, 21.98918]},
			"faces": {
				"north": {"uv": [0, 5, 8, 3], "rotation": 180, "texture": "#1"},
				"east": {"uv": [8, 8, 11, 14], "rotation": 90, "texture": "#2"},
				"west": {"uv": [13, 8, 16, 14], "rotation": 270, "texture": "#2"},
				"up": {"uv": [0, 6, 8, 12], "texture": "#2"},
				"down": {"uv": [0, 8, 8, 14], "rotation": 180, "texture": "#2"}
			}
		},
		{
			"from": [6, -10.30097, 19.98918],
			"to": [10, -9.30097, 22.98918],
			"rotation": {"angle": 22.5, "axis": "x", "origin": [8, -10.80097, 21.98918]},
			"faces": {
				"north": {"uv": [0, 3, 8, 5], "rotation": 180, "texture": "#1"},
				"east": {"uv": [11, 8, 8, 14], "rotation": 90, "texture": "#2"},
				"west": {"uv": [16, 8, 13, 14], "rotation": 270, "texture": "#2"},
				"up": {"uv": [8, 8, 0, 14], "texture": "#2"},
				"down": {"uv": [8, 6, 0, 12], "rotation": 180, "texture": "#2"}
			}
		},
		{
			"from": [6, -10.30097, 23.13724],
			"to": [10, -9.30097, 28.13724],
			"rotation": {"angle": -22.5, "axis": "x", "origin": [8, -10.80097, 23.13724]},
			"faces": {
				"east": {"uv": [16, 0, 14, 10], "rotation": 90, "texture": "#2"},
				"west": {"uv": [10, 0, 8, 10], "rotation": 270, "texture": "#2"},
				"up": {"uv": [8, 0, 0, 10], "texture": "#2"},
				"down": {"uv": [0, 0, 8, 10], "rotation": 180, "texture": "#2"}
			}
		},
		{
			"from": [5.95, -13.42597, 19.98918],
			"to": [6.95, -9.42597, 22.98918],
			"rotation": {"angle": 22.5, "axis": "y", "origin": [7.45, -11.42597, 21.98918]},
			"faces": {
				"north": {"uv": [0, 3, 8, 5], "rotation": 270, "texture": "#1"},
				"east": {"uv": [8, 6, 0, 12], "rotation": 90, "texture": "#2"},
				"west": {"uv": [8, 8, 0, 14], "rotation": 270, "texture": "#2"},
				"up": {"uv": [11, 8, 8, 14], "texture": "#2"},
				"down": {"uv": [16, 8, 13, 14], "rotation": 180, "texture": "#2"}
			}
		},
		{
			"from": [5.95, -13.42597, 23.13724],
			"to": [6.95, -9.42597, 28.13724],
			"rotation": {"angle": -22.5, "axis": "y", "origin": [7.45, -11.42597, 23.13724]},
			"faces": {
				"east": {"uv": [0, 0, 8, 10], "rotation": 90, "texture": "#2"},
				"west": {"uv": [8, 0, 0, 10], "rotation": 270, "texture": "#2"},
				"up": {"uv": [16, 0, 14, 10], "texture": "#2"},
				"down": {"uv": [10, 0, 8, 10], "rotation": 180, "texture": "#2"}
			}
		},
		{
			"from": [5.95, -13.42597, 28.13724],
			"to": [6.95, -9.42597, 31.13724],
			"rotation": {"angle": -22.5, "axis": "y", "origin": [7.45, -11.42597, 23.13724]},
			"faces": {
				"east": {"uv": [1, 6, 9, 12], "rotation": 90, "texture": "#2"},
				"south": {"uv": [0, 14, 8, 16], "rotation": 270, "texture": "#1"},
				"west": {"uv": [1, 6, 9, 12], "rotation": 270, "texture": "#2"},
				"up": {"uv": [13, 6, 15, 12], "texture": "#2"},
				"down": {"uv": [9, 6, 11, 12], "rotation": 180, "texture": "#2"}
			}
		},
		{
			"from": [9.02836, -13.42597, 28.13724],
			"to": [10.02836, -9.42597, 31.13724],
			"rotation": {"angle": 22.5, "axis": "y", "origin": [8.52836, -11.42597, 23.13724]},
			"faces": {
				"east": {"uv": [9, 6, 1, 12], "rotation": 90, "texture": "#2"},
				"south": {"uv": [0, 16, 8, 14], "rotation": 270, "texture": "#1"},
				"west": {"uv": [9, 6, 1, 12], "rotation": 270, "texture": "#2"},
				"up": {"uv": [15, 6, 13, 12], "texture": "#2"},
				"down": {"uv": [11, 6, 9, 12], "rotation": 180, "texture": "#2"}
			}
		},
		{
			"from": [9.02836, -13.42597, 23.13724],
			"to": [10.02836, -9.42597, 28.13724],
			"rotation": {"angle": 22.5, "axis": "y", "origin": [8.52836, -11.42597, 23.13724]},
			"faces": {
				"east": {"uv": [0, 0, 8, 10], "rotation": 90, "texture": "#2"},
				"west": {"uv": [8, 0, 0, 10], "rotation": 270, "texture": "#2"},
				"up": {"uv": [14, 0, 16, 10], "texture": "#2"},
				"down": {"uv": [8, 0, 10, 10], "rotation": 180, "texture": "#2"}
			}
		}
	],
	"gui_light": "front",
	"display": {
		"thirdperson_righthand": {
			"rotation": [75, 45, 0],
			"translation": [-0.5, 2.5, 6.75],
			"scale": [0.375, 0.375, 0.375]
		},
		"thirdperson_lefthand": {
			"rotation": [75, 45, 0],
			"translation": [-0.5, 2.5, 6.75],
			"scale": [0.375, 0.375, 0.375]
		},
		"firstperson_righthand": {
			"rotation": [0, 45, 0],
			"scale": [0.4, 0.4, 0.4]
		},
		"firstperson_lefthand": {
			"rotation": [0, 45, 0],
			"scale": [0.4, 0.4, 0.4]
		},
		"ground": {
			"translation": [0, 3, 0],
			"scale": [0.25, 0.25, 0.25]
		},
		"gui": {
			"rotation": [30, 225, 0],
			"translation": [3.5, 6.25, 0],
			"scale": [0.58, 0.58, 0.58]
		},
		"head": {
			"rotation": [14, 0, 0],
			"translation": [0, 18.25, 16.75],
			"scale": [2.57, 2.57, 2.57]
		},
		"fixed": {
			"rotation": [-90, 90, 90],
			"translation": [-3.25, 5.25, -1.25],
			"scale": [0.56, 0.56, 0.56]
		}
	},
	"groups": [
		0,
		1,
		2,
		3,
		4,
		5,
		6,
		7,
		8,
		9,
		10,
		11,
		12,
		13,
		14,
		15,
		16,
		17,
		18,
		19,
		20,
		21,
		22,
		23,
		24,
		25,
		26,
		27,
		{
			"name": "broom",
			"origin": [8.52836, 7.42597, 7.98918],
			"color": 0,
			"children": []
		},
		{
			"name": "broom",
			"origin": [8, 8, 8],
			"color": 0,
			"children": [
				{
					"name": "broom",
					"origin": [8.52836, 7.42597, 7.98918],
					"color": 0,
					"children": [28, 29, 30, 31, 32, 33, 34, 35, 36, 37, 38, 39, 40, 41, 42, 43]
				}
			]
		}
	]
}