{
	"credit": "Made with Blockbench",
	"texture_size": [64, 64],
	"textures": {
		"0": "item/companion_cube",
		"particle": "item/companion_cube"
	},
	"elements": [
		{
			"from": [1, 1, 1],
			"to": [15, 15, 15],
			"faces": {
				"north": {"uv": [0, 0, 7.75, 7.75], "texture": "#0"},
				"east": {"uv": [0, 0, 7.75, 7.75], "texture": "#0"},
				"south": {"uv": [0, 0, 7.75, 7.75], "texture": "#0"},
				"west": {"uv": [0, 0, 7.75, 7.75], "texture": "#0"},
				"up": {"uv": [0, 0, 7.75, 7.75], "texture": "#0"},
				"down": {"uv": [0, 0, 7.75, 7.75], "texture": "#0"}
			}
		},
		{
			"from": [14.749, 10.999, -0.001],
			"to": [15.751, 16.001, 1.001],
			"rotation": {"angle": 45, "axis": "y", "origin": [15.5, 15, 0.5]},
			"faces": {
				"east": {"uv": [7.75, 0.5, 8.25, 3], "texture": "#0"},
				"west": {"uv": [0, 1.25, 0.25, 0], "texture": "#missing"},
				"up": {"uv": [7.75, 0, 8.25, 0.5], "texture": "#0"},
				"down": {"uv": [8.25, 0, 7.75, 0.5], "texture": "#0"}
			}
		},
		{
			"from": [14.32322, 11, -0.03033],
			"to": [15.32322, 16, 0.96967],
			"rotation": {"angle": 0, "axis": "y", "origin": [14.82322, 13, 0.46967]},
			"faces": {
				"north": {"uv": [8.25, 0.5, 8.75, 3], "texture": "#0"},
				"south": {"uv": [0, 1.25, 0.25, 0], "texture": "#missing"},
				"up": {"uv": [8.25, 0, 8.75, 0.5], "texture": "#0"},
				"down": {"uv": [8.25, 0, 8.75, 0.5], "texture": "#0"}
			}
		},
		{
			"from": [10.32322, 15, -0.03033],
			"to": [14.32322, 16, 0.96967],
			"rotation": {"angle": 0, "axis": "y", "origin": [14.82322, 13, 0.46967]},
			"faces": {
				"north": {"uv": [9.25, 0, 11.25, 0.5], "texture": "#0"},
				"west": {"uv": [11.25, 0, 11.75, 0.5], "texture": "#0"},
				"up": {"uv": [13.75, 0, 15.75, 0.5], "texture": "#0"}
			}
		},
		{
			"from": [12.7053, 12.90942, -0.02933],
			"to": [14.9533, 14.90742, 0.96867],
			"rotation": {"angle": 45, "axis": "z", "origin": [13.2043, 13.90842, 0.46967]},
			"faces": {
				"north": {"uv": [9.25, 0.5, 10.25, 1.625], "rotation": 90, "texture": "#0"},
				"south": {"uv": [0.5, 0, 0, 0.5625], "rotation": 270, "texture": "#missing"},
				"west": {"uv": [11.25, 0.5, 11.75, 1.625], "texture": "#0"}
			}
		},
		{
			"from": [15.33573, 15, 4.21212],
			"to": [16.33173, 15.996, 7.20812],
			"rotation": {"angle": 22.5, "axis": "y", "origin": [11.33373, 15.498, 7.21012]},
			"faces": {
				"north": {"uv": [0.25, 0, 0, 0.25], "rotation": 90, "texture": "#missing"},
				"east": {"uv": [0.25, 0, 0, 0.75], "rotation": 270, "texture": "#missing"},
				"south": {"uv": [0.25, 0, 0, 0.25], "rotation": 90, "texture": "#missing"},
				"west": {"uv": [12.75, 0, 13.25, 1.5], "rotation": 90, "texture": "#0"},
				"up": {"uv": [11.75, 0.5, 11.25, 2], "texture": "#0"},
				"down": {"uv": [0, 0.75, 0.25, 0], "rotation": 180, "texture": "#missing"}
			}
		},
		{
			"from": [8.79188, 15, -0.33173],
			"to": [11.78788, 15.996, 0.66427],
			"rotation": {"angle": -22.5, "axis": "y", "origin": [8.78988, 15.502, 4.66627]},
			"faces": {
				"north": {"uv": [0.25, 0.75, 0.5, 1.5], "rotation": 270, "texture": "#missing"},
				"east": {"uv": [0.25, 0.25, 0.5, 0.5], "rotation": 90, "texture": "#missing"},
				"south": {"uv": [13.25, 0, 13.75, 1.5], "rotation": 90, "texture": "#0"},
				"west": {"uv": [0.25, 0.25, 0.5, 0.5], "rotation": 90, "texture": "#missing"},
				"up": {"uv": [11.25, 0.5, 11.75, 2], "rotation": 90, "texture": "#0"},
				"down": {"uv": [0, 0, 0.25, 0.75], "rotation": 270, "texture": "#missing"}
			}
		},
		{
			"from": [12.11136, 14.996, 1.80569],
			"to": [15.23836, 15.998, 3.05769],
			"rotation": {"angle": -45, "axis": "y", "origin": [14.23736, 15.497, 2.55669]},
			"faces": {
				"north": {"uv": [0.25, 0, 0, 0.78125], "rotation": 90, "texture": "#missing"},
				"east": {"uv": [0.25, 0, 0, 0.3125], "rotation": 270, "texture": "#missing"},
				"south": {"uv": [13.75, 0.5, 14.25, 2], "rotation": 90, "texture": "#0"},
				"west": {"uv": [0.25, 0, 0, 0.3125], "rotation": 90, "texture": "#missing"},
				"up": {"uv": [12.25, 0, 12.75, 1.5], "rotation": 90, "texture": "#0"},
				"down": {"uv": [0, 0.3125, 0.78125, 0], "rotation": 180, "texture": "#missing"}
			}
		},
		{
			"from": [12.61336, 14.998, 0.55769],
			"to": [14.73636, 15.996, 1.80569],
			"rotation": {"angle": -45, "axis": "y", "origin": [14.23736, 15.497, 2.55669]},
			"faces": {
				"east": {"uv": [0.25, 0, 0, 0.3125], "rotation": 270, "texture": "#missing"},
				"west": {"uv": [0.25, 0, 0, 0.3125], "rotation": 90, "texture": "#missing"},
				"up": {"uv": [11.75, 0, 12.25, 1], "rotation": 90, "texture": "#0"},
				"down": {"uv": [0, 0.3125, 0.53125, 0], "rotation": 180, "texture": "#missing"}
			}
		},
		{
			"from": [8.79449, 15.30648, -0.02833],
			"to": [11.79049, 16.30248, 0.96767],
			"rotation": {"angle": -22.5, "axis": "z", "origin": [8.79249, 11.30448, 0.46967]},
			"faces": {
				"north": {"uv": [10.25, 0.5, 10.75, 2], "rotation": 90, "texture": "#0"},
				"south": {"uv": [0.25, 0, 0, 0.75], "rotation": 270, "texture": "#missing"},
				"down": {"uv": [10.75, 0.5, 11.25, 2], "rotation": 90, "texture": "#0"}
			}
		},
		{
			"from": [14.32522, 11.002, -0.02833],
			"to": [15.32122, 13.998, 0.96767],
			"rotation": {"angle": 22.5, "axis": "z", "origin": [14.32322, 11, 0.46967]},
			"faces": {
				"north": {"uv": [10.25, 2, 10.75, 0.5], "texture": "#0"},
				"south": {"uv": [0.75, 0, 0, 0.25], "rotation": 270, "texture": "#missing"},
				"west": {"uv": [11.25, 2, 10.75, 0.5], "texture": "#0"}
			}
		},
		{
			"from": [15.03233, 15.30648, 4.20951],
			"to": [16.02833, 16.30248, 7.20551],
			"rotation": {"angle": -22.5, "axis": "x", "origin": [15.53033, 11.30448, 7.20751]},
			"faces": {
				"east": {"uv": [10.25, 2, 10.75, 0.5], "rotation": 90, "texture": "#0"},
				"west": {"uv": [0.25, 0.75, 0, 0], "rotation": 270, "texture": "#missing"},
				"down": {"uv": [10.75, 2, 11.25, 0.5], "texture": "#0"}
			}
		},
		{
			"from": [15.03133, 12.90942, 1.0467],
			"to": [16.02933, 14.90742, 3.2947],
			"rotation": {"angle": 45, "axis": "x", "origin": [15.53033, 13.90842, 2.7957]},
			"faces": {
				"east": {"uv": [9.25, 1.625, 10.25, 0.5], "rotation": 90, "texture": "#0"},
				"south": {"uv": [11.75, 0.5, 11.25, 1.625], "texture": "#0"},
				"west": {"uv": [0.5, 0.5625, 0, 0], "rotation": 270, "texture": "#missing"}
			}
		},
		{
			"from": [15.03233, 11.002, 0.67878],
			"to": [16.02833, 13.998, 1.67478],
			"rotation": {"angle": 22.5, "axis": "x", "origin": [15.53033, 11, 1.67678]},
			"faces": {
				"east": {"uv": [10.75, 2, 10.25, 0.5], "texture": "#0"},
				"south": {"uv": [10.75, 2, 11.25, 0.5], "texture": "#0"},
				"west": {"uv": [0.75, 0.25, 0, 0], "rotation": 270, "texture": "#missing"}
			}
		},
		{
			"from": [15.03033, 15, 1.67678],
			"to": [16.03033, 16, 5.67678],
			"rotation": {"angle": 0, "axis": "y", "origin": [15.53033, 13, 1.17678]},
			"faces": {
				"east": {"uv": [11.25, 0, 9.25, 0.5], "texture": "#0"},
				"south": {"uv": [11.75, 0, 11.25, 0.5], "texture": "#0"},
				"up": {"uv": [15.75, 0, 13.75, 0.5], "rotation": 90, "texture": "#0"}
			}
		},
		{
			"from": [15.03033, 11, 0.67678],
			"to": [16.03033, 16, 1.67678],
			"rotation": {"angle": 0, "axis": "y", "origin": [15.53033, 13, 1.17678]},
			"faces": {
				"east": {"uv": [8.75, 0.5, 8.25, 3], "texture": "#0"},
				"west": {"uv": [0.25, 1.25, 0, 0], "texture": "#missing"},
				"up": {"uv": [8.75, 0, 8.25, 0.5], "rotation": 90, "texture": "#0"},
				"down": {"uv": [8.75, 0.5, 8.25, 0], "rotation": 90, "texture": "#0"}
			}
		},
		{
			"from": [0.67878, 11.002, -0.02833],
			"to": [1.67478, 13.998, 0.96767],
			"rotation": {"angle": -22.5, "axis": "z", "origin": [1.67678, 11, 0.46967]},
			"faces": {
				"north": {"uv": [10.75, 2, 10.25, 0.5], "texture": "#0"},
				"east": {"uv": [10.75, 2, 11.25, 0.5], "texture": "#0"},
				"south": {"uv": [0.75, 0.25, 0, 0], "rotation": 270, "texture": "#missing"}
			}
		},
		{
			"from": [4.20951, 15.30648, -0.02833],
			"to": [7.20551, 16.30248, 0.96767],
			"rotation": {"angle": 22.5, "axis": "z", "origin": [7.20751, 11.30448, 0.46967]},
			"faces": {
				"north": {"uv": [10.25, 2, 10.75, 0.5], "rotation": 90, "texture": "#0"},
				"south": {"uv": [0.25, 0.75, 0, 0], "rotation": 270, "texture": "#missing"},
				"down": {"uv": [10.75, 2, 11.25, 0.5], "rotation": 90, "texture": "#0"}
			}
		},
		{
			"from": [1.26364, 14.998, 0.55769],
			"to": [3.38664, 15.996, 1.80569],
			"rotation": {"angle": 45, "axis": "y", "origin": [1.76264, 15.497, 2.55669]},
			"faces": {
				"east": {"uv": [0.25, 0.3125, 0, 0], "rotation": 90, "texture": "#missing"},
				"west": {"uv": [0.25, 0.3125, 0, 0], "rotation": 270, "texture": "#missing"},
				"up": {"uv": [11.75, 1, 12.25, 0], "rotation": 90, "texture": "#0"},
				"down": {"uv": [0.53125, 0.3125, 0, 0], "rotation": 180, "texture": "#missing"}
			}
		},
		{
			"from": [0.76164, 14.996, 1.80569],
			"to": [3.88864, 15.998, 3.05769],
			"rotation": {"angle": 45, "axis": "y", "origin": [1.76264, 15.497, 2.55669]},
			"faces": {
				"north": {"uv": [0.25, 0.78125, 0, 0], "rotation": 90, "texture": "#missing"},
				"east": {"uv": [0.25, 0.3125, 0, 0], "rotation": 90, "texture": "#missing"},
				"south": {"uv": [13.75, 2, 14.25, 0.5], "rotation": 90, "texture": "#0"},
				"west": {"uv": [0.25, 0.3125, 0, 0], "rotation": 270, "texture": "#missing"},
				"up": {"uv": [12.25, 1.5, 12.75, 0], "rotation": 90, "texture": "#0"},
				"down": {"uv": [0.78125, 0.3125, 0, 0], "rotation": 180, "texture": "#missing"}
			}
		},
		{
			"from": [-0.33173, 15, 4.21212],
			"to": [0.66427, 15.996, 7.20812],
			"rotation": {"angle": -22.5, "axis": "y", "origin": [4.66627, 15.498, 7.21012]},
			"faces": {
				"north": {"uv": [0.25, 0.25, 0, 0], "rotation": 90, "texture": "#missing"},
				"east": {"uv": [12.75, 1.5, 13.25, 0], "rotation": 90, "texture": "#0"},
				"south": {"uv": [0.25, 0.25, 0, 0], "rotation": 90, "texture": "#missing"},
				"west": {"uv": [0.25, 0.75, 0, 0], "rotation": 270, "texture": "#missing"},
				"up": {"uv": [11.25, 0.5, 11.75, 2], "texture": "#0"},
				"down": {"uv": [0.25, 0.75, 0, 0], "rotation": 180, "texture": "#missing"}
			}
		},
		{
			"from": [1.67678, 15, -0.03033],
			"to": [5.67678, 16, 0.96967],
			"rotation": {"angle": 0, "axis": "y", "origin": [1.17678, 13, 0.46967]},
			"faces": {
				"north": {"uv": [11.25, 0, 9.25, 0.5], "texture": "#0"},
				"east": {"uv": [11.75, 0, 11.25, 0.5], "texture": "#0"},
				"up": {"uv": [15.75, 0, 13.75, 0.5], "texture": "#0"}
			}
		},
		{
			"from": [0.67678, 11, -0.03033],
			"to": [1.67678, 16, 0.96967],
			"rotation": {"angle": 0, "axis": "y", "origin": [1.17678, 13, 0.46967]},
			"faces": {
				"north": {"uv": [8.75, 0.5, 8.25, 3], "texture": "#0"},
				"south": {"uv": [0.25, 1.25, 0, 0], "texture": "#missing"},
				"up": {"uv": [8.75, 0, 8.25, 0.5], "texture": "#0"},
				"down": {"uv": [8.75, 0, 8.25, 0.5], "texture": "#0"}
			}
		},
		{
			"from": [0.249, 10.999, -0.001],
			"to": [1.251, 16.001, 1.001],
			"rotation": {"angle": -45, "axis": "y", "origin": [0.5, 15, 0.5]},
			"faces": {
				"east": {"uv": [0.25, 1.25, 0, 0], "texture": "#missing"},
				"west": {"uv": [8.25, 0.5, 7.75, 3], "texture": "#0"},
				"up": {"uv": [8.25, 0, 7.75, 0.5], "texture": "#0"},
				"down": {"uv": [7.75, 0, 8.25, 0.5], "texture": "#0"}
			}
		},
		{
			"from": [1.0467, 12.90942, -0.02933],
			"to": [3.2947, 14.90742, 0.96867],
			"rotation": {"angle": -45, "axis": "z", "origin": [2.7957, 13.90842, 0.46967]},
			"faces": {
				"north": {"uv": [9.25, 1.625, 10.25, 0.5], "rotation": 90, "texture": "#0"},
				"east": {"uv": [11.75, 0.5, 11.25, 1.625], "texture": "#0"},
				"south": {"uv": [0.5, 0.5625, 0, 0], "rotation": 270, "texture": "#missing"}
			}
		},
		{
			"from": [4.21212, 15, -0.33173],
			"to": [7.20812, 15.996, 0.66427],
			"rotation": {"angle": 22.5, "axis": "y", "origin": [7.21012, 15.502, 4.66627]},
			"faces": {
				"north": {"uv": [0.25, 1.5, 0.5, 0.75], "rotation": 270, "texture": "#missing"},
				"east": {"uv": [0.25, 0.5, 0.5, 0.25], "rotation": 90, "texture": "#missing"},
				"south": {"uv": [13.25, 1.5, 13.75, 0], "rotation": 90, "texture": "#0"},
				"west": {"uv": [0.25, 0.5, 0.5, 0.25], "rotation": 90, "texture": "#missing"},
				"up": {"uv": [11.25, 2, 11.75, 0.5], "rotation": 90, "texture": "#0"},
				"down": {"uv": [0, 0.75, 0.25, 0], "rotation": 270, "texture": "#missing"}
			}
		},
		{
			"from": [-0.03033, 11, 0.67678],
			"to": [0.96967, 16, 1.67678],
			"rotation": {"angle": 0, "axis": "y", "origin": [0.46967, 13, 1.17678]},
			"faces": {
				"east": {"uv": [0, 1.25, 0.25, 0], "texture": "#missing"},
				"west": {"uv": [8.25, 0.5, 8.75, 3], "texture": "#0"},
				"up": {"uv": [8.75, 0.5, 8.25, 0], "rotation": 90, "texture": "#0"},
				"down": {"uv": [8.75, 0, 8.25, 0.5], "rotation": 90, "texture": "#0"}
			}
		},
		{
			"from": [-0.03033, 15, 1.67678],
			"to": [0.96967, 16, 5.67678],
			"rotation": {"angle": 0, "axis": "y", "origin": [0.46967, 13, 1.17678]},
			"faces": {
				"south": {"uv": [11.25, 0, 11.75, 0.5], "texture": "#0"},
				"west": {"uv": [9.25, 0, 11.25, 0.5], "texture": "#0"},
				"up": {"uv": [15.75, 0.5, 13.75, 0], "rotation": 90, "texture": "#0"}
			}
		},
		{
			"from": [-0.02833, 11.002, 0.67878],
			"to": [0.96767, 13.998, 1.67478],
			"rotation": {"angle": 22.5, "axis": "x", "origin": [0.46967, 11, 1.67678]},
			"faces": {
				"east": {"uv": [0.75, 0, 0, 0.25], "rotation": 270, "texture": "#missing"},
				"south": {"uv": [11.25, 2, 10.75, 0.5], "texture": "#0"},
				"west": {"uv": [10.25, 2, 10.75, 0.5], "texture": "#0"}
			}
		},
		{
			"from": [-0.02933, 12.90942, 1.0467],
			"to": [0.96867, 14.90742, 3.2947],
			"rotation": {"angle": 45, "axis": "x", "origin": [0.46967, 13.90842, 2.7957]},
			"faces": {
				"east": {"uv": [0.5, 0, 0, 0.5625], "rotation": 270, "texture": "#missing"},
				"south": {"uv": [11.25, 0.5, 11.75, 1.625], "texture": "#0"},
				"west": {"uv": [9.25, 0.5, 10.25, 1.625], "rotation": 90, "texture": "#0"}
			}
		},
		{
			"from": [-0.02833, 15.30648, 4.20951],
			"to": [0.96767, 16.30248, 7.20551],
			"rotation": {"angle": -22.5, "axis": "x", "origin": [0.46967, 11.30448, 7.20751]},
			"faces": {
				"east": {"uv": [0.25, 0, 0, 0.75], "rotation": 270, "texture": "#missing"},
				"west": {"uv": [10.25, 0.5, 10.75, 2], "rotation": 90, "texture": "#0"},
				"down": {"uv": [11.25, 2, 10.75, 0.5], "texture": "#0"}
			}
		},
		{
			"from": [8.79449, -0.30248, -0.02833],
			"to": [11.79049, 0.69352, 0.96767],
			"rotation": {"angle": 22.5, "axis": "z", "origin": [8.79249, 4.69552, 0.46967]},
			"faces": {
				"north": {"uv": [10.75, 0.5, 10.25, 2], "rotation": 90, "texture": "#0"},
				"south": {"uv": [0, 0, 0.25, 0.75], "rotation": 270, "texture": "#missing"},
				"up": {"uv": [11.25, 0.5, 10.75, 2], "rotation": 90, "texture": "#0"}
			}
		},
		{
			"from": [12.61336, 0.004, 0.55769],
			"to": [14.73636, 1.002, 1.80569],
			"rotation": {"angle": -45, "axis": "y", "origin": [14.23736, 0.503, 2.55669]},
			"faces": {
				"east": {"uv": [0, 0, 0.25, 0.3125], "rotation": 270, "texture": "#missing"},
				"west": {"uv": [0, 0, 0.25, 0.3125], "rotation": 90, "texture": "#missing"},
				"up": {"uv": [0, 0, 0.53125, 0.3125], "rotation": 180, "texture": "#missing"},
				"down": {"uv": [12.25, 0, 11.75, 1], "rotation": 90, "texture": "#0"}
			}
		},
		{
			"from": [12.11136, 0.002, 1.80569],
			"to": [15.23836, 1.004, 3.05769],
			"rotation": {"angle": -45, "axis": "y", "origin": [14.23736, 0.503, 2.55669]},
			"faces": {
				"north": {"uv": [0, 0, 0.25, 0.78125], "rotation": 90, "texture": "#missing"},
				"east": {"uv": [0, 0, 0.25, 0.3125], "rotation": 270, "texture": "#missing"},
				"south": {"uv": [14.25, 0.5, 13.75, 2], "rotation": 90, "texture": "#0"},
				"west": {"uv": [0, 0, 0.25, 0.3125], "rotation": 90, "texture": "#missing"},
				"up": {"uv": [0, 0, 0.78125, 0.3125], "rotation": 180, "texture": "#missing"},
				"down": {"uv": [12.75, 0, 12.25, 1.5], "rotation": 90, "texture": "#0"}
			}
		},
		{
			"from": [15.33573, 0.004, 4.21212],
			"to": [16.33173, 1, 7.20812],
			"rotation": {"angle": 22.5, "axis": "y", "origin": [11.33373, 0.502, 7.21012]},
			"faces": {
				"north": {"uv": [0, 0, 0.25, 0.25], "rotation": 90, "texture": "#missing"},
				"east": {"uv": [0, 0, 0.25, 0.75], "rotation": 270, "texture": "#missing"},
				"south": {"uv": [0, 0, 0.25, 0.25], "rotation": 90, "texture": "#missing"},
				"west": {"uv": [13.25, 0, 12.75, 1.5], "rotation": 90, "texture": "#0"},
				"up": {"uv": [0, 0, 0.25, 0.75], "rotation": 180, "texture": "#missing"},
				"down": {"uv": [11.75, 2, 11.25, 0.5], "texture": "#0"}
			}
		},
		{
			"from": [10.32322, 0, -0.03033],
			"to": [14.32322, 1, 0.96967],
			"rotation": {"angle": 0, "axis": "y", "origin": [14.82322, 3, 0.46967]},
			"faces": {
				"north": {"uv": [9.25, 0.5, 11.25, 0], "texture": "#0"},
				"west": {"uv": [11.25, 0.5, 11.75, 0], "texture": "#0"},
				"down": {"uv": [13.75, 0.5, 15.75, 0], "texture": "#0"}
			}
		},
		{
			"from": [14.32322, 0, -0.03033],
			"to": [15.32322, 5, 0.96967],
			"rotation": {"angle": 0, "axis": "y", "origin": [14.82322, 3, 0.46967]},
			"faces": {
				"north": {"uv": [8.25, 3, 8.75, 0.5], "texture": "#0"},
				"south": {"uv": [0, 0, 0.25, 1.25], "texture": "#missing"},
				"up": {"uv": [8.25, 0.5, 8.75, 0], "texture": "#0"},
				"down": {"uv": [8.25, 0.5, 8.75, 0], "texture": "#0"}
			}
		},
		{
			"from": [14.749, -0.001, -0.001],
			"to": [15.751, 5.001, 1.001],
			"rotation": {"angle": 45, "axis": "y", "origin": [15.5, 1, 0.5]},
			"faces": {
				"east": {"uv": [7.75, 3, 8.25, 0.5], "texture": "#0"},
				"west": {"uv": [0, 0, 0.25, 1.25], "texture": "#missing"},
				"up": {"uv": [8.25, 0.5, 7.75, 0], "texture": "#0"},
				"down": {"uv": [7.75, 0.5, 8.25, 0], "texture": "#0"}
			}
		},
		{
			"from": [12.7053, 1.09258, -0.02933],
			"to": [14.9533, 3.09058, 0.96867],
			"rotation": {"angle": -45, "axis": "z", "origin": [13.2043, 2.09158, 0.46967]},
			"faces": {
				"north": {"uv": [10.25, 0.5, 9.25, 1.625], "rotation": 90, "texture": "#0"},
				"south": {"uv": [0, 0, 0.5, 0.5625], "rotation": 270, "texture": "#missing"},
				"west": {"uv": [11.25, 1.625, 11.75, 0.5], "texture": "#0"}
			}
		},
		{
			"from": [8.79188, 0.004, -0.33173],
			"to": [11.78788, 1, 0.66427],
			"rotation": {"angle": -22.5, "axis": "y", "origin": [8.78988, 0.498, 4.66627]},
			"faces": {
				"north": {"uv": [0.5, 0.75, 0.25, 1.5], "rotation": 270, "texture": "#missing"},
				"east": {"uv": [0.5, 0.25, 0.25, 0.5], "rotation": 90, "texture": "#missing"},
				"south": {"uv": [13.75, 0, 13.25, 1.5], "rotation": 90, "texture": "#0"},
				"west": {"uv": [0.5, 0.25, 0.25, 0.5], "rotation": 90, "texture": "#missing"},
				"up": {"uv": [0.25, 0, 0, 0.75], "rotation": 270, "texture": "#missing"},
				"down": {"uv": [11.75, 0.5, 11.25, 2], "rotation": 90, "texture": "#0"}
			}
		},
		{
			"from": [15.03033, 0, 0.67678],
			"to": [16.03033, 5, 1.67678],
			"rotation": {"angle": 0, "axis": "y", "origin": [15.53033, 3, 1.17678]},
			"faces": {
				"east": {"uv": [8.75, 3, 8.25, 0.5], "texture": "#0"},
				"west": {"uv": [0.25, 0, 0, 1.25], "texture": "#missing"},
				"up": {"uv": [8.25, 0.5, 8.75, 0], "rotation": 90, "texture": "#0"},
				"down": {"uv": [8.25, 0, 8.75, 0.5], "rotation": 90, "texture": "#0"}
			}
		},
		{
			"from": [15.03033, 0, 1.67678],
			"to": [16.03033, 1, 5.67678],
			"rotation": {"angle": 0, "axis": "y", "origin": [15.53033, 3, 1.17678]},
			"faces": {
				"east": {"uv": [11.25, 0.5, 9.25, 0], "texture": "#0"},
				"south": {"uv": [11.75, 0.5, 11.25, 0], "texture": "#0"},
				"down": {"uv": [13.75, 0, 15.75, 0.5], "rotation": 90, "texture": "#0"}
			}
		},
		{
			"from": [15.03133, 1.09258, 1.0467],
			"to": [16.02933, 3.09058, 3.2947],
			"rotation": {"angle": -45, "axis": "x", "origin": [15.53033, 2.09158, 2.7957]},
			"faces": {
				"east": {"uv": [10.25, 1.625, 9.25, 0.5], "rotation": 90, "texture": "#0"},
				"south": {"uv": [11.75, 1.625, 11.25, 0.5], "texture": "#0"},
				"west": {"uv": [0, 0.5625, 0.5, 0], "rotation": 270, "texture": "#missing"}
			}
		},
		{
			"from": [15.03233, -0.30248, 4.20951],
			"to": [16.02833, 0.69352, 7.20551],
			"rotation": {"angle": 22.5, "axis": "x", "origin": [15.53033, 4.69552, 7.20751]},
			"faces": {
				"east": {"uv": [10.75, 2, 10.25, 0.5], "rotation": 90, "texture": "#0"},
				"west": {"uv": [0, 0.75, 0.25, 0], "rotation": 270, "texture": "#missing"},
				"up": {"uv": [10.75, 0.5, 11.25, 2], "texture": "#0"}
			}
		},
		{
			"from": [-0.02833, -0.30248, 4.20951],
			"to": [0.96767, 0.69352, 7.20551],
			"rotation": {"angle": 22.5, "axis": "x", "origin": [0.46967, 4.69552, 7.20751]},
			"faces": {
				"east": {"uv": [0, 0, 0.25, 0.75], "rotation": 270, "texture": "#missing"},
				"west": {"uv": [10.75, 0.5, 10.25, 2], "rotation": 90, "texture": "#0"},
				"up": {"uv": [11.25, 0.5, 10.75, 2], "texture": "#0"}
			}
		},
		{
			"from": [-0.02933, 1.09258, 1.0467],
			"to": [0.96867, 3.09058, 3.2947],
			"rotation": {"angle": -45, "axis": "x", "origin": [0.46967, 2.09158, 2.7957]},
			"faces": {
				"east": {"uv": [0, 0, 0.5, 0.5625], "rotation": 270, "texture": "#missing"},
				"south": {"uv": [11.25, 1.625, 11.75, 0.5], "texture": "#0"},
				"west": {"uv": [10.25, 0.5, 9.25, 1.625], "rotation": 90, "texture": "#0"}
			}
		},
		{
			"from": [-0.02833, 2.002, 0.67878],
			"to": [0.96767, 4.998, 1.67478],
			"rotation": {"angle": -22.5, "axis": "x", "origin": [0.46967, 5, 1.67678]},
			"faces": {
				"east": {"uv": [0, 0, 0.75, 0.25], "rotation": 270, "texture": "#missing"},
				"south": {"uv": [11.25, 0.5, 10.75, 2], "texture": "#0"},
				"west": {"uv": [10.25, 0.5, 10.75, 2], "texture": "#0"}
			}
		},
		{
			"from": [-0.03033, 0, 1.67678],
			"to": [0.96967, 1, 5.67678],
			"rotation": {"angle": 0, "axis": "y", "origin": [0.46967, 3, 1.17678]},
			"faces": {
				"south": {"uv": [11.25, 0.5, 11.75, 0], "texture": "#0"},
				"west": {"uv": [9.25, 0.5, 11.25, 0], "texture": "#0"},
				"down": {"uv": [13.75, 0.5, 15.75, 0], "rotation": 90, "texture": "#0"}
			}
		},
		{
			"from": [-0.03033, 0, 0.67678],
			"to": [0.96967, 5, 1.67678],
			"rotation": {"angle": 0, "axis": "y", "origin": [0.46967, 3, 1.17678]},
			"faces": {
				"east": {"uv": [0, 0, 0.25, 1.25], "texture": "#missing"},
				"west": {"uv": [8.25, 3, 8.75, 0.5], "texture": "#0"},
				"up": {"uv": [8.25, 0, 8.75, 0.5], "rotation": 90, "texture": "#0"},
				"down": {"uv": [8.25, 0.5, 8.75, 0], "rotation": 90, "texture": "#0"}
			}
		},
		{
			"from": [4.21212, 0.004, -0.33173],
			"to": [7.20812, 1, 0.66427],
			"rotation": {"angle": 22.5, "axis": "y", "origin": [7.21012, 0.498, 4.66627]},
			"faces": {
				"north": {"uv": [0.5, 1.5, 0.25, 0.75], "rotation": 270, "texture": "#missing"},
				"east": {"uv": [0.5, 0.5, 0.25, 0.25], "rotation": 90, "texture": "#missing"},
				"south": {"uv": [13.75, 1.5, 13.25, 0], "rotation": 90, "texture": "#0"},
				"west": {"uv": [0.5, 0.5, 0.25, 0.25], "rotation": 90, "texture": "#missing"},
				"up": {"uv": [0.25, 0.75, 0, 0], "rotation": 270, "texture": "#missing"},
				"down": {"uv": [11.75, 2, 11.25, 0.5], "rotation": 90, "texture": "#0"}
			}
		},
		{
			"from": [1.0467, 1.09258, -0.02933],
			"to": [3.2947, 3.09058, 0.96867],
			"rotation": {"angle": 45, "axis": "z", "origin": [2.7957, 2.09158, 0.46967]},
			"faces": {
				"north": {"uv": [10.25, 1.625, 9.25, 0.5], "rotation": 90, "texture": "#0"},
				"east": {"uv": [11.75, 1.625, 11.25, 0.5], "texture": "#0"},
				"south": {"uv": [0, 0.5625, 0.5, 0], "rotation": 270, "texture": "#missing"}
			}
		},
		{
			"from": [0.249, -0.001, -0.001],
			"to": [1.251, 5.001, 1.001],
			"rotation": {"angle": -45, "axis": "y", "origin": [0.5, 1, 0.5]},
			"faces": {
				"east": {"uv": [0.25, 0, 0, 1.25], "texture": "#missing"},
				"west": {"uv": [8.25, 3, 7.75, 0.5], "texture": "#0"},
				"up": {"uv": [7.75, 0.5, 8.25, 0], "texture": "#0"},
				"down": {"uv": [8.25, 0.5, 7.75, 0], "texture": "#0"}
			}
		},
		{
			"from": [0.67678, 0, -0.03033],
			"to": [1.67678, 5, 0.96967],
			"rotation": {"angle": 0, "axis": "y", "origin": [1.17678, 3, 0.46967]},
			"faces": {
				"north": {"uv": [8.75, 3, 8.25, 0.5], "texture": "#0"},
				"south": {"uv": [0.25, 0, 0, 1.25], "texture": "#missing"},
				"up": {"uv": [8.75, 0.5, 8.25, 0], "texture": "#0"},
				"down": {"uv": [8.75, 0.5, 8.25, 0], "texture": "#0"}
			}
		},
		{
			"from": [1.67678, 0, -0.03033],
			"to": [5.67678, 1, 0.96967],
			"rotation": {"angle": 0, "axis": "y", "origin": [1.17678, 3, 0.46967]},
			"faces": {
				"north": {"uv": [11.25, 0.5, 9.25, 0], "texture": "#0"},
				"east": {"uv": [11.75, 0.5, 11.25, 0], "texture": "#0"},
				"down": {"uv": [15.75, 0.5, 13.75, 0], "texture": "#0"}
			}
		},
		{
			"from": [-0.33173, 0.004, 4.21212],
			"to": [0.66427, 1, 7.20812],
			"rotation": {"angle": -22.5, "axis": "y", "origin": [4.66627, 0.502, 7.21012]},
			"faces": {
				"north": {"uv": [0, 0.25, 0.25, 0], "rotation": 90, "texture": "#missing"},
				"east": {"uv": [13.25, 1.5, 12.75, 0], "rotation": 90, "texture": "#0"},
				"south": {"uv": [0, 0.25, 0.25, 0], "rotation": 90, "texture": "#missing"},
				"west": {"uv": [0, 0.75, 0.25, 0], "rotation": 270, "texture": "#missing"},
				"up": {"uv": [0.25, 0, 0, 0.75], "rotation": 180, "texture": "#missing"},
				"down": {"uv": [11.25, 2, 11.75, 0.5], "texture": "#0"}
			}
		},
		{
			"from": [0.76164, 0.002, 1.80569],
			"to": [3.88864, 1.004, 3.05769],
			"rotation": {"angle": 45, "axis": "y", "origin": [1.76264, 0.503, 2.55669]},
			"faces": {
				"north": {"uv": [0, 0.78125, 0.25, 0], "rotation": 90, "texture": "#missing"},
				"east": {"uv": [0, 0.3125, 0.25, 0], "rotation": 90, "texture": "#missing"},
				"south": {"uv": [14.25, 2, 13.75, 0.5], "rotation": 90, "texture": "#0"},
				"west": {"uv": [0, 0.3125, 0.25, 0], "rotation": 270, "texture": "#missing"},
				"up": {"uv": [0.78125, 0, 0, 0.3125], "rotation": 180, "texture": "#missing"},
				"down": {"uv": [12.75, 1.5, 12.25, 0], "rotation": 90, "texture": "#0"}
			}
		},
		{
			"from": [1.26364, 0.004, 0.55769],
			"to": [3.38664, 1.002, 1.80569],
			"rotation": {"angle": 45, "axis": "y", "origin": [1.76264, 0.503, 2.55669]},
			"faces": {
				"east": {"uv": [0, 0.3125, 0.25, 0], "rotation": 90, "texture": "#missing"},
				"west": {"uv": [0, 0.3125, 0.25, 0], "rotation": 270, "texture": "#missing"},
				"up": {"uv": [0.53125, 0, 0, 0.3125], "rotation": 180, "texture": "#missing"},
				"down": {"uv": [12.25, 1, 11.75, 0], "rotation": 90, "texture": "#0"}
			}
		},
		{
			"from": [4.20951, -0.30248, -0.02833],
			"to": [7.20551, 0.69352, 0.96767],
			"rotation": {"angle": -22.5, "axis": "z", "origin": [7.20751, 4.69552, 0.46967]},
			"faces": {
				"north": {"uv": [10.75, 2, 10.25, 0.5], "rotation": 90, "texture": "#0"},
				"south": {"uv": [0, 0.75, 0.25, 0], "rotation": 270, "texture": "#missing"},
				"up": {"uv": [11.25, 2, 10.75, 0.5], "rotation": 90, "texture": "#0"}
			}
		},
		{
			"from": [0.67878, 2.002, -0.02833],
			"to": [1.67478, 4.998, 0.96767],
			"rotation": {"angle": 22.5, "axis": "z", "origin": [1.67678, 5, 0.46967]},
			"faces": {
				"north": {"uv": [10.75, 0.5, 10.25, 2], "texture": "#0"},
				"east": {"uv": [10.75, 0.5, 11.25, 2], "texture": "#0"},
				"south": {"uv": [0, 0.25, 0.75, 0], "rotation": 270, "texture": "#missing"}
			}
		},
		{
			"from": [14.32522, 2.002, -0.02833],
			"to": [15.32122, 4.998, 0.96767],
			"rotation": {"angle": -22.5, "axis": "z", "origin": [14.32322, 5, 0.46967]},
			"faces": {
				"north": {"uv": [10.25, 0.5, 10.75, 2], "texture": "#0"},
				"south": {"uv": [0, 0, 0.75, 0.25], "rotation": 270, "texture": "#missing"},
				"west": {"uv": [11.25, 0.5, 10.75, 2], "texture": "#0"}
			}
		},
		{
			"from": [15.03233, 2.002, 0.67878],
			"to": [16.02833, 4.998, 1.67478],
			"rotation": {"angle": -22.5, "axis": "x", "origin": [15.53033, 5, 1.67678]},
			"faces": {
				"east": {"uv": [10.75, 0.5, 10.25, 2], "texture": "#0"},
				"south": {"uv": [10.75, 0.5, 11.25, 2], "texture": "#0"},
				"west": {"uv": [0, 0.25, 0.75, 0], "rotation": 270, "texture": "#missing"}
			}
		},
		{
			"from": [8.79449, -0.30248, 15.03233],
			"to": [11.79049, 0.69352, 16.02833],
			"rotation": {"angle": 22.5, "axis": "z", "origin": [8.79249, 4.69552, 15.53033]},
			"faces": {
				"north": {"uv": [0, 0.75, 0.25, 0], "rotation": 270, "texture": "#missing"},
				"south": {"uv": [10.75, 2, 10.25, 0.5], "rotation": 90, "texture": "#0"},
				"up": {"uv": [10.75, 0.5, 11.25, 2], "rotation": 90, "texture": "#0"}
			}
		},
		{
			"from": [12.61336, 0.004, 14.19431],
			"to": [14.73636, 1.002, 15.44231],
			"rotation": {"angle": 45, "axis": "y", "origin": [14.23736, 0.503, 13.44331]},
			"faces": {
				"east": {"uv": [0, 0.3125, 0.25, 0], "rotation": 270, "texture": "#missing"},
				"west": {"uv": [0, 0.3125, 0.25, 0], "rotation": 90, "texture": "#missing"},
				"up": {"uv": [0, 0.3125, 0.53125, 0], "rotation": 180, "texture": "#missing"},
				"down": {"uv": [11.75, 0, 12.25, 1], "rotation": 90, "texture": "#0"}
			}
		},
		{
			"from": [12.11136, 0.002, 12.94231],
			"to": [15.23836, 1.004, 14.19431],
			"rotation": {"angle": 45, "axis": "y", "origin": [14.23736, 0.503, 13.44331]},
			"faces": {
				"north": {"uv": [14.25, 2, 13.75, 0.5], "rotation": 90, "texture": "#0"},
				"east": {"uv": [0, 0.3125, 0.25, 0], "rotation": 270, "texture": "#missing"},
				"south": {"uv": [0, 0.78125, 0.25, 0], "rotation": 90, "texture": "#missing"},
				"west": {"uv": [0, 0.3125, 0.25, 0], "rotation": 90, "texture": "#missing"},
				"up": {"uv": [0, 0.3125, 0.78125, 0], "rotation": 180, "texture": "#missing"},
				"down": {"uv": [12.25, 0, 12.75, 1.5], "rotation": 90, "texture": "#0"}
			}
		},
		{
			"from": [15.33573, 0.004, 8.79188],
			"to": [16.33173, 1, 11.78788],
			"rotation": {"angle": -22.5, "axis": "y", "origin": [11.33373, 0.502, 8.78988]},
			"faces": {
				"north": {"uv": [0, 0.25, 0.25, 0], "rotation": 90, "texture": "#missing"},
				"east": {"uv": [0, 0.75, 0.25, 0], "rotation": 270, "texture": "#missing"},
				"south": {"uv": [0, 0.25, 0.25, 0], "rotation": 90, "texture": "#missing"},
				"west": {"uv": [13.25, 1.5, 12.75, 0], "rotation": 90, "texture": "#0"},
				"up": {"uv": [0, 0.75, 0.25, 0], "rotation": 180, "texture": "#missing"},
				"down": {"uv": [11.75, 0.5, 11.25, 2], "texture": "#0"}
			}
		},
		{
			"from": [10.32322, 0, 15.03033],
			"to": [14.32322, 1, 16.03033],
			"rotation": {"angle": 0, "axis": "y", "origin": [14.82322, 3, 15.53033]},
			"faces": {
				"south": {"uv": [11.25, 0.5, 9.25, 0], "texture": "#0"},
				"west": {"uv": [11.75, 0.5, 11.25, 0], "texture": "#0"},
				"down": {"uv": [13.75, 0, 15.75, 0.5], "texture": "#0"}
			}
		},
		{
			"from": [14.32322, 0, 15.03033],
			"to": [15.32322, 5, 16.03033],
			"rotation": {"angle": 0, "axis": "y", "origin": [14.82322, 3, 15.53033]},
			"faces": {
				"north": {"uv": [0.25, 0, 0, 1.25], "texture": "#missing"},
				"south": {"uv": [8.75, 3, 8.25, 0.5], "texture": "#0"},
				"up": {"uv": [8.25, 0, 8.75, 0.5], "texture": "#0"},
				"down": {"uv": [8.25, 0, 8.75, 0.5], "texture": "#0"}
			}
		},
		{
			"from": [14.749, -0.001, 14.999],
			"to": [15.751, 5.001, 16.001],
			"rotation": {"angle": -45, "axis": "y", "origin": [15.5, 1, 15.5]},
			"faces": {
				"east": {"uv": [8.25, 3, 7.75, 0.5], "texture": "#0"},
				"west": {"uv": [0.25, 0, 0, 1.25], "texture": "#missing"},
				"up": {"uv": [8.25, 0, 7.75, 0.5], "texture": "#0"},
				"down": {"uv": [7.75, 0, 8.25, 0.5], "texture": "#0"}
			}
		},
		{
			"from": [12.7053, 1.09258, 15.03133],
			"to": [14.9533, 3.09058, 16.02933],
			"rotation": {"angle": -45, "axis": "z", "origin": [13.2043, 2.09158, 15.53033]},
			"faces": {
				"north": {"uv": [0, 0.5625, 0.5, 0], "rotation": 270, "texture": "#missing"},
				"south": {"uv": [10.25, 1.625, 9.25, 0.5], "rotation": 90, "texture": "#0"},
				"west": {"uv": [11.75, 1.625, 11.25, 0.5], "texture": "#0"}
			}
		},
		{
			"from": [8.79188, 0.004, 15.33573],
			"to": [11.78788, 1, 16.33173],
			"rotation": {"angle": 22.5, "axis": "y", "origin": [8.78988, 0.498, 11.33373]},
			"faces": {
				"north": {"uv": [13.75, 1.5, 13.25, 0], "rotation": 90, "texture": "#0"},
				"east": {"uv": [0.5, 0.5, 0.25, 0.25], "rotation": 90, "texture": "#missing"},
				"south": {"uv": [0.5, 1.5, 0.25, 0.75], "rotation": 270, "texture": "#missing"},
				"west": {"uv": [0.5, 0.5, 0.25, 0.25], "rotation": 90, "texture": "#missing"},
				"up": {"uv": [0, 0, 0.25, 0.75], "rotation": 270, "texture": "#missing"},
				"down": {"uv": [11.25, 0.5, 11.75, 2], "rotation": 90, "texture": "#0"}
			}
		},
		{
			"from": [15.03033, 0, 14.32322],
			"to": [16.03033, 5, 15.32322],
			"rotation": {"angle": 0, "axis": "y", "origin": [15.53033, 3, 14.82322]},
			"faces": {
				"east": {"uv": [8.25, 3, 8.75, 0.5], "texture": "#0"},
				"west": {"uv": [0, 0, 0.25, 1.25], "texture": "#missing"},
				"up": {"uv": [8.75, 0.5, 8.25, 0], "rotation": 90, "texture": "#0"},
				"down": {"uv": [8.75, 0, 8.25, 0.5], "rotation": 90, "texture": "#0"}
			}
		},
		{
			"from": [15.03033, 0, 10.32322],
			"to": [16.03033, 1, 14.32322],
			"rotation": {"angle": 0, "axis": "y", "origin": [15.53033, 3, 14.82322]},
			"faces": {
				"north": {"uv": [11.25, 0.5, 11.75, 0], "texture": "#0"},
				"east": {"uv": [9.25, 0.5, 11.25, 0], "texture": "#0"},
				"down": {"uv": [15.75, 0, 13.75, 0.5], "rotation": 90, "texture": "#0"}
			}
		},
		{
			"from": [15.03133, 1.09258, 12.7053],
			"to": [16.02933, 3.09058, 14.9533],
			"rotation": {"angle": 45, "axis": "x", "origin": [15.53033, 2.09158, 13.2043]},
			"faces": {
				"north": {"uv": [11.25, 1.625, 11.75, 0.5], "texture": "#0"},
				"east": {"uv": [10.25, 0.5, 9.25, 1.625], "rotation": 90, "texture": "#0"},
				"west": {"uv": [0, 0, 0.5, 0.5625], "rotation": 270, "texture": "#missing"}
			}
		},
		{
			"from": [15.03233, -0.30248, 8.79449],
			"to": [16.02833, 0.69352, 11.79049],
			"rotation": {"angle": -22.5, "axis": "x", "origin": [15.53033, 4.69552, 8.79249]},
			"faces": {
				"east": {"uv": [10.75, 0.5, 10.25, 2], "rotation": 90, "texture": "#0"},
				"west": {"uv": [0, 0, 0.25, 0.75], "rotation": 270, "texture": "#missing"},
				"up": {"uv": [10.75, 2, 11.25, 0.5], "texture": "#0"}
			}
		},
		{
			"from": [-0.02833, -0.30248, 8.79449],
			"to": [0.96767, 0.69352, 11.79049],
			"rotation": {"angle": -22.5, "axis": "x", "origin": [0.46967, 4.69552, 8.79249]},
			"faces": {
				"east": {"uv": [0, 0.75, 0.25, 0], "rotation": 270, "texture": "#missing"},
				"west": {"uv": [10.75, 2, 10.25, 0.5], "rotation": 90, "texture": "#0"},
				"up": {"uv": [11.25, 2, 10.75, 0.5], "texture": "#0"}
			}
		},
		{
			"from": [-0.02933, 1.09258, 12.7053],
			"to": [0.96867, 3.09058, 14.9533],
			"rotation": {"angle": 45, "axis": "x", "origin": [0.46967, 2.09158, 13.2043]},
			"faces": {
				"north": {"uv": [11.75, 1.625, 11.25, 0.5], "texture": "#0"},
				"east": {"uv": [0, 0.5625, 0.5, 0], "rotation": 270, "texture": "#missing"},
				"west": {"uv": [10.25, 1.625, 9.25, 0.5], "rotation": 90, "texture": "#0"}
			}
		},
		{
			"from": [-0.02833, 2.002, 14.32522],
			"to": [0.96767, 4.998, 15.32122],
			"rotation": {"angle": 22.5, "axis": "x", "origin": [0.46967, 5, 14.32322]},
			"faces": {
				"north": {"uv": [10.75, 0.5, 11.25, 2], "texture": "#0"},
				"east": {"uv": [0, 0.25, 0.75, 0], "rotation": 270, "texture": "#missing"},
				"west": {"uv": [10.75, 0.5, 10.25, 2], "texture": "#0"}
			}
		},
		{
			"from": [-0.03033, 0, 10.32322],
			"to": [0.96967, 1, 14.32322],
			"rotation": {"angle": 0, "axis": "y", "origin": [0.46967, 3, 14.82322]},
			"faces": {
				"north": {"uv": [11.75, 0.5, 11.25, 0], "texture": "#0"},
				"west": {"uv": [11.25, 0.5, 9.25, 0], "texture": "#0"},
				"down": {"uv": [15.75, 0.5, 13.75, 0], "rotation": 90, "texture": "#0"}
			}
		},
		{
			"from": [-0.03033, 0, 14.32322],
			"to": [0.96967, 5, 15.32322],
			"rotation": {"angle": 0, "axis": "y", "origin": [0.46967, 3, 14.82322]},
			"faces": {
				"east": {"uv": [0.25, 0, 0, 1.25], "texture": "#missing"},
				"west": {"uv": [8.75, 3, 8.25, 0.5], "texture": "#0"},
				"up": {"uv": [8.75, 0, 8.25, 0.5], "rotation": 90, "texture": "#0"},
				"down": {"uv": [8.75, 0.5, 8.25, 0], "rotation": 90, "texture": "#0"}
			}
		},
		{
			"from": [4.21212, 0.004, 15.33573],
			"to": [7.20812, 1, 16.33173],
			"rotation": {"angle": -22.5, "axis": "y", "origin": [7.21012, 0.498, 11.33373]},
			"faces": {
				"north": {"uv": [13.75, 0, 13.25, 1.5], "rotation": 90, "texture": "#0"},
				"east": {"uv": [0.5, 0.25, 0.25, 0.5], "rotation": 90, "texture": "#missing"},
				"south": {"uv": [0.5, 0.75, 0.25, 1.5], "rotation": 270, "texture": "#missing"},
				"west": {"uv": [0.5, 0.25, 0.25, 0.5], "rotation": 90, "texture": "#missing"},
				"up": {"uv": [0, 0.75, 0.25, 0], "rotation": 270, "texture": "#missing"},
				"down": {"uv": [11.25, 2, 11.75, 0.5], "rotation": 90, "texture": "#0"}
			}
		},
		{
			"from": [1.0467, 1.09258, 15.03133],
			"to": [3.2947, 3.09058, 16.02933],
			"rotation": {"angle": 45, "axis": "z", "origin": [2.7957, 2.09158, 15.53033]},
			"faces": {
				"north": {"uv": [0, 0, 0.5, 0.5625], "rotation": 270, "texture": "#missing"},
				"east": {"uv": [11.25, 1.625, 11.75, 0.5], "texture": "#0"},
				"south": {"uv": [10.25, 0.5, 9.25, 1.625], "rotation": 90, "texture": "#0"}
			}
		},
		{
			"from": [0.249, -0.001, 14.999],
			"to": [1.251, 5.001, 16.001],
			"rotation": {"angle": 45, "axis": "y", "origin": [0.5, 1, 15.5]},
			"faces": {
				"east": {"uv": [0, 0, 0.25, 1.25], "texture": "#missing"},
				"west": {"uv": [7.75, 3, 8.25, 0.5], "texture": "#0"},
				"up": {"uv": [7.75, 0, 8.25, 0.5], "texture": "#0"},
				"down": {"uv": [8.25, 0, 7.75, 0.5], "texture": "#0"}
			}
		},
		{
			"from": [0.67678, 0, 15.03033],
			"to": [1.67678, 5, 16.03033],
			"rotation": {"angle": 0, "axis": "y", "origin": [1.17678, 3, 15.53033]},
			"faces": {
				"north": {"uv": [0, 0, 0.25, 1.25], "texture": "#missing"},
				"south": {"uv": [8.25, 3, 8.75, 0.5], "texture": "#0"},
				"up": {"uv": [8.75, 0, 8.25, 0.5], "texture": "#0"},
				"down": {"uv": [8.75, 0, 8.25, 0.5], "texture": "#0"}
			}
		},
		{
			"from": [1.67678, 0, 15.03033],
			"to": [5.67678, 1, 16.03033],
			"rotation": {"angle": 0, "axis": "y", "origin": [1.17678, 3, 15.53033]},
			"faces": {
				"east": {"uv": [11.25, 0.5, 11.75, 0], "texture": "#0"},
				"south": {"uv": [9.25, 0.5, 11.25, 0], "texture": "#0"},
				"down": {"uv": [15.75, 0, 13.75, 0.5], "texture": "#0"}
			}
		},
		{
			"from": [-0.33173, 0.004, 8.79188],
			"to": [0.66427, 1, 11.78788],
			"rotation": {"angle": 22.5, "axis": "y", "origin": [4.66627, 0.502, 8.78988]},
			"faces": {
				"north": {"uv": [0, 0, 0.25, 0.25], "rotation": 90, "texture": "#missing"},
				"east": {"uv": [13.25, 0, 12.75, 1.5], "rotation": 90, "texture": "#0"},
				"south": {"uv": [0, 0, 0.25, 0.25], "rotation": 90, "texture": "#missing"},
				"west": {"uv": [0, 0, 0.25, 0.75], "rotation": 270, "texture": "#missing"},
				"up": {"uv": [0.25, 0.75, 0, 0], "rotation": 180, "texture": "#missing"},
				"down": {"uv": [11.25, 0.5, 11.75, 2], "texture": "#0"}
			}
		},
		{
			"from": [0.76164, 0.002, 12.94231],
			"to": [3.88864, 1.004, 14.19431],
			"rotation": {"angle": -45, "axis": "y", "origin": [1.76264, 0.503, 13.44331]},
			"faces": {
				"north": {"uv": [14.25, 0.5, 13.75, 2], "rotation": 90, "texture": "#0"},
				"east": {"uv": [0, 0, 0.25, 0.3125], "rotation": 90, "texture": "#missing"},
				"south": {"uv": [0, 0, 0.25, 0.78125], "rotation": 90, "texture": "#missing"},
				"west": {"uv": [0, 0, 0.25, 0.3125], "rotation": 270, "texture": "#missing"},
				"up": {"uv": [0.78125, 0.3125, 0, 0], "rotation": 180, "texture": "#missing"},
				"down": {"uv": [12.25, 1.5, 12.75, 0], "rotation": 90, "texture": "#0"}
			}
		},
		{
			"from": [1.26364, 0.004, 14.19431],
			"to": [3.38664, 1.002, 15.44231],
			"rotation": {"angle": -45, "axis": "y", "origin": [1.76264, 0.503, 13.44331]},
			"faces": {
				"east": {"uv": [0, 0, 0.25, 0.3125], "rotation": 90, "texture": "#missing"},
				"west": {"uv": [0, 0, 0.25, 0.3125], "rotation": 270, "texture": "#missing"},
				"up": {"uv": [0.53125, 0.3125, 0, 0], "rotation": 180, "texture": "#missing"},
				"down": {"uv": [11.75, 1, 12.25, 0], "rotation": 90, "texture": "#0"}
			}
		},
		{
			"from": [4.20951, -0.30248, 15.03233],
			"to": [7.20551, 0.69352, 16.02833],
			"rotation": {"angle": -22.5, "axis": "z", "origin": [7.20751, 4.69552, 15.53033]},
			"faces": {
				"north": {"uv": [0, 0, 0.25, 0.75], "rotation": 270, "texture": "#missing"},
				"south": {"uv": [10.75, 0.5, 10.25, 2], "rotation": 90, "texture": "#0"},
				"up": {"uv": [10.75, 2, 11.25, 0.5], "rotation": 90, "texture": "#0"}
			}
		},
		{
			"from": [0.67878, 2.002, 15.03233],
			"to": [1.67478, 4.998, 16.02833],
			"rotation": {"angle": 22.5, "axis": "z", "origin": [1.67678, 5, 15.53033]},
			"faces": {
				"north": {"uv": [0, 0, 0.75, 0.25], "rotation": 270, "texture": "#missing"},
				"east": {"uv": [11.25, 0.5, 10.75, 2], "texture": "#0"},
				"south": {"uv": [10.25, 0.5, 10.75, 2], "texture": "#0"}
			}
		},
		{
			"from": [14.32522, 2.002, 15.03233],
			"to": [15.32122, 4.998, 16.02833],
			"rotation": {"angle": -22.5, "axis": "z", "origin": [14.32322, 5, 15.53033]},
			"faces": {
				"north": {"uv": [0, 0.25, 0.75, 0], "rotation": 270, "texture": "#missing"},
				"south": {"uv": [10.75, 0.5, 10.25, 2], "texture": "#0"},
				"west": {"uv": [10.75, 0.5, 11.25, 2], "texture": "#0"}
			}
		},
		{
			"from": [15.03233, 2.002, 14.32522],
			"to": [16.02833, 4.998, 15.32122],
			"rotation": {"angle": 22.5, "axis": "x", "origin": [15.53033, 5, 14.32322]},
			"faces": {
				"north": {"uv": [11.25, 0.5, 10.75, 2], "texture": "#0"},
				"east": {"uv": [10.25, 0.5, 10.75, 2], "texture": "#0"},
				"west": {"uv": [0, 0, 0.75, 0.25], "rotation": 270, "texture": "#missing"}
			}
		},
		{
			"from": [15.03233, 11.002, 14.32522],
			"to": [16.02833, 13.998, 15.32122],
			"rotation": {"angle": -22.5, "axis": "x", "origin": [15.53033, 11, 14.32322]},
			"faces": {
				"north": {"uv": [11.25, 2, 10.75, 0.5], "texture": "#0"},
				"east": {"uv": [10.25, 2, 10.75, 0.5], "texture": "#0"},
				"west": {"uv": [0.75, 0, 0, 0.25], "rotation": 270, "texture": "#missing"}
			}
		},
		{
			"from": [14.32522, 11.002, 15.03233],
			"to": [15.32122, 13.998, 16.02833],
			"rotation": {"angle": 22.5, "axis": "z", "origin": [14.32322, 11, 15.53033]},
			"faces": {
				"north": {"uv": [0.75, 0.25, 0, 0], "rotation": 270, "texture": "#missing"},
				"south": {"uv": [10.75, 2, 10.25, 0.5], "texture": "#0"},
				"west": {"uv": [10.75, 2, 11.25, 0.5], "texture": "#0"}
			}
		},
		{
			"from": [0.67878, 11.002, 15.03233],
			"to": [1.67478, 13.998, 16.02833],
			"rotation": {"angle": -22.5, "axis": "z", "origin": [1.67678, 11, 15.53033]},
			"faces": {
				"north": {"uv": [0.75, 0, 0, 0.25], "rotation": 270, "texture": "#missing"},
				"east": {"uv": [11.25, 2, 10.75, 0.5], "texture": "#0"},
				"south": {"uv": [10.25, 2, 10.75, 0.5], "texture": "#0"}
			}
		},
		{
			"from": [4.20951, 15.30648, 15.03233],
			"to": [7.20551, 16.30248, 16.02833],
			"rotation": {"angle": 22.5, "axis": "z", "origin": [7.20751, 11.30448, 15.53033]},
			"faces": {
				"north": {"uv": [0.25, 0, 0, 0.75], "rotation": 270, "texture": "#missing"},
				"south": {"uv": [10.25, 0.5, 10.75, 2], "rotation": 90, "texture": "#0"},
				"down": {"uv": [11.25, 2, 10.75, 0.5], "rotation": 90, "texture": "#0"}
			}
		},
		{
			"from": [1.26364, 14.998, 14.19431],
			"to": [3.38664, 15.996, 15.44231],
			"rotation": {"angle": -45, "axis": "y", "origin": [1.76264, 15.497, 13.44331]},
			"faces": {
				"east": {"uv": [0.25, 0, 0, 0.3125], "rotation": 90, "texture": "#missing"},
				"west": {"uv": [0.25, 0, 0, 0.3125], "rotation": 270, "texture": "#missing"},
				"up": {"uv": [12.25, 1, 11.75, 0], "rotation": 90, "texture": "#0"},
				"down": {"uv": [0.53125, 0, 0, 0.3125], "rotation": 180, "texture": "#missing"}
			}
		},
		{
			"from": [0.76164, 14.996, 12.94231],
			"to": [3.88864, 15.998, 14.19431],
			"rotation": {"angle": -45, "axis": "y", "origin": [1.76264, 15.497, 13.44331]},
			"faces": {
				"north": {"uv": [13.75, 0.5, 14.25, 2], "rotation": 90, "texture": "#0"},
				"east": {"uv": [0.25, 0, 0, 0.3125], "rotation": 90, "texture": "#missing"},
				"south": {"uv": [0.25, 0, 0, 0.78125], "rotation": 90, "texture": "#missing"},
				"west": {"uv": [0.25, 0, 0, 0.3125], "rotation": 270, "texture": "#missing"},
				"up": {"uv": [12.75, 1.5, 12.25, 0], "rotation": 90, "texture": "#0"},
				"down": {"uv": [0.78125, 0, 0, 0.3125], "rotation": 180, "texture": "#missing"}
			}
		},
		{
			"from": [-0.33173, 15, 8.79188],
			"to": [0.66427, 15.996, 11.78788],
			"rotation": {"angle": 22.5, "axis": "y", "origin": [4.66627, 15.498, 8.78988]},
			"faces": {
				"north": {"uv": [0.25, 0, 0, 0.25], "rotation": 90, "texture": "#missing"},
				"east": {"uv": [12.75, 0, 13.25, 1.5], "rotation": 90, "texture": "#0"},
				"south": {"uv": [0.25, 0, 0, 0.25], "rotation": 90, "texture": "#missing"},
				"west": {"uv": [0.25, 0, 0, 0.75], "rotation": 270, "texture": "#missing"},
				"up": {"uv": [11.25, 2, 11.75, 0.5], "texture": "#0"},
				"down": {"uv": [0.25, 0, 0, 0.75], "rotation": 180, "texture": "#missing"}
			}
		},
		{
			"from": [1.67678, 15, 15.03033],
			"to": [5.67678, 16, 16.03033],
			"rotation": {"angle": 0, "axis": "y", "origin": [1.17678, 13, 15.53033]},
			"faces": {
				"east": {"uv": [11.25, 0, 11.75, 0.5], "texture": "#0"},
				"south": {"uv": [9.25, 0, 11.25, 0.5], "texture": "#0"},
				"up": {"uv": [15.75, 0.5, 13.75, 0], "texture": "#0"}
			}
		},
		{
			"from": [0.67678, 11, 15.03033],
			"to": [1.67678, 16, 16.03033],
			"rotation": {"angle": 0, "axis": "y", "origin": [1.17678, 13, 15.53033]},
			"faces": {
				"north": {"uv": [0, 1.25, 0.25, 0], "texture": "#missing"},
				"south": {"uv": [8.25, 0.5, 8.75, 3], "texture": "#0"},
				"up": {"uv": [8.75, 0.5, 8.25, 0], "texture": "#0"},
				"down": {"uv": [8.75, 0.5, 8.25, 0], "texture": "#0"}
			}
		},
		{
			"from": [0.249, 10.999, 14.999],
			"to": [1.251, 16.001, 16.001],
			"rotation": {"angle": 45, "axis": "y", "origin": [0.5, 15, 15.5]},
			"faces": {
				"east": {"uv": [0, 1.25, 0.25, 0], "texture": "#missing"},
				"west": {"uv": [7.75, 0.5, 8.25, 3], "texture": "#0"},
				"up": {"uv": [8.25, 0.5, 7.75, 0], "texture": "#0"},
				"down": {"uv": [7.75, 0.5, 8.25, 0], "texture": "#0"}
			}
		},
		{
			"from": [1.0467, 12.90942, 15.03133],
			"to": [3.2947, 14.90742, 16.02933],
			"rotation": {"angle": -45, "axis": "z", "origin": [2.7957, 13.90842, 15.53033]},
			"faces": {
				"north": {"uv": [0.5, 0, 0, 0.5625], "rotation": 270, "texture": "#missing"},
				"east": {"uv": [11.25, 0.5, 11.75, 1.625], "texture": "#0"},
				"south": {"uv": [9.25, 0.5, 10.25, 1.625], "rotation": 90, "texture": "#0"}
			}
		},
		{
			"from": [4.21212, 15, 15.33573],
			"to": [7.20812, 15.996, 16.33173],
			"rotation": {"angle": -22.5, "axis": "y", "origin": [7.21012, 15.502, 11.33373]},
			"faces": {
				"north": {"uv": [13.25, 0, 13.75, 1.5], "rotation": 90, "texture": "#0"},
				"east": {"uv": [0.25, 0.25, 0.5, 0.5], "rotation": 90, "texture": "#missing"},
				"south": {"uv": [0.25, 0.75, 0.5, 1.5], "rotation": 270, "texture": "#missing"},
				"west": {"uv": [0.25, 0.25, 0.5, 0.5], "rotation": 90, "texture": "#missing"},
				"up": {"uv": [11.75, 2, 11.25, 0.5], "rotation": 90, "texture": "#0"},
				"down": {"uv": [0.25, 0.75, 0, 0], "rotation": 270, "texture": "#missing"}
			}
		},
		{
			"from": [-0.03033, 11, 14.32322],
			"to": [0.96967, 16, 15.32322],
			"rotation": {"angle": 0, "axis": "y", "origin": [0.46967, 13, 14.82322]},
			"faces": {
				"east": {"uv": [0.25, 1.25, 0, 0], "texture": "#missing"},
				"west": {"uv": [8.75, 0.5, 8.25, 3], "texture": "#0"},
				"up": {"uv": [8.25, 0.5, 8.75, 0], "rotation": 90, "texture": "#0"},
				"down": {"uv": [8.25, 0, 8.75, 0.5], "rotation": 90, "texture": "#0"}
			}
		},
		{
			"from": [-0.03033, 15, 10.32322],
			"to": [0.96967, 16, 14.32322],
			"rotation": {"angle": 0, "axis": "y", "origin": [0.46967, 13, 14.82322]},
			"faces": {
				"north": {"uv": [11.75, 0, 11.25, 0.5], "texture": "#0"},
				"west": {"uv": [11.25, 0, 9.25, 0.5], "texture": "#0"},
				"up": {"uv": [13.75, 0.5, 15.75, 0], "rotation": 90, "texture": "#0"}
			}
		},
		{
			"from": [-0.02833, 11.002, 14.32522],
			"to": [0.96767, 13.998, 15.32122],
			"rotation": {"angle": -22.5, "axis": "x", "origin": [0.46967, 11, 14.32322]},
			"faces": {
				"north": {"uv": [10.75, 2, 11.25, 0.5], "texture": "#0"},
				"east": {"uv": [0.75, 0.25, 0, 0], "rotation": 270, "texture": "#missing"},
				"west": {"uv": [10.75, 2, 10.25, 0.5], "texture": "#0"}
			}
		},
		{
			"from": [-0.02933, 12.90942, 12.7053],
			"to": [0.96867, 14.90742, 14.9533],
			"rotation": {"angle": -45, "axis": "x", "origin": [0.46967, 13.90842, 13.2043]},
			"faces": {
				"north": {"uv": [11.75, 0.5, 11.25, 1.625], "texture": "#0"},
				"east": {"uv": [0.5, 0.5625, 0, 0], "rotation": 270, "texture": "#missing"},
				"west": {"uv": [9.25, 1.625, 10.25, 0.5], "rotation": 90, "texture": "#0"}
			}
		},
		{
			"from": [-0.02833, 15.30648, 8.79449],
			"to": [0.96767, 16.30248, 11.79049],
			"rotation": {"angle": 22.5, "axis": "x", "origin": [0.46967, 11.30448, 8.79249]},
			"faces": {
				"east": {"uv": [0.25, 0.75, 0, 0], "rotation": 270, "texture": "#missing"},
				"west": {"uv": [10.25, 2, 10.75, 0.5], "rotation": 90, "texture": "#0"},
				"down": {"uv": [11.25, 0.5, 10.75, 2], "texture": "#0"}
			}
		},
		{
			"from": [15.03233, 15.30648, 8.79449],
			"to": [16.02833, 16.30248, 11.79049],
			"rotation": {"angle": 22.5, "axis": "x", "origin": [15.53033, 11.30448, 8.79249]},
			"faces": {
				"east": {"uv": [10.25, 0.5, 10.75, 2], "rotation": 90, "texture": "#0"},
				"west": {"uv": [0.25, 0, 0, 0.75], "rotation": 270, "texture": "#missing"},
				"down": {"uv": [10.75, 0.5, 11.25, 2], "texture": "#0"}
			}
		},
		{
			"from": [15.03133, 12.90942, 12.7053],
			"to": [16.02933, 14.90742, 14.9533],
			"rotation": {"angle": -45, "axis": "x", "origin": [15.53033, 13.90842, 13.2043]},
			"faces": {
				"north": {"uv": [11.25, 0.5, 11.75, 1.625], "texture": "#0"},
				"east": {"uv": [9.25, 0.5, 10.25, 1.625], "rotation": 90, "texture": "#0"},
				"west": {"uv": [0.5, 0, 0, 0.5625], "rotation": 270, "texture": "#missing"}
			}
		},
		{
			"from": [15.03033, 15, 10.32322],
			"to": [16.03033, 16, 14.32322],
			"rotation": {"angle": 0, "axis": "y", "origin": [15.53033, 13, 14.82322]},
			"faces": {
				"north": {"uv": [11.25, 0, 11.75, 0.5], "texture": "#0"},
				"east": {"uv": [9.25, 0, 11.25, 0.5], "texture": "#0"},
				"up": {"uv": [13.75, 0, 15.75, 0.5], "rotation": 90, "texture": "#0"}
			}
		},
		{
			"from": [15.03033, 11, 14.32322],
			"to": [16.03033, 16, 15.32322],
			"rotation": {"angle": 0, "axis": "y", "origin": [15.53033, 13, 14.82322]},
			"faces": {
				"east": {"uv": [8.25, 0.5, 8.75, 3], "texture": "#0"},
				"west": {"uv": [0, 1.25, 0.25, 0], "texture": "#missing"},
				"up": {"uv": [8.25, 0, 8.75, 0.5], "rotation": 90, "texture": "#0"},
				"down": {"uv": [8.25, 0.5, 8.75, 0], "rotation": 90, "texture": "#0"}
			}
		},
		{
			"from": [8.79188, 15, 15.33573],
			"to": [11.78788, 15.996, 16.33173],
			"rotation": {"angle": 22.5, "axis": "y", "origin": [8.78988, 15.502, 11.33373]},
			"faces": {
				"north": {"uv": [13.25, 1.5, 13.75, 0], "rotation": 90, "texture": "#0"},
				"east": {"uv": [0.25, 0.5, 0.5, 0.25], "rotation": 90, "texture": "#missing"},
				"south": {"uv": [0.25, 1.5, 0.5, 0.75], "rotation": 270, "texture": "#missing"},
				"west": {"uv": [0.25, 0.5, 0.5, 0.25], "rotation": 90, "texture": "#missing"},
				"up": {"uv": [11.75, 0.5, 11.25, 2], "rotation": 90, "texture": "#0"},
				"down": {"uv": [0.25, 0, 0, 0.75], "rotation": 270, "texture": "#missing"}
			}
		},
		{
			"from": [12.7053, 12.90942, 15.03133],
			"to": [14.9533, 14.90742, 16.02933],
			"rotation": {"angle": 45, "axis": "z", "origin": [13.2043, 13.90842, 15.53033]},
			"faces": {
				"north": {"uv": [0.5, 0.5625, 0, 0], "rotation": 270, "texture": "#missing"},
				"south": {"uv": [9.25, 1.625, 10.25, 0.5], "rotation": 90, "texture": "#0"},
				"west": {"uv": [11.75, 0.5, 11.25, 1.625], "texture": "#0"}
			}
		},
		{
			"from": [14.749, 10.999, 14.999],
			"to": [15.751, 16.001, 16.001],
			"rotation": {"angle": -45, "axis": "y", "origin": [15.5, 15, 15.5]},
			"faces": {
				"east": {"uv": [8.25, 0.5, 7.75, 3], "texture": "#0"},
				"west": {"uv": [0.25, 1.25, 0, 0], "texture": "#missing"},
				"up": {"uv": [7.75, 0.5, 8.25, 0], "texture": "#0"},
				"down": {"uv": [8.25, 0.5, 7.75, 0], "texture": "#0"}
			}
		},
		{
			"from": [14.32322, 11, 15.03033],
			"to": [15.32322, 16, 16.03033],
			"rotation": {"angle": 0, "axis": "y", "origin": [14.82322, 13, 15.53033]},
			"faces": {
				"north": {"uv": [0.25, 1.25, 0, 0], "texture": "#missing"},
				"south": {"uv": [8.75, 0.5, 8.25, 3], "texture": "#0"},
				"up": {"uv": [8.25, 0.5, 8.75, 0], "texture": "#0"},
				"down": {"uv": [8.25, 0.5, 8.75, 0], "texture": "#0"}
			}
		},
		{
			"from": [10.32322, 15, 15.03033],
			"to": [14.32322, 16, 16.03033],
			"rotation": {"angle": 0, "axis": "y", "origin": [14.82322, 13, 15.53033]},
			"faces": {
				"south": {"uv": [11.25, 0, 9.25, 0.5], "texture": "#0"},
				"west": {"uv": [11.75, 0, 11.25, 0.5], "texture": "#0"},
				"up": {"uv": [13.75, 0.5, 15.75, 0], "texture": "#0"}
			}
		},
		{
			"from": [15.33573, 15, 8.79188],
			"to": [16.33173, 15.996, 11.78788],
			"rotation": {"angle": -22.5, "axis": "y", "origin": [11.33373, 15.498, 8.78988]},
			"faces": {
				"north": {"uv": [0.25, 0.25, 0, 0], "rotation": 90, "texture": "#missing"},
				"east": {"uv": [0.25, 0.75, 0, 0], "rotation": 270, "texture": "#missing"},
				"south": {"uv": [0.25, 0.25, 0, 0], "rotation": 90, "texture": "#missing"},
				"west": {"uv": [12.75, 1.5, 13.25, 0], "rotation": 90, "texture": "#0"},
				"up": {"uv": [11.75, 2, 11.25, 0.5], "texture": "#0"},
				"down": {"uv": [0, 0, 0.25, 0.75], "rotation": 180, "texture": "#missing"}
			}
		},
		{
			"from": [12.11136, 14.996, 12.94231],
			"to": [15.23836, 15.998, 14.19431],
			"rotation": {"angle": 45, "axis": "y", "origin": [14.23736, 15.497, 13.44331]},
			"faces": {
				"north": {"uv": [13.75, 2, 14.25, 0.5], "rotation": 90, "texture": "#0"},
				"east": {"uv": [0.25, 0.3125, 0, 0], "rotation": 270, "texture": "#missing"},
				"south": {"uv": [0.25, 0.78125, 0, 0], "rotation": 90, "texture": "#missing"},
				"west": {"uv": [0.25, 0.3125, 0, 0], "rotation": 90, "texture": "#missing"},
				"up": {"uv": [12.75, 0, 12.25, 1.5], "rotation": 90, "texture": "#0"},
				"down": {"uv": [0, 0, 0.78125, 0.3125], "rotation": 180, "texture": "#missing"}
			}
		},
		{
			"from": [12.61336, 14.998, 14.19431],
			"to": [14.73636, 15.996, 15.44231],
			"rotation": {"angle": 45, "axis": "y", "origin": [14.23736, 15.497, 13.44331]},
			"faces": {
				"east": {"uv": [0.25, 0.3125, 0, 0], "rotation": 270, "texture": "#missing"},
				"west": {"uv": [0.25, 0.3125, 0, 0], "rotation": 90, "texture": "#missing"},
				"up": {"uv": [12.25, 0, 11.75, 1], "rotation": 90, "texture": "#0"},
				"down": {"uv": [0, 0, 0.53125, 0.3125], "rotation": 180, "texture": "#missing"}
			}
		},
		{
			"from": [8.79449, 15.30648, 15.03233],
			"to": [11.79049, 16.30248, 16.02833],
			"rotation": {"angle": -22.5, "axis": "z", "origin": [8.79249, 11.30448, 15.53033]},
			"faces": {
				"north": {"uv": [0.25, 0.75, 0, 0], "rotation": 270, "texture": "#missing"},
				"south": {"uv": [10.25, 2, 10.75, 0.5], "rotation": 90, "texture": "#0"},
				"down": {"uv": [11.25, 0.5, 10.75, 2], "rotation": 90, "texture": "#0"}
			}
		},
		{
			"from": [6.5, 17.3566, 7.5],
			"to": [9.5, 18.3566, 8.5],
			"rotation": {"angle": -45, "axis": "x", "origin": [8, 8, 8]},
			"faces": {
				"north": {"uv": [15.5, 1.5, 16, 3], "rotation": 90, "texture": "#0"},
				"east": {"uv": [16, 3, 15.5, 3.5], "rotation": 90, "texture": "#0"},
				"south": {"uv": [15.5, 1.5, 15, 3], "rotation": 90, "texture": "#0"},
				"west": {"uv": [16, 3, 15.5, 3.5], "rotation": 90, "texture": "#0"},
				"up": {"uv": [15, 1.5, 15.5, 3], "rotation": 90, "texture": "#0"}
			}
		},
		{
			"from": [6.5, -2.3566, 7.5],
			"to": [9.5, -1.3566, 8.5],
			"rotation": {"angle": 45, "axis": "x", "origin": [8, 8, 8]},
			"faces": {
				"north": {"uv": [16, 1.5, 15.5, 3], "rotation": 90, "texture": "#0"},
				"east": {"uv": [15.5, 3, 16, 3.5], "rotation": 90, "texture": "#0"},
				"south": {"uv": [15, 1.5, 15.5, 3], "rotation": 90, "texture": "#0"},
				"west": {"uv": [15.5, 3, 16, 3.5], "rotation": 90, "texture": "#0"},
				"down": {"uv": [15.5, 1.5, 15, 3], "rotation": 90, "texture": "#0"}
			}
		},
		{
			"from": [6.5, 2.5717, 9.54137],
			"to": [9.5, 3.5717, 10.54137],
			"rotation": {"angle": -45, "axis": "x", "origin": [8, 8, 14.96967]},
			"faces": {
				"north": {"uv": [15, 3, 15.5, 1.5], "rotation": 90, "texture": "#0"},
				"east": {"uv": [15.5, 3.5, 16, 3], "rotation": 90, "texture": "#0"},
				"south": {"uv": [16, 3, 15.5, 1.5], "rotation": 90, "texture": "#0"},
				"west": {"uv": [15.5, 3.5, 16, 3], "rotation": 90, "texture": "#0"},
				"down": {"uv": [15, 1.5, 15.5, 3], "rotation": 90, "texture": "#0"}
			}
		},
		{
			"from": [6.5, 12.4283, 9.54137],
			"to": [9.5, 13.4283, 10.54137],
			"rotation": {"angle": 45, "axis": "x", "origin": [8, 8, 14.96967]},
			"faces": {
				"north": {"uv": [15.5, 3, 15, 1.5], "rotation": 90, "texture": "#0"},
				"east": {"uv": [16, 3.5, 15.5, 3], "rotation": 90, "texture": "#0"},
				"south": {"uv": [15.5, 3, 16, 1.5], "rotation": 90, "texture": "#0"},
				"west": {"uv": [16, 3.5, 15.5, 3], "rotation": 90, "texture": "#0"},
				"up": {"uv": [15.5, 1.5, 15, 3], "rotation": 90, "texture": "#0"}
			}
		},
		{
			"from": [-2.3566, 6.5, 7.5],
			"to": [-1.3566, 9.5, 8.5],
			"rotation": {"angle": -45, "axis": "y", "origin": [8, 8, 8]},
			"faces": {
				"north": {"uv": [15.5, 1.5, 16, 3], "rotation": 180, "texture": "#0"},
				"south": {"uv": [15.5, 1.5, 15, 3], "texture": "#0"},
				"west": {"uv": [15, 1.5, 15.5, 3], "texture": "#0"},
				"up": {"uv": [16, 3, 15.5, 3.5], "texture": "#0"},
				"down": {"uv": [16, 3, 15.5, 3.5], "texture": "#0"}
			}
		},
		{
			"from": [2.5717, 6.5, 9.54137],
			"to": [3.5717, 9.5, 10.54137],
			"rotation": {"angle": 45, "axis": "y", "origin": [8, 8, 14.96967]},
			"faces": {
				"north": {"uv": [15.5, 3, 15, 1.5], "rotation": 180, "texture": "#0"},
				"south": {"uv": [15.5, 3, 16, 1.5], "texture": "#0"},
				"west": {"uv": [15.5, 1.5, 15, 3], "texture": "#0"},
				"up": {"uv": [16, 3.5, 15.5, 3], "texture": "#0"},
				"down": {"uv": [16, 3.5, 15.5, 3], "texture": "#0"}
			}
		},
		{
			"from": [17.3566, 6.5, 7.5],
			"to": [18.3566, 9.5, 8.5],
			"rotation": {"angle": 45, "axis": "y", "origin": [8, 8, 8]},
			"faces": {
				"north": {"uv": [16, 1.5, 15.5, 3], "rotation": 180, "texture": "#0"},
				"east": {"uv": [15.5, 1.5, 15, 3], "texture": "#0"},
				"south": {"uv": [15, 1.5, 15.5, 3], "texture": "#0"},
				"up": {"uv": [15.5, 3, 16, 3.5], "texture": "#0"},
				"down": {"uv": [15.5, 3, 16, 3.5], "texture": "#0"}
			}
		},
		{
			"from": [12.4283, 6.5, 9.54137],
			"to": [13.4283, 9.5, 10.54137],
			"rotation": {"angle": -45, "axis": "y", "origin": [8, 8, 14.96967]},
			"faces": {
				"north": {"uv": [15, 3, 15.5, 1.5], "rotation": 180, "texture": "#0"},
				"east": {"uv": [15, 1.5, 15.5, 3], "texture": "#0"},
				"south": {"uv": [16, 3, 15.5, 1.5], "texture": "#0"},
				"up": {"uv": [15.5, 3.5, 16, 3], "texture": "#0"},
				"down": {"uv": [15.5, 3.5, 16, 3], "texture": "#0"}
			}
		},
		{
			"from": [7.5, -2.3566, 6.5],
			"to": [8.5, -1.3566, 9.5],
			"rotation": {"angle": -45, "axis": "z", "origin": [8, 8, 8]},
			"faces": {
				"north": {"uv": [15.5, 3.5, 16, 3], "rotation": 90, "texture": "#0"},
				"east": {"uv": [15, 3, 15.5, 1.5], "rotation": 90, "texture": "#0"},
				"south": {"uv": [15.5, 3.5, 16, 3], "rotation": 90, "texture": "#0"},
				"west": {"uv": [16, 3, 15.5, 1.5], "rotation": 90, "texture": "#0"},
				"down": {"uv": [15, 1.5, 15.5, 3], "texture": "#0"}
			}
		},
		{
			"from": [7.5, 17.3566, 6.5],
			"to": [8.5, 18.3566, 9.5],
			"rotation": {"angle": 45, "axis": "z", "origin": [8, 8, 8]},
			"faces": {
				"north": {"uv": [16, 3.5, 15.5, 3], "rotation": 90, "texture": "#0"},
				"east": {"uv": [15.5, 3, 15, 1.5], "rotation": 90, "texture": "#0"},
				"south": {"uv": [16, 3.5, 15.5, 3], "rotation": 90, "texture": "#0"},
				"west": {"uv": [15.5, 3, 16, 1.5], "rotation": 90, "texture": "#0"},
				"up": {"uv": [15.5, 1.5, 15, 3], "rotation": 180, "texture": "#0"}
			}
		},
		{
			"from": [7.5, 17.3566, 6.5],
			"to": [8.5, 18.3566, 9.5],
			"rotation": {"angle": -45, "axis": "z", "origin": [8, 8, 8]},
			"faces": {
				"north": {"uv": [16, 3, 15.5, 3.5], "rotation": 90, "texture": "#0"},
				"east": {"uv": [15.5, 1.5, 16, 3], "rotation": 90, "texture": "#0"},
				"south": {"uv": [16, 3, 15.5, 3.5], "rotation": 90, "texture": "#0"},
				"west": {"uv": [15.5, 1.5, 15, 3], "rotation": 90, "texture": "#0"},
				"up": {"uv": [15, 1.5, 15.5, 3], "rotation": 180, "texture": "#0"}
			}
		},
		{
			"from": [7.5, -2.3566, 6.5],
			"to": [8.5, -1.3566, 9.5],
			"rotation": {"angle": 45, "axis": "z", "origin": [8, 8, 8]},
			"faces": {
				"north": {"uv": [15.5, 3, 16, 3.5], "rotation": 90, "texture": "#0"},
				"east": {"uv": [16, 1.5, 15.5, 3], "rotation": 90, "texture": "#0"},
				"south": {"uv": [15.5, 3, 16, 3.5], "rotation": 90, "texture": "#0"},
				"west": {"uv": [15, 1.5, 15.5, 3], "rotation": 90, "texture": "#0"},
				"down": {"uv": [15.5, 1.5, 15, 3], "texture": "#0"}
			}
		},
		{
			"from": [9.325, 9.5, 14.46967],
			"to": [10.575, 11.025, 15.46967],
			"rotation": {"angle": 0, "axis": "z", "origin": [-9, -1, 14.96967]},
			"faces": {
				"east": {"uv": [13, 15.75, 12.75, 15.5], "texture": "#0"},
				"up": {"uv": [12.75, 15.5, 13.25, 15.75], "texture": "#0"}
			}
		},
		{
			"from": [10.025, 9.5, 14.46967],
			"to": [11.025, 10.575, 15.46967],
			"rotation": {"angle": 0, "axis": "z", "origin": [-9, -1, 14.96967]},
			"faces": {
				"east": {"uv": [12.75, 15.5, 12.5, 15], "texture": "#0"},
				"up": {"uv": [12.75, 15.5, 13, 15.75], "texture": "#0"}
			}
		},
		{
			"from": [5.425, 9.5, 14.46967],
			"to": [6.675, 11.025, 15.46967],
			"rotation": {"angle": 0, "axis": "z", "origin": [-9, -1, 14.96967]},
			"faces": {
				"west": {"uv": [12.75, 15.75, 13, 15.5], "texture": "#0"},
				"up": {"uv": [13.25, 15.5, 12.75, 15.75], "texture": "#0"}
			}
		},
		{
			"from": [4.975, 9.5, 14.46967],
			"to": [5.975, 10.575, 15.46967],
			"rotation": {"angle": 0, "axis": "z", "origin": [-9, -1, 14.96967]},
			"faces": {
				"west": {"uv": [12.5, 15.5, 12.75, 15], "texture": "#0"},
				"up": {"uv": [13, 15.5, 12.75, 15.75], "texture": "#0"}
			}
		},
		{
			"from": [9.325, 4.975, 14.46967],
			"to": [10.575, 6.5, 15.46967],
			"rotation": {"angle": 0, "axis": "z", "origin": [-9, -1, 14.96967]},
			"faces": {
				"east": {"uv": [13, 15.5, 12.75, 15.75], "texture": "#0"},
				"down": {"uv": [12.75, 15.75, 13.25, 15.5], "texture": "#0"}
			}
		},
		{
			"from": [10.025, 5.425, 14.46967],
			"to": [11.025, 6.5, 15.46967],
			"rotation": {"angle": 0, "axis": "z", "origin": [-9, -1, 14.96967]},
			"faces": {
				"east": {"uv": [12.75, 15, 12.5, 15.5], "texture": "#0"},
				"down": {"uv": [12.75, 15.75, 13, 15.5], "texture": "#0"}
			}
		},
		{
			"from": [5.425, 4.975, 14.46967],
			"to": [6.675, 6.5, 15.46967],
			"rotation": {"angle": 0, "axis": "z", "origin": [-9, -1, 14.96967]},
			"faces": {
				"west": {"uv": [12.75, 15.5, 13, 15.75], "texture": "#0"},
				"down": {"uv": [13.25, 15.75, 12.75, 15.5], "texture": "#0"}
			}
		},
		{
			"from": [4.975, 5.425, 14.46967],
			"to": [5.975, 6.5, 15.46967],
			"rotation": {"angle": 0, "axis": "z", "origin": [-9, -1, 14.96967]},
			"faces": {
				"west": {"uv": [12.5, 15, 12.75, 15.5], "texture": "#0"},
				"down": {"uv": [13, 15.75, 12.75, 15.5], "texture": "#0"}
			}
		},
		{
			"from": [4.5, 4.5, 15.47],
			"to": [11.5, 11.5, 15.47],
			"rotation": {"angle": 0, "axis": "x", "origin": [-9, -7.75, 14.96934]},
			"faces": {
				"south": {"uv": [12.25, 16, 16, 12.25], "rotation": 90, "texture": "#0"}
			}
		},
		{
			"from": [6.375, 4.5, 14.46967],
			"to": [9.625, 11.5, 15.46967],
			"rotation": {"angle": 0, "axis": "z", "origin": [-9, -1, 14.96967]},
			"faces": {
				"east": {"uv": [13.5, 15.75, 13.25, 16], "texture": "#0"},
				"west": {"uv": [13.5, 15.75, 13.25, 16], "texture": "#0"},
				"up": {"uv": [13.25, 16, 15, 15.75], "texture": "#0"},
				"down": {"uv": [13.25, 16, 15, 15.75], "texture": "#0"}
			}
		},
		{
			"from": [9.325, 9.5, 14.46967],
			"to": [10.575, 11.025, 15.46967],
			"rotation": {"angle": 0, "axis": "z", "origin": [-9, -1, 14.96967]},
			"faces": {
				"east": {"uv": [13, 15.75, 12.75, 15.5], "texture": "#0"},
				"up": {"uv": [12.75, 15.5, 13.25, 15.75], "texture": "#0"}
			}
		},
		{
			"from": [10.025, 9.5, 14.46967],
			"to": [11.025, 10.575, 15.46967],
			"rotation": {"angle": 0, "axis": "z", "origin": [-9, -1, 14.96967]},
			"faces": {
				"east": {"uv": [12.75, 15.5, 12.5, 15], "texture": "#0"},
				"up": {"uv": [12.75, 15.5, 13, 15.75], "texture": "#0"}
			}
		},
		{
			"from": [5.425, 9.5, 14.46967],
			"to": [6.675, 11.025, 15.46967],
			"rotation": {"angle": 0, "axis": "z", "origin": [-9, -1, 14.96967]},
			"faces": {
				"west": {"uv": [12.75, 15.75, 13, 15.5], "texture": "#0"},
				"up": {"uv": [13.25, 15.5, 12.75, 15.75], "texture": "#0"}
			}
		},
		{
			"from": [4.975, 9.5, 14.46967],
			"to": [5.975, 10.575, 15.46967],
			"rotation": {"angle": 0, "axis": "z", "origin": [-9, -1, 14.96967]},
			"faces": {
				"west": {"uv": [12.5, 15.5, 12.75, 15], "texture": "#0"},
				"up": {"uv": [13, 15.5, 12.75, 15.75], "texture": "#0"}
			}
		},
		{
			"from": [4.5, 4.5, 15.475],
			"to": [11.5, 11.5, 15.475],
			"rotation": {"angle": 0, "axis": "x", "origin": [-9, -7.75, 14.96934]},
			"faces": {
				"south": {"uv": [6.25, 16, 10, 12.25], "rotation": 90, "texture": "#0"}
			}
		},
		{
			"from": [4.5, 6.375, 14.46967],
			"to": [11.5, 9.625, 15.46967],
			"rotation": {"angle": 0, "axis": "x", "origin": [-9, 5.75, 14.96967]},
			"faces": {
				"east": {"uv": [12.5, 13.25, 12.25, 15], "texture": "#0"},
				"west": {"uv": [12.5, 13.25, 12.25, 15], "texture": "#0"},
				"up": {"uv": [12.5, 15.5, 12.75, 15.25], "texture": "#0"},
				"down": {"uv": [12.5, 15.5, 12.75, 15.25], "texture": "#0"}
			}
		},
		{
			"from": [9.325, 14.5, 4.975],
			"to": [10.575, 15.5, 6.5],
			"rotation": {"angle": 0, "axis": "z", "origin": [-9, -1, 17]},
			"faces": {
				"north": {"uv": [12.75, 15.5, 13.25, 15.75], "rotation": 180, "texture": "#0"},
				"east": {"uv": [13, 15.75, 12.75, 15.5], "rotation": 90, "texture": "#0"}
			}
		},
		{
			"from": [10.025, 14.5, 5.425],
			"to": [11.025, 15.5, 6.5],
			"rotation": {"angle": 0, "axis": "z", "origin": [-9, -1, 17]},
			"faces": {
				"north": {"uv": [12.75, 15.5, 13, 15.75], "rotation": 180, "texture": "#0"},
				"east": {"uv": [12.75, 15.5, 12.5, 15], "rotation": 90, "texture": "#0"}
			}
		},
		{
			"from": [5.425, 14.5, 4.975],
			"to": [6.675, 15.5, 6.5],
			"rotation": {"angle": 0, "axis": "z", "origin": [-9, -1, 17]},
			"faces": {
				"north": {"uv": [13.25, 15.5, 12.75, 15.75], "rotation": 180, "texture": "#0"},
				"west": {"uv": [12.75, 15.75, 13, 15.5], "rotation": 270, "texture": "#0"}
			}
		},
		{
			"from": [4.975, 14.5, 5.425],
			"to": [5.975, 15.5, 6.5],
			"rotation": {"angle": 0, "axis": "z", "origin": [-9, -1, 17]},
			"faces": {
				"north": {"uv": [13, 15.5, 12.75, 15.75], "rotation": 180, "texture": "#0"},
				"west": {"uv": [12.5, 15.5, 12.75, 15], "rotation": 270, "texture": "#0"}
			}
		},
		{
			"from": [9.325, 14.5, 9.5],
			"to": [10.575, 15.5, 11.025],
			"rotation": {"angle": 0, "axis": "z", "origin": [-9, -1, 17]},
			"faces": {
				"east": {"uv": [13, 15.5, 12.75, 15.75], "rotation": 90, "texture": "#0"},
				"south": {"uv": [12.75, 15.75, 13.25, 15.5], "texture": "#0"}
			}
		},
		{
			"from": [10.025, 14.5, 9.5],
			"to": [11.025, 15.5, 10.575],
			"rotation": {"angle": 0, "axis": "z", "origin": [-9, -1, 17]},
			"faces": {
				"east": {"uv": [12.75, 15, 12.5, 15.5], "rotation": 90, "texture": "#0"},
				"south": {"uv": [12.75, 15.75, 13, 15.5], "texture": "#0"}
			}
		},
		{
			"from": [5.425, 14.5, 9.5],
			"to": [6.675, 15.5, 11.025],
			"rotation": {"angle": 0, "axis": "z", "origin": [-9, -1, 17]},
			"faces": {
				"south": {"uv": [13.25, 15.75, 12.75, 15.5], "texture": "#0"},
				"west": {"uv": [12.75, 15.5, 13, 15.75], "rotation": 270, "texture": "#0"}
			}
		},
		{
			"from": [4.975, 14.5, 9.5],
			"to": [5.975, 15.5, 10.575],
			"rotation": {"angle": 0, "axis": "z", "origin": [-9, -1, 17]},
			"faces": {
				"south": {"uv": [13, 15.75, 12.75, 15.5], "texture": "#0"},
				"west": {"uv": [12.5, 15, 12.75, 15.5], "rotation": 270, "texture": "#0"}
			}
		},
		{
			"from": [4.5, 15.50033, 4.5],
			"to": [11.5, 15.50033, 11.5],
			"rotation": {"angle": 0, "axis": "x", "origin": [-9, -1.00033, 23.75]},
			"faces": {
				"up": {"uv": [12.25, 16, 16, 12.25], "rotation": 90, "texture": "#0"}
			}
		},
		{
			"from": [6.375, 14.5, 4.5],
			"to": [9.625, 15.5, 11.5],
			"rotation": {"angle": 0, "axis": "z", "origin": [-9, -1, 17]},
			"faces": {
				"north": {"uv": [13.25, 16, 15, 15.75], "rotation": 180, "texture": "#0"},
				"east": {"uv": [13.5, 15.75, 13.25, 16], "rotation": 90, "texture": "#0"},
				"south": {"uv": [13.25, 16, 15, 15.75], "texture": "#0"},
				"west": {"uv": [13.5, 15.75, 13.25, 16], "rotation": 270, "texture": "#0"}
			}
		},
		{
			"from": [9.325, 14.5, 4.975],
			"to": [10.575, 15.5, 6.5],
			"rotation": {"angle": 0, "axis": "z", "origin": [-9, -1, 17]},
			"faces": {
				"north": {"uv": [12.75, 15.5, 13.25, 15.75], "rotation": 180, "texture": "#0"},
				"east": {"uv": [13, 15.75, 12.75, 15.5], "rotation": 90, "texture": "#0"}
			}
		},
		{
			"from": [10.025, 14.5, 5.425],
			"to": [11.025, 15.5, 6.5],
			"rotation": {"angle": 0, "axis": "z", "origin": [-9, -1, 17]},
			"faces": {
				"north": {"uv": [12.75, 15.5, 13, 15.75], "rotation": 180, "texture": "#0"},
				"east": {"uv": [12.75, 15.5, 12.5, 15], "rotation": 90, "texture": "#0"}
			}
		},
		{
			"from": [5.425, 14.5, 4.975],
			"to": [6.675, 15.5, 6.5],
			"rotation": {"angle": 0, "axis": "z", "origin": [-9, -1, 17]},
			"faces": {
				"north": {"uv": [13.25, 15.5, 12.75, 15.75], "rotation": 180, "texture": "#0"},
				"west": {"uv": [12.75, 15.75, 13, 15.5], "rotation": 270, "texture": "#0"}
			}
		},
		{
			"from": [4.975, 14.5, 5.425],
			"to": [5.975, 15.5, 6.5],
			"rotation": {"angle": 0, "axis": "z", "origin": [-9, -1, 17]},
			"faces": {
				"north": {"uv": [13, 15.5, 12.75, 15.75], "rotation": 180, "texture": "#0"},
				"west": {"uv": [12.5, 15.5, 12.75, 15], "rotation": 270, "texture": "#0"}
			}
		},
		{
			"from": [4.5, 15.50533, 4.5],
			"to": [11.5, 15.50533, 11.5],
			"rotation": {"angle": 0, "axis": "x", "origin": [-9, -1.00033, 23.75]},
			"faces": {
				"up": {"uv": [6.25, 16, 10, 12.25], "rotation": 90, "texture": "#0"}
			}
		},
		{
			"from": [4.5, 14.5, 6.375],
			"to": [11.5, 15.5, 9.625],
			"rotation": {"angle": 0, "axis": "x", "origin": [-9, -1, 10.25]},
			"faces": {
				"north": {"uv": [12.5, 15.5, 12.75, 15.25], "rotation": 180, "texture": "#0"},
				"east": {"uv": [12.5, 13.25, 12.25, 15], "rotation": 90, "texture": "#0"},
				"south": {"uv": [12.5, 15.5, 12.75, 15.25], "texture": "#0"},
				"west": {"uv": [12.5, 13.25, 12.25, 15], "rotation": 270, "texture": "#0"}
			}
		},
		{
			"from": [9.325, 0.5, 4.975],
			"to": [10.575, 1.5, 6.5],
			"rotation": {"angle": 0, "axis": "z", "origin": [-9, 17, 17]},
			"faces": {
				"north": {"uv": [12.75, 15.75, 13.25, 15.5], "rotation": 180, "texture": "#0"},
				"east": {"uv": [12.75, 15.75, 13, 15.5], "rotation": 90, "texture": "#0"}
			}
		},
		{
			"from": [10.025, 0.5, 5.425],
			"to": [11.025, 1.5, 6.5],
			"rotation": {"angle": 0, "axis": "z", "origin": [-9, 17, 17]},
			"faces": {
				"north": {"uv": [12.75, 15.75, 13, 15.5], "rotation": 180, "texture": "#0"},
				"east": {"uv": [12.5, 15.5, 12.75, 15], "rotation": 90, "texture": "#0"}
			}
		},
		{
			"from": [5.425, 0.5, 4.975],
			"to": [6.675, 1.5, 6.5],
			"rotation": {"angle": 0, "axis": "z", "origin": [-9, 17, 17]},
			"faces": {
				"north": {"uv": [13.25, 15.75, 12.75, 15.5], "rotation": 180, "texture": "#0"},
				"west": {"uv": [13, 15.75, 12.75, 15.5], "rotation": 270, "texture": "#0"}
			}
		},
		{
			"from": [4.975, 0.5, 5.425],
			"to": [5.975, 1.5, 6.5],
			"rotation": {"angle": 0, "axis": "z", "origin": [-9, 17, 17]},
			"faces": {
				"north": {"uv": [13, 15.75, 12.75, 15.5], "rotation": 180, "texture": "#0"},
				"west": {"uv": [12.75, 15.5, 12.5, 15], "rotation": 270, "texture": "#0"}
			}
		},
		{
			"from": [9.325, 0.5, 9.5],
			"to": [10.575, 1.5, 11.025],
			"rotation": {"angle": 0, "axis": "z", "origin": [-9, 17, 17]},
			"faces": {
				"east": {"uv": [12.75, 15.5, 13, 15.75], "rotation": 90, "texture": "#0"},
				"south": {"uv": [12.75, 15.5, 13.25, 15.75], "texture": "#0"}
			}
		},
		{
			"from": [10.025, 0.5, 9.5],
			"to": [11.025, 1.5, 10.575],
			"rotation": {"angle": 0, "axis": "z", "origin": [-9, 17, 17]},
			"faces": {
				"east": {"uv": [12.5, 15, 12.75, 15.5], "rotation": 90, "texture": "#0"},
				"south": {"uv": [12.75, 15.5, 13, 15.75], "texture": "#0"}
			}
		},
		{
			"from": [5.425, 0.5, 9.5],
			"to": [6.675, 1.5, 11.025],
			"rotation": {"angle": 0, "axis": "z", "origin": [-9, 17, 17]},
			"faces": {
				"south": {"uv": [13.25, 15.5, 12.75, 15.75], "texture": "#0"},
				"west": {"uv": [13, 15.5, 12.75, 15.75], "rotation": 270, "texture": "#0"}
			}
		},
		{
			"from": [4.975, 0.5, 9.5],
			"to": [5.975, 1.5, 10.575],
			"rotation": {"angle": 0, "axis": "z", "origin": [-9, 17, 17]},
			"faces": {
				"south": {"uv": [13, 15.5, 12.75, 15.75], "texture": "#0"},
				"west": {"uv": [12.75, 15, 12.5, 15.5], "rotation": 270, "texture": "#0"}
			}
		},
		{
			"from": [4.5, 0.49967, 4.5],
			"to": [11.5, 0.49967, 11.5],
			"rotation": {"angle": 0, "axis": "x", "origin": [-9, 17.00033, 23.75]},
			"faces": {
				"down": {"uv": [16, 16, 12.25, 12.25], "rotation": 90, "texture": "#0"}
			}
		},
		{
			"from": [6.375, 0.5, 4.5],
			"to": [9.625, 1.5, 11.5],
			"rotation": {"angle": 0, "axis": "z", "origin": [-9, 17, 17]},
			"faces": {
				"north": {"uv": [13.25, 15.75, 15, 16], "rotation": 180, "texture": "#0"},
				"east": {"uv": [13.25, 15.75, 13.5, 16], "rotation": 90, "texture": "#0"},
				"south": {"uv": [13.25, 15.75, 15, 16], "texture": "#0"},
				"west": {"uv": [13.25, 15.75, 13.5, 16], "rotation": 270, "texture": "#0"}
			}
		},
		{
			"from": [9.325, 0.5, 4.975],
			"to": [10.575, 1.5, 6.5],
			"rotation": {"angle": 0, "axis": "z", "origin": [-9, 17, 17]},
			"faces": {
				"north": {"uv": [12.75, 15.75, 13.25, 15.5], "rotation": 180, "texture": "#0"},
				"east": {"uv": [12.75, 15.75, 13, 15.5], "rotation": 90, "texture": "#0"}
			}
		},
		{
			"from": [10.025, 0.5, 5.425],
			"to": [11.025, 1.5, 6.5],
			"rotation": {"angle": 0, "axis": "z", "origin": [-9, 17, 17]},
			"faces": {
				"north": {"uv": [12.75, 15.75, 13, 15.5], "rotation": 180, "texture": "#0"},
				"east": {"uv": [12.5, 15.5, 12.75, 15], "rotation": 90, "texture": "#0"}
			}
		},
		{
			"from": [5.425, 0.5, 4.975],
			"to": [6.675, 1.5, 6.5],
			"rotation": {"angle": 0, "axis": "z", "origin": [-9, 17, 17]},
			"faces": {
				"north": {"uv": [13.25, 15.75, 12.75, 15.5], "rotation": 180, "texture": "#0"},
				"west": {"uv": [13, 15.75, 12.75, 15.5], "rotation": 270, "texture": "#0"}
			}
		},
		{
			"from": [4.975, 0.5, 5.425],
			"to": [5.975, 1.5, 6.5],
			"rotation": {"angle": 0, "axis": "z", "origin": [-9, 17, 17]},
			"faces": {
				"north": {"uv": [13, 15.75, 12.75, 15.5], "rotation": 180, "texture": "#0"},
				"west": {"uv": [12.75, 15.5, 12.5, 15], "rotation": 270, "texture": "#0"}
			}
		},
		{
			"from": [4.5, 0.49467, 4.5],
			"to": [11.5, 0.49467, 11.5],
			"rotation": {"angle": 0, "axis": "x", "origin": [-9, 17.00033, 23.75]},
			"faces": {
				"down": {"uv": [10, 16, 6.25, 12.25], "rotation": 90, "texture": "#0"}
			}
		},
		{
			"from": [4.5, 0.5, 6.375],
			"to": [11.5, 1.5, 9.625],
			"rotation": {"angle": 0, "axis": "x", "origin": [-9, 17, 10.25]},
			"faces": {
				"north": {"uv": [12.5, 15.25, 12.75, 15.5], "rotation": 180, "texture": "#0"},
				"east": {"uv": [12.25, 13.25, 12.5, 15], "rotation": 90, "texture": "#0"},
				"south": {"uv": [12.5, 15.25, 12.75, 15.5], "texture": "#0"},
				"west": {"uv": [12.25, 13.25, 12.5, 15], "rotation": 270, "texture": "#0"}
			}
		},
		{
			"from": [14.5, 6.375, 4.46967],
			"to": [15.5, 9.625, 11.46967],
			"rotation": {"angle": 0, "axis": "x", "origin": [-9, 5.75, 14.96967]},
			"faces": {
				"north": {"uv": [12.5, 13.25, 12.25, 15], "texture": "#0"},
				"south": {"uv": [12.5, 13.25, 12.25, 15], "texture": "#0"},
				"up": {"uv": [12.5, 15.5, 12.75, 15.25], "rotation": 270, "texture": "#0"},
				"down": {"uv": [12.5, 15.5, 12.75, 15.25], "rotation": 90, "texture": "#0"}
			}
		},
		{
			"from": [15.50533, 4.5, 4.46967],
			"to": [15.50533, 11.5, 11.46967],
			"rotation": {"angle": 0, "axis": "x", "origin": [-9.00033, -7.75, 14.96967]},
			"faces": {
				"east": {"uv": [6.25, 16, 10, 12.25], "rotation": 90, "texture": "#0"}
			}
		},
		{
			"from": [14.5, 9.5, 9.99467],
			"to": [15.5, 10.575, 10.99467],
			"rotation": {"angle": 0, "axis": "z", "origin": [-9, -1, 14.96967]},
			"faces": {
				"south": {"uv": [12.5, 15.5, 12.75, 15], "texture": "#0"},
				"up": {"uv": [13, 15.5, 12.75, 15.75], "rotation": 270, "texture": "#0"}
			}
		},
		{
			"from": [14.5, 9.5, 9.29467],
			"to": [15.5, 11.025, 10.54467],
			"rotation": {"angle": 0, "axis": "z", "origin": [-9, -1, 14.96967]},
			"faces": {
				"south": {"uv": [12.75, 15.75, 13, 15.5], "texture": "#0"},
				"up": {"uv": [13.25, 15.5, 12.75, 15.75], "rotation": 270, "texture": "#0"}
			}
		},
		{
			"from": [14.5, 9.5, 4.94467],
			"to": [15.5, 10.575, 5.94467],
			"rotation": {"angle": 0, "axis": "z", "origin": [-9, -1, 14.96967]},
			"faces": {
				"north": {"uv": [12.75, 15.5, 12.5, 15], "texture": "#0"},
				"up": {"uv": [12.75, 15.5, 13, 15.75], "rotation": 270, "texture": "#0"}
			}
		},
		{
			"from": [14.5, 9.5, 5.39467],
			"to": [15.5, 11.025, 6.64467],
			"rotation": {"angle": 0, "axis": "z", "origin": [-9, -1, 14.96967]},
			"faces": {
				"north": {"uv": [13, 15.75, 12.75, 15.5], "texture": "#0"},
				"up": {"uv": [12.75, 15.5, 13.25, 15.75], "rotation": 270, "texture": "#0"}
			}
		},
		{
			"from": [14.5, 4.5, 6.34467],
			"to": [15.5, 11.5, 9.59467],
			"rotation": {"angle": 0, "axis": "z", "origin": [-9, -1, 14.96967]},
			"faces": {
				"north": {"uv": [13.5, 15.75, 13.25, 16], "texture": "#0"},
				"south": {"uv": [13.5, 15.75, 13.25, 16], "texture": "#0"},
				"up": {"uv": [13.25, 16, 15, 15.75], "rotation": 270, "texture": "#0"},
				"down": {"uv": [13.25, 16, 15, 15.75], "rotation": 90, "texture": "#0"}
			}
		},
		{
			"from": [15.50033, 4.5, 4.46967],
			"to": [15.50033, 11.5, 11.46967],
			"rotation": {"angle": 0, "axis": "x", "origin": [-9.00033, -7.75, 14.96967]},
			"faces": {
				"east": {"uv": [12.25, 16, 16, 12.25], "rotation": 90, "texture": "#0"}
			}
		},
		{
			"from": [14.5, 5.425, 9.99467],
			"to": [15.5, 6.5, 10.99467],
			"rotation": {"angle": 0, "axis": "z", "origin": [-9, -1, 14.96967]},
			"faces": {
				"south": {"uv": [12.5, 15, 12.75, 15.5], "texture": "#0"},
				"down": {"uv": [13, 15.75, 12.75, 15.5], "rotation": 90, "texture": "#0"}
			}
		},
		{
			"from": [14.5, 4.975, 9.29467],
			"to": [15.5, 6.5, 10.54467],
			"rotation": {"angle": 0, "axis": "z", "origin": [-9, -1, 14.96967]},
			"faces": {
				"south": {"uv": [12.75, 15.5, 13, 15.75], "texture": "#0"},
				"down": {"uv": [13.25, 15.75, 12.75, 15.5], "rotation": 90, "texture": "#0"}
			}
		},
		{
			"from": [14.5, 5.425, 4.94467],
			"to": [15.5, 6.5, 5.94467],
			"rotation": {"angle": 0, "axis": "z", "origin": [-9, -1, 14.96967]},
			"faces": {
				"north": {"uv": [12.75, 15, 12.5, 15.5], "texture": "#0"},
				"down": {"uv": [12.75, 15.75, 13, 15.5], "rotation": 90, "texture": "#0"}
			}
		},
		{
			"from": [14.5, 4.975, 5.39467],
			"to": [15.5, 6.5, 6.64467],
			"rotation": {"angle": 0, "axis": "z", "origin": [-9, -1, 14.96967]},
			"faces": {
				"north": {"uv": [13, 15.5, 12.75, 15.75], "texture": "#0"},
				"down": {"uv": [12.75, 15.75, 13.25, 15.5], "rotation": 90, "texture": "#0"}
			}
		},
		{
			"from": [14.5, 9.5, 9.99467],
			"to": [15.5, 10.575, 10.99467],
			"rotation": {"angle": 0, "axis": "z", "origin": [-9, -1, 14.96967]},
			"faces": {
				"south": {"uv": [12.5, 15.5, 12.75, 15], "texture": "#0"},
				"up": {"uv": [13, 15.5, 12.75, 15.75], "rotation": 270, "texture": "#0"}
			}
		},
		{
			"from": [14.5, 9.5, 9.29467],
			"to": [15.5, 11.025, 10.54467],
			"rotation": {"angle": 0, "axis": "z", "origin": [-9, -1, 14.96967]},
			"faces": {
				"south": {"uv": [12.75, 15.75, 13, 15.5], "texture": "#0"},
				"up": {"uv": [13.25, 15.5, 12.75, 15.75], "rotation": 270, "texture": "#0"}
			}
		},
		{
			"from": [14.5, 9.5, 4.94467],
			"to": [15.5, 10.575, 5.94467],
			"rotation": {"angle": 0, "axis": "z", "origin": [-9, -1, 14.96967]},
			"faces": {
				"north": {"uv": [12.75, 15.5, 12.5, 15], "texture": "#0"},
				"up": {"uv": [12.75, 15.5, 13, 15.75], "rotation": 270, "texture": "#0"}
			}
		},
		{
			"from": [14.5, 9.5, 5.39467],
			"to": [15.5, 11.025, 6.64467],
			"rotation": {"angle": 0, "axis": "z", "origin": [-9, -1, 14.96967]},
			"faces": {
				"north": {"uv": [13, 15.75, 12.75, 15.5], "texture": "#0"},
				"up": {"uv": [12.75, 15.5, 13.25, 15.75], "rotation": 270, "texture": "#0"}
			}
		},
		{
			"from": [0.5, 6.375, 4.46967],
			"to": [1.5, 9.625, 11.46967],
			"rotation": {"angle": 0, "axis": "x", "origin": [25, 5.75, 14.96967]},
			"faces": {
				"north": {"uv": [12.25, 13.25, 12.5, 15], "texture": "#0"},
				"south": {"uv": [12.25, 13.25, 12.5, 15], "texture": "#0"},
				"up": {"uv": [12.5, 15.25, 12.75, 15.5], "rotation": 270, "texture": "#0"},
				"down": {"uv": [12.5, 15.25, 12.75, 15.5], "rotation": 90, "texture": "#0"}
			}
		},
		{
			"from": [0.49467, 4.5, 4.46967],
			"to": [0.49467, 11.5, 11.46967],
			"rotation": {"angle": 0, "axis": "x", "origin": [25.00033, -7.75, 14.96967]},
			"faces": {
				"west": {"uv": [6.25, 12.25, 10, 16], "rotation": 90, "texture": "#0"}
			}
		},
		{
			"from": [0.5, 9.5, 9.99467],
			"to": [1.5, 10.575, 10.99467],
			"rotation": {"angle": 0, "axis": "z", "origin": [25, -1, 14.96967]},
			"faces": {
				"south": {"uv": [12.75, 15.5, 12.5, 15], "texture": "#0"},
				"up": {"uv": [13, 15.75, 12.75, 15.5], "rotation": 270, "texture": "#0"}
			}
		},
		{
			"from": [0.5, 9.5, 9.29467],
			"to": [1.5, 11.025, 10.54467],
			"rotation": {"angle": 0, "axis": "z", "origin": [25, -1, 14.96967]},
			"faces": {
				"south": {"uv": [13, 15.75, 12.75, 15.5], "texture": "#0"},
				"up": {"uv": [13.25, 15.75, 12.75, 15.5], "rotation": 270, "texture": "#0"}
			}
		},
		{
			"from": [0.5, 9.5, 4.94467],
			"to": [1.5, 10.575, 5.94467],
			"rotation": {"angle": 0, "axis": "z", "origin": [25, -1, 14.96967]},
			"faces": {
				"north": {"uv": [12.5, 15.5, 12.75, 15], "texture": "#0"},
				"up": {"uv": [12.75, 15.75, 13, 15.5], "rotation": 270, "texture": "#0"}
			}
		},
		{
			"from": [0.5, 9.5, 5.39467],
			"to": [1.5, 11.025, 6.64467],
			"rotation": {"angle": 0, "axis": "z", "origin": [25, -1, 14.96967]},
			"faces": {
				"north": {"uv": [12.75, 15.75, 13, 15.5], "texture": "#0"},
				"up": {"uv": [12.75, 15.75, 13.25, 15.5], "rotation": 270, "texture": "#0"}
			}
		},
		{
			"from": [0.5, 4.5, 6.34467],
			"to": [1.5, 11.5, 9.59467],
			"rotation": {"angle": 0, "axis": "z", "origin": [25, -1, 14.96967]},
			"faces": {
				"north": {"uv": [13.25, 15.75, 13.5, 16], "texture": "#0"},
				"south": {"uv": [13.25, 15.75, 13.5, 16], "texture": "#0"},
				"up": {"uv": [13.25, 15.75, 15, 16], "rotation": 270, "texture": "#0"},
				"down": {"uv": [13.25, 15.75, 15, 16], "rotation": 90, "texture": "#0"}
			}
		},
		{
			"from": [0.49967, 4.5, 4.46967],
			"to": [0.49967, 11.5, 11.46967],
			"rotation": {"angle": 0, "axis": "x", "origin": [25.00033, -7.75, 14.96967]},
			"faces": {
				"west": {"uv": [12.25, 12.25, 16, 16], "rotation": 90, "texture": "#0"}
			}
		},
		{
			"from": [0.5, 5.425, 9.99467],
			"to": [1.5, 6.5, 10.99467],
			"rotation": {"angle": 0, "axis": "z", "origin": [25, -1, 14.96967]},
			"faces": {
				"south": {"uv": [12.75, 15, 12.5, 15.5], "texture": "#0"},
				"down": {"uv": [13, 15.5, 12.75, 15.75], "rotation": 90, "texture": "#0"}
			}
		},
		{
			"from": [0.5, 4.975, 9.29467],
			"to": [1.5, 6.5, 10.54467],
			"rotation": {"angle": 0, "axis": "z", "origin": [25, -1, 14.96967]},
			"faces": {
				"south": {"uv": [13, 15.5, 12.75, 15.75], "texture": "#0"},
				"down": {"uv": [13.25, 15.5, 12.75, 15.75], "rotation": 90, "texture": "#0"}
			}
		},
		{
			"from": [0.5, 5.425, 4.94467],
			"to": [1.5, 6.5, 5.94467],
			"rotation": {"angle": 0, "axis": "z", "origin": [25, -1, 14.96967]},
			"faces": {
				"north": {"uv": [12.5, 15, 12.75, 15.5], "texture": "#0"},
				"down": {"uv": [12.75, 15.5, 13, 15.75], "rotation": 90, "texture": "#0"}
			}
		},
		{
			"from": [0.5, 4.975, 5.39467],
			"to": [1.5, 6.5, 6.64467],
			"rotation": {"angle": 0, "axis": "z", "origin": [25, -1, 14.96967]},
			"faces": {
				"north": {"uv": [12.75, 15.5, 13, 15.75], "texture": "#0"},
				"down": {"uv": [12.75, 15.5, 13.25, 15.75], "rotation": 90, "texture": "#0"}
			}
		},
		{
			"from": [0.5, 9.5, 9.99467],
			"to": [1.5, 10.575, 10.99467],
			"rotation": {"angle": 0, "axis": "z", "origin": [25, -1, 14.96967]},
			"faces": {
				"south": {"uv": [12.75, 15.5, 12.5, 15], "texture": "#0"},
				"up": {"uv": [13, 15.75, 12.75, 15.5], "rotation": 270, "texture": "#0"}
			}
		},
		{
			"from": [0.5, 9.5, 9.29467],
			"to": [1.5, 11.025, 10.54467],
			"rotation": {"angle": 0, "axis": "z", "origin": [25, -1, 14.96967]},
			"faces": {
				"south": {"uv": [13, 15.75, 12.75, 15.5], "texture": "#0"},
				"up": {"uv": [13.25, 15.75, 12.75, 15.5], "rotation": 270, "texture": "#0"}
			}
		},
		{
			"from": [0.5, 9.5, 4.94467],
			"to": [1.5, 10.575, 5.94467],
			"rotation": {"angle": 0, "axis": "z", "origin": [25, -1, 14.96967]},
			"faces": {
				"north": {"uv": [12.5, 15.5, 12.75, 15], "texture": "#0"},
				"up": {"uv": [12.75, 15.75, 13, 15.5], "rotation": 270, "texture": "#0"}
			}
		},
		{
			"from": [0.5, 9.5, 5.39467],
			"to": [1.5, 11.025, 6.64467],
			"rotation": {"angle": 0, "axis": "z", "origin": [25, -1, 14.96967]},
			"faces": {
				"north": {"uv": [12.75, 15.75, 13, 15.5], "texture": "#0"},
				"up": {"uv": [12.75, 15.75, 13.25, 15.5], "rotation": 270, "texture": "#0"}
			}
		},
		{
			"from": [9.325, 4.975, 0.53033],
			"to": [10.575, 6.5, 1.53033],
			"rotation": {"angle": 0, "axis": "z", "origin": [-9, -1, 1.03033]},
			"faces": {
				"east": {"uv": [12.75, 15.5, 13, 15.75], "texture": "#0"},
				"down": {"uv": [12.75, 15.5, 13.25, 15.75], "texture": "#0"}
			}
		},
		{
			"from": [10.025, 5.425, 0.53033],
			"to": [11.025, 6.5, 1.53033],
			"rotation": {"angle": 0, "axis": "z", "origin": [-9, -1, 1.03033]},
			"faces": {
				"east": {"uv": [12.5, 15, 12.75, 15.5], "texture": "#0"},
				"down": {"uv": [12.75, 15.5, 13, 15.75], "texture": "#0"}
			}
		},
		{
			"from": [5.425, 4.975, 0.53033],
			"to": [6.675, 6.5, 1.53033],
			"rotation": {"angle": 0, "axis": "z", "origin": [-9, -1, 1.03033]},
			"faces": {
				"west": {"uv": [13, 15.5, 12.75, 15.75], "texture": "#0"},
				"down": {"uv": [13.25, 15.5, 12.75, 15.75], "texture": "#0"}
			}
		},
		{
			"from": [4.975, 5.425, 0.53033],
			"to": [5.975, 6.5, 1.53033],
			"rotation": {"angle": 0, "axis": "z", "origin": [-9, -1, 1.03033]},
			"faces": {
				"west": {"uv": [12.75, 15, 12.5, 15.5], "texture": "#0"},
				"down": {"uv": [13, 15.5, 12.75, 15.75], "texture": "#0"}
			}
		},
		{
			"from": [4.5, 4.5, 0.53],
			"to": [11.5, 11.5, 0.53],
			"rotation": {"angle": 0, "axis": "x", "origin": [-9, -7.75, 1.03066]},
			"faces": {
				"north": {"uv": [12.25, 12.25, 16, 16], "rotation": 90, "texture": "#0"}
			}
		},
		{
			"from": [6.375, 4.5, 0.53033],
			"to": [9.625, 11.5, 1.53033],
			"rotation": {"angle": 0, "axis": "z", "origin": [-9, -1, 1.03033]},
			"faces": {
				"east": {"uv": [13.25, 15.75, 13.5, 16], "texture": "#0"},
				"west": {"uv": [13.25, 15.75, 13.5, 16], "texture": "#0"},
				"up": {"uv": [13.25, 15.75, 15, 16], "texture": "#0"},
				"down": {"uv": [13.25, 15.75, 15, 16], "texture": "#0"}
			}
		},
		{
			"from": [9.325, 9.5, 0.53033],
			"to": [10.575, 11.025, 1.53033],
			"rotation": {"angle": 0, "axis": "z", "origin": [-9, -1, 1.03033]},
			"faces": {
				"east": {"uv": [12.75, 15.75, 13, 15.5], "texture": "#0"},
				"up": {"uv": [12.75, 15.75, 13.25, 15.5], "texture": "#0"}
			}
		},
		{
			"from": [10.025, 9.5, 0.53033],
			"to": [11.025, 10.575, 1.53033],
			"rotation": {"angle": 0, "axis": "z", "origin": [-9, -1, 1.03033]},
			"faces": {
				"east": {"uv": [12.5, 15.5, 12.75, 15], "texture": "#0"},
				"up": {"uv": [12.75, 15.75, 13, 15.5], "texture": "#0"}
			}
		},
		{
			"from": [5.425, 9.5, 0.53033],
			"to": [6.675, 11.025, 1.53033],
			"rotation": {"angle": 0, "axis": "z", "origin": [-9, -1, 1.03033]},
			"faces": {
				"west": {"uv": [13, 15.75, 12.75, 15.5], "texture": "#0"},
				"up": {"uv": [13.25, 15.75, 12.75, 15.5], "texture": "#0"}
			}
		},
		{
			"from": [4.975, 9.5, 0.53033],
			"to": [5.975, 10.575, 1.53033],
			"rotation": {"angle": 0, "axis": "z", "origin": [-9, -1, 1.03033]},
			"faces": {
				"west": {"uv": [12.75, 15.5, 12.5, 15], "texture": "#0"},
				"up": {"uv": [13, 15.75, 12.75, 15.5], "texture": "#0"}
			}
		},
		{
			"from": [4.5, 4.5, 0.525],
			"to": [11.5, 11.5, 0.525],
			"rotation": {"angle": 0, "axis": "x", "origin": [-9, -7.75, 1.03066]},
			"faces": {
				"north": {"uv": [6.25, 12.25, 10, 16], "rotation": 90, "texture": "#0"}
			}
		},
		{
			"from": [4.5, 6.375, 0.53033],
			"to": [11.5, 9.625, 1.53033],
			"rotation": {"angle": 0, "axis": "x", "origin": [-9, 5.75, 1.03033]},
			"faces": {
				"east": {"uv": [12.25, 13.25, 12.5, 15], "texture": "#0"},
				"west": {"uv": [12.25, 13.25, 12.5, 15], "texture": "#0"},
				"up": {"uv": [12.5, 15.25, 12.75, 15.5], "texture": "#0"},
				"down": {"uv": [12.5, 15.25, 12.75, 15.5], "texture": "#0"}
			}
		},
		{
			"from": [4.975, 9.5, 0.53033],
			"to": [5.975, 10.575, 1.53033],
			"rotation": {"angle": 0, "axis": "z", "origin": [-9, -1, 1.03033]},
			"faces": {
				"west": {"uv": [12.75, 15.5, 12.5, 15], "texture": "#0"},
				"up": {"uv": [13, 15.75, 12.75, 15.5], "texture": "#0"}
			}
		},
		{
			"from": [5.425, 9.5, 0.53033],
			"to": [6.675, 11.025, 1.53033],
			"rotation": {"angle": 0, "axis": "z", "origin": [-9, -1, 1.03033]},
			"faces": {
				"west": {"uv": [13, 15.75, 12.75, 15.5], "texture": "#0"},
				"up": {"uv": [13.25, 15.75, 12.75, 15.5], "texture": "#0"}
			}
		},
		{
			"from": [10.025, 9.5, 0.53033],
			"to": [11.025, 10.575, 1.53033],
			"rotation": {"angle": 0, "axis": "z", "origin": [-9, -1, 1.03033]},
			"faces": {
				"east": {"uv": [12.5, 15.5, 12.75, 15], "texture": "#0"},
				"up": {"uv": [12.75, 15.75, 13, 15.5], "texture": "#0"}
			}
		},
		{
			"from": [9.325, 9.5, 0.53033],
			"to": [10.575, 11.025, 1.53033],
			"rotation": {"angle": 0, "axis": "z", "origin": [-9, -1, 1.03033]},
			"faces": {
				"east": {"uv": [12.75, 15.75, 13, 15.5], "texture": "#0"},
				"up": {"uv": [12.75, 15.75, 13.25, 15.5], "texture": "#0"}
			}
		},
		{
			"from": [9.325, 4.975, 0.53033],
			"to": [10.575, 6.5, 1.53033],
			"rotation": {"angle": 0, "axis": "z", "origin": [-9, -1, 1.03033]},
			"faces": {
				"east": {"uv": [12.75, 15.5, 13, 15.75], "texture": "#0"},
				"down": {"uv": [12.75, 15.5, 13.25, 15.75], "texture": "#0"}
			}
		},
		{
			"from": [10.025, 5.425, 0.53033],
			"to": [11.025, 6.5, 1.53033],
			"rotation": {"angle": 0, "axis": "z", "origin": [-9, -1, 1.03033]},
			"faces": {
				"east": {"uv": [12.5, 15, 12.75, 15.5], "texture": "#0"},
				"down": {"uv": [12.75, 15.5, 13, 15.75], "texture": "#0"}
			}
		},
		{
			"from": [5.425, 4.975, 0.53033],
			"to": [6.675, 6.5, 1.53033],
			"rotation": {"angle": 0, "axis": "z", "origin": [-9, -1, 1.03033]},
			"faces": {
				"west": {"uv": [13, 15.5, 12.75, 15.75], "texture": "#0"},
				"down": {"uv": [13.25, 15.5, 12.75, 15.75], "texture": "#0"}
			}
		},
		{
			"from": [4.975, 5.425, 0.53033],
			"to": [5.975, 6.5, 1.53033],
			"rotation": {"angle": 0, "axis": "z", "origin": [-9, -1, 1.03033]},
			"faces": {
				"west": {"uv": [12.75, 15, 12.5, 15.5], "texture": "#0"},
				"down": {"uv": [13, 15.5, 12.75, 15.75], "texture": "#0"}
			}
		},
		{
			"from": [4.5, 4.5, 0.53],
			"to": [11.5, 11.5, 0.53],
			"rotation": {"angle": 0, "axis": "x", "origin": [-9, -7.75, 1.03066]},
			"faces": {
				"north": {"uv": [12.25, 12.25, 16, 16], "rotation": 90, "texture": "#0"}
			}
		},
		{
			"from": [6.375, 4.5, 0.53033],
			"to": [9.625, 11.5, 1.53033],
			"rotation": {"angle": 0, "axis": "z", "origin": [-9, -1, 1.03033]},
			"faces": {
				"east": {"uv": [13.25, 15.75, 13.5, 16], "texture": "#0"},
				"west": {"uv": [13.25, 15.75, 13.5, 16], "texture": "#0"},
				"up": {"uv": [13.25, 15.75, 15, 16], "texture": "#0"},
				"down": {"uv": [13.25, 15.75, 15, 16], "texture": "#0"}
			}
		},
		{
			"from": [9.325, 9.5, 0.53033],
			"to": [10.575, 11.025, 1.53033],
			"rotation": {"angle": 0, "axis": "z", "origin": [-9, -1, 1.03033]},
			"faces": {
				"east": {"uv": [12.75, 15.75, 13, 15.5], "texture": "#0"},
				"up": {"uv": [12.75, 15.75, 13.25, 15.5], "texture": "#0"}
			}
		},
		{
			"from": [10.025, 9.5, 0.53033],
			"to": [11.025, 10.575, 1.53033],
			"rotation": {"angle": 0, "axis": "z", "origin": [-9, -1, 1.03033]},
			"faces": {
				"east": {"uv": [12.5, 15.5, 12.75, 15], "texture": "#0"},
				"up": {"uv": [12.75, 15.75, 13, 15.5], "texture": "#0"}
			}
		},
		{
			"from": [5.425, 9.5, 0.53033],
			"to": [6.675, 11.025, 1.53033],
			"rotation": {"angle": 0, "axis": "z", "origin": [-9, -1, 1.03033]},
			"faces": {
				"west": {"uv": [13, 15.75, 12.75, 15.5], "texture": "#0"},
				"up": {"uv": [13.25, 15.75, 12.75, 15.5], "texture": "#0"}
			}
		},
		{
			"from": [4.975, 9.5, 0.53033],
			"to": [5.975, 10.575, 1.53033],
			"rotation": {"angle": 0, "axis": "z", "origin": [-9, -1, 1.03033]},
			"faces": {
				"west": {"uv": [12.75, 15.5, 12.5, 15], "texture": "#0"},
				"up": {"uv": [13, 15.75, 12.75, 15.5], "texture": "#0"}
			}
		},
		{
			"from": [4.5, 4.5, 0.525],
			"to": [11.5, 11.5, 0.525],
			"rotation": {"angle": 0, "axis": "x", "origin": [-9, -7.75, 1.03066]},
			"faces": {
				"north": {"uv": [6.25, 12.25, 10, 16], "rotation": 90, "texture": "#0"}
			}
		},
		{
			"from": [4.5, 6.375, 0.53033],
			"to": [11.5, 9.625, 1.53033],
			"rotation": {"angle": 0, "axis": "x", "origin": [-9, 5.75, 1.03033]},
			"faces": {
				"east": {"uv": [12.25, 13.25, 12.5, 15], "texture": "#0"},
				"west": {"uv": [12.25, 13.25, 12.5, 15], "texture": "#0"},
				"up": {"uv": [12.5, 15.25, 12.75, 15.5], "texture": "#0"},
				"down": {"uv": [12.5, 15.25, 12.75, 15.5], "texture": "#0"}
			}
		},
		{
			"from": [4.975, 9.5, 0.53033],
			"to": [5.975, 10.575, 1.53033],
			"rotation": {"angle": 0, "axis": "z", "origin": [-9, -1, 1.03033]},
			"faces": {
				"west": {"uv": [12.75, 15.5, 12.5, 15], "texture": "#0"},
				"up": {"uv": [13, 15.75, 12.75, 15.5], "texture": "#0"}
			}
		},
		{
			"from": [5.425, 9.5, 0.53033],
			"to": [6.675, 11.025, 1.53033],
			"rotation": {"angle": 0, "axis": "z", "origin": [-9, -1, 1.03033]},
			"faces": {
				"west": {"uv": [13, 15.75, 12.75, 15.5], "texture": "#0"},
				"up": {"uv": [13.25, 15.75, 12.75, 15.5], "texture": "#0"}
			}
		},
		{
			"from": [10.025, 9.5, 0.53033],
			"to": [11.025, 10.575, 1.53033],
			"rotation": {"angle": 0, "axis": "z", "origin": [-9, -1, 1.03033]},
			"faces": {
				"east": {"uv": [12.5, 15.5, 12.75, 15], "texture": "#0"},
				"up": {"uv": [12.75, 15.75, 13, 15.5], "texture": "#0"}
			}
		},
		{
			"from": [9.325, 9.5, 0.53033],
			"to": [10.575, 11.025, 1.53033],
			"rotation": {"angle": 0, "axis": "z", "origin": [-9, -1, 1.03033]},
			"faces": {
				"east": {"uv": [12.75, 15.75, 13, 15.5], "texture": "#0"},
				"up": {"uv": [12.75, 15.75, 13.25, 15.5], "texture": "#0"}
			}
		}
	],
	"display": {
		"thirdperson_righthand": {
			"rotation": [75, 45, 0],
			"translation": [0, 2.5, 0],
			"scale": [0.375, 0.375, 0.375]
		},
		"thirdperson_lefthand": {
			"rotation": [75, 45, 0],
			"translation": [0, 2.5, 0],
			"scale": [0.375, 0.375, 0.375]
		},
		"firstperson_righthand": {
			"rotation": [0, 45, 0],
			"scale": [0.4, 0.4, 0.4]
		},
		"firstperson_lefthand": {
			"rotation": [0, 225, 0],
			"scale": [0.4, 0.4, 0.4]
		},
		"ground": {
			"translation": [0, 2, 0],
			"scale": [0.5, 0.5, 0.5]
		},
		"gui": {
			"rotation": [30, 225, 0],
			"scale": [0.625, 0.625, 0.625]
		},
		"head": {
			"scale": [1.03711, 1.03711, 1.03711]
		},
		"fixed": {
			"translation": [0, 0, -14],
			"scale": [1.99609, 1.99609, 1.99609]
		}
	},
	"groups": [
		0,
		1,
		2,
		3,
		4,
		5,
		6,
		7,
		8,
		9,
		10,
		11,
		12,
		13,
		14,
		15,
		16,
		17,
		18,
		19,
		20,
		21,
		22,
		23,
		24,
		25,
		26,
		27,
		28,
		29,
		30,
		31,
		32,
		33,
		34,
		35,
		36,
		37,
		38,
		39,
		40,
		41,
		42,
		43,
		44,
		45,
		46,
		47,
		48,
		49,
		50,
		51,
		52,
		53,
		54,
		55,
		56,
		57,
		58,
		59,
		60,
		61,
		62,
		63,
		64,
		65,
		66,
		67,
		68,
		69,
		70,
		71,
		72,
		73,
		74,
		75,
		76,
		77,
		78,
		79,
		80,
		81,
		82,
		83,
		84,
		85,
		86,
		87,
		88,
		89,
		90,
		91,
		92,
		93,
		94,
		95,
		96,
		97,
		98,
		99,
		100,
		101,
		102,
		103,
		104,
		105,
		106,
		107,
		108,
		109,
		110,
		111,
		112,
		113,
		114,
		115,
		116,
		117,
		118,
		119,
		120,
		121,
		122,
		123,
		124,
		125,
		126,
		127,
		128,
		129,
		130,
		131,
		132,
		{
			"name": "Emblems",
			"origin": [8, 14.75, 1.03033],
			"color": 0,
			"children": [
				{
					"name": "Emblem",
					"origin": [8, 14.75, 1.03033],
					"color": 0,
					"children": [133, 134, 135, 136, 137, 138, 139, 140, 141, 142, 143, 144, 145, 146, 147, 148]
				},
				{
					"name": "Emblem",
					"origin": [8, 14.75, 3.06066],
					"color": 0,
					"children": [149, 150, 151, 152, 153, 154, 155, 156, 157, 158, 159, 160, 161, 162, 163, 164]
				},
				{
					"name": "Emblem",
					"origin": [8, 14.75, 3.06066],
					"color": 0,
					"children": [165, 166, 167, 168, 169, 170, 171, 172, 173, 174, 175, 176, 177, 178, 179, 180]
				},
				{
					"name": "Emblem",
					"origin": [-9, -1, 14.96967],
					"color": 0,
					"children": [181, 182, 183, 184, 185, 186, 187, 188, 189, 190, 191, 192, 193, 194, 195, 196]
				},
				{
					"name": "Emblem",
					"origin": [-9, -1, 14.96967],
					"color": 0,
					"children": [197, 198, 199, 200, 201, 202, 203, 204, 205, 206, 207, 208, 209, 210, 211, 212]
				},
				{
					"name": "Emblem",
					"origin": [8, 14.75, 1.03033],
					"color": 0,
					"children": [213, 214, 215, 216, 217, 218, 219, 220, 221, 222, 223, 224, 225, 226, 227, 228, 229, 230, 231, 232, 233, 234, 235, 236, 237, 238, 239, 240, 241, 242, 243, 244]
				}
			]
		}
	]
}