{
	"credit": "Made with Blockbench",
	"texture_size": [64, 64],
	"textures": {
		"0": "item/super_mushroom",
		"particle": "item/super_mushroom"
	},
	"elements": [
		{
			"from": [4, 8, 3],
			"to": [12, 10, 13],
			"rotation": {"angle": 0, "axis": "y", "origin": [0, 0, 8]},
			"faces": {
				"north": {"uv": [5.5, 5.5, 9.5, 6.5], "texture": "#0"},
				"east": {"uv": [5.5, 6.5, 10.5, 7.5], "texture": "#0"},
				"south": {"uv": [5.5, 5.5, 9.5, 6.5], "texture": "#0"},
				"west": {"uv": [5.5, 6.5, 10.5, 7.5], "texture": "#0"},
				"up": {"uv": [8, 0, 12, 5], "texture": "#0"},
				"down": {"uv": [0, 0, 1, 1.25], "texture": "#missing"}
			}
		},
		{
			"from": [11, 10, 5],
			"to": [12, 11, 11],
			"rotation": {"angle": 0, "axis": "y", "origin": [0, 0, 8]},
			"faces": {
				"north": {"uv": [16, 0.5, 15.5, 1], "texture": "#0"},
				"east": {"uv": [12, 0, 15, 0.5], "texture": "#0"},
				"south": {"uv": [15.5, 0.5, 16, 1], "texture": "#0"},
				"west": {"uv": [0, 0, 3, 0.5], "texture": "#missing"},
				"up": {"uv": [15, 1.5, 12, 1], "rotation": 90, "texture": "#0"},
				"down": {"uv": [0, 0, 0.125, 0.75], "texture": "#missing"}
			}
		},
		{
			"from": [5, 11, 6],
			"to": [11, 12, 10],
			"rotation": {"angle": 0, "axis": "y", "origin": [16, 0, 8]},
			"faces": {
				"north": {"uv": [12, 6.5, 15, 7], "texture": "#0"},
				"east": {"uv": [12, 5.5, 14, 6], "texture": "#0"},
				"south": {"uv": [12, 6.5, 15, 7], "texture": "#0"},
				"west": {"uv": [12, 5.5, 14, 6], "texture": "#0"},
				"up": {"uv": [12, 7, 15, 9], "texture": "#0"},
				"down": {"uv": [3, 0, 3.75, 0.5], "texture": "#missing"}
			}
		},
		{
			"from": [10.5, 1, 5.5],
			"to": [11.5, 5, 10.5],
			"rotation": {"angle": 0, "axis": "y", "origin": [8.5, 0, 0.5]},
			"faces": {
				"north": {"uv": [5.5, 0, 5, 2], "texture": "#0"},
				"east": {"uv": [8, 0, 5.5, 2], "texture": "#0"},
				"south": {"uv": [5, 0, 5.5, 2], "texture": "#0"},
				"down": {"uv": [8, 2.5, 5.5, 2], "rotation": 90, "texture": "#0"}
			}
		},
		{
			"from": [4.5, 1, 5.5],
			"to": [5.5, 5, 10.5],
			"rotation": {"angle": 0, "axis": "y", "origin": [7.5, 0, 0.5]},
			"faces": {
				"north": {"uv": [5, 0, 5.5, 2], "texture": "#0"},
				"south": {"uv": [5.5, 0, 5, 2], "texture": "#0"},
				"west": {"uv": [5.5, 0, 8, 2], "texture": "#0"},
				"down": {"uv": [8, 2, 5.5, 2.5], "rotation": 90, "texture": "#0"}
			}
		},
		{
			"from": [5.5, 1, 10.5],
			"to": [10.5, 5, 11.5],
			"rotation": {"angle": 0, "axis": "y", "origin": [8, 3, 8]},
			"faces": {
				"east": {"uv": [5.5, 0, 5, 2], "texture": "#0"},
				"south": {"uv": [8, 0, 5.5, 2], "texture": "#0"},
				"west": {"uv": [5, 0, 5.5, 2], "texture": "#0"},
				"down": {"uv": [8, 2.5, 5.5, 2], "texture": "#0"}
			}
		},
		{
			"from": [5.5, 1, 4.5],
			"to": [10.5, 5, 5.5],
			"rotation": {"angle": 0, "axis": "y", "origin": [8, 3, 8]},
			"faces": {
				"north": {"uv": [8, 0, 5.5, 2], "texture": "#0"},
				"east": {"uv": [5, 0, 5.5, 2], "texture": "#0"},
				"west": {"uv": [5.5, 0, 5, 2], "texture": "#0"},
				"down": {"uv": [8, 2, 5.5, 2.5], "texture": "#0"}
			}
		},
		{
			"from": [5.5, 1, 4.49],
			"to": [10.5, 5, 4.49],
			"rotation": {"angle": 0, "axis": "y", "origin": [8, 3, 8]},
			"faces": {
				"north": {"uv": [0, 14, 2.5, 16], "texture": "#0"},
				"east": {"uv": [5, 0, 5.5, 2], "texture": "#0"},
				"west": {"uv": [5.5, 0, 5, 2], "texture": "#0"},
				"down": {"uv": [5.5, 2, 8, 2.5], "rotation": 270, "texture": "#0"}
			}
		},
		{
			"from": [5.5, 0, 5.5],
			"to": [10.5, 1, 10.5],
			"rotation": {"angle": 0, "axis": "y", "origin": [8.5, 0, 0.5]},
			"faces": {
				"north": {"uv": [5.5, 2.5, 8, 3], "texture": "#0"},
				"east": {"uv": [5.5, 2.5, 8, 3], "texture": "#0"},
				"south": {"uv": [5.5, 2.5, 8, 3], "texture": "#0"},
				"west": {"uv": [5.5, 2.5, 8, 3], "texture": "#0"},
				"down": {"uv": [5.5, 3, 8, 5.5], "texture": "#0"}
			}
		},
		{
			"from": [3.5, 6, 12.5],
			"to": [12.5, 8, 13.5],
			"rotation": {"angle": 0, "axis": "y", "origin": [8.5, 0, 0.5]},
			"faces": {
				"east": {"uv": [4.5, 0, 5, 1], "texture": "#0"},
				"south": {"uv": [0, 0, 4.5, 1], "texture": "#0"},
				"west": {"uv": [5, 0, 4.5, 1], "texture": "#0"},
				"up": {"uv": [0, 2, 4.5, 2.5], "texture": "#0"},
				"down": {"uv": [0, 1.5, 4.5, 2], "texture": "#0"}
			}
		},
		{
			"from": [3.5, 6, 2.5],
			"to": [12.5, 8, 3.5],
			"rotation": {"angle": 0, "axis": "y", "origin": [5.75, 6.5, 10.5]},
			"faces": {
				"north": {"uv": [0, 0, 4.5, 1], "texture": "#0"},
				"east": {"uv": [5, 0, 4.5, 1], "texture": "#0"},
				"west": {"uv": [4.5, 0, 5, 1], "texture": "#0"},
				"up": {"uv": [0, 2, 4.5, 2.5], "rotation": 180, "texture": "#0"},
				"down": {"uv": [0, 1.5, 4.5, 2], "rotation": 180, "texture": "#0"}
			}
		},
		{
			"from": [2.5, 6, 3.5],
			"to": [3.5, 8, 12.5],
			"rotation": {"angle": 0, "axis": "y", "origin": [8, 7, 8]},
			"faces": {
				"north": {"uv": [5, 0, 4.5, 1], "texture": "#0"},
				"south": {"uv": [4.5, 0, 5, 1], "texture": "#0"},
				"west": {"uv": [0, 0, 4.5, 1], "texture": "#0"},
				"up": {"uv": [0, 2, 4.5, 2.5], "rotation": 90, "texture": "#0"},
				"down": {"uv": [0, 1.5, 4.5, 2], "rotation": 270, "texture": "#0"}
			}
		},
		{
			"from": [12.5, 6, 3.5],
			"to": [13.5, 8, 12.5],
			"rotation": {"angle": 0, "axis": "y", "origin": [8, 7, 8]},
			"faces": {
				"north": {"uv": [4.5, 0, 5, 1], "texture": "#0"},
				"east": {"uv": [0, 0, 4.5, 1], "texture": "#0"},
				"south": {"uv": [5, 0, 4.5, 1], "texture": "#0"},
				"up": {"uv": [0, 2, 4.5, 2.5], "rotation": 270, "texture": "#0"},
				"down": {"uv": [0, 1.5, 4.5, 2], "rotation": 90, "texture": "#0"}
			}
		},
		{
			"from": [12, 8, 4],
			"to": [13, 10, 12],
			"rotation": {"angle": 0, "axis": "y", "origin": [0, 0, 8]},
			"faces": {
				"north": {"uv": [10.5, 6.5, 10, 7.5], "texture": "#0"},
				"east": {"uv": [5.5, 5.5, 9.5, 6.5], "texture": "#0"},
				"south": {"uv": [10, 6.5, 10.5, 7.5], "texture": "#0"},
				"west": {"uv": [0, 0, 4, 1], "texture": "#missing"},
				"up": {"uv": [5.5, 8, 9.5, 7.5], "rotation": 90, "texture": "#0"},
				"down": {"uv": [0, 0, 0.125, 1], "texture": "#missing"}
			}
		},
		{
			"from": [3.5, 5, 3.5],
			"to": [12.5, 8, 12.5],
			"rotation": {"angle": 0, "axis": "y", "origin": [0, 0, 8]},
			"faces": {
				"north": {"uv": [0, 5, 4.5, 6.5], "texture": "#0"},
				"east": {"uv": [0, 5, 4.5, 6.5], "texture": "#0"},
				"south": {"uv": [0, 5, 4.5, 6.5], "texture": "#0"},
				"west": {"uv": [0, 5, 4.5, 6.5], "texture": "#0"},
				"up": {"uv": [0.5, 8, 5, 12.5], "texture": "#0"},
				"down": {"uv": [0.5, 8, 5, 12.5], "texture": "#0"}
			}
		},
		{
			"from": [3, 8, 4],
			"to": [4, 10, 12],
			"rotation": {"angle": 0, "axis": "y", "origin": [0, 0, 8]},
			"faces": {
				"north": {"uv": [5.5, 6.5, 6, 7.5], "texture": "#0"},
				"east": {"uv": [0, 0, 4, 1], "texture": "#missing"},
				"south": {"uv": [10.5, 6.5, 10, 7.5], "texture": "#0"},
				"west": {"uv": [5.5, 5.5, 9.5, 6.5], "texture": "#0"},
				"up": {"uv": [5.5, 7.5, 9.5, 8], "rotation": 90, "texture": "#0"},
				"down": {"uv": [0, 0, 0.125, 1], "texture": "#missing"}
			}
		},
		{
			"from": [5, 10, 4],
			"to": [11, 11, 12],
			"rotation": {"angle": 0, "axis": "y", "origin": [0, 0, 8]},
			"faces": {
				"north": {"uv": [12, 0, 15, 0.5], "texture": "#0"},
				"east": {"uv": [12, 0.5, 16, 1], "texture": "#0"},
				"south": {"uv": [12, 0, 15, 0.5], "texture": "#0"},
				"west": {"uv": [12, 0.5, 16, 1], "texture": "#0"},
				"up": {"uv": [12, 1.5, 15, 5.5], "texture": "#0"},
				"down": {"uv": [0, 0, 0.75, 1], "texture": "#missing"}
			}
		},
		{
			"from": [4, 10, 5],
			"to": [5, 11, 11],
			"rotation": {"angle": 0, "axis": "y", "origin": [0, 0, 8]},
			"faces": {
				"north": {"uv": [15.5, 0.5, 16, 1], "texture": "#0"},
				"east": {"uv": [0, 0, 3, 0.5], "texture": "#missing"},
				"south": {"uv": [16, 0.5, 15.5, 1], "texture": "#0"},
				"west": {"uv": [12, 0, 15, 0.5], "texture": "#0"},
				"up": {"uv": [12, 1, 15, 1.5], "rotation": 90, "texture": "#0"},
				"down": {"uv": [0, 0, 0.125, 0.75], "texture": "#missing"}
			}
		},
		{
			"from": [6, 11, 10],
			"to": [10, 12, 11],
			"rotation": {"angle": 0, "axis": "y", "origin": [16, 0, 8]},
			"faces": {
				"north": {"uv": [3, 0, 5, 0.5], "texture": "#missing"},
				"east": {"uv": [12, 6.5, 12.5, 7], "texture": "#0"},
				"south": {"uv": [14, 5.5, 12, 6], "texture": "#0"},
				"west": {"uv": [14.5, 6.5, 15, 7], "texture": "#0"},
				"up": {"uv": [12, 6, 14, 6.5], "texture": "#0"},
				"down": {"uv": [3, 0, 3.5, 0.125], "texture": "#missing"}
			}
		},
		{
			"from": [6, 11, 5],
			"to": [10, 12, 6],
			"rotation": {"angle": 0, "axis": "y", "origin": [16, 0, 8]},
			"faces": {
				"north": {"uv": [12, 5.5, 14, 6], "texture": "#0"},
				"east": {"uv": [12.5, 6.5, 12, 7], "texture": "#0"},
				"south": {"uv": [3, 0, 5, 0.5], "texture": "#missing"},
				"west": {"uv": [15, 6.5, 14.5, 7], "texture": "#0"},
				"up": {"uv": [12, 6.5, 14, 6], "texture": "#0"},
				"down": {"uv": [3, 0, 3.5, 0.125], "texture": "#missing"}
			}
		}
	],
	"display": {
		"thirdperson_righthand": {
			"rotation": [75, 45, 0],
			"translation": [0, 2.5, 0],
			"scale": [0.375, 0.375, 0.375]
		},
		"thirdperson_lefthand": {
			"rotation": [75, 45, 0],
			"translation": [0, 2.5, 0],
			"scale": [0.375, 0.375, 0.375]
		},
		"firstperson_righthand": {
			"rotation": [0, 45, 0],
			"scale": [0.4, 0.4, 0.4]
		},
		"firstperson_lefthand": {
			"rotation": [0, 225, 0],
			"scale": [0.4, 0.4, 0.4]
		},
		"ground": {
			"translation": [0, 3, 0],
			"scale": [0.25, 0.25, 0.25]
		},
		"gui": {
			"rotation": [30, 225, 0],
			"scale": [0.625, 0.625, 0.625]
		},
		"head": {
			"translation": [0, 9, 0],
			"scale": [1.82, 1.82, 1.82]
		},
		"fixed": {
			"rotation": [-90, -180, 0],
			"translation": [0, 0, -16],
			"scale": [2, 2, 2]
		}
	},
	"groups": [
		{
			"name": "group",
			"origin": [8, 3, 8],
			"color": 0,
			"children": []
		},
		0,
		1,
		2,
		3,
		4,
		5,
		6,
		7,
		8,
		9,
		10,
		11,
		12,
		13,
		14,
		15,
		16,
		17,
		18,
		19
	]
}