{
	"credit": "Made with Blockbench",
	"texture_size": [32, 32],
	"textures": {
		"0": "item/mc_rail",
		"1": "item/stone_baseplate",
		"2": "item/stop_sign",
		"3": "item/stop_sign_back",
		"particle": "item/stone_baseplate"
	},
	"elements": [
		{
			"name": "post",
			"from": [7, 0, 7],
			"to": [9, 16, 9],
			"rotation": {"angle": 0, "axis": "y", "origin": [2, 14, 0]},
			"faces": {
				"north": {"uv": [2, 0, 4, 16], "texture": "#0"},
				"east": {"uv": [4, 0, 2, 16], "texture": "#0"},
				"south": {"uv": [2, 0, 4, 16], "texture": "#0"},
				"west": {"uv": [4, 0, 2, 16], "texture": "#0"},
				"up": {"uv": [2, 14, 4, 16], "texture": "#0"},
				"down": {"uv": [2, 14, 4, 16], "texture": "#0"}
			}
		},
		{
			"name": "post",
			"from": [7, 16, 7],
			"to": [9, 32, 9],
			"rotation": {"angle": 0, "axis": "y", "origin": [2, 14, 0]},
			"faces": {
				"north": {"uv": [2, 0, 4, 16], "texture": "#0"},
				"east": {"uv": [4, 0, 2, 16], "texture": "#0"},
				"south": {"uv": [2, 0, 4, 16], "texture": "#0"},
				"west": {"uv": [4, 0, 2, 16], "texture": "#0"},
				"up": {"uv": [2, 14, 4, 16], "texture": "#0"},
				"down": {"uv": [2, 14, 4, 16], "texture": "#0"}
			}
		},
		{
			"name": "edge",
			"from": [0, 19, 6.5],
			"to": [1, 27, 7.5],
			"rotation": {"angle": 0, "axis": "y", "origin": [14, 9, 7.5]},
			"faces": {
				"north": {"uv": [8, 0, 7, 0.5], "texture": "#2"},
				"east": {"uv": [7.5, 0, 8, 0.5], "rotation": 90, "texture": "#2"},
				"south": {"uv": [7.5, 0, 8, 0.5], "rotation": 90, "texture": "#2"},
				"west": {"uv": [7.5, 0, 8, 0.5], "rotation": 90, "texture": "#2"},
				"up": {"uv": [7.5, 0, 8, 0.5], "rotation": 90, "texture": "#2"},
				"down": {"uv": [7.5, 0, 8, 0.5], "rotation": 90, "texture": "#2"}
			}
		},
		{
			"name": "edge",
			"from": [-2.68198, 25.21827, 6.5],
			"to": [-1.68198, 30.86827, 7.5],
			"rotation": {"angle": -45, "axis": "z", "origin": [0.81802, 22.86827, 7]},
			"faces": {
				"north": {"uv": [8, 0, 7, 0.5], "texture": "#2"},
				"east": {"uv": [7.5, 0, 8, 0.5], "rotation": 90, "texture": "#2"},
				"south": {"uv": [7.5, 0, 8, 0.5], "rotation": 90, "texture": "#2"},
				"west": {"uv": [7.5, 0, 8, 0.5], "rotation": 90, "texture": "#2"},
				"up": {"uv": [7.5, 0, 8, 0.5], "rotation": 90, "texture": "#2"},
				"down": {"uv": [7.5, 0, 8, 0.5], "rotation": 90, "texture": "#2"}
			}
		},
		{
			"name": "edge",
			"from": [-2.68198, 15.13173, 6.5],
			"to": [-1.68198, 20.78173, 7.5],
			"rotation": {"angle": 45, "axis": "z", "origin": [0.81802, 23.13173, 7]},
			"faces": {
				"north": {"uv": [8, 0, 7, 0.5], "texture": "#2"},
				"east": {"uv": [7.5, 0, 8, 0.5], "rotation": 90, "texture": "#2"},
				"south": {"uv": [7.5, 0, 8, 0.5], "rotation": 90, "texture": "#2"},
				"west": {"uv": [7.5, 0, 8, 0.5], "rotation": 90, "texture": "#2"},
				"up": {"uv": [7.5, 0, 8, 0.5], "rotation": 90, "texture": "#2"},
				"down": {"uv": [7.5, 0, 8, 0.5], "rotation": 90, "texture": "#2"}
			}
		},
		{
			"name": "edge",
			"from": [4, 15, 6.5],
			"to": [12, 16, 7.5],
			"rotation": {"angle": 0, "axis": "y", "origin": [14, 9, 7.5]},
			"faces": {
				"north": {"uv": [8, 0.5, 7, 0], "rotation": 90, "texture": "#2"},
				"east": {"uv": [7.5, 0, 8, 0.5], "rotation": 90, "texture": "#2"},
				"south": {"uv": [7.5, 0, 8, 0.5], "rotation": 90, "texture": "#2"},
				"west": {"uv": [7.5, 0, 8, 0.5], "rotation": 90, "texture": "#2"},
				"up": {"uv": [7.5, 0, 8, 0.5], "rotation": 90, "texture": "#2"},
				"down": {"uv": [7.5, 0, 8, 0.5], "rotation": 90, "texture": "#2"}
			}
		},
		{
			"name": "edge",
			"from": [17.68198, 15.13173, 6.5],
			"to": [18.68198, 20.78173, 7.5],
			"rotation": {"angle": -45, "axis": "z", "origin": [15.18198, 23.13173, 7]},
			"faces": {
				"north": {"uv": [7, 0.5, 8, 0], "texture": "#2"},
				"east": {"uv": [7.5, 0, 8, 0.5], "rotation": 90, "texture": "#2"},
				"south": {"uv": [7.5, 0, 8, 0.5], "rotation": 90, "texture": "#2"},
				"west": {"uv": [7.5, 0, 8, 0.5], "rotation": 90, "texture": "#2"},
				"up": {"uv": [7.5, 0, 8, 0.5], "rotation": 90, "texture": "#2"},
				"down": {"uv": [7.5, 0, 8, 0.5], "rotation": 90, "texture": "#2"}
			}
		},
		{
			"name": "edge",
			"from": [15, 19, 6.5],
			"to": [16, 27, 7.5],
			"rotation": {"angle": 0, "axis": "y", "origin": [14, 9, 7.5]},
			"faces": {
				"north": {"uv": [7, 0, 8, 0.5], "texture": "#2"},
				"east": {"uv": [7.5, 0, 8, 0.5], "rotation": 90, "texture": "#2"},
				"south": {"uv": [7.5, 0, 8, 0.5], "rotation": 90, "texture": "#2"},
				"west": {"uv": [7.5, 0, 8, 0.5], "rotation": 90, "texture": "#2"},
				"up": {"uv": [7.5, 0, 8, 0.5], "rotation": 90, "texture": "#2"},
				"down": {"uv": [7.5, 0, 8, 0.5], "rotation": 90, "texture": "#2"}
			}
		},
		{
			"name": "edge",
			"from": [17.68198, 25.21827, 6.5],
			"to": [18.68198, 30.86827, 7.5],
			"rotation": {"angle": 45, "axis": "z", "origin": [15.18198, 22.86827, 7]},
			"faces": {
				"north": {"uv": [7, 0, 8, 0.5], "texture": "#2"},
				"east": {"uv": [7.5, 0, 8, 0.5], "rotation": 90, "texture": "#2"},
				"south": {"uv": [7.5, 0, 8, 0.5], "rotation": 90, "texture": "#2"},
				"west": {"uv": [7.5, 0, 8, 0.5], "rotation": 90, "texture": "#2"},
				"up": {"uv": [7.5, 0, 8, 0.5], "rotation": 90, "texture": "#2"},
				"down": {"uv": [7.5, 0, 8, 0.5], "rotation": 90, "texture": "#2"}
			}
		},
		{
			"name": "edge",
			"from": [4, 30, 6.5],
			"to": [12, 31, 7.5],
			"rotation": {"angle": 0, "axis": "y", "origin": [14, 9, 7.5]},
			"faces": {
				"north": {"uv": [7, 0, 8, 0.5], "rotation": 90, "texture": "#2"},
				"east": {"uv": [7.5, 0, 8, 0.5], "rotation": 90, "texture": "#2"},
				"south": {"uv": [7.5, 0, 8, 0.5], "rotation": 90, "texture": "#2"},
				"west": {"uv": [7.5, 0, 8, 0.5], "rotation": 90, "texture": "#2"},
				"up": {"uv": [7.5, 0, 8, 0.5], "rotation": 90, "texture": "#2"},
				"down": {"uv": [7.5, 0, 8, 0.5], "rotation": 90, "texture": "#2"}
			}
		},
		{
			"name": "front",
			"from": [0.01, 15.01, 6.51],
			"to": [15.99, 30.99, 7.49],
			"rotation": {"angle": 0, "axis": "y", "origin": [14, 9, 7.5]},
			"faces": {
				"north": {"uv": [0, 0, 16, 16], "texture": "#2"},
				"south": {"uv": [0, 0, 16, 16], "texture": "#3"}
			}
		},
		{
			"name": "baseplate",
			"from": [2, 0, 2],
			"to": [14, 1, 14],
			"rotation": {"angle": 0, "axis": "y", "origin": [2, 0, 2]},
			"faces": {
				"north": {"uv": [6, 3, 9, 3.25], "texture": "#1"},
				"east": {"uv": [3, 3, 6, 3.25], "texture": "#1"},
				"south": {"uv": [0, 3, 3, 3.25], "texture": "#1"},
				"west": {"uv": [9, 3, 12, 3.25], "texture": "#1"},
				"up": {"uv": [0, 0, 3, 3], "texture": "#1"},
				"down": {"uv": [3, 0, 6, 3], "texture": "#1"}
			}
		}
	],
	"display": {
		"thirdperson_righthand": {
			"rotation": [75, 0, 0],
			"translation": [0, 0.25, 0],
			"scale": [0.375, 0.375, 0.375]
		},
		"thirdperson_lefthand": {
			"rotation": [75, 0, 0],
			"translation": [0, 0.25, 0],
			"scale": [0.375, 0.375, 0.375]
		},
		"firstperson_righthand": {
			"rotation": [0, 90, 0],
			"scale": [0.4, 0.4, 0.4]
		},
		"firstperson_lefthand": {
			"rotation": [0, 90, 0],
			"scale": [0.4, 0.4, 0.4]
		},
		"ground": {
			"translation": [0, 3, 0],
			"scale": [0.25, 0.25, 0.25]
		},
		"gui": {
			"rotation": [30, 144.5, 0],
			"translation": [0, -2.5, 0],
			"scale": [0.45, 0.45, 0.45]
		},
		"head": {
			"translation": [0, 13.25, 0.75]
		},
		"fixed": {
			"rotation": [-90, 0, 0],
			"translation": [0, 0, -14.08],
			"scale": [2.01, 2.01, 2.01]
		}
	},
	"groups": [
		0,
		1,
		2,
		3,
		4,
		5,
		6,
		7,
		8,
		9,
		10,
		11,
		{
			"name": "root",
			"origin": [-0.5, 0, 0],
			"color": 0,
			"children": [
				{
					"name": "body",
					"origin": [-0.5, 5, -0.0125],
					"color": 1,
					"children": [
						{
							"name": "head",
							"origin": [-0.5, 6, 0],
							"color": 2,
							"children": [
								{
									"name": "hat",
									"origin": [0, -0.5, -0.5],
									"color": 3,
									"children": []
								}
							]
						}
					]
				},
				{
					"name": "leftArm",
					"origin": [5.75, 4.75, -0.25],
					"color": 4,
					"children": []
				},
				{
					"name": "rightArm",
					"origin": [-6.75, 4.75, -0.25],
					"color": 5,
					"children": []
				},
				{
					"name": "leftLeg",
					"origin": [1.9, 3.5, 0],
					"color": 6,
					"children": []
				},
				{
					"name": "rightLeg",
					"origin": [-2.9, 3.5, 0],
					"color": 7,
					"children": []
				}
			]
		}
	]
}