{
	"credit": "Made with Blockbench",
	"textures": {
		"0": "item/mc_glass",
		"1": "item/water_still",
		"2": "item/fish_ani",
		"3": "item/mc_sand",
		"particle": "item/mc_glass"
	},
	"elements": [
		{
			"name": "bowl",
			"from": [4, 0, 4],
			"to": [12, 8, 12],
			"faces": {
				"north": {"uv": [0, 0, 16, 16], "texture": "#0"},
				"east": {"uv": [0, 0, 16, 16], "texture": "#0"},
				"south": {"uv": [0, 0, 16, 16], "texture": "#0"},
				"west": {"uv": [0, 0, 16, 16], "texture": "#0"},
				"up": {"uv": [0, 0, 16, 16], "texture": "#0"},
				"down": {"uv": [0, 0, 16, 16], "texture": "#0"}
			}
		},
		{
			"name": "bowl",
			"from": [4, 0, 4],
			"to": [12, 0.5, 12],
			"faces": {
				"up": {"uv": [0, 0, 16, 16], "texture": "#0"}
			}
		},
		{
			"name": "lip",
			"from": [11, 8, 4.5],
			"to": [11.5, 8.5, 11.5],
			"rotation": {"angle": 0, "axis": "y", "origin": [14.625, 9.75, 11]},
			"faces": {
				"north": {"uv": [15, 14, 16, 15], "rotation": 90, "texture": "#0"},
				"east": {"uv": [16, 1, 15, 15], "rotation": 90, "texture": "#0"},
				"south": {"uv": [15, 1, 16, 2], "rotation": 90, "texture": "#0"},
				"up": {"uv": [15, 1, 16, 15], "texture": "#0"}
			}
		},
		{
			"name": "lip",
			"from": [5, 8, 11],
			"to": [11, 8.5, 11.5],
			"rotation": {"angle": 0, "axis": "y", "origin": [23, 9.75, 1.875]},
			"faces": {
				"east": {"uv": [2, 16, 3, 15], "rotation": 90, "texture": "#0"},
				"south": {"uv": [2, 15, 14, 16], "texture": "#0"},
				"west": {"uv": [0, 5, 1, 4], "rotation": 90, "texture": "#0"},
				"up": {"uv": [2, 16, 14, 15], "texture": "#0"}
			}
		},
		{
			"name": "lip",
			"from": [5.5, 8.5, 10.5],
			"to": [10.5, 9, 11],
			"rotation": {"angle": 0, "axis": "y", "origin": [23, 9.75, 1.875]},
			"faces": {
				"north": {"uv": [13, 15, 3, 16], "texture": "#0"},
				"east": {"uv": [3, 16, 4, 15], "rotation": 90, "texture": "#0"},
				"south": {"uv": [3, 15, 13, 16], "texture": "#0"},
				"west": {"uv": [12, 16, 13, 15], "rotation": 90, "texture": "#0"},
				"up": {"uv": [3, 16, 13, 15], "texture": "#0"}
			}
		},
		{
			"name": "lip",
			"from": [5.5, 8.5, 5],
			"to": [10.5, 9, 5.5],
			"rotation": {"angle": 0, "axis": "y", "origin": [8, 8.75, 10.75]},
			"faces": {
				"north": {"uv": [16, 0, 6, 1], "texture": "#0"},
				"east": {"uv": [16, 1, 15, 0], "rotation": 90, "texture": "#0"},
				"south": {"uv": [6, 0, 16, 1], "texture": "#0"},
				"west": {"uv": [7, 1, 6, 0], "rotation": 90, "texture": "#0"},
				"up": {"uv": [16, 1, 6, 0], "rotation": 180, "texture": "#0"}
			}
		},
		{
			"name": "lip",
			"from": [4.5, 8, 4.5],
			"to": [5, 8.5, 11.5],
			"rotation": {"angle": 0, "axis": "y", "origin": [5.625, 8.25, 9.625]},
			"faces": {
				"north": {"uv": [0, 1, 1, 2], "rotation": 90, "texture": "#0"},
				"south": {"uv": [0, 14, 1, 15], "rotation": 90, "texture": "#0"},
				"west": {"uv": [1, 15, 0, 1], "rotation": 90, "texture": "#0"},
				"up": {"uv": [0, 15, 1, 1], "rotation": 180, "texture": "#0"}
			}
		},
		{
			"name": "lip",
			"from": [5, 8.5, 5],
			"to": [5.5, 9, 11],
			"rotation": {"angle": 0, "axis": "y", "origin": [5.625, 8.25, 9.625]},
			"faces": {
				"north": {"uv": [0, 2, 1, 3], "rotation": 90, "texture": "#0"},
				"east": {"uv": [1, 2, 0, 14], "rotation": 90, "texture": "#0"},
				"south": {"uv": [0, 13, 1, 14], "rotation": 90, "texture": "#0"},
				"west": {"uv": [1, 14, 0, 2], "rotation": 90, "texture": "#0"},
				"up": {"uv": [0, 14, 1, 2], "rotation": 180, "texture": "#0"}
			}
		},
		{
			"name": "lip",
			"from": [10.5, 8.5, 5],
			"to": [11, 9, 11],
			"rotation": {"angle": 0, "axis": "y", "origin": [14.625, 9.75, 11]},
			"faces": {
				"north": {"uv": [15, 13, 16, 14], "rotation": 90, "texture": "#0"},
				"east": {"uv": [16, 2, 15, 14], "rotation": 90, "texture": "#0"},
				"south": {"uv": [15, 2, 16, 3], "rotation": 90, "texture": "#0"},
				"west": {"uv": [16, 14, 15, 2], "rotation": 90, "texture": "#0"},
				"up": {"uv": [15, 2, 16, 14], "texture": "#0"}
			}
		},
		{
			"name": "lip",
			"from": [5, 8, 4.5],
			"to": [11, 8.5, 5],
			"rotation": {"angle": 0, "axis": "y", "origin": [5.625, 8.25, 9.625]},
			"faces": {
				"north": {"uv": [16, 0, 4, 1], "texture": "#0"},
				"east": {"uv": [0, 5, 1, 4], "rotation": 90, "texture": "#0"},
				"west": {"uv": [5, 1, 4, 0], "rotation": 90, "texture": "#0"},
				"up": {"uv": [16, 1, 4, 0], "rotation": 180, "texture": "#0"}
			}
		},
		{
			"name": "lip",
			"from": [5.125, 8, 10.5],
			"to": [5.625, 8.5, 11],
			"rotation": {"angle": 0, "axis": "y", "origin": [10.875, 9.75, 8]},
			"faces": {
				"north": {"uv": [0, 0, 1, 1], "rotation": 90, "texture": "#0"},
				"east": {"uv": [0, 0, 1, 1], "rotation": 90, "texture": "#0"},
				"south": {"uv": [0, 0, 1, 1], "rotation": 90, "texture": "#0"},
				"west": {"uv": [0, 0, 1, 1], "rotation": 90, "texture": "#0"},
				"up": {"uv": [0, 0, 1, 1], "rotation": 90, "texture": "#0"},
				"down": {"uv": [0, 0, 1, 1], "rotation": 90, "texture": "#0"}
			}
		},
		{
			"name": "fish",
			"from": [4.501, 0.501, 4.501],
			"to": [11.499, 7.499, 11.499],
			"faces": {
				"north": {"uv": [0, 0, 8, 8], "texture": "#2"},
				"east": {"uv": [8, 0, 16, 8], "texture": "#2"},
				"south": {"uv": [0, 0, 8, 8], "texture": "#2"},
				"west": {"uv": [8, 0, 16, 8], "texture": "#2"}
			}
		},
		{
			"name": "water",
			"from": [4.502, 0.502, 4.502],
			"to": [11.498, 7.498, 11.498],
			"faces": {
				"north": {"uv": [0, 0, 16, 16], "texture": "#1"},
				"east": {"uv": [0, 0, 16, 16], "texture": "#1"},
				"south": {"uv": [0, 0, 16, 16], "texture": "#1"},
				"west": {"uv": [0, 0, 16, 16], "texture": "#1"},
				"up": {"uv": [0, 0, 16, 16], "texture": "#1"},
				"down": {"uv": [0, 0, 16, 16], "texture": "#1"}
			}
		},
		{
			"name": "water",
			"from": [4.501, 0.501, 4.501],
			"to": [11.499, 1.499, 11.499],
			"faces": {
				"north": {"uv": [0, 14, 16, 16], "texture": "#3"},
				"east": {"uv": [0, 14, 16, 16], "texture": "#3"},
				"south": {"uv": [0, 14, 16, 16], "texture": "#3"},
				"west": {"uv": [0, 14, 16, 16], "texture": "#3"},
				"up": {"uv": [0, 0, 16, 16], "texture": "#3"},
				"down": {"uv": [0, 0, 16, 16], "texture": "#1"}
			}
		},
		{
			"name": "water",
			"from": [4.502, 7.502, 4.502],
			"to": [11.498, 8.498, 11.498],
			"faces": {
				"north": {"uv": [0, 0, 16, 2], "texture": "#1"},
				"east": {"uv": [0, 0, 16, 2], "texture": "#1"},
				"south": {"uv": [0, 0, 16, 2], "texture": "#1"},
				"west": {"uv": [0, 0, 16, 2], "texture": "#1"},
				"up": {"uv": [0, 0, 16, 16], "texture": "#1"},
				"down": {"uv": [0, 0, 16, 16], "texture": "#1"}
			}
		}
	],
	"display": {
		"thirdperson_righthand": {
			"rotation": [75, 45, 0],
			"translation": [0, 1.5, 0],
			"scale": [0.375, 0.375, 0.375]
		},
		"thirdperson_lefthand": {
			"rotation": [75, 45, 0],
			"translation": [0, 1.5, 0],
			"scale": [0.375, 0.375, 0.375]
		},
		"firstperson_righthand": {
			"rotation": [0, 45, 0],
			"scale": [0.4, 0.4, 0.4]
		},
		"firstperson_lefthand": {
			"rotation": [0, 45, 0],
			"scale": [0.4, 0.4, 0.4]
		},
		"ground": {
			"translation": [0, 3, 0],
			"scale": [0.25, 0.25, 0.25]
		},
		"gui": {
			"rotation": [30, 225, 0],
			"scale": [0.625, 0.625, 0.625]
		},
		"head": {
			"translation": [0, 8.25, 0],
			"scale": [2.06, 2.06, 2.06]
		},
		"fixed": {
			"rotation": [-90, 0, 0],
			"translation": [0, 0.25, -22.75],
			"scale": [3.01, 3.01, 3.01]
		}
	}
}