{
	"credit": "Made with Blockbench",
	"texture_size": [32, 32],
	"textures": {
		"0": "item/mc_daylight_detector_inverted_top_gray",
		"1": "item/mc_daylight_detector_side_gray",
		"3": "item/streetlight",
		"4": "item/metal_block",
		"5": "item/brushed_metal_texture",
		"particle": "item/mc_daylight_detector_inverted_top_gray"
	},
	"elements": [
		{
			"from": [2, -15.73223, 2.00572],
			"to": [14, -14.73223, 14.00572],
			"rotation": {"angle": 0, "axis": "x", "origin": [8, 7.76777, 19.93072]},
			"faces": {
				"north": {"uv": [16, 15, 0, 16], "rotation": 180, "texture": "#4"},
				"east": {"uv": [0, 0, 1, 16], "rotation": 270, "texture": "#4"},
				"south": {"uv": [16, 0, 0, 1], "texture": "#4"},
				"west": {"uv": [15, 0, 16, 16], "rotation": 90, "texture": "#4"},
				"up": {"uv": [0, 0, 16, 16], "rotation": 180, "texture": "#4"},
				"down": {"uv": [0, 0, 16, 16], "rotation": 180, "texture": "#4"}
			}
		},
		{
			"from": [4.998, 27.998, -14.001],
			"to": [11.002, 30.002, -1.997],
			"rotation": {"angle": 0, "axis": "x", "origin": [6, 32, 32.77161]},
			"faces": {
				"north": {"uv": [6, 4, 9, 5], "texture": "#3"},
				"east": {"uv": [6, 0, 12, 1], "texture": "#3"},
				"south": {"uv": [6, 4, 9, 5], "texture": "#3"},
				"west": {"uv": [6, 0, 12, 1], "texture": "#3"},
				"up": {"uv": [3, 6, 0, 0], "texture": "#3"},
				"down": {"uv": [3, 6, 0, 0], "texture": "#3"}
			}
		},
		{
			"from": [6, 30, -10.004],
			"to": [10, 31.25, -6.004],
			"rotation": {"angle": 0, "axis": "x", "origin": [6, 32, 32.77161]},
			"faces": {
				"north": {"uv": [0, 0, 16, 6], "texture": "#1"},
				"east": {"uv": [0, 0, 16, 6], "texture": "#1"},
				"south": {"uv": [0, 0, 16, 6], "texture": "#1"},
				"west": {"uv": [0, 0, 16, 6], "texture": "#1"},
				"up": {"uv": [0, 0, 16, 16], "texture": "#0"}
			}
		},
		{
			"from": [6, 26, -13.004],
			"to": [10, 28, -3.004],
			"rotation": {"angle": 0, "axis": "x", "origin": [6, 32, 32.77161]},
			"faces": {
				"north": {"uv": [2, 7, 4, 8], "texture": "#3"},
				"east": {"uv": [2, 6, 7, 7], "texture": "#3"},
				"south": {"uv": [2, 7, 4, 8], "texture": "#3"},
				"west": {"uv": [2, 6, 7, 7], "texture": "#3"},
				"down": {"uv": [2, 6, 0, 11], "texture": "#3"}
			}
		},
		{
			"from": [7, -15, 6.998],
			"to": [9, 17, 8.998],
			"rotation": {"angle": 0, "axis": "x", "origin": [8.001, 6.66932, 12.999]},
			"faces": {
				"north": {"uv": [12, 9, 0, 9.75], "rotation": 90, "texture": "#5"},
				"east": {"uv": [12, 8.25, 0, 9], "rotation": 90, "texture": "#5"},
				"south": {"uv": [12, 7.5, 0, 8.25], "rotation": 90, "texture": "#5"},
				"west": {"uv": [12, 6.75, 0, 7.5], "rotation": 90, "texture": "#5"}
			}
		},
		{
			"from": [7, 17, 6.998],
			"to": [9, 30, 8.998],
			"rotation": {"angle": 0, "axis": "x", "origin": [8.001, 6.66932, 12.999]},
			"faces": {
				"north": {"uv": [5, 9.25, 0, 10], "rotation": 90, "texture": "#5"},
				"east": {"uv": [5, 8.5, 0, 9.25], "rotation": 90, "texture": "#5"},
				"south": {"uv": [5, 7.75, 0, 8.5], "rotation": 90, "texture": "#5"},
				"west": {"uv": [5, 7, 0, 7.75], "rotation": 90, "texture": "#5"}
			}
		},
		{
			"from": [6.999, 27.999, -4.003],
			"to": [9.001, 30.001, 8.999],
			"rotation": {"angle": 0, "axis": "x", "origin": [8.001, 7.001, 15.82868]},
			"faces": {
				"east": {"uv": [5, 8.5, 0, 9.25], "rotation": 180, "texture": "#5"},
				"west": {"uv": [5, 7, 0, 7.75], "texture": "#5"},
				"up": {"uv": [5, 7.75, 0, 8.5], "rotation": 90, "texture": "#5"},
				"down": {"uv": [5, 9.25, 0, 10], "rotation": 270, "texture": "#5"}
			}
		}
	],
	"display": {
		"thirdperson_righthand": {
			"rotation": [75, 45, 0],
			"translation": [0, 0.25, 0],
			"scale": [0.1, 0.1, 0.1]
		},
		"thirdperson_lefthand": {
			"rotation": [75, 45, 0],
			"translation": [0, 0.25, 0],
			"scale": [0.1, 0.1, 0.1]
		},
		"firstperson_righthand": {
			"rotation": [0, 45, 0],
			"scale": [0.15, 0.15, 0.15]
		},
		"firstperson_lefthand": {
			"rotation": [0, 45, 0],
			"scale": [0.15, 0.15, 0.15]
		},
		"ground": {
			"translation": [0, 3, 0],
			"scale": [0.25, 0.25, 0.25]
		},
		"gui": {
			"rotation": [30, 225, 0],
			"translation": [-1, 0.25, 0],
			"scale": [0.31, 0.31, 0.31]
		},
		"head": {
			"translation": [0, 31.5, 0],
			"scale": [1.07, 1.07, 1.07]
		},
		"fixed": {
			"rotation": [-90, 0, 0],
			"translation": [0, 0, -45.75],
			"scale": [2.01, 2.01, 2.01]
		}
	}
}