{
	"credit": "Made with Blockbench",
	"texture_size": [32, 32],
	"textures": {
		"0": "item/traffic_cone",
		"particle": "item/traffic_cone"
	},
	"elements": [
		{
			"from": [4, 0, 4],
			"to": [12, 1.5, 12],
			"rotation": {"angle": 0, "axis": "y", "origin": [-0.5, 0, 4]},
			"faces": {
				"north": {"uv": [8, 8.5, 12, 9], "texture": "#0"},
				"east": {"uv": [8, 8.5, 12, 9], "texture": "#0"},
				"south": {"uv": [8, 8.25, 12, 9], "texture": "#0"},
				"west": {"uv": [8, 8.5, 12, 9], "texture": "#0"},
				"up": {"uv": [4, 4, 0, 0], "texture": "#0"},
				"down": {"uv": [4, 4, 0, 8], "texture": "#0"}
			}
		},
		{
			"from": [5, 10.5, 5],
			"to": [11, 12.5, 11],
			"rotation": {"angle": 0, "axis": "y", "origin": [-0.5, 0, 4]},
			"faces": {
				"north": {"uv": [7, 1.75, 10, 3], "texture": "#0"},
				"east": {"uv": [7, 1.75, 10, 3], "texture": "#0"},
				"south": {"uv": [7, 1.75, 10, 3], "texture": "#0"},
				"west": {"uv": [7, 1.75, 10, 3], "texture": "#0"},
				"up": {"uv": [7, 3, 4, 0], "texture": "#0"}
			}
		},
		{
			"from": [5, 7.5, 5],
			"to": [11, 10.5, 11],
			"rotation": {"angle": 0, "axis": "y", "origin": [-0.5, 0, 4]},
			"faces": {
				"north": {"uv": [7, 1.5, 10, 3], "texture": "#0"},
				"east": {"uv": [7, 1.5, 10, 3], "texture": "#0"},
				"south": {"uv": [7, 1.5, 10, 3], "texture": "#0"},
				"west": {"uv": [7, 1.5, 10, 3], "texture": "#0"}
			}
		},
		{
			"from": [5, 4.5, 5],
			"to": [11, 7.5, 11],
			"rotation": {"angle": 0, "axis": "y", "origin": [-0.5, 0, 4]},
			"faces": {
				"north": {"uv": [7, 1.5, 10, 3], "texture": "#0"},
				"east": {"uv": [7, 1.5, 10, 3], "texture": "#0"},
				"south": {"uv": [7, 1.5, 10, 3], "texture": "#0"},
				"west": {"uv": [7, 1.5, 10, 3], "texture": "#0"}
			}
		},
		{
			"from": [5, 1.5, 5],
			"to": [11, 4.5, 11],
			"rotation": {"angle": 0, "axis": "y", "origin": [-0.5, 0, 4]},
			"faces": {
				"north": {"uv": [7, 1.5, 10, 3], "texture": "#0"},
				"east": {"uv": [7, 1.5, 10, 3], "texture": "#0"},
				"south": {"uv": [7, 1.5, 10, 3], "texture": "#0"},
				"west": {"uv": [7, 1.5, 10, 3], "texture": "#0"}
			}
		},
		{
			"from": [6, 12, 6],
			"to": [10, 15, 10],
			"rotation": {"angle": 0, "axis": "y", "origin": [-0.5, 0, 4]},
			"faces": {
				"north": {"uv": [7, 4.75, 9, 6.5], "texture": "#0"},
				"east": {"uv": [7, 4.75, 9, 6.5], "texture": "#0"},
				"south": {"uv": [7, 4.75, 9, 6.5], "texture": "#0"},
				"west": {"uv": [7, 4.75, 9, 6.5], "texture": "#0"},
				"up": {"uv": [4, 10, 2, 8], "texture": "#0"}
			}
		}
	],
	"display": {
		"thirdperson_righthand": {
			"rotation": [75, 45, 0],
			"translation": [0, 1, 1],
			"scale": [0.375, 0.375, 0.375]
		},
		"thirdperson_lefthand": {
			"rotation": [75, 45, 0],
			"translation": [0, 1, 1],
			"scale": [0.375, 0.375, 0.375]
		},
		"firstperson_righthand": {
			"rotation": [0, 45, 0],
			"scale": [0.4, 0.4, 0.4]
		},
		"firstperson_lefthand": {
			"rotation": [0, 225, 0],
			"scale": [0.4, 0.4, 0.4]
		},
		"ground": {
			"translation": [0, 3, 0],
			"scale": [0.25, 0.25, 0.25]
		},
		"gui": {
			"rotation": [30, 225, 0],
			"scale": [0.625, 0.625, 0.625]
		},
		"head": {
			"rotation": [7.5, 0, 0],
			"translation": [0, 23.7, 2],
			"scale": [2.4, 2.4, 2.4]
		},
		"fixed": {
			"rotation": [-90, 0, 0],
			"translation": [0, 0, -22],
			"scale": [3.01, 3.01, 3.01]
		}
	}
}