{
	"credit": "Made with Blockbench",
	"texture_size": [64, 64],
	"textures": {
		"0": "item/spongebob",
		"particle": "item/spongebob"
	},
	"elements": [
		{
			"from": [0, 0, 4.5],
			"to": [16, 20, 11.5],
			"rotation": {"angle": 0, "axis": "y", "origin": [0, -4, 0.5]},
			"faces": {
				"north": {"uv": [0, 0, 3.75, 5], "texture": "#0"},
				"east": {"uv": [3.75, 0, 5.5, 5], "texture": "#0"},
				"south": {"uv": [7.25, 0, 11, 5], "texture": "#0"},
				"west": {"uv": [5.5, 0, 7.25, 5], "texture": "#0"},
				"up": {"uv": [11, 0, 14.75, 1.75], "texture": "#0"},
				"down": {"uv": [11, 1.75, 14.75, 3.5], "texture": "#0"}
			}
		},
		{
			"from": [-0.25, -0.25, 4.25],
			"to": [16.25, 20.25, 11.75],
			"rotation": {"angle": 0, "axis": "y", "origin": [0, -4, 0.5]},
			"faces": {
				"north": {"uv": [0, 5, 3.75, 10], "texture": "#0"},
				"east": {"uv": [3.75, 5, 5.5, 10], "texture": "#0"},
				"south": {"uv": [7.25, 5, 11, 10], "texture": "#0"},
				"west": {"uv": [5.5, 5, 7.25, 10], "texture": "#0"},
				"up": {"uv": [11, 5, 14.75, 6.75], "texture": "#0"},
				"down": {"uv": [11, 6.75, 14.75, 8.5], "texture": "#0"}
			}
		},
		{
			"from": [7, 11, 0.5],
			"to": [9, 13, 4.5],
			"faces": {
				"north": {"uv": [15.5, 2, 16, 2.5], "texture": "#0"},
				"east": {"uv": [15, 0, 16, 0.5], "texture": "#0"},
				"south": {"uv": [0, 0, 0.5, 0.5], "texture": "#missing"},
				"west": {"uv": [15, 1, 16, 1.5], "texture": "#0"},
				"up": {"uv": [15, 0.5, 16, 1], "rotation": 90, "texture": "#0"},
				"down": {"uv": [15, 1.5, 16, 2], "rotation": 90, "texture": "#0"}
			}
		},
		{
			"from": [-2, 0, 7],
			"to": [0, 9, 9],
			"rotation": {"angle": 22.5, "axis": "x", "origin": [8, 8.5, 8]},
			"faces": {
				"north": {"uv": [16, 2.5, 15.5, 4.75], "texture": "#0"},
				"east": {"uv": [15.5, 4.75, 15, 7], "texture": "#0"},
				"south": {"uv": [16, 4.75, 15.5, 7], "texture": "#0"},
				"west": {"uv": [15.5, 2.5, 15, 4.75], "texture": "#0"},
				"up": {"uv": [16, 7, 15.5, 7.5], "texture": "#0"},
				"down": {"uv": [15.5, 7, 15, 7.5], "texture": "#0"}
			}
		},
		{
			"from": [16, 0, 7],
			"to": [18, 9, 9],
			"rotation": {"angle": 22.5, "axis": "x", "origin": [8, 8.5, 8]},
			"faces": {
				"north": {"uv": [15.5, 2.5, 16, 4.75], "texture": "#0"},
				"east": {"uv": [15, 2.5, 15.5, 4.75], "texture": "#0"},
				"south": {"uv": [15.5, 4.75, 16, 7], "texture": "#0"},
				"west": {"uv": [15, 4.75, 15.5, 7], "texture": "#0"},
				"up": {"uv": [15.5, 7, 16, 7.5], "texture": "#0"},
				"down": {"uv": [15, 7, 15.5, 7.5], "texture": "#0"}
			}
		},
		{
			"from": [10, -1, 3],
			"to": [12, 1, 9],
			"rotation": {"angle": 0, "axis": "x", "origin": [16, 0, 0]},
			"faces": {
				"north": {"uv": [15, 10.5, 15.5, 11], "rotation": 180, "texture": "#0"},
				"east": {"uv": [15, 7.5, 15.5, 9], "rotation": 270, "texture": "#0"},
				"south": {"uv": [15.5, 10.5, 16, 11], "texture": "#0"},
				"west": {"uv": [15, 9, 15.5, 10.5], "rotation": 90, "texture": "#0"},
				"up": {"uv": [15.5, 7.5, 16, 9], "rotation": 180, "texture": "#0"},
				"down": {"uv": [15.5, 9, 16, 10.5], "texture": "#0"}
			}
		},
		{
			"from": [9, -0.5, 6],
			"to": [13, 0.5, 10],
			"rotation": {"angle": 0, "axis": "x", "origin": [16, 0, 0]},
			"faces": {
				"north": {"uv": [15, 12.5, 16, 12.75], "texture": "#0"},
				"east": {"uv": [15, 12.75, 16, 13], "texture": "#0"},
				"south": {"uv": [15, 13, 16, 13.25], "texture": "#0"},
				"west": {"uv": [15, 13.25, 16, 13.5], "texture": "#0"},
				"up": {"uv": [0, 0, 1, 1], "texture": "#missing"},
				"down": {"uv": [15, 13.5, 16, 14.5], "texture": "#0"}
			}
		},
		{
			"from": [10, -1, 1.5],
			"to": [12, 3, 3],
			"rotation": {"angle": 0, "axis": "x", "origin": [16, 0, 0]},
			"faces": {
				"north": {"uv": [14, 11.5, 15, 12.5], "rotation": 180, "texture": "#0"},
				"east": {"uv": [14, 10.75, 15, 11], "rotation": 270, "texture": "#0"},
				"south": {"uv": [14, 12.5, 15, 13.5], "texture": "#0"},
				"west": {"uv": [14, 11.25, 15, 11.5], "rotation": 90, "texture": "#0"},
				"up": {"uv": [14, 10.25, 15, 10.75], "rotation": 180, "texture": "#0"},
				"down": {"uv": [14, 11, 15, 11.25], "texture": "#0"}
			}
		},
		{
			"from": [4, -1, 3],
			"to": [6, 1, 9],
			"rotation": {"angle": 0, "axis": "x", "origin": [16, 0, 0]},
			"faces": {
				"north": {"uv": [15.5, 10.5, 15, 11], "rotation": 180, "texture": "#0"},
				"east": {"uv": [15.5, 9, 15, 10.5], "rotation": 270, "texture": "#0"},
				"south": {"uv": [16, 10.5, 15.5, 11], "texture": "#0"},
				"west": {"uv": [15.5, 7.5, 15, 9], "rotation": 90, "texture": "#0"},
				"up": {"uv": [16, 7.5, 15.5, 9], "rotation": 180, "texture": "#0"},
				"down": {"uv": [16, 9, 15.5, 10.5], "texture": "#0"}
			}
		},
		{
			"from": [3, -0.5, 6],
			"to": [7, 0.5, 10],
			"rotation": {"angle": 0, "axis": "x", "origin": [16, 0, 0]},
			"faces": {
				"north": {"uv": [16, 12.5, 15, 12.75], "texture": "#0"},
				"east": {"uv": [16, 13.25, 15, 13.5], "texture": "#0"},
				"south": {"uv": [16, 13, 15, 13.25], "texture": "#0"},
				"west": {"uv": [16, 12.75, 15, 13], "texture": "#0"},
				"up": {"uv": [1, 0, 0, 1], "texture": "#missing"},
				"down": {"uv": [16, 13.5, 15, 14.5], "texture": "#0"}
			}
		},
		{
			"from": [4, -1, 1.5],
			"to": [6, 3, 3],
			"rotation": {"angle": 0, "axis": "x", "origin": [16, 0, 0]},
			"faces": {
				"north": {"uv": [15, 11.5, 14, 12.5], "rotation": 180, "texture": "#0"},
				"east": {"uv": [15, 11.25, 14, 11.5], "rotation": 270, "texture": "#0"},
				"south": {"uv": [15, 12.5, 14, 13.5], "texture": "#0"},
				"west": {"uv": [15, 10.75, 14, 11], "rotation": 90, "texture": "#0"},
				"up": {"uv": [15, 10.25, 14, 10.75], "rotation": 180, "texture": "#0"},
				"down": {"uv": [15, 11, 14, 11.25], "texture": "#0"}
			}
		}
	],
	"display": {
		"thirdperson_righthand": {
			"rotation": [75, 45, 0],
			"translation": [0, 2.5, 0],
			"scale": [0.375, 0.375, 0.375]
		},
		"thirdperson_lefthand": {
			"rotation": [75, 45, 0],
			"translation": [0, 2.5, 0],
			"scale": [0.375, 0.375, 0.375]
		},
		"firstperson_righthand": {
			"rotation": [0, 45, 0],
			"scale": [0.4, 0.4, 0.4]
		},
		"firstperson_lefthand": {
			"rotation": [0, 45, 0],
			"scale": [0.4, 0.4, 0.4]
		},
		"ground": {
			"translation": [0, 3, 0],
			"scale": [0.25, 0.25, 0.25]
		},
		"gui": {
			"rotation": [30, 145, 0],
			"translation": [0, -1, 0],
			"scale": [0.59, 0.59, 0.59]
		},
		"head": {
			"translation": [0, -3.5, -4.25],
			"scale": [0.91, 0.91, 0.91]
		},
		"fixed": {
			"translation": [0, -2.5, -3.25],
			"scale": [1.51, 1.51, 1.51]
		}
	}
}