{
	"credit": "Made with Blockbench",
	"textures": {
		"0": "item/mc_rail",
		"1": "item/mc_spruce_trapdoor",
		"2": "item/billboard_adverts",
		"particle": "item/mc_rail"
	},
	"elements": [
		{
			"name": "Display",
			"from": [-16, 0, 6.98],
			"to": [32, 32, 6.98],
			"faces": {
				"north": {"uv": [0, 0, 16, 16], "texture": "#missing"},
				"south": {"uv": [0, 0, 16, 16], "texture": "#1"},
				"up": {"uv": [0, 0, 16, 2], "texture": "#1"}
			}
		},
		{
			"name": "Shutters",
			"from": [-16, 0, 6.96],
			"to": [32, 32, 6.96],
			"faces": {
				"north": {"uv": [0, 0, 16, 16], "texture": "#2"},
				"south": {"uv": [0, 0, 16, 16], "texture": "#1"},
				"up": {"uv": [0, 0, 16, 2], "texture": "#1"}
			}
		},
		{
			"from": [-16, 16, 7],
			"to": [0, 32, 9],
			"faces": {
				"north": {"uv": [0, 0, 16, 16], "texture": "#missing"},
				"south": {"uv": [0, 0, 16, 16], "texture": "#1"},
				"west": {"uv": [0, 0, 2, 16], "texture": "#1"},
				"up": {"uv": [0, 0, 16, 2], "texture": "#1"}
			}
		},
		{
			"from": [-16, 0, 7],
			"to": [0, 16, 9],
			"faces": {
				"north": {"uv": [0, 0, 16, 16], "texture": "#missing"},
				"south": {"uv": [0, 0, 16, 16], "texture": "#1"},
				"west": {"uv": [0, 0, 2, 16], "texture": "#1"},
				"down": {"uv": [0, 14, 16, 16], "texture": "#1"}
			}
		},
		{
			"from": [0, 0, 7],
			"to": [16, 16, 9],
			"faces": {
				"north": {"uv": [0, 0, 16, 16], "texture": "#missing"},
				"south": {"uv": [0, 0, 16, 16], "texture": "#1"},
				"down": {"uv": [0, 14, 16, 16], "texture": "#1"}
			}
		},
		{
			"from": [0, 16, 7],
			"to": [16, 32, 9],
			"faces": {
				"north": {"uv": [0, 0, 16, 16], "texture": "#missing"},
				"south": {"uv": [0, 0, 16, 16], "texture": "#1"},
				"up": {"uv": [0, 0, 16, 2], "texture": "#1"}
			}
		},
		{
			"from": [16, 0, 7],
			"to": [32, 16, 9],
			"faces": {
				"north": {"uv": [0, 0, 16, 16], "texture": "#missing"},
				"east": {"uv": [0, 0, 2, 16], "texture": "#1"},
				"south": {"uv": [0, 0, 16, 16], "texture": "#1"},
				"down": {"uv": [0, 14, 16, 16], "texture": "#1"}
			}
		},
		{
			"from": [16, 16, 7],
			"to": [32, 32, 9],
			"faces": {
				"north": {"uv": [0, 0, 16, 16], "texture": "#missing"},
				"east": {"uv": [0, 0, 2, 16], "texture": "#1"},
				"south": {"uv": [0, 0, 16, 16], "texture": "#1"},
				"up": {"uv": [0, 0, 16, 2], "texture": "#1"}
			}
		},
		{
			"from": [28, -12, 7],
			"to": [30, 0, 9],
			"faces": {
				"north": {"uv": [2, 0, 4, 16], "texture": "#0"},
				"east": {"uv": [4, 0, 2, 16], "texture": "#0"},
				"south": {"uv": [2, 0, 4, 16], "texture": "#0"},
				"west": {"uv": [4, 0, 2, 16], "texture": "#0"},
				"down": {"uv": [2, 14, 4, 16], "texture": "#0"}
			}
		},
		{
			"from": [-14, -12, 7],
			"to": [-12, 0, 9],
			"rotation": {"angle": 0, "axis": "y", "origin": [16, 0, 0]},
			"faces": {
				"north": {"uv": [4, 0, 2, 16], "texture": "#0"},
				"east": {"uv": [2, 0, 4, 16], "texture": "#0"},
				"south": {"uv": [4, 0, 2, 16], "texture": "#0"},
				"west": {"uv": [2, 0, 4, 16], "texture": "#0"},
				"down": {"uv": [2, 14, 4, 16], "texture": "#0"}
			}
		}
	],
	"display": {
		"thirdperson_righthand": {
			"rotation": [68.02, 22.25, -0.18],
			"translation": [0, 0.75, 0],
			"scale": [0.15, 0.15, 0.15]
		},
		"thirdperson_lefthand": {
			"rotation": [68.02, 22.25, -0.18],
			"translation": [0, 0.75, 0],
			"scale": [0.15, 0.15, 0.15]
		},
		"firstperson_righthand": {
			"rotation": [0, 45, 0],
			"translation": [2.75, 0, 0],
			"scale": [0.2, 0.2, 0.2]
		},
		"firstperson_lefthand": {
			"rotation": [0, 45, 0],
			"translation": [2.75, 0, 0],
			"scale": [0.2, 0.2, 0.2]
		},
		"ground": {
			"translation": [0, 3, 0],
			"scale": [0.25, 0.25, 0.25]
		},
		"gui": {
			"rotation": [30, 225, 0],
			"translation": [0, -0.5, 0],
			"scale": [0.25, 0.25, 0.25]
		},
		"head": {
			"translation": [0, 12.25, 0],
			"scale": [0.29, 0.29, 0.29]
		},
		"fixed": {
			"rotation": [-90, 0, 0],
			"translation": [0, 0, -79],
			"scale": [4, 4, 3.4]
		}
	}
}