{
	"credit": "Made with Blockbench",
	"texture_size": [32, 32],
	"textures": {
		"0": "item/picnicbasket",
		"particle": "item/picnicbasket"
	},
	"elements": [
		{
			"from": [5, 0, 5],
			"to": [11, 1, 11],
			"faces": {
				"north": {"uv": [6, 3, 9, 3.5], "texture": "#0"},
				"east": {"uv": [6, 3.5, 9, 4], "texture": "#0"},
				"south": {"uv": [6, 4, 9, 4.5], "texture": "#0"},
				"west": {"uv": [6, 4.5, 9, 5], "texture": "#0"},
				"up": {"uv": [3, 3, 0, 0], "texture": "#0"},
				"down": {"uv": [3, 3, 0, 6], "texture": "#0"}
			}
		},
		{
			"from": [11, 4, 7.5],
			"to": [12, 8, 8.5],
			"faces": {
				"north": {"uv": [2, 8, 2.5, 10], "texture": "#0"},
				"east": {"uv": [2.5, 8, 3, 10], "texture": "#0"},
				"south": {"uv": [3, 8, 3.5, 10], "texture": "#0"},
				"west": {"uv": [3.5, 8, 4, 10], "texture": "#0"},
				"up": {"uv": [10, 5.5, 9.5, 5], "texture": "#0"},
				"down": {"uv": [10, 5.5, 9.5, 6], "texture": "#0"}
			}
		},
		{
			"from": [4, 4, 7.5],
			"to": [5, 8, 8.5],
			"faces": {
				"north": {"uv": [4, 8, 4.5, 10], "texture": "#0"},
				"east": {"uv": [4.5, 8, 5, 10], "texture": "#0"},
				"south": {"uv": [5, 8, 5.5, 10], "texture": "#0"},
				"west": {"uv": [5.5, 8, 6, 10], "texture": "#0"},
				"up": {"uv": [10, 6.5, 9.5, 6], "texture": "#0"},
				"down": {"uv": [10, 6.5, 9.5, 7], "texture": "#0"}
			}
		},
		{
			"from": [5, 8, 7.5],
			"to": [11, 9, 8.5],
			"faces": {
				"north": {"uv": [6, 5, 9, 5.5], "texture": "#0"},
				"east": {"uv": [9.5, 7, 10, 7.5], "texture": "#0"},
				"south": {"uv": [6, 5.5, 9, 6], "texture": "#0"},
				"west": {"uv": [9.5, 7.5, 10, 8], "texture": "#0"},
				"up": {"uv": [9, 6.5, 6, 6], "texture": "#0"},
				"down": {"uv": [9, 6.5, 6, 7], "texture": "#0"}
			}
		},
		{
			"from": [5, 1, 4],
			"to": [11, 4, 5],
			"faces": {
				"north": {"uv": [3, 0, 6, 1.5], "texture": "#0"},
				"east": {"uv": [9, 1, 9.5, 2.5], "texture": "#0"},
				"south": {"uv": [3, 1.5, 6, 3], "texture": "#0"},
				"west": {"uv": [9, 2.5, 9.5, 4], "texture": "#0"},
				"up": {"uv": [9, 7.5, 6, 7], "texture": "#0"},
				"down": {"uv": [3, 7.5, 0, 8], "texture": "#0"}
			}
		},
		{
			"from": [5, 1, 11],
			"to": [11, 4, 12],
			"faces": {
				"north": {"uv": [3, 3, 6, 4.5], "texture": "#0"},
				"east": {"uv": [9, 4, 9.5, 5.5], "texture": "#0"},
				"south": {"uv": [3, 4.5, 6, 6], "texture": "#0"},
				"west": {"uv": [9, 5.5, 9.5, 7], "texture": "#0"},
				"up": {"uv": [6, 8, 3, 7.5], "texture": "#0"},
				"down": {"uv": [9, 7.5, 6, 8], "texture": "#0"}
			}
		},
		{
			"from": [11, 1, 5],
			"to": [12, 4, 11],
			"faces": {
				"north": {"uv": [6, 9, 6.5, 10.5], "texture": "#0"},
				"east": {"uv": [0, 6, 3, 7.5], "texture": "#0"},
				"south": {"uv": [6.5, 9, 7, 10.5], "texture": "#0"},
				"west": {"uv": [6, 0, 9, 1.5], "texture": "#0"},
				"up": {"uv": [0.5, 11, 0, 8], "texture": "#0"},
				"down": {"uv": [1, 8, 0.5, 11], "texture": "#0"}
			}
		},
		{
			"from": [4, 1, 5],
			"to": [5, 4, 11],
			"faces": {
				"north": {"uv": [7, 9, 7.5, 10.5], "texture": "#0"},
				"east": {"uv": [6, 1.5, 9, 3], "texture": "#0"},
				"south": {"uv": [9, 7, 9.5, 8.5], "texture": "#0"},
				"west": {"uv": [3, 6, 6, 7.5], "texture": "#0"},
				"up": {"uv": [1.5, 11, 1, 8], "texture": "#0"},
				"down": {"uv": [2, 8, 1.5, 11], "texture": "#0"}
			}
		},
		{
			"from": [7.5, 2.75, 3.9],
			"to": [8.5, 3.75, 4],
			"faces": {
				"north": {"uv": [9.5, 8, 10, 8.5], "texture": "#0"},
				"east": {"uv": [10, 5.5, 10.25, 6], "texture": "#0"},
				"south": {"uv": [9.5, 8.5, 10, 9], "texture": "#0"},
				"west": {"uv": [10, 6, 10.25, 6.5], "texture": "#0"},
				"up": {"uv": [10.5, 6.75, 10, 6.5], "texture": "#0"},
				"down": {"uv": [10.5, 7, 10, 7.25], "texture": "#0"}
			}
		},
		{
			"from": [5.5, 3, 3.75],
			"to": [7.5, 5, 4],
			"faces": {
				"north": {"uv": [6, 8, 7, 9], "texture": "#0"},
				"east": {"uv": [9, 9.5, 9.25, 10.5], "texture": "#0"},
				"south": {"uv": [7, 8, 8, 9], "texture": "#0"},
				"west": {"uv": [9.5, 9, 9.75, 10], "texture": "#0"},
				"up": {"uv": [11, 0.25, 10, 0], "texture": "#0"},
				"down": {"uv": [11, 0.5, 10, 0.75], "texture": "#0"}
			}
		},
		{
			"from": [6.5, 0, 3.5],
			"to": [7.5, 2, 3.75],
			"faces": {
				"north": {"uv": [7.5, 9, 8, 10], "texture": "#0"},
				"east": {"uv": [10, 1, 10.25, 2], "texture": "#0"},
				"south": {"uv": [8, 9, 8.5, 10], "texture": "#0"},
				"west": {"uv": [2, 10, 2.25, 11], "texture": "#0"},
				"up": {"uv": [8, 10.25, 7.5, 10], "texture": "#0"},
				"down": {"uv": [10.5, 7.5, 10, 7.75], "texture": "#0"}
			}
		},
		{
			"from": [6.5, -0.5, 3.5],
			"to": [7, 0, 3.75],
			"faces": {
				"north": {"uv": [10.5, 3.5, 10.75, 3.75], "texture": "#0"},
				"east": {"uv": [4, 10.5, 4.25, 10.75], "texture": "#0"},
				"south": {"uv": [10.5, 4.5, 10.75, 4.75], "texture": "#0"},
				"west": {"uv": [10.5, 5, 10.75, 5.25], "texture": "#0"},
				"up": {"uv": [10.75, 5.75, 10.5, 5.5], "texture": "#0"},
				"down": {"uv": [6.25, 10.5, 6, 10.75], "texture": "#0"}
			}
		},
		{
			"from": [9, -0.5, 3.5],
			"to": [9.5, 0, 3.75],
			"faces": {
				"north": {"uv": [10.5, 6, 10.75, 6.25], "texture": "#0"},
				"east": {"uv": [6.5, 10.5, 6.75, 10.75], "texture": "#0"},
				"south": {"uv": [10.5, 6.5, 10.75, 6.75], "texture": "#0"},
				"west": {"uv": [7, 10.5, 7.25, 10.75], "texture": "#0"},
				"up": {"uv": [10.75, 7.25, 10.5, 7], "texture": "#0"},
				"down": {"uv": [7.75, 10.5, 7.5, 10.75], "texture": "#0"}
			}
		},
		{
			"from": [9.5, 0, 3.25],
			"to": [10, 0.5, 3.5],
			"faces": {
				"north": {"uv": [10.5, 7.5, 10.75, 7.75], "texture": "#0"},
				"east": {"uv": [8, 10.5, 8.25, 10.75], "texture": "#0"},
				"south": {"uv": [10.5, 8, 10.75, 8.25], "texture": "#0"},
				"west": {"uv": [8.5, 10.5, 8.75, 10.75], "texture": "#0"},
				"up": {"uv": [10.75, 8.75, 10.5, 8.5], "texture": "#0"},
				"down": {"uv": [9.25, 10.5, 9, 10.75], "texture": "#0"}
			}
		},
		{
			"from": [6, 0, 3.25],
			"to": [6.5, 0.5, 3.5],
			"faces": {
				"north": {"uv": [10.5, 9, 10.75, 9.25], "texture": "#0"},
				"east": {"uv": [9.5, 10.5, 9.75, 10.75], "texture": "#0"},
				"south": {"uv": [10.5, 9.5, 10.75, 9.75], "texture": "#0"},
				"west": {"uv": [10, 10.5, 10.25, 10.75], "texture": "#0"},
				"up": {"uv": [10.75, 10.25, 10.5, 10], "texture": "#0"},
				"down": {"uv": [10.75, 10.5, 10.5, 10.75], "texture": "#0"}
			}
		},
		{
			"from": [5.5, -2.5, 3.25],
			"to": [6, -2, 3.5],
			"faces": {
				"north": {"uv": [0, 11, 0.25, 11.25], "texture": "#0"},
				"east": {"uv": [11, 0, 11.25, 0.25], "texture": "#0"},
				"south": {"uv": [0.5, 11, 0.75, 11.25], "texture": "#0"},
				"west": {"uv": [11, 0.5, 11.25, 0.75], "texture": "#0"},
				"up": {"uv": [1.25, 11.25, 1, 11], "texture": "#0"},
				"down": {"uv": [11.25, 1, 11, 1.25], "texture": "#0"}
			}
		},
		{
			"from": [10, -2.5, 3.25],
			"to": [10.5, -2, 3.5],
			"faces": {
				"north": {"uv": [1.5, 11, 1.75, 11.25], "texture": "#0"},
				"east": {"uv": [11, 1.5, 11.25, 1.75], "texture": "#0"},
				"south": {"uv": [2, 11, 2.25, 11.25], "texture": "#0"},
				"west": {"uv": [11, 2, 11.25, 2.25], "texture": "#0"},
				"up": {"uv": [2.75, 11.25, 2.5, 11], "texture": "#0"},
				"down": {"uv": [11.25, 2.5, 11, 2.75], "texture": "#0"}
			}
		},
		{
			"from": [5.5, -2, 3.25],
			"to": [6.5, 0, 3.5],
			"faces": {
				"north": {"uv": [8.5, 9, 9, 10], "texture": "#0"},
				"east": {"uv": [10, 2, 10.25, 3], "texture": "#0"},
				"south": {"uv": [9, 8.5, 9.5, 9.5], "texture": "#0"},
				"west": {"uv": [2.5, 10, 2.75, 11], "texture": "#0"},
				"up": {"uv": [8.5, 10.25, 8, 10], "texture": "#0"},
				"down": {"uv": [10.5, 8, 10, 8.25], "texture": "#0"}
			}
		},
		{
			"from": [8.5, 3, 3.75],
			"to": [10.5, 5, 4],
			"faces": {
				"north": {"uv": [8, 8, 9, 9], "texture": "#0"},
				"east": {"uv": [3, 10, 3.25, 11], "texture": "#0"},
				"south": {"uv": [9, 0, 10, 1], "texture": "#0"},
				"west": {"uv": [10, 3, 10.25, 4], "texture": "#0"},
				"up": {"uv": [4.5, 10.25, 3.5, 10], "texture": "#0"},
				"down": {"uv": [11, 4, 10, 4.25], "texture": "#0"}
			}
		},
		{
			"from": [8.5, 0, 3.5],
			"to": [9.5, 2, 3.75],
			"faces": {
				"north": {"uv": [9.5, 1, 10, 2], "texture": "#0"},
				"east": {"uv": [4.5, 10, 4.75, 11], "texture": "#0"},
				"south": {"uv": [9.5, 2, 10, 3], "texture": "#0"},
				"west": {"uv": [10, 4.5, 10.25, 5.5], "texture": "#0"},
				"up": {"uv": [9, 10.25, 8.5, 10], "texture": "#0"},
				"down": {"uv": [10.5, 8.5, 10, 8.75], "texture": "#0"}
			}
		},
		{
			"from": [6.5, 2, 3.725],
			"to": [7.5, 2.5, 3.975],
			"faces": {
				"north": {"uv": [10, 9, 10.5, 9.25], "texture": "#0"},
				"east": {"uv": [3, 11, 3.25, 11.25], "texture": "#0"},
				"south": {"uv": [9.5, 10, 10, 10.25], "texture": "#0"},
				"west": {"uv": [11, 3, 11.25, 3.25], "texture": "#0"},
				"up": {"uv": [10.5, 9.75, 10, 9.5], "texture": "#0"},
				"down": {"uv": [10.5, 10, 10, 10.25], "texture": "#0"}
			}
		},
		{
			"from": [8.5, 2, 3.725],
			"to": [9.5, 2.5, 3.975],
			"faces": {
				"north": {"uv": [10.5, 1, 11, 1.25], "texture": "#0"},
				"east": {"uv": [3.5, 11, 3.75, 11.25], "texture": "#0"},
				"south": {"uv": [10.5, 1.5, 11, 1.75], "texture": "#0"},
				"west": {"uv": [11, 3.5, 11.25, 3.75], "texture": "#0"},
				"up": {"uv": [11, 2.25, 10.5, 2], "texture": "#0"},
				"down": {"uv": [11, 2.5, 10.5, 2.75], "texture": "#0"}
			}
		},
		{
			"from": [9.5, -2, 3.25],
			"to": [10.5, 0, 3.5],
			"faces": {
				"north": {"uv": [9.5, 3, 10, 4], "texture": "#0"},
				"east": {"uv": [5, 10, 5.25, 11], "texture": "#0"},
				"south": {"uv": [9.5, 4, 10, 5], "texture": "#0"},
				"west": {"uv": [5.5, 10, 5.75, 11], "texture": "#0"},
				"up": {"uv": [11, 3.25, 10.5, 3], "texture": "#0"},
				"down": {"uv": [4, 10.5, 3.5, 10.75], "texture": "#0"}
			}
		}
	],
	"display": {
		"thirdperson_righthand": {
			"rotation": [80, 0, 0],
			"translation": [0, 0.5, 0]
		},
		"thirdperson_lefthand": {
			"rotation": [80, 0, 0]
		},
		"firstperson_righthand": {
			"scale": [0, 0, 0]
		},
		"firstperson_lefthand": {
			"scale": [0, 0, 0]
		},
		"ground": {
			"translation": [0, 9, 0]
		},
		"gui": {
			"rotation": [0, -163, 0],
			"translation": [0.25, 6.5, 0],
			"scale": [1.4, 1.4, 1.48]
		},
		"head": {
			"rotation": [0, -180, 0],
			"translation": [0, 17.25, 1.25],
			"scale": [1.35, 1.35, 1.35]
		},
		"fixed": {
			"rotation": [-90, 0, 0],
			"translation": [0, 0, -28.75],
			"scale": [3.5, 3.5, 3.5]
		}
	},
	"groups": [
		{
			"name": "group",
			"origin": [8, 8, 8],
			"color": 0,
			"children": [
				0,
				1,
				2,
				3,
				4,
				5,
				6,
				7,
				{
					"name": "group",
					"origin": [8, 8, 8],
					"color": 0,
					"children": [8, 9, 10, 11, 12, 13, 14, 15, 16, 17, 18, 19, 20, 21, 22]
				}
			]
		}
	]
}