{
	"credit": "Made with Blockbench",
	"texture_size": [144, 144],
	"textures": {
		"1": "item/mc_mossy_cobblestone",
		"particle": "item/tombstones"
	},
	"elements": [
		{
			"from": [2, 1, 7.525],
			"to": [8, 9, 9.525],
			"faces": {
				"north": {"uv": [0, 0, 12, 16], "texture": "#1"},
				"west": {"uv": [12, 0, 16, 16], "texture": "#1"}
			}
		},
		{
			"from": [2, 9, 7.525],
			"to": [8, 13, 9.525],
			"faces": {
				"north": {"uv": [0, 8, 12, 16], "texture": "#1"},
				"west": {"uv": [12, 8, 16, 16], "texture": "#1"},
				"up": {"uv": [12, 4, 0, 0], "texture": "#1"}
			}
		},
		{
			"from": [3, 13, 7.525],
			"to": [8, 15, 9.525],
			"faces": {
				"north": {"uv": [0, 4, 10, 8], "texture": "#1"},
				"west": {"uv": [12, 4, 16, 8], "texture": "#1"},
				"up": {"uv": [10, 4, 0, 0], "texture": "#1"}
			}
		},
		{
			"from": [5, 15, 7.525],
			"to": [8, 16, 9.525],
			"faces": {
				"north": {"uv": [0, 2, 6, 4], "texture": "#1"},
				"west": {"uv": [12, 2, 16, 4], "texture": "#1"},
				"up": {"uv": [6, 4, 0, 0], "texture": "#1"}
			}
		},
		{
			"from": [8, 15, 7.525],
			"to": [11, 16, 9.525],
			"rotation": {"angle": 0, "axis": "y", "origin": [16, 0, 0]},
			"faces": {
				"north": {"uv": [10, 2, 16, 4], "texture": "#1"},
				"east": {"uv": [0, 2, 4, 4], "texture": "#1"},
				"up": {"uv": [10, 0, 16, 4], "texture": "#1"}
			}
		},
		{
			"from": [8, 13, 7.525],
			"to": [13, 15, 9.525],
			"faces": {
				"north": {"uv": [6, 4, 16, 8], "texture": "#1"},
				"east": {"uv": [0, 4, 4, 8], "texture": "#1"},
				"up": {"uv": [6, 4, 16, 0], "texture": "#1"}
			}
		},
		{
			"from": [8, 1, 7.525],
			"to": [14, 9, 9.525],
			"faces": {
				"north": {"uv": [4, 0, 16, 16], "texture": "#1"},
				"east": {"uv": [0, 0, 4, 16], "texture": "#1"}
			}
		},
		{
			"from": [8, 9, 7.525],
			"to": [14, 13, 9.525],
			"faces": {
				"north": {"uv": [4, 8, 16, 16], "texture": "#1"},
				"east": {"uv": [0, 8, 4, 16], "texture": "#1"},
				"up": {"uv": [16, 4, 4, 0], "texture": "#1"}
			}
		},
		{
			"from": [8, 1, 9.525],
			"to": [14, 9, 11.525],
			"rotation": {"angle": 0, "axis": "y", "origin": [16, 0, 16]},
			"faces": {
				"east": {"uv": [12, 0, 16, 16], "texture": "#1"},
				"south": {"uv": [0, 0, 12, 16], "texture": "#1"}
			}
		},
		{
			"from": [8, 9, 9.525],
			"to": [14, 13, 11.525],
			"rotation": {"angle": 0, "axis": "y", "origin": [16, 0, 16]},
			"faces": {
				"east": {"uv": [12, 8, 16, 16], "texture": "#1"},
				"south": {"uv": [0, 8, 12, 16], "texture": "#1"},
				"up": {"uv": [0, 0, 12, 4], "texture": "#1"}
			}
		},
		{
			"from": [8, 13, 9.525],
			"to": [13, 15, 11.525],
			"rotation": {"angle": 0, "axis": "y", "origin": [16, 0, 16]},
			"faces": {
				"east": {"uv": [12, 4, 16, 8], "texture": "#1"},
				"south": {"uv": [0, 4, 10, 8], "texture": "#1"},
				"up": {"uv": [0, 0, 10, 4], "texture": "#1"}
			}
		},
		{
			"from": [3, 13, 9.525],
			"to": [8, 15, 11.525],
			"rotation": {"angle": 0, "axis": "y", "origin": [16, 0, 16]},
			"faces": {
				"south": {"uv": [6, 4, 16, 8], "texture": "#1"},
				"west": {"uv": [0, 4, 4, 8], "texture": "#1"},
				"up": {"uv": [16, 0, 6, 4], "texture": "#1"}
			}
		},
		{
			"from": [2, 1, 9.525],
			"to": [8, 9, 11.525],
			"rotation": {"angle": 0, "axis": "y", "origin": [16, 0, 16]},
			"faces": {
				"south": {"uv": [4, 0, 16, 16], "texture": "#1"},
				"west": {"uv": [0, 0, 4, 16], "texture": "#1"}
			}
		},
		{
			"from": [2, 9, 9.525],
			"to": [8, 13, 11.525],
			"rotation": {"angle": 0, "axis": "y", "origin": [16, 0, 16]},
			"faces": {
				"south": {"uv": [4, 8, 16, 16], "texture": "#1"},
				"west": {"uv": [0, 8, 4, 16], "texture": "#1"},
				"up": {"uv": [4, 0, 16, 4], "texture": "#1"}
			}
		},
		{
			"from": [8, 15, 9.525],
			"to": [11, 16, 11.525],
			"rotation": {"angle": 0, "axis": "y", "origin": [16, 0, 16]},
			"faces": {
				"east": {"uv": [12, 2, 16, 4], "texture": "#1"},
				"south": {"uv": [0, 2, 6, 4], "texture": "#1"},
				"up": {"uv": [6, 4, 0, 0], "texture": "#1"}
			}
		},
		{
			"from": [5, 15, 9.525],
			"to": [8, 16, 11.525],
			"rotation": {"angle": 0, "axis": "y", "origin": [0, 0, 16]},
			"faces": {
				"south": {"uv": [10, 2, 16, 4], "texture": "#1"},
				"west": {"uv": [0, 2, 4, 4], "texture": "#1"},
				"up": {"uv": [10, 0, 16, 4], "texture": "#1"}
			}
		},
		{
			"from": [8, 0, 5.5],
			"to": [15, 1, 13.5],
			"faces": {
				"north": {"uv": [1, 0, 16, 2], "texture": "#1"},
				"east": {"uv": [14, 0, 16, 16], "rotation": 90, "texture": "#1"},
				"south": {"uv": [16, 16, 1, 14], "texture": "#1"},
				"up": {"uv": [16, 0, 1, 16], "texture": "#1"},
				"down": {"uv": [1, 16, 16, 0], "texture": "#1"}
			}
		},
		{
			"from": [1, 0, 5.5],
			"to": [8, 1, 13.5],
			"faces": {
				"north": {"uv": [0, 0, 15, 2], "texture": "#1"},
				"south": {"uv": [15, 16, 0, 14], "texture": "#1"},
				"west": {"uv": [14, 16, 16, 0], "rotation": 90, "texture": "#1"},
				"up": {"uv": [15, 0, 0, 16], "texture": "#1"},
				"down": {"uv": [0, 16, 15, 0], "texture": "#1"}
			}
		},
		{
			"from": [8, 0, 2.5],
			"to": [15, 1, 5.5],
			"faces": {
				"north": {"uv": [1, 8, 16, 10], "texture": "#1"},
				"east": {"uv": [14, 10, 16, 16], "rotation": 90, "texture": "#1"},
				"south": {"uv": [16, 16, 1, 14], "texture": "#1"},
				"up": {"uv": [16, 10, 1, 16], "texture": "#1"},
				"down": {"uv": [16, 10, 1, 16], "texture": "#1"}
			}
		},
		{
			"from": [1, 0, 2.5],
			"to": [8, 1, 5.5],
			"rotation": {"angle": 0, "axis": "y", "origin": [16, 0, 0]},
			"faces": {
				"north": {"uv": [0, 8, 15, 10], "texture": "#1"},
				"south": {"uv": [1, 16, 16, 14], "texture": "#1"},
				"west": {"uv": [0, 16, 2, 10], "rotation": 90, "texture": "#1"},
				"up": {"uv": [15, 10, 0, 16], "texture": "#1"},
				"down": {"uv": [15, 10, 0, 16], "texture": "#1"}
			}
		}
	],
	"display": {
		"thirdperson_righthand": {
			"rotation": [75, 45, 0],
			"translation": [0, 1.75, 0],
			"scale": [0.375, 0.375, 0.375]
		},
		"thirdperson_lefthand": {
			"rotation": [75, 45, 0],
			"translation": [0, 1.75, 0],
			"scale": [0.375, 0.375, 0.375]
		},
		"firstperson_righthand": {
			"rotation": [0, 45, 0],
			"scale": [0.4, 0.4, 0.4]
		},
		"firstperson_lefthand": {
			"rotation": [0, 45, 0],
			"scale": [0.4, 0.4, 0.4]
		},
		"ground": {
			"translation": [0, 3, 0],
			"scale": [0.25, 0.25, 0.25]
		},
		"gui": {
			"rotation": [30, 225, 0],
			"scale": [0.625, 0.625, 0.625]
		},
		"head": {
			"translation": [0, 7, 0],
			"scale": [0.91, 0.91, 0.91]
		},
		"fixed": {
			"rotation": [-90, 0, 0],
			"translation": [0, 0, -16.35],
			"scale": [2.29, 2.29, 2.29]
		}
	}
}