{
	"credit": "Made with Blockbench",
	"texture_size": [64, 64],
	"textures": {
		"0": "item/television",
		"1": "item/tv_channels",
		"particle": "item/television"
	},
	"elements": [
		{
			"name": "broadcast",
			"from": [4, 2, 3.25],
			"to": [12, 10, 3.25],
			"faces": {
				"north": {"uv": [0, 0, 16, 16], "texture": "#1"},
				"south": {"uv": [2, 0, 6, 4], "texture": "#0"}
			}
		},
		{
			"name": "screen",
			"from": [4, 2, 4.5],
			"to": [12, 10, 11.95],
			"faces": {
				"north": {"uv": [6.5, 0, 10.5, 4], "texture": "#0"},
				"east": {"uv": [2, 0, 5.75, 4], "texture": "#0"},
				"south": {"uv": [2, 0, 6, 4], "texture": "#0"},
				"west": {"uv": [5.75, 0, 2, 4], "texture": "#0"},
				"up": {"uv": [5.75, 0, 2, 4], "texture": "#0"},
				"down": {"uv": [5.75, 0, 2, 4], "texture": "#0"}
			}
		},
		{
			"from": [5, 1, 7],
			"to": [11, 2, 11],
			"faces": {
				"east": {"uv": [0, 0, 2, 0.5], "texture": "#0"},
				"south": {"uv": [2.5, 0, 5.5, 0.5], "texture": "#0"},
				"west": {"uv": [2, 0, 0, 0.5], "texture": "#0"}
			}
		},
		{
			"from": [4, 0, 4],
			"to": [12, 1, 12],
			"faces": {
				"east": {"uv": [2.25, 0, 5.75, 0.5], "texture": "#0"},
				"south": {"uv": [2.25, 0, 5.75, 0.5], "texture": "#0"},
				"west": {"uv": [2.25, 0, 5.75, 0.5], "texture": "#0"},
				"up": {"uv": [2, 0.5, 6, 4], "texture": "#0"},
				"down": {"uv": [2, 0, 6, 4], "texture": "#0"}
			}
		},
		{
			"from": [4, 0, 4],
			"to": [12, 1, 4],
			"faces": {
				"north": {"uv": [2.25, 0, 5.75, 0.5], "texture": "#0"}
			}
		},
		{
			"from": [12, 1, 3],
			"to": [13, 11, 7],
			"faces": {
				"north": {"uv": [6.5, 0, 6, 5], "texture": "#0"},
				"east": {"uv": [0, 0, 2, 5], "texture": "#0"},
				"south": {"uv": [6, 0, 6.5, 5], "texture": "#0"},
				"west": {"uv": [2, 0, 0, 5], "texture": "#0"},
				"up": {"uv": [2, 0, 0, 0.5], "rotation": 90, "texture": "#0"},
				"down": {"uv": [0, 0, 2, 0.5], "rotation": 90, "texture": "#0"}
			}
		},
		{
			"from": [3, 1, 3],
			"to": [4, 11, 7],
			"rotation": {"angle": 0, "axis": "y", "origin": [16, 0, 0]},
			"faces": {
				"north": {"uv": [6, 0, 6.5, 5], "texture": "#0"},
				"east": {"uv": [0, 0, 2, 5], "texture": "#0"},
				"south": {"uv": [6.5, 0, 6, 5], "texture": "#0"},
				"west": {"uv": [2, 0, 0, 5], "texture": "#0"},
				"up": {"uv": [2, 0.5, 0, 0], "rotation": 90, "texture": "#0"},
				"down": {"uv": [0, 0.5, 2, 0], "rotation": 90, "texture": "#0"}
			}
		},
		{
			"from": [4, 10, 3],
			"to": [12, 11, 7],
			"faces": {
				"north": {"uv": [6.5, 0.5, 6, 4.5], "rotation": 90, "texture": "#0"},
				"south": {"uv": [6, 0.5, 6.5, 4.5], "rotation": 90, "texture": "#0"},
				"up": {"uv": [2, 0.5, 0, 4.5], "rotation": 90, "texture": "#0"},
				"down": {"uv": [0, 0.5, 2, 4.5], "rotation": 90, "texture": "#0"}
			}
		},
		{
			"from": [4, 1, 3],
			"to": [12, 2, 7],
			"rotation": {"angle": 0, "axis": "y", "origin": [0, 16, 0]},
			"faces": {
				"north": {"uv": [6, 0.5, 6.5, 4.5], "rotation": 90, "texture": "#0"},
				"south": {"uv": [6.5, 0.5, 6, 4.5], "rotation": 90, "texture": "#0"},
				"up": {"uv": [2, 0.5, 0, 4.5], "rotation": 90, "texture": "#0"},
				"down": {"uv": [0, 0.5, 2, 4.5], "rotation": 90, "texture": "#0"}
			}
		},
		{
			"from": [8.08032, 11.5, 5],
			"to": [8.33032, 13, 5.25],
			"rotation": {"angle": -22.5, "axis": "z", "origin": [8.20532, 12, 5.125]},
			"faces": {
				"north": {"uv": [6.5, 0, 6.75, 0.25], "texture": "#0"},
				"east": {"uv": [6.5, 0, 6.75, 0.25], "texture": "#0"},
				"south": {"uv": [6.5, 0, 6.75, 0.25], "texture": "#0"},
				"west": {"uv": [6.5, 0, 6.75, 0.25], "texture": "#0"}
			}
		},
		{
			"from": [8.46327, 13.01824, 5],
			"to": [9.46327, 13.26824, 5.25],
			"rotation": {"angle": 22.5, "axis": "z", "origin": [9.21327, 13.14324, 5.125]},
			"faces": {
				"north": {"uv": [6.5, 0, 6.75, 0.25], "texture": "#0"},
				"south": {"uv": [6.5, 0, 6.75, 0.25], "texture": "#0"},
				"up": {"uv": [6.5, 0, 6.75, 0.25], "texture": "#0"},
				"down": {"uv": [6.5, 0, 6.75, 0.25], "texture": "#0"}
			}
		},
		{
			"from": [9.24207, 13.12343, 5],
			"to": [9.49207, 14.12343, 5.25],
			"rotation": {"angle": 0, "axis": "z", "origin": [9.36707, 13.87343, 5.125]},
			"faces": {
				"north": {"uv": [6.5, 0, 6.75, 0.25], "texture": "#0"},
				"east": {"uv": [6.5, 0, 6.75, 0.25], "texture": "#0"},
				"south": {"uv": [6.5, 0, 6.75, 0.25], "texture": "#0"},
				"west": {"uv": [6.5, 0, 6.75, 0.25], "texture": "#0"}
			}
		},
		{
			"from": [9.23282, 14.16996, 5],
			"to": [10.23282, 14.41996, 5.25],
			"rotation": {"angle": 22.5, "axis": "z", "origin": [9.98282, 14.29496, 5.125]},
			"faces": {
				"north": {"uv": [6.5, 0, 6.75, 0.25], "texture": "#0"},
				"south": {"uv": [6.5, 0, 6.75, 0.25], "texture": "#0"},
				"up": {"uv": [6.5, 0, 6.75, 0.25], "texture": "#0"},
				"down": {"uv": [6.5, 0, 6.75, 0.25], "texture": "#0"}
			}
		},
		{
			"from": [10.01162, 14.27514, 5],
			"to": [10.26162, 15.27514, 5.25],
			"rotation": {"angle": 0, "axis": "z", "origin": [10.13662, 15.02514, 5.125]},
			"faces": {
				"north": {"uv": [6.5, 0, 6.75, 0.25], "texture": "#0"},
				"east": {"uv": [6.5, 0, 6.75, 0.25], "texture": "#0"},
				"south": {"uv": [6.5, 0, 6.75, 0.25], "texture": "#0"},
				"west": {"uv": [6.5, 0, 6.75, 0.25], "texture": "#0"}
			}
		},
		{
			"from": [6.92167, 12.12783, 5],
			"to": [8.42167, 12.37783, 5.25],
			"rotation": {"angle": -22.5, "axis": "z", "origin": [6.04441, 12.66852, 5.125]},
			"faces": {
				"north": {"uv": [6.5, 0, 6.75, 0.25], "texture": "#0"},
				"south": {"uv": [6.5, 0, 6.75, 0.25], "texture": "#0"},
				"up": {"uv": [6.5, 0, 6.75, 0.25], "texture": "#0"},
				"down": {"uv": [6.5, 0, 6.75, 0.25], "texture": "#0"}
			}
		},
		{
			"from": [6.2824, 11.66589, 5],
			"to": [6.5324, 12.66589, 5.25],
			"rotation": {"angle": 22.5, "axis": "z", "origin": [6.04441, 12.66852, 5.125]},
			"faces": {
				"north": {"uv": [6.5, 0, 6.75, 0.25], "texture": "#0"},
				"east": {"uv": [6.5, 0, 6.75, 0.25], "texture": "#0"},
				"south": {"uv": [6.5, 0, 6.75, 0.25], "texture": "#0"},
				"west": {"uv": [6.5, 0, 6.75, 0.25], "texture": "#0"}
			}
		},
		{
			"from": [5.49626, 12.60283, 5],
			"to": [6.49626, 12.85283, 5.25],
			"rotation": {"angle": 0, "axis": "z", "origin": [6.04441, 12.66852, 5.125]},
			"faces": {
				"north": {"uv": [6.5, 0, 6.75, 0.25], "texture": "#0"},
				"south": {"uv": [6.5, 0, 6.75, 0.25], "texture": "#0"},
				"up": {"uv": [6.5, 0, 6.75, 0.25], "texture": "#0"},
				"down": {"uv": [6.5, 0, 6.75, 0.25], "texture": "#0"}
			}
		},
		{
			"from": [4.34455, 13.37238, 5],
			"to": [5.34455, 13.62238, 5.25],
			"rotation": {"angle": 0, "axis": "z", "origin": [6.04441, 12.66852, 5.125]},
			"faces": {
				"north": {"uv": [6.5, 0, 6.75, 0.25], "texture": "#0"},
				"south": {"uv": [6.5, 0, 6.75, 0.25], "texture": "#0"},
				"up": {"uv": [6.5, 0, 6.75, 0.25], "texture": "#0"},
				"down": {"uv": [6.5, 0, 6.75, 0.25], "texture": "#0"}
			}
		},
		{
			"from": [4.24455, 13.24738, 4.875],
			"to": [4.34455, 13.74738, 5.375],
			"rotation": {"angle": 0, "axis": "z", "origin": [6.04441, 12.66852, 5.125]},
			"faces": {
				"north": {"uv": [6.5, 0, 6.75, 0.25], "texture": "#0"},
				"east": {"uv": [6.5, 0, 6.75, 0.25], "texture": "#0"},
				"south": {"uv": [6.5, 0, 6.75, 0.25], "texture": "#0"},
				"west": {"uv": [6.5, 0, 6.75, 0.25], "texture": "#0"},
				"up": {"uv": [6.5, 0, 6.75, 0.25], "texture": "#0"},
				"down": {"uv": [6.5, 0, 6.75, 0.25], "texture": "#0"}
			}
		},
		{
			"from": [9.89455, 15.27238, 4.875],
			"to": [10.39455, 15.37238, 5.375],
			"rotation": {"angle": 0, "axis": "z", "origin": [9.29455, 15.49738, 5.125]},
			"faces": {
				"north": {"uv": [6.5, 0, 6.75, 0.25], "texture": "#0"},
				"east": {"uv": [6.5, 0, 6.75, 0.25], "texture": "#0"},
				"south": {"uv": [6.5, 0, 6.75, 0.25], "texture": "#0"},
				"west": {"uv": [6.5, 0, 6.75, 0.25], "texture": "#0"},
				"up": {"uv": [6.5, 0, 6.75, 0.25], "texture": "#0"},
				"down": {"uv": [6.5, 0, 6.75, 0.25], "texture": "#0"}
			}
		},
		{
			"from": [5.51285, 12.8176, 5],
			"to": [5.76285, 13.8176, 5.25],
			"rotation": {"angle": 22.5, "axis": "z", "origin": [6.04441, 12.66852, 5.125]},
			"faces": {
				"north": {"uv": [6.5, 0, 6.75, 0.25], "texture": "#0"},
				"east": {"uv": [6.5, 0, 6.75, 0.25], "texture": "#0"},
				"south": {"uv": [6.5, 0, 6.75, 0.25], "texture": "#0"},
				"west": {"uv": [6.5, 0, 6.75, 0.25], "texture": "#0"}
			}
		},
		{
			"from": [7, 11.25, 4.5],
			"to": [9, 11.5, 5.5],
			"rotation": {"angle": 0, "axis": "y", "origin": [-0.5, 0, 0]},
			"faces": {
				"north": {"uv": [10.75, 0.5, 11.75, 0.25], "texture": "#0"},
				"east": {"uv": [11, 0.25, 10.75, 0.75], "rotation": 90, "texture": "#0"},
				"south": {"uv": [10.75, 0.5, 11.75, 0.25], "texture": "#0"},
				"west": {"uv": [10.75, 0.75, 11, 0.25], "rotation": 90, "texture": "#0"},
				"up": {"uv": [10.75, 0.25, 11.75, 0.75], "texture": "#0"}
			}
		},
		{
			"from": [6.5, 11, 4],
			"to": [9.5, 11.25, 6],
			"rotation": {"angle": 0, "axis": "y", "origin": [-0.5, 0, 0]},
			"faces": {
				"north": {"uv": [10.5, 0, 12, 0.25], "texture": "#0"},
				"east": {"uv": [10.5, 0, 10.75, 1], "rotation": 90, "texture": "#0"},
				"south": {"uv": [10.5, 0, 12, 0.25], "texture": "#0"},
				"west": {"uv": [10.5, 0, 10.75, 1], "rotation": 90, "texture": "#0"},
				"up": {"uv": [10.5, 0, 12, 1], "texture": "#0"}
			}
		}
	],
	"display": {
		"thirdperson_righthand": {
			"rotation": [75, 45, 0],
			"translation": [0, 1.5, 0],
			"scale": [0.375, 0.375, 0.375]
		},
		"thirdperson_lefthand": {
			"rotation": [75, 45, 0],
			"translation": [0, 1.5, 0],
			"scale": [0.375, 0.375, 0.375]
		},
		"firstperson_righthand": {
			"rotation": [0, 145, 0],
			"scale": [0.4, 0.4, 0.4]
		},
		"firstperson_lefthand": {
			"rotation": [0, 145, 0],
			"scale": [0.4, 0.4, 0.4]
		},
		"ground": {
			"translation": [0, 3, 0],
			"scale": [0.25, 0.25, 0.25]
		},
		"gui": {
			"rotation": [30, 225, 0],
			"scale": [0.625, 0.625, 0.625]
		},
		"head": {
			"translation": [0, 3.6, 0.25],
			"scale": [1.81, 1.81, 1.81]
		},
		"fixed": {
			"rotation": [-90, 0, 0],
			"translation": [0, 0, -22],
			"scale": [3.01, 3.01, 3.01]
		}
	}
}