{
	"credit": "Made with Blockbench",
	"texture_size": [64, 64],
	"textures": {
		"4": "item/chess_knight_white"
	},
	"elements": [
		{
			"from": [4.998, 1.00308, 6.39701],
			"to": [10.998, 2.00308, 12.39701],
			"rotation": {"angle": 0, "axis": "y", "origin": [-0.002, 0.00308, 0.39701]},
			"faces": {
				"north": {"uv": [0, 0.5, 3, 1], "texture": "#4"},
				"east": {"uv": [0, 0.5, 3, 1], "texture": "#4"},
				"south": {"uv": [0, 0.5, 3, 1], "texture": "#4"},
				"west": {"uv": [0, 0.5, 3, 1], "texture": "#4"},
				"up": {"uv": [3, 1, 6, 4], "texture": "#4"},
				"down": {"uv": [0, 0, 3, 3], "texture": "#4"}
			}
		},
		{
			"from": [3.998, 0.00308, 5.39701],
			"to": [11.998, 1.00308, 13.39701],
			"rotation": {"angle": 0, "axis": "y", "origin": [-0.002, 0.00308, 0.39701]},
			"faces": {
				"north": {"uv": [0, 0, 4, 0.5], "texture": "#4"},
				"east": {"uv": [0, 0, 4, 0.5], "texture": "#4"},
				"south": {"uv": [0, 0, 4, 0.5], "texture": "#4"},
				"west": {"uv": [0, 0, 4, 0.5], "texture": "#4"},
				"up": {"uv": [2, 4, 6, 8], "texture": "#4"},
				"down": {"uv": [4, 8, 12, 16], "texture": "#4"}
			}
		},
		{
			"from": [5.998, 2.00308, 7.39701],
			"to": [9.998, 10.00308, 11.39701],
			"rotation": {"angle": 0, "axis": "y", "origin": [-0.002, 0.00308, 0.39701]},
			"faces": {
				"north": {"uv": [0, 4, 2, 8], "texture": "#4"},
				"east": {"uv": [0, 4, 2, 8], "texture": "#4"},
				"south": {"uv": [0, 4, 2, 8], "texture": "#4"},
				"west": {"uv": [0, 4, 2, 8], "texture": "#4"},
				"up": {"uv": [0, 0, 2, 2], "texture": "#4"},
				"down": {"uv": [0, 0, 2, 2], "texture": "#4"}
			}
		},
		{
			"name": "head",
			"from": [5.996, 5.29886, 5.8337],
			"to": [10.004, 9.30686, 10.8417],
			"rotation": {"angle": -22.5, "axis": "x", "origin": [6, 7.80286, 5.5827]},
			"faces": {
				"north": {"uv": [9.75, 1.5, 11.25, 2.75], "texture": "#4"},
				"east": {"uv": [8.25, 1.5, 9.75, 2.75], "texture": "#4"},
				"south": {"uv": [13, 1.5, 14.5, 2.75], "texture": "#4"},
				"west": {"uv": [11.25, 1.5, 12.75, 2.75], "texture": "#4"},
				"up": {"uv": [11.25, 1.5, 9.75, 0], "texture": "#4"},
				"down": {"uv": [12.75, 0, 11.25, 1.5], "texture": "#4"}
			}
		},
		{
			"name": "mouth",
			"from": [6.75, 6.31823, 2.43546],
			"to": [9.25, 9.31823, 5.68546],
			"rotation": {"angle": -22.5, "axis": "x", "origin": [7, 8.56823, 7.43046]},
			"faces": {
				"north": {"uv": [9.25, 4, 10.25, 5.25], "texture": "#4"},
				"east": {"uv": [8, 4, 9.25, 5.25], "texture": "#4"},
				"south": {"uv": [11.5, 4, 12.5, 5.25], "texture": "#4"},
				"west": {"uv": [10.25, 4, 11.5, 5.25], "texture": "#4"},
				"up": {"uv": [10.25, 4, 9.25, 2.75], "texture": "#4"},
				"down": {"uv": [11.25, 2.75, 10.25, 4], "texture": "#4"}
			}
		},
		{
			"name": "left_ear",
			"from": [6.5, 9.18885, 10.7582],
			"to": [7.5, 11.68885, 11.2582],
			"rotation": {"angle": -22.5, "axis": "x", "origin": [5.3, 6.93885, 6.7632]},
			"faces": {
				"north": {"uv": [13, 0.75, 13.5, 1.5], "texture": "#4"},
				"east": {"uv": [12.75, 0.75, 13, 1.5], "texture": "#4"},
				"south": {"uv": [13.75, 0.75, 14.25, 1.5], "texture": "#4"},
				"west": {"uv": [13.5, 0.75, 13.75, 1.5], "texture": "#4"},
				"up": {"uv": [13.5, 0.75, 13, 0.5], "texture": "#4"},
				"down": {"uv": [14, 0.5, 13.5, 0.75], "texture": "#4"}
			}
		},
		{
			"name": "right_ear",
			"from": [8.5, 9.18885, 10.7582],
			"to": [9.5, 11.68885, 11.2582],
			"rotation": {"angle": -22.5, "axis": "x", "origin": [6.7, 6.93885, 6.7632]},
			"faces": {
				"north": {"uv": [13, 0.75, 13.5, 1.5], "texture": "#4"},
				"east": {"uv": [12.75, 0.75, 13, 1.5], "texture": "#4"},
				"south": {"uv": [13.75, 0.75, 14.25, 1.5], "texture": "#4"},
				"west": {"uv": [13.5, 0.75, 13.75, 1.5], "texture": "#4"},
				"up": {"uv": [13.5, 0.75, 13, 0.5], "texture": "#4"},
				"down": {"uv": [14, 0.5, 13.5, 0.75], "texture": "#4"}
			}
		},
		{
			"name": "mane",
			"from": [6.999, 0.00408, 10.39801],
			"to": [8.995, 11.00008, 12.39401],
			"rotation": {"angle": 0, "axis": "y", "origin": [7.997, 2.50208, 11.39601]},
			"faces": {
				"north": {"uv": [13, 3.25, 13.5, 6.5], "texture": "#4"},
				"east": {"uv": [12.5, 3.25, 13, 6.5], "texture": "#4"},
				"south": {"uv": [14, 3.25, 14.5, 6.5], "texture": "#4"},
				"west": {"uv": [13.5, 3.25, 14, 6.5], "texture": "#4"},
				"up": {"uv": [13.5, 3.25, 13, 2.75], "texture": "#4"},
				"down": {"uv": [14, 2.75, 13.5, 3.25], "texture": "#4"}
			}
		}
	],
	"display": {
		"thirdperson_righthand": {
			"rotation": [75, 45, 0],
			"translation": [0, 0.75, 0],
			"scale": [0.375, 0.375, 0.375]
		},
		"thirdperson_lefthand": {
			"rotation": [75, 45, 0],
			"translation": [0, 0.75, 0],
			"scale": [0.375, 0.375, 0.375]
		},
		"firstperson_righthand": {
			"rotation": [0, 45, 0],
			"scale": [0.4, 0.4, 0.4]
		},
		"firstperson_lefthand": {
			"rotation": [0, 45, 0],
			"scale": [0.4, 0.4, 0.4]
		},
		"ground": {
			"translation": [0, 3, 0],
			"scale": [0.25, 0.25, 0.25]
		},
		"gui": {
			"rotation": [30, 225, 0],
			"translation": [0, 0.75, 0],
			"scale": [0.88, 0.88, 0.88]
		},
		"head": {
			"translation": [0, 14.5, 0]
		},
		"fixed": {
			"rotation": [-90, 0, 0],
			"translation": [0, 0, -22],
			"scale": [3.01, 3.01, 3.01]
		}
	},
	"groups": [
		{
			"name": "head",
			"origin": [0, 22, -9],
			"color": 0,
			"children": []
		},
		{
			"name": "mouth",
			"origin": [0, 22, -9],
			"color": 0,
			"children": []
		},
		{
			"name": "left_ear",
			"origin": [0, 23, -9],
			"color": 0,
			"children": []
		},
		{
			"name": "right_ear",
			"origin": [0, 23, -9],
			"color": 0,
			"children": []
		},
		{
			"name": "neck",
			"origin": [0, 22, -8.9],
			"color": 0,
			"children": []
		},
		{
			"name": "mane",
			"origin": [0, 22, -9],
			"color": 0,
			"children": []
		},
		{
			"name": "body",
			"origin": [0, 13, 6],
			"color": 0,
			"children": []
		},
		{
			"name": "tail",
			"origin": [0, 21, 11],
			"color": 0,
			"children": []
		},
		{
			"name": "front_left_leg",
			"origin": [4, 10, -9.1],
			"color": 0,
			"children": []
		},
		{
			"name": "front_right_leg",
			"origin": [-4, 10, -9.1],
			"color": 0,
			"children": []
		},
		{
			"name": "back_left_leg",
			"origin": [4, 10, 8],
			"color": 0,
			"children": []
		},
		{
			"name": "back_right_leg",
			"origin": [-4, 10, 8],
			"color": 0,
			"children": []
		},
		{
			"name": "child_front_left_leg",
			"origin": [4, 10, -9],
			"color": 0,
			"children": []
		},
		{
			"name": "child_front_right_leg",
			"origin": [-4, 10, -9],
			"color": 0,
			"children": []
		},
		{
			"name": "child_back_left_leg",
			"origin": [4, 10, 8],
			"color": 0,
			"children": []
		},
		{
			"name": "child_back_right_leg",
			"origin": [-4, 10, 8],
			"color": 0,
			"children": []
		},
		{
			"name": "headpiece",
			"origin": [0, 22, -9],
			"color": 0,
			"children": []
		},
		{
			"name": "noseband",
			"origin": [0, 22, -9],
			"color": 0,
			"children": []
		},
		{
			"name": "left_bit",
			"origin": [0, 22, -9],
			"color": 0,
			"children": []
		},
		{
			"name": "right_bit",
			"origin": [0, 22, -9],
			"color": 0,
			"children": []
		},
		{
			"name": "left_rein",
			"origin": [0, 20.75, -14],
			"color": 0,
			"children": []
		},
		{
			"name": "right_rein",
			"origin": [0, 20.75, -14],
			"color": 0,
			"children": []
		},
		{
			"name": "saddle",
			"origin": [0, 13, 6],
			"color": 0,
			"children": []
		},
		{
			"name": "head",
			"origin": [0, 22, -9],
			"color": 0,
			"children": []
		},
		{
			"name": "mouth",
			"origin": [0, 22, -9],
			"color": 0,
			"children": []
		},
		{
			"name": "left_ear",
			"origin": [0, 23, -9],
			"color": 0,
			"children": []
		},
		{
			"name": "right_ear",
			"origin": [0, 23, -9],
			"color": 0,
			"children": []
		},
		{
			"name": "neck",
			"origin": [0, 22, -8.9],
			"color": 0,
			"children": []
		},
		{
			"name": "mane",
			"origin": [0, 22, -9],
			"color": 0,
			"children": []
		},
		{
			"name": "body",
			"origin": [0, 13, 6],
			"color": 0,
			"children": []
		},
		{
			"name": "tail",
			"origin": [0, 21, 11],
			"color": 0,
			"children": []
		},
		{
			"name": "front_left_leg",
			"origin": [4, 10, -9.1],
			"color": 0,
			"children": []
		},
		{
			"name": "front_right_leg",
			"origin": [-4, 10, -9.1],
			"color": 0,
			"children": []
		},
		{
			"name": "back_left_leg",
			"origin": [4, 10, 8],
			"color": 0,
			"children": []
		},
		{
			"name": "back_right_leg",
			"origin": [-4, 10, 8],
			"color": 0,
			"children": []
		},
		{
			"name": "child_front_left_leg",
			"origin": [4, 10, -9],
			"color": 0,
			"children": []
		},
		{
			"name": "child_front_right_leg",
			"origin": [-4, 10, -9],
			"color": 0,
			"children": []
		},
		{
			"name": "child_back_left_leg",
			"origin": [4, 10, 8],
			"color": 0,
			"children": []
		},
		{
			"name": "child_back_right_leg",
			"origin": [-4, 10, 8],
			"color": 0,
			"children": []
		},
		{
			"name": "headpiece",
			"origin": [0, 22, -9],
			"color": 0,
			"children": []
		},
		{
			"name": "noseband",
			"origin": [0, 22, -9],
			"color": 0,
			"children": []
		},
		{
			"name": "left_bit",
			"origin": [0, 22, -9],
			"color": 0,
			"children": []
		},
		{
			"name": "right_bit",
			"origin": [0, 22, -9],
			"color": 0,
			"children": []
		},
		{
			"name": "left_rein",
			"origin": [0, 20.75, -14],
			"color": 0,
			"children": []
		},
		{
			"name": "right_rein",
			"origin": [0, 20.75, -14],
			"color": 0,
			"children": []
		},
		{
			"name": "saddle",
			"origin": [0, 13, 6],
			"color": 0,
			"children": []
		},
		0,
		1,
		2,
		3,
		4,
		5,
		6,
		7
	]
}