{
	"credit": "Made with Blockbench",
	"texture_size": [64, 64],
	"textures": {
		"1": "item/stone_baseplate",
		"4": "item/skin_herobrine",
		"particle": "item/stone_baseplate"
	},
	"elements": [
		{
			"name": "baseplate",
			"from": [2, 0, 2],
			"to": [14, 1, 14],
			"rotation": {"angle": 0, "axis": "y", "origin": [2, 0, 2]},
			"faces": {
				"north": {"uv": [6, 3, 9, 3.25], "texture": "#1"},
				"east": {"uv": [3, 3, 6, 3.25], "texture": "#1"},
				"south": {"uv": [0, 3, 3, 3.25], "texture": "#1"},
				"west": {"uv": [9, 3, 12, 3.25], "texture": "#1"},
				"up": {"uv": [0, 0, 3, 3], "texture": "#1"},
				"down": {"uv": [3, 0, 6, 3], "texture": "#1"}
			}
		},
		{
			"name": "body",
			"from": [3.5, 4.25, 5.95625],
			"to": [12.5, 8.25, 10.03125],
			"rotation": {"angle": 0, "axis": "y", "origin": [8.5, 0, 8.00625]},
			"faces": {
				"north": {"uv": [5, 5, 7, 6.25], "texture": "#4"},
				"east": {"uv": [4, 5, 5, 6.25], "texture": "#4"},
				"south": {"uv": [8, 5, 10, 6.25], "texture": "#4"},
				"west": {"uv": [7, 5, 8, 6.25], "texture": "#4"},
				"up": {"uv": [5, 4, 7, 5], "texture": "#4"},
				"down": {"uv": [7, 4, 9, 5], "texture": "#4"}
			}
		},
		{
			"name": "shirt",
			"from": [3.4, 4.15, 5.85625],
			"to": [12.6, 8.35, 10.13125],
			"rotation": {"angle": 0, "axis": "y", "origin": [8.5, 0, 8.00625]},
			"faces": {
				"north": {"uv": [5, 9.25, 7, 10.5], "texture": "#4"},
				"east": {"uv": [4, 9, 5, 10.25], "texture": "#4"},
				"south": {"uv": [8, 9, 10, 10.25], "texture": "#4"},
				"west": {"uv": [7, 9, 8, 10.25], "texture": "#4"},
				"up": {"uv": [5, 8, 7, 9], "texture": "#4"},
				"down": {"uv": [7, 8, 9, 9], "texture": "#4"}
			}
		},
		{
			"name": "head",
			"from": [3.25, 8, 3.375],
			"to": [12.75, 17.5, 12.625],
			"rotation": {"angle": 0, "axis": "y", "origin": [8.5, 0, 7.875]},
			"faces": {
				"north": {"uv": [2, 2, 4, 4], "texture": "#4"},
				"east": {"uv": [0, 2, 2, 4], "texture": "#4"},
				"south": {"uv": [6, 2, 8, 4], "texture": "#4"},
				"west": {"uv": [4, 2, 6, 4], "texture": "#4"},
				"up": {"uv": [4, 2, 2, 0], "texture": "#4"},
				"down": {"uv": [4, 0, 6, 2], "texture": "#4"}
			}
		},
		{
			"name": "hat",
			"from": [3, 7.75, 3.125],
			"to": [13, 17.75, 12.875],
			"rotation": {"angle": 0, "axis": "y", "origin": [8.5, 0, 7.875]},
			"faces": {
				"north": {"uv": [10, 2, 12, 4], "texture": "#4"},
				"east": {"uv": [8, 2, 10, 4], "texture": "#4"},
				"south": {"uv": [14, 2, 16, 4], "texture": "#4"},
				"west": {"uv": [12, 2, 14, 4], "texture": "#4"},
				"up": {"uv": [10, 2, 12, 0], "texture": "#4"},
				"down": {"uv": [12, 0, 14, 2], "texture": "#4"}
			}
		},
		{
			"name": "hatInner",
			"from": [12.99, 17.74, 12.865],
			"to": [3.01, 7.76, 3.135],
			"rotation": {"angle": 0, "axis": "y", "origin": [8.5, 0, 7.875]},
			"faces": {
				"north": {"uv": [14, 4, 16, 2], "texture": "#4"},
				"east": {"uv": [12, 4, 14, 2], "texture": "#4"},
				"south": {"uv": [10, 4, 12, 2], "texture": "#4"},
				"west": {"uv": [8, 4, 10, 2], "texture": "#4"},
				"up": {"uv": [14, 0, 12, 2], "texture": "#4"},
				"down": {"uv": [12, 2, 10, 0], "texture": "#4"}
			}
		},
		{
			"name": "leftSleeve",
			"from": [-0.1, 4.15, 6.15],
			"to": [3.6, 7.85, 9.85],
			"rotation": {"angle": 0, "axis": "x", "origin": [1.75, 6, 8]},
			"faces": {
				"north": {"uv": [13, 11.75, 14, 10.75], "rotation": 90, "texture": "#4"},
				"south": {"uv": [12, 10.75, 11, 11.75], "rotation": 90, "texture": "#4"},
				"west": {"uv": [12, 9, 13, 8], "rotation": 270, "texture": "#4"},
				"up": {"uv": [13, 11.75, 12, 10.75], "rotation": 270, "texture": "#4"},
				"down": {"uv": [11, 11.75, 10, 10.75], "rotation": 270, "texture": "#4"}
			}
		},
		{
			"name": "leftArm",
			"from": [0, 4.25, 6.25],
			"to": [3.5, 7.75, 9.75],
			"rotation": {"angle": 0, "axis": "x", "origin": [1.75, 6, 8]},
			"faces": {
				"north": {"uv": [13, 8, 14, 7], "rotation": 90, "texture": "#4"},
				"south": {"uv": [12, 7, 11, 8], "rotation": 90, "texture": "#4"},
				"west": {"uv": [12, 5, 13, 4], "rotation": 270, "texture": "#4"},
				"up": {"uv": [13, 8, 12, 7], "rotation": 270, "texture": "#4"},
				"down": {"uv": [11, 8, 10, 7], "rotation": 270, "texture": "#4"}
			}
		},
		{
			"name": "rightArm",
			"from": [12.5, 4.25, 6.25],
			"to": [16, 7.75, 9.75],
			"rotation": {"angle": 0, "axis": "x", "origin": [14.25, 6, 8]},
			"faces": {
				"north": {"uv": [13, 7, 14, 8], "rotation": 90, "texture": "#4"},
				"east": {"uv": [12, 4, 13, 5], "rotation": 90, "texture": "#4"},
				"south": {"uv": [12, 8, 11, 7], "rotation": 90, "texture": "#4"},
				"up": {"uv": [13, 7, 12, 8], "rotation": 270, "texture": "#4"},
				"down": {"uv": [11, 7, 10, 8], "rotation": 270, "texture": "#4"}
			}
		},
		{
			"name": "rightSleeve",
			"from": [12.4, 4.15, 6.15],
			"to": [16.1, 7.85, 9.85],
			"rotation": {"angle": 0, "axis": "x", "origin": [14.25, 6, 8]},
			"faces": {
				"north": {"uv": [15, 14.75, 16, 15.75], "rotation": 90, "texture": "#4"},
				"east": {"uv": [14, 12, 15, 13], "rotation": 90, "texture": "#4"},
				"south": {"uv": [14, 15.75, 13, 14.75], "rotation": 90, "texture": "#4"},
				"up": {"uv": [15, 14.75, 14, 15.75], "rotation": 270, "texture": "#4"},
				"down": {"uv": [13, 14.75, 12, 15.75], "rotation": 270, "texture": "#4"}
			}
		},
		{
			"name": "leftLeg",
			"from": [3.6, 1, 6.00625],
			"to": [7.6, 5, 10.00625],
			"rotation": {"angle": 0, "axis": "y", "origin": [7.5, 0, 8.00625]},
			"faces": {
				"north": {"uv": [6, 14.5, 5, 15.75], "texture": "#4"},
				"east": {"uv": [5, 14.5, 4, 15.75], "texture": "#4"},
				"south": {"uv": [8, 14.5, 7, 15.75], "texture": "#4"},
				"west": {"uv": [7, 14.5, 6, 15.75], "texture": "#4"}
			}
		},
		{
			"name": "leftPant",
			"from": [3.5, 0.9, 5.90625],
			"to": [7.7, 5.1, 10.10625],
			"rotation": {"angle": 0, "axis": "y", "origin": [7.5, 0, 8.00625]},
			"faces": {
				"north": {"uv": [2, 14.5, 1, 15.75], "texture": "#4"},
				"east": {"uv": [1, 14.5, 0, 15.75], "texture": "#4"},
				"south": {"uv": [4, 14.5, 3, 15.75], "texture": "#4"},
				"west": {"uv": [3, 14.5, 2, 15.75], "texture": "#4"}
			}
		},
		{
			"name": "rightLeg",
			"from": [8.4, 1, 6.00625],
			"to": [12.4, 5, 10.00625],
			"rotation": {"angle": 0, "axis": "y", "origin": [8.5, 0, 8.00625]},
			"faces": {
				"north": {"uv": [5, 14.5, 6, 15.75], "texture": "#4"},
				"east": {"uv": [6, 14.5, 7, 15.75], "texture": "#4"},
				"south": {"uv": [7, 14.5, 8, 15.75], "texture": "#4"},
				"west": {"uv": [4, 14.5, 5, 15.75], "texture": "#4"}
			}
		},
		{
			"name": "righttPant",
			"from": [8.3, 0.9, 5.90625],
			"to": [12.5, 5.1, 10.10625],
			"rotation": {"angle": 0, "axis": "y", "origin": [8.5, 0, 8.00625]},
			"faces": {
				"north": {"uv": [1, 14.5, 2, 15.75], "texture": "#4"},
				"east": {"uv": [2, 14.5, 3, 15.75], "texture": "#4"},
				"south": {"uv": [3, 14.5, 4, 15.75], "texture": "#4"},
				"west": {"uv": [0, 14.5, 1, 15.75], "texture": "#4"}
			}
		}
	],
	"display": {
		"thirdperson_righthand": {
			"rotation": [75, 45, 0],
			"translation": [0, 1, 0],
			"scale": [0.375, 0.375, 0.375]
		},
		"thirdperson_lefthand": {
			"rotation": [75, 45, 0],
			"translation": [0, 1, 0],
			"scale": [0.375, 0.375, 0.375]
		},
		"firstperson_righthand": {
			"rotation": [0, 45, 0],
			"scale": [0.4, 0.4, 0.4]
		},
		"firstperson_lefthand": {
			"rotation": [0, 45, 0],
			"scale": [0.4, 0.4, 0.4]
		},
		"ground": {
			"translation": [0, 3, 0],
			"scale": [0.25, 0.25, 0.25]
		},
		"gui": {
			"rotation": [0, 144, 0],
			"translation": [0.35, -1, 0],
			"scale": [0.87, 0.87, 0.87]
		},
		"head": {
			"translation": [0, 13.25, 0.75]
		},
		"fixed": {
			"rotation": [-90, 0, 0],
			"translation": [0, 0, -14.08],
			"scale": [2.01, 2.01, 2.01]
		}
	},
	"groups": [
		0,
		{
			"name": "root",
			"origin": [-0.5, 0, 0],
			"color": 0,
			"children": [
				{
					"name": "body",
					"origin": [-0.5, 5, -0.0125],
					"color": 1,
					"children": [
						1,
						2,
						{
							"name": "head",
							"origin": [-0.5, 6, 0],
							"color": 2,
							"children": [
								3,
								{
									"name": "hat",
									"origin": [0, -0.5, -0.5],
									"color": 3,
									"children": [4, 5]
								}
							]
						}
					]
				},
				{
					"name": "leftArm",
					"origin": [5.75, 4.75, -0.25],
					"color": 4,
					"children": [6, 7]
				},
				{
					"name": "rightArm",
					"origin": [-6.75, 4.75, -0.25],
					"color": 5,
					"children": [8, 9]
				},
				{
					"name": "leftLeg",
					"origin": [1.9, 3.5, 0],
					"color": 6,
					"children": [10, 11]
				},
				{
					"name": "rightLeg",
					"origin": [-2.9, 3.5, 0],
					"color": 7,
					"children": [12, 13]
				}
			]
		}
	]
}