{
	"credit": "Made with Blockbench",
	"parent": "pumpkin",
	"textures": {
		"1": "item/minispec"
	},
	"elements": [
		{
			"from": [6, 8, 7],
			"to": [10, 12, 11],
			"rotation": {"angle": -22.5, "axis": "x", "origin": [8, 8, 9]},
			"faces": {
				"north": {"uv": [2, 2, 3, 3], "texture": "#1"},
				"east": {"uv": [0, 2, 1, 3], "texture": "#1"},
				"south": {"uv": [4, 2, 5, 3], "texture": "#1"},
				"west": {"uv": [6, 2, 7, 3], "texture": "#1"},
				"up": {"uv": [2, 0, 3, 1], "texture": "#1"},
				"down": {"uv": [4, 0, 5, 1], "texture": "#1"}
			}
		},
		{
			"from": [6, 2, 8],
			"to": [10, 8, 10],
			"rotation": {"angle": 0, "axis": "x", "origin": [8, 5, 9]},
			"faces": {
				"north": {"uv": [5, 5, 6, 6.5], "texture": "#1"},
				"east": {"uv": [7, 5, 7.5, 6.5], "texture": "#1"},
				"south": {"uv": [8, 5, 9, 6.5], "texture": "#1"},
				"west": {"uv": [4, 5, 4.5, 6.5], "texture": "#1"},
				"up": {"uv": [5, 4, 6, 4.5], "rotation": 180, "texture": "#1"},
				"down": {"uv": [7, 4, 8, 4.5], "rotation": 180, "texture": "#1"}
			}
		},
		{
			"from": [0, 6, 8],
			"to": [6, 8, 10],
			"rotation": {"angle": -22.5, "axis": "z", "origin": [5, 7, 9]},
			"faces": {
				"north": {"uv": [11.5, 5, 11, 6.5], "rotation": 270, "texture": "#1"},
				"east": {"uv": [11.5, 4, 11, 4.5], "rotation": 270, "texture": "#1"},
				"south": {"uv": [13.5, 5, 13, 6.5], "rotation": 90, "texture": "#1"},
				"west": {"uv": [12.5, 4, 12, 4.5], "rotation": 270, "texture": "#1"},
				"up": {"uv": [10.5, 5, 10, 6.5], "rotation": 90, "texture": "#1"},
				"down": {"uv": [12.5, 5, 12, 6.5], "rotation": 90, "texture": "#1"}
			}
		},
		{
			"from": [10, 2, 8],
			"to": [12, 8, 10],
			"rotation": {"angle": 0, "axis": "x", "origin": [11, 7, 9]},
			"faces": {
				"north": {"uv": [11, 5, 11.5, 6.5], "texture": "#1"},
				"east": {"uv": [10, 5, 10.5, 6.5], "texture": "#1"},
				"south": {"uv": [13, 5, 13.5, 6.5], "texture": "#1"},
				"west": {"uv": [12, 5, 12.5, 6.5], "texture": "#1"},
				"up": {"uv": [11, 4, 11.5, 4.5], "rotation": 180, "texture": "#1"},
				"down": {"uv": [12, 4, 12.5, 4.5], "rotation": 180, "texture": "#1"}
			}
		},
		{
			"from": [6, 0, 4],
			"to": [8, 2, 10],
			"rotation": {"angle": 22.5, "axis": "y", "origin": [7, 1, 9]},
			"faces": {
				"north": {"uv": [2.5, 4, 2, 4.5], "texture": "#1"},
				"east": {"uv": [2, 5, 2.5, 6.5], "rotation": 270, "texture": "#1"},
				"south": {"uv": [1.5, 4, 1, 4.5], "rotation": 180, "texture": "#1"},
				"west": {"uv": [0.5, 5, 0, 6.5], "rotation": 90, "texture": "#1"},
				"up": {"uv": [1.5, 5, 1, 6.5], "rotation": 180, "texture": "#1"},
				"down": {"uv": [3.5, 5, 3, 6.5], "texture": "#1"}
			}
		},
		{
			"from": [8, 0, 4],
			"to": [10, 2, 10],
			"rotation": {"angle": -22.5, "axis": "y", "origin": [9, 1, 9]},
			"faces": {
				"north": {"uv": [2, 4, 2.5, 4.5], "texture": "#1"},
				"east": {"uv": [0, 5, 0.5, 6.5], "rotation": 270, "texture": "#1"},
				"south": {"uv": [1, 4, 1.5, 4.5], "rotation": 180, "texture": "#1"},
				"west": {"uv": [2.5, 5, 2, 6.5], "rotation": 90, "texture": "#1"},
				"up": {"uv": [1, 5, 1.5, 6.5], "rotation": 180, "texture": "#1"},
				"down": {"uv": [3, 5, 3.5, 6.5], "texture": "#1"}
			}
		}
	],
	"display": {
		"thirdperson_righthand": {
			"rotation": [75, 45, 0],
			"translation": [0, 2.5, 0],
			"scale": [0.375, 0.375, 0.375]
		},
		"thirdperson_lefthand": {
			"rotation": [75, 45, 0],
			"translation": [0, 2.5, 0],
			"scale": [0.375, 0.375, 0.375]
		},
		"firstperson_righthand": {
			"rotation": [0, 45, 0],
			"scale": [0.4, 0.4, 0.4]
		},
		"firstperson_lefthand": {
			"rotation": [0, 45, 0],
			"scale": [0.4, 0.4, 0.4]
		},
		"ground": {
			"translation": [0, 3, 0],
			"scale": [0.25, 0.25, 0.25]
		},
		"gui": {
			"rotation": [30, 225, 0],
			"scale": [0.625, 0.625, 0.625]
		},
		"head": {
			"rotation": [-2, 0, 0],
			"translation": [0, 14, 0]
		},
		"fixed": {
			"rotation": [-90, 0, 0],
			"translation": [0, 3, -16],
			"scale": [2, 2, 2]
		}
	},
	"groups": [
		{
			"name": "group",
			"origin": [9, 5, 9],
			"color": 0,
			"children": [0, 1, 2, 3]
		},
		{
			"name": "group",
			"origin": [2, 5, 9],
			"color": 0,
			"children": [4, 5]
		}
	]
}