{
	"credit": "Made with Blockbench",
	"texture_size": [64, 64],
	"textures": {
		"0": "item/vu",
		"1": "item/stone_baseplate",
		"particle": "item/stone_baseplate"
	},
	"elements": [
		{
			"from": [2, 0, 2],
			"to": [14, 1, 14],
			"rotation": {"angle": 0, "axis": "y", "origin": [2, 0, 2]},
			"faces": {
				"north": {"uv": [6, 3, 9, 3.25], "texture": "#1"},
				"east": {"uv": [3, 3, 6, 3.25], "texture": "#1"},
				"south": {"uv": [0, 3, 3, 3.25], "texture": "#1"},
				"west": {"uv": [9, 3, 12, 3.25], "texture": "#1"},
				"up": {"uv": [0, 0, 3, 3], "texture": "#1"},
				"down": {"uv": [3, 0, 6, 3], "texture": "#1"}
			}
		},
		{
			"name": "body",
			"from": [3.5, 4.5, 6.2],
			"to": [12.5, 7.5, 10.275],
			"rotation": {"angle": 0, "axis": "y", "origin": [8.5, 0, 8.25]},
			"faces": {
				"north": {"uv": [1, 15.25, 3.25, 16], "texture": "#0"},
				"east": {"uv": [0, 15.25, 1, 16], "texture": "#0"},
				"south": {"uv": [4.25, 15.25, 6.5, 16], "texture": "#0"},
				"west": {"uv": [3.25, 15.25, 4.25, 16], "texture": "#0"},
				"up": {"uv": [3.25, 15.25, 1, 14.25], "texture": "#0"},
				"down": {"uv": [5.5, 14.25, 3.25, 15.25], "texture": "#0"}
			}
		},
		{
			"name": "head",
			"from": [2.25, 7, 2.75],
			"to": [13.75, 16.5, 12.75],
			"rotation": {"angle": 0, "axis": "y", "origin": [8.5, 0, 8.25]},
			"faces": {
				"north": {"uv": [2.25, 7, 5.125, 9.25], "texture": "#0"},
				"east": {"uv": [0, 7, 2.25, 9.25], "texture": "#0"},
				"south": {"uv": [7.375, 7, 10.25, 9.25], "texture": "#0"},
				"west": {"uv": [5.125, 7, 7.375, 9.25], "texture": "#0"},
				"up": {"uv": [5.125, 7, 2.375, 4.75], "texture": "#0"},
				"down": {"uv": [7.875, 4.75, 5.125, 7], "texture": "#0"}
			}
		},
		{
			"name": "hat",
			"from": [2.25, 16, 2.75],
			"to": [13.75, 22, 12.75],
			"rotation": {"angle": 0, "axis": "y", "origin": [8.5, 0, 8.25]},
			"faces": {
				"north": {"uv": [2.25, 3, 5.125, 4.5], "texture": "#0"},
				"east": {"uv": [0, 3, 2.25, 4.5], "texture": "#0"},
				"south": {"uv": [7.375, 3, 10.25, 4.5], "texture": "#0"},
				"west": {"uv": [5.125, 3, 7.375, 4.5], "texture": "#0"},
				"up": {"uv": [5.125, 3, 2.25, 0.75], "texture": "#0"},
				"down": {"uv": [10.25, 0.75, 7.375, 3], "texture": "#0"}
			}
		},
		{
			"name": "hat",
			"from": [0.75, 16, 1.25],
			"to": [15.25, 17.5, 14.25],
			"rotation": {"angle": 0, "axis": "y", "origin": [8.5, 0, 8.25]},
			"faces": {
				"north": {"uv": [2.375, 11.75, 5.75, 12.125], "texture": "#0"},
				"east": {"uv": [0, 11.75, 2.375, 12.125], "texture": "#0"},
				"south": {"uv": [8, 11.75, 10.875, 12.125], "texture": "#0"},
				"west": {"uv": [5.75, 11.75, 8, 12.125], "texture": "#0"},
				"up": {"uv": [5.25, 11.625, 2.25, 9.375], "texture": "#0"},
				"down": {"uv": [10.25, 9.375, 7.375, 11.625], "texture": "#0"}
			}
		},
		{
			"name": "leftArm",
			"from": [12.5, 4, 6.25],
			"to": [16, 7.5, 9.75],
			"rotation": {"angle": 0, "axis": "y", "origin": [8.5, 0, 8.25]},
			"faces": {
				"north": {"uv": [13, 11, 13.75, 11.75], "texture": "#0"},
				"east": {"uv": [12.25, 11, 13, 11.75], "texture": "#0"},
				"south": {"uv": [14.5, 11, 15.25, 11.75], "texture": "#0"},
				"west": {"uv": [13.75, 11, 14.5, 11.75], "texture": "#0"},
				"up": {"uv": [13.75, 11, 13, 10.25], "texture": "#0"},
				"down": {"uv": [14.5, 10.25, 13.75, 11], "texture": "#0"}
			}
		},
		{
			"name": "rightArm",
			"from": [0, 4, 6.25],
			"to": [3.5, 7.5, 9.75],
			"rotation": {"angle": 0, "axis": "y", "origin": [8.5, 0, 8.25]},
			"faces": {
				"north": {"uv": [13.75, 11, 13, 11.75], "texture": "#0"},
				"east": {"uv": [14.5, 11, 13.75, 11.75], "texture": "#0"},
				"south": {"uv": [15.25, 11, 14.5, 11.75], "texture": "#0"},
				"west": {"uv": [13, 11, 12.25, 11.75], "texture": "#0"},
				"up": {"uv": [13, 11, 13.75, 10.25], "texture": "#0"},
				"down": {"uv": [13.75, 10.25, 14.5, 11], "texture": "#0"}
			}
		},
		{
			"name": "leftLeg",
			"from": [8.4, 1, 6.25],
			"to": [12.4, 5, 10.25],
			"rotation": {"angle": 0, "axis": "y", "origin": [8.5, 0, 8.25]},
			"faces": {
				"north": {"uv": [13, 15, 14, 16], "texture": "#0"},
				"east": {"uv": [12, 15, 13, 16], "texture": "#0"},
				"south": {"uv": [15, 15, 16, 16], "texture": "#0"},
				"west": {"uv": [14, 15, 15, 16], "texture": "#0"},
				"up": {"uv": [14, 15, 13, 14], "texture": "#0"},
				"down": {"uv": [15, 14, 14, 15], "texture": "#0"}
			}
		},
		{
			"name": "rightLeg",
			"from": [3.6, 1, 6.25],
			"to": [7.6, 5, 10.25],
			"rotation": {"angle": 0, "axis": "y", "origin": [8.5, 0, 8.25]},
			"faces": {
				"north": {"uv": [14, 13, 13, 14], "texture": "#0"},
				"east": {"uv": [15, 13, 14, 14], "texture": "#0"},
				"south": {"uv": [16, 13, 15, 14], "texture": "#0"},
				"west": {"uv": [13, 13, 12, 14], "texture": "#0"},
				"up": {"uv": [13, 13, 14, 12], "texture": "#0"},
				"down": {"uv": [14, 12, 15, 13], "texture": "#0"}
			}
		}
	],
	"display": {
		"thirdperson_righthand": {
			"rotation": [75, 45, 0],
			"translation": [0, 1, 0],
			"scale": [0.375, 0.375, 0.375]
		},
		"thirdperson_lefthand": {
			"rotation": [75, 45, 0],
			"translation": [0, 1, 0],
			"scale": [0.375, 0.375, 0.375]
		},
		"firstperson_righthand": {
			"rotation": [0, 45, 0],
			"scale": [0.4, 0.4, 0.4]
		},
		"firstperson_lefthand": {
			"rotation": [0, 45, 0],
			"scale": [0.4, 0.4, 0.4]
		},
		"ground": {
			"translation": [0, 3, 0],
			"scale": [0.25, 0.25, 0.25]
		},
		"gui": {
			"rotation": [0, 144, 0],
			"translation": [0.35, -2.3, 0],
			"scale": [0.71, 0.71, 0.71]
		},
		"head": {
			"translation": [0, 13.25, 0.75]
		},
		"fixed": {
			"rotation": [-90, 0, 0],
			"translation": [0, 0, -14.08],
			"scale": [2.01, 2.01, 2.01]
		}
	},
	"groups": [
		0,
		{
			"name": "root",
			"origin": [-0.5, 0, 0],
			"color": 0,
			"children": [
				{
					"name": "body",
					"origin": [-0.5, 5, -0.0125],
					"color": 1,
					"children": [
						1,
						{
							"name": "head",
							"origin": [-0.5, 6, 0],
							"color": 2,
							"children": [
								2,
								{
									"name": "hat",
									"origin": [0, -0.5, -0.5],
									"color": 3,
									"children": [3, 4]
								}
							]
						}
					]
				},
				{
					"name": "leftArm",
					"origin": [5.75, 4.75, -0.25],
					"color": 4,
					"children": [5]
				},
				{
					"name": "rightArm",
					"origin": [-6.75, 4.75, -0.25],
					"color": 5,
					"children": [6]
				},
				{
					"name": "leftLeg",
					"origin": [1.9, 3.5, 0],
					"color": 6,
					"children": [7]
				},
				{
					"name": "rightLeg",
					"origin": [-2.9, 3.5, 0],
					"color": 7,
					"children": [8]
				}
			]
		}
	]
}