{
	"credit": "Made with Blockbench",
	"textures": {
		"1": "item/chess_knight_black",
		"3": "item/chess_bishop_black",
		"particle": "item/chess_knight_black"
	},
	"elements": [
		{
			"from": [7, 10.25, 6.5],
			"to": [9, 13.25, 9.5],
			"rotation": {"angle": 0, "axis": "y", "origin": [8, 13, 8]},
			"faces": {
				"north": {"uv": [1.5, 8.25, 2.5, 9.75], "rotation": 180, "texture": "#1"},
				"east": {"uv": [0, 8.25, 1.5, 9.75], "rotation": 180, "texture": "#1"},
				"south": {"uv": [1.5, 8.25, 2.5, 9.75], "rotation": 180, "texture": "#1"},
				"west": {"uv": [0, 8.25, 1.5, 9.75], "rotation": 180, "texture": "#1"},
				"up": {"uv": [0, 9.5, 1.5, 10.5], "rotation": 90, "texture": "#1"},
				"down": {"uv": [0, 8.25, 1, 9.75], "rotation": 180, "texture": "#1"}
			}
		},
		{
			"from": [6.5, 9.75, 7],
			"to": [9.5, 12.75, 9],
			"rotation": {"angle": 0, "axis": "y", "origin": [8, 13.5, 8]},
			"faces": {
				"north": {"uv": [0, 8, 1.5, 9.5], "rotation": 180, "texture": "#1"},
				"east": {"uv": [1.5, 8, 2.5, 9.5], "rotation": 180, "texture": "#1"},
				"south": {"uv": [0, 8, 1.5, 9.5], "rotation": 180, "texture": "#1"},
				"west": {"uv": [1.5, 8, 2.5, 9.5], "rotation": 180, "texture": "#1"},
				"up": {"uv": [0, 9.75, 1.5, 10.75], "rotation": 180, "texture": "#1"},
				"down": {"uv": [0, 9.75, 1.5, 10.75], "rotation": 180, "texture": "#1"}
			}
		},
		{
			"from": [5.5, 10.75, 5.5],
			"to": [10.5, 11.75, 10.5],
			"rotation": {"angle": 0, "axis": "y", "origin": [4, 0, -20]},
			"faces": {
				"north": {"uv": [0, 3, 5, 4], "texture": "#3"},
				"east": {"uv": [0, 3, 5, 4], "texture": "#3"},
				"south": {"uv": [0, 3, 5, 4], "texture": "#3"},
				"west": {"uv": [0, 3, 5, 4], "texture": "#3"},
				"up": {"uv": [6.5, 2.5, 11.5, 7.5], "texture": "#3"},
				"down": {"uv": [0, 0, 0, 0], "texture": "#3"}
			}
		},
		{
			"from": [5, 1, 5],
			"to": [11, 2, 11],
			"rotation": {"angle": 0, "axis": "y", "origin": [4, 0, -20]},
			"faces": {
				"north": {"uv": [0, 1, 6, 2], "texture": "#3"},
				"east": {"uv": [0, 1, 6, 2], "texture": "#3"},
				"south": {"uv": [0, 1, 6, 2], "texture": "#3"},
				"west": {"uv": [0, 1, 6, 2], "texture": "#3"},
				"up": {"uv": [6, 2, 12, 8], "texture": "#3"},
				"down": {"uv": [0, 0, 6, 6], "texture": "#3"}
			}
		},
		{
			"from": [4, 0, 4],
			"to": [12, 1, 12],
			"rotation": {"angle": 0, "axis": "y", "origin": [4, 0, -20]},
			"faces": {
				"north": {"uv": [0, 0, 8, 1], "texture": "#3"},
				"east": {"uv": [0, 0, 8, 1], "texture": "#3"},
				"south": {"uv": [0, 0, 8, 1], "texture": "#3"},
				"west": {"uv": [0, 0, 8, 1], "texture": "#3"},
				"up": {"uv": [4, 8, 12, 16], "texture": "#3"},
				"down": {"uv": [4, 8, 12, 16], "texture": "#3"}
			}
		},
		{
			"from": [6, 2, 6],
			"to": [10, 11, 10],
			"rotation": {"angle": 0, "axis": "y", "origin": [4, 0, -20]},
			"faces": {
				"north": {"uv": [0, 7, 4, 16], "texture": "#3"},
				"east": {"uv": [0, 7, 4, 16], "texture": "#3"},
				"south": {"uv": [0, 7, 4, 16], "texture": "#3"},
				"west": {"uv": [0, 7, 4, 16], "texture": "#3"},
				"up": {"uv": [0, 0, 4, 4], "texture": "#3"},
				"down": {"uv": [0, 0, 4, 4], "texture": "#3"}
			}
		},
		{
			"from": [5, 9, 5],
			"to": [11, 11, 11],
			"rotation": {"angle": 0, "axis": "y", "origin": [-8, 0, 0]},
			"faces": {
				"north": {"uv": [0, 4, 6, 6], "texture": "#3"},
				"east": {"uv": [0, 4, 6, 6], "texture": "#3"},
				"south": {"uv": [0, 4, 6, 6], "texture": "#3"},
				"west": {"uv": [0, 4, 6, 6], "texture": "#3"},
				"up": {"uv": [6, 2, 12, 8], "texture": "#3"},
				"down": {"uv": [6, 2, 12, 8], "texture": "#3"}
			}
		}
	],
	"display": {
		"thirdperson_righthand": {
			"rotation": [75, 45, 0],
			"translation": [0, 0.75, 0],
			"scale": [0.375, 0.375, 0.375]
		},
		"thirdperson_lefthand": {
			"rotation": [75, 45, 0],
			"translation": [0, 0.75, 0],
			"scale": [0.375, 0.375, 0.375]
		},
		"firstperson_righthand": {
			"rotation": [0, 45, 0],
			"scale": [0.4, 0.4, 0.4]
		},
		"firstperson_lefthand": {
			"rotation": [0, 45, 0],
			"scale": [0.4, 0.4, 0.4]
		},
		"ground": {
			"translation": [0, 3, 0],
			"scale": [0.25, 0.25, 0.25]
		},
		"gui": {
			"rotation": [30, 225, 0],
			"translation": [0, 0.75, 0],
			"scale": [0.88, 0.88, 0.88]
		},
		"head": {
			"translation": [0, 14.5, 0]
		},
		"fixed": {
			"rotation": [-90, 0, 0],
			"translation": [0, 0, -22],
			"scale": [3.01, 3.01, 3.01]
		}
	},
	"groups": [
		0,
		1,
		2,
		3,
		4,
		5,
		{
			"name": "head",
			"origin": [0, 22, -9],
			"color": 0,
			"children": []
		},
		{
			"name": "mouth",
			"origin": [0, 22, -9],
			"color": 0,
			"children": []
		},
		{
			"name": "left_ear",
			"origin": [0, 23, -9],
			"color": 0,
			"children": []
		},
		{
			"name": "right_ear",
			"origin": [0, 23, -9],
			"color": 0,
			"children": []
		},
		{
			"name": "neck",
			"origin": [0, 22, -8.9],
			"color": 0,
			"children": []
		},
		{
			"name": "mane",
			"origin": [0, 22, -9],
			"color": 0,
			"children": []
		},
		{
			"name": "body",
			"origin": [0, 13, 6],
			"color": 0,
			"children": []
		},
		{
			"name": "tail",
			"origin": [0, 21, 11],
			"color": 0,
			"children": []
		},
		{
			"name": "front_left_leg",
			"origin": [4, 10, -9.1],
			"color": 0,
			"children": []
		},
		{
			"name": "front_right_leg",
			"origin": [-4, 10, -9.1],
			"color": 0,
			"children": []
		},
		{
			"name": "back_left_leg",
			"origin": [4, 10, 8],
			"color": 0,
			"children": []
		},
		{
			"name": "back_right_leg",
			"origin": [-4, 10, 8],
			"color": 0,
			"children": []
		},
		{
			"name": "child_front_left_leg",
			"origin": [4, 10, -9],
			"color": 0,
			"children": []
		},
		{
			"name": "child_front_right_leg",
			"origin": [-4, 10, -9],
			"color": 0,
			"children": []
		},
		{
			"name": "child_back_left_leg",
			"origin": [4, 10, 8],
			"color": 0,
			"children": []
		},
		{
			"name": "child_back_right_leg",
			"origin": [-4, 10, 8],
			"color": 0,
			"children": []
		},
		{
			"name": "headpiece",
			"origin": [0, 22, -9],
			"color": 0,
			"children": []
		},
		{
			"name": "noseband",
			"origin": [0, 22, -9],
			"color": 0,
			"children": []
		},
		{
			"name": "left_bit",
			"origin": [0, 22, -9],
			"color": 0,
			"children": []
		},
		{
			"name": "right_bit",
			"origin": [0, 22, -9],
			"color": 0,
			"children": []
		},
		{
			"name": "left_rein",
			"origin": [0, 20.75, -14],
			"color": 0,
			"children": []
		},
		{
			"name": "right_rein",
			"origin": [0, 20.75, -14],
			"color": 0,
			"children": []
		},
		{
			"name": "saddle",
			"origin": [0, 13, 6],
			"color": 0,
			"children": []
		},
		6
	]
}