{
	"credit": "Made with Blockbench",
	"texture_size": [64, 64],
	"textures": {
		"0": "item/mushrooms",
		"particle": "item/mushrooms"
	},
	"elements": [
		{
			"from": [7, 0, 10],
			"to": [8, 5, 11],
			"faces": {
				"north": {"uv": [4.25, 8, 4.5, 9.25], "texture": "#0"},
				"east": {"uv": [7, 8, 7.25, 9.25], "texture": "#0"},
				"south": {"uv": [7.25, 8, 7.5, 9.25], "texture": "#0"},
				"west": {"uv": [8.25, 6.25, 8.5, 7.5], "texture": "#0"},
				"up": {"uv": [5, 5.25, 4.75, 5], "texture": "#0"},
				"down": {"uv": [4.75, 6, 4.5, 6.25], "texture": "#0"}
			}
		},
		{
			"from": [9, 2, 9],
			"to": [10, 5, 12],
			"faces": {
				"north": {"uv": [2, 6.25, 2.25, 7], "texture": "#0"},
				"east": {"uv": [1.25, 6.25, 2, 7], "texture": "#0"},
				"south": {"uv": [4.5, 9.75, 4.75, 10.5], "texture": "#0"},
				"west": {"uv": [6.25, 1.5, 7, 2.25], "texture": "#0"},
				"up": {"uv": [5, 10.5, 4.75, 9.75], "texture": "#0"},
				"down": {"uv": [10, 6.25, 9.75, 7], "texture": "#0"}
			}
		},
		{
			"from": [5, 2, 9],
			"to": [6, 5, 12],
			"faces": {
				"north": {"uv": [7.5, 9.75, 7.75, 10.5], "texture": "#0"},
				"east": {"uv": [6.25, 2.25, 7, 3], "texture": "#0"},
				"south": {"uv": [7.75, 9.75, 8, 10.5], "texture": "#0"},
				"west": {"uv": [6.25, 3, 7, 3.75], "texture": "#0"},
				"up": {"uv": [8.25, 10.5, 8, 9.75], "texture": "#0"},
				"down": {"uv": [8.5, 9.75, 8.25, 10.5], "texture": "#0"}
			}
		},
		{
			"from": [6, 2, 12],
			"to": [9, 5, 13],
			"faces": {
				"north": {"uv": [6.25, 3.75, 7, 4.5], "texture": "#0"},
				"east": {"uv": [8.5, 9.75, 8.75, 10.5], "texture": "#0"},
				"south": {"uv": [4.5, 6.25, 5.25, 7], "texture": "#0"},
				"west": {"uv": [9.75, 9.5, 10, 10.25], "texture": "#0"},
				"up": {"uv": [10.5, 7.25, 9.75, 7], "texture": "#0"},
				"down": {"uv": [10.5, 7.25, 9.75, 7.5], "texture": "#0"}
			}
		},
		{
			"from": [6, 2, 8],
			"to": [9, 5, 9],
			"faces": {
				"north": {"uv": [6.25, 4.5, 7, 5.25], "texture": "#0"},
				"east": {"uv": [10, 0, 10.25, 0.75], "texture": "#0"},
				"south": {"uv": [5.25, 6.25, 6, 7], "texture": "#0"},
				"west": {"uv": [1.25, 10, 1.5, 10.75], "texture": "#0"},
				"up": {"uv": [10.5, 8, 9.75, 7.75], "texture": "#0"},
				"down": {"uv": [10.5, 8, 9.75, 8.25], "texture": "#0"}
			}
		},
		{
			"from": [6, 5, 9],
			"to": [9, 6, 12],
			"faces": {
				"north": {"uv": [10, 0.75, 10.75, 1], "texture": "#0"},
				"east": {"uv": [10, 1, 10.75, 1.25], "texture": "#0"},
				"south": {"uv": [6, 10, 6.75, 10.25], "texture": "#0"},
				"west": {"uv": [10, 6.25, 10.75, 6.5], "texture": "#0"},
				"up": {"uv": [6.75, 7.25, 6, 6.5], "texture": "#0"},
				"down": {"uv": [0.75, 6.75, 0, 7.5], "texture": "#0"}
			}
		},
		{
			"from": [11, 0, 4],
			"to": [12, 7, 5],
			"faces": {
				"north": {"uv": [5, 7.75, 5.25, 9.5], "texture": "#0"},
				"east": {"uv": [5.25, 7.75, 5.5, 9.5], "texture": "#0"},
				"south": {"uv": [5.5, 7.75, 5.75, 9.5], "texture": "#0"},
				"west": {"uv": [5.75, 7.75, 6, 9.5], "texture": "#0"},
				"up": {"uv": [11, 8.75, 10.75, 8.5], "texture": "#0"},
				"down": {"uv": [11, 8.75, 10.75, 9], "texture": "#0"}
			}
		},
		{
			"from": [13, 4, 3],
			"to": [14, 7, 6],
			"faces": {
				"north": {"uv": [1.5, 10, 1.75, 10.75], "texture": "#0"},
				"east": {"uv": [6.75, 6.5, 7.5, 7.25], "texture": "#0"},
				"south": {"uv": [1.75, 10, 2, 10.75], "texture": "#0"},
				"west": {"uv": [0.75, 7, 1.5, 7.75], "texture": "#0"},
				"up": {"uv": [7, 10.75, 6.75, 10], "texture": "#0"},
				"down": {"uv": [10.25, 9.5, 10, 10.25], "texture": "#0"}
			}
		},
		{
			"from": [9, 4, 3],
			"to": [10, 7, 6],
			"faces": {
				"north": {"uv": [10.25, 0, 10.5, 0.75], "texture": "#0"},
				"east": {"uv": [1.5, 7, 2.25, 7.75], "texture": "#0"},
				"south": {"uv": [10.25, 1.75, 10.5, 2.5], "texture": "#0"},
				"west": {"uv": [7, 1.5, 7.75, 2.25], "texture": "#0"},
				"up": {"uv": [2.5, 11, 2.25, 10.25], "texture": "#0"},
				"down": {"uv": [2.75, 10.25, 2.5, 11], "texture": "#0"}
			}
		},
		{
			"from": [10, 4, 6],
			"to": [13, 7, 7],
			"faces": {
				"north": {"uv": [2.25, 7, 3, 7.75], "texture": "#0"},
				"east": {"uv": [10.25, 2.5, 10.5, 3.25], "texture": "#0"},
				"south": {"uv": [7, 2.25, 7.75, 3], "texture": "#0"},
				"west": {"uv": [10.25, 3.25, 10.5, 4], "texture": "#0"},
				"up": {"uv": [10.75, 6.75, 10, 6.5], "texture": "#0"},
				"down": {"uv": [10.75, 6.75, 10, 7], "texture": "#0"}
			}
		},
		{
			"from": [10, 4, 2],
			"to": [13, 7, 3],
			"faces": {
				"north": {"uv": [7, 3, 7.75, 3.75], "texture": "#0"},
				"east": {"uv": [10.25, 5.25, 10.5, 6], "texture": "#0"},
				"south": {"uv": [7, 3.75, 7.75, 4.5], "texture": "#0"},
				"west": {"uv": [6, 10.25, 6.25, 11], "texture": "#0"},
				"up": {"uv": [11, 4.25, 10.25, 4], "texture": "#0"},
				"down": {"uv": [11, 6, 10.25, 6.25], "texture": "#0"}
			}
		},
		{
			"from": [10, 7, 3],
			"to": [13, 8, 6],
			"faces": {
				"north": {"uv": [10.25, 9.5, 11, 9.75], "texture": "#0"},
				"east": {"uv": [9.75, 10.25, 10.5, 10.5], "texture": "#0"},
				"south": {"uv": [10.25, 9.75, 11, 10], "texture": "#0"},
				"west": {"uv": [10.25, 10, 11, 10.25], "texture": "#0"},
				"up": {"uv": [5.25, 7.75, 4.5, 7], "texture": "#0"},
				"down": {"uv": [7.75, 4.5, 7, 5.25], "texture": "#0"}
			}
		},
		{
			"from": [0, 7, 3],
			"to": [5, 8, 10],
			"faces": {
				"north": {"uv": [8.25, 4.25, 9.5, 4.5], "texture": "#0"},
				"east": {"uv": [7.75, 4.75, 9.5, 5], "texture": "#0"},
				"south": {"uv": [8.25, 7.5, 9.5, 7.75], "texture": "#0"},
				"west": {"uv": [7.75, 5, 9.5, 5.25], "texture": "#0"},
				"up": {"uv": [1.25, 1.75, 0, 0], "texture": "#0"},
				"down": {"uv": [2.5, 0, 1.25, 1.75], "texture": "#0"}
			}
		},
		{
			"from": [-1, 7, 4],
			"to": [0, 8, 9],
			"faces": {
				"north": {"uv": [9.75, 10.75, 10, 11], "texture": "#0"},
				"east": {"uv": [8, 8.25, 9.25, 8.5], "texture": "#0"},
				"south": {"uv": [10, 10.75, 10.25, 11], "texture": "#0"},
				"west": {"uv": [0.75, 8.5, 2, 8.75], "texture": "#0"},
				"up": {"uv": [2.25, 9.75, 2, 8.5], "texture": "#0"},
				"down": {"uv": [3.5, 8.5, 3.25, 9.75], "texture": "#0"}
			}
		},
		{
			"from": [5, 7, 4],
			"to": [6, 8, 9],
			"faces": {
				"north": {"uv": [10.25, 10.75, 10.5, 11], "texture": "#0"},
				"east": {"uv": [8.5, 6.25, 9.75, 6.5], "texture": "#0"},
				"south": {"uv": [10.75, 10.5, 11, 10.75], "texture": "#0"},
				"west": {"uv": [8.5, 6.5, 9.75, 6.75], "texture": "#0"},
				"up": {"uv": [3.75, 9.75, 3.5, 8.5], "texture": "#0"},
				"down": {"uv": [4, 8.5, 3.75, 9.75], "texture": "#0"}
			}
		},
		{
			"from": [2, 0, 6],
			"to": [3, 7, 7],
			"faces": {
				"north": {"uv": [7.5, 7.75, 7.75, 9.5], "texture": "#0"},
				"east": {"uv": [7.75, 7.75, 8, 9.5], "texture": "#0"},
				"south": {"uv": [8, 2.75, 8.25, 4.5], "texture": "#0"},
				"west": {"uv": [3, 8, 3.25, 9.75], "texture": "#0"},
				"up": {"uv": [11, 11, 10.75, 10.75], "texture": "#0"},
				"down": {"uv": [0.5, 11, 0.25, 11.25], "texture": "#0"}
			}
		},
		{
			"from": [10, 3, 9],
			"to": [15, 4, 16],
			"faces": {
				"north": {"uv": [8.5, 6.75, 9.75, 7], "texture": "#0"},
				"east": {"uv": [8, 4.5, 9.75, 4.75], "texture": "#0"},
				"south": {"uv": [8.5, 7, 9.75, 7.25], "texture": "#0"},
				"west": {"uv": [8, 7.75, 9.75, 8], "texture": "#0"},
				"up": {"uv": [1.25, 3.5, 0, 1.75], "texture": "#0"},
				"down": {"uv": [2.5, 1.75, 1.25, 3.5], "texture": "#0"}
			}
		},
		{
			"from": [9, 3, 12],
			"to": [10, 4, 15],
			"faces": {
				"north": {"uv": [0.5, 11, 0.75, 11.25], "texture": "#0"},
				"east": {"uv": [10.5, 0, 11.25, 0.25], "texture": "#0"},
				"south": {"uv": [0.75, 11, 1, 11.25], "texture": "#0"},
				"west": {"uv": [10.5, 0.25, 11.25, 0.5], "texture": "#0"},
				"up": {"uv": [6.5, 11, 6.25, 10.25], "texture": "#0"},
				"down": {"uv": [6.75, 10.25, 6.5, 11], "texture": "#0"}
			}
		},
		{
			"from": [15, 3, 10],
			"to": [16, 4, 15],
			"faces": {
				"north": {"uv": [11, 1, 11.25, 1.25], "texture": "#0"},
				"east": {"uv": [8.5, 7.25, 9.75, 7.5], "texture": "#0"},
				"south": {"uv": [1.25, 11, 1.5, 11.25], "texture": "#0"},
				"west": {"uv": [8, 8.5, 9.25, 8.75], "texture": "#0"},
				"up": {"uv": [4.25, 9.75, 4, 8.5], "texture": "#0"},
				"down": {"uv": [6.25, 8.5, 6, 9.75], "texture": "#0"}
			}
		},
		{
			"from": [12, 0, 12],
			"to": [13, 3, 13],
			"faces": {
				"north": {"uv": [10.5, 1.75, 10.75, 2.5], "texture": "#0"},
				"east": {"uv": [10.5, 2.5, 10.75, 3.25], "texture": "#0"},
				"south": {"uv": [10.5, 3.25, 10.75, 4], "texture": "#0"},
				"west": {"uv": [4.25, 10.5, 4.5, 11.25], "texture": "#0"},
				"up": {"uv": [11.25, 1.5, 11, 1.25], "texture": "#0"},
				"down": {"uv": [1.75, 11, 1.5, 11.25], "texture": "#0"}
			}
		},
		{
			"from": [-2, -5, 7],
			"to": [4, -4, 12],
			"faces": {
				"north": {"uv": [8.25, 0.25, 9.75, 0.5], "texture": "#0"},
				"east": {"uv": [0, 8.75, 1.25, 9], "texture": "#0"},
				"south": {"uv": [8.25, 0.5, 9.75, 0.75], "texture": "#0"},
				"west": {"uv": [8, 8.75, 9.25, 9], "texture": "#0"},
				"up": {"uv": [4, 1.25, 2.5, 0], "texture": "#0"},
				"down": {"uv": [4, 1.25, 2.5, 2.5], "texture": "#0"}
			}
		},
		{
			"from": [12, -8, 7.25],
			"to": [16.75, -7, 11.75],
			"faces": {
				"north": {"uv": [9.5, 4.25, 10.6875, 4.5], "texture": "#0"},
				"east": {"uv": [9.5, 5, 10.625, 5.25], "texture": "#0"},
				"south": {"uv": [9.5, 4.75, 10.6875, 5], "texture": "#0"},
				"west": {"uv": [7.5, 9.5, 8.625, 9.75], "texture": "#0"},
				"up": {"uv": [6.1875, 1.125, 5, 0], "texture": "#0"},
				"down": {"uv": [2.1875, 5, 1, 6.125], "texture": "#0"}
			}
		},
		{
			"from": [12, -7, 7],
			"to": [18, -6, 12],
			"faces": {
				"north": {"uv": [8.25, 0.75, 9.75, 1], "texture": "#0"},
				"east": {"uv": [0, 9, 1.25, 9.25], "texture": "#0"},
				"south": {"uv": [8.25, 1, 9.75, 1.25], "texture": "#0"},
				"west": {"uv": [9, 1.75, 10.25, 2], "texture": "#0"},
				"up": {"uv": [4, 3.75, 2.5, 2.5], "texture": "#0"},
				"down": {"uv": [1.5, 3.5, 0, 4.75], "texture": "#0"}
			}
		},
		{
			"from": [12, -7, 12],
			"to": [17, -6, 13],
			"faces": {
				"north": {"uv": [9, 2, 10.25, 2.25], "texture": "#0"},
				"east": {"uv": [11, 1.5, 11.25, 1.75], "texture": "#0"},
				"south": {"uv": [9, 2.25, 10.25, 2.5], "texture": "#0"},
				"west": {"uv": [1.75, 11, 2, 11.25], "texture": "#0"},
				"up": {"uv": [10.25, 2.75, 9, 2.5], "texture": "#0"},
				"down": {"uv": [10.25, 2.75, 9, 3], "texture": "#0"}
			}
		},
		{
			"from": [12, -7, 6],
			"to": [17, -6, 7],
			"faces": {
				"north": {"uv": [9, 3, 10.25, 3.25], "texture": "#0"},
				"east": {"uv": [11, 2, 11.25, 2.25], "texture": "#0"},
				"south": {"uv": [9, 3.25, 10.25, 3.5], "texture": "#0"},
				"west": {"uv": [2.25, 11, 2.5, 11.25], "texture": "#0"},
				"up": {"uv": [10.25, 3.75, 9, 3.5], "texture": "#0"},
				"down": {"uv": [10.25, 3.75, 9, 4], "texture": "#0"}
			}
		},
		{
			"from": [0, -6, 6.5],
			"to": [4, -5, 12.5],
			"faces": {
				"north": {"uv": [1.5, 3.5, 2.5, 3.75], "texture": "#0"},
				"east": {"uv": [8.25, 1.25, 9.75, 1.5], "texture": "#0"},
				"south": {"uv": [9.5, 7.5, 10.5, 7.75], "texture": "#0"},
				"west": {"uv": [8.25, 1.5, 9.75, 1.75], "texture": "#0"},
				"up": {"uv": [5, 5, 4, 3.5], "texture": "#0"},
				"down": {"uv": [1, 4.75, 0, 6.25], "texture": "#0"}
			}
		},
		{
			"from": [-0.5, -9, 0.5],
			"to": [1, -8, 5.5],
			"faces": {
				"north": {"uv": [10.75, 5.75, 11.125, 6], "texture": "#0"},
				"east": {"uv": [9, 4, 10.25, 4.25], "texture": "#0"},
				"south": {"uv": [10.75, 6.75, 11.125, 7], "texture": "#0"},
				"west": {"uv": [9, 5.25, 10.25, 5.5], "texture": "#0"},
				"up": {"uv": [8.125, 2.75, 7.75, 1.5], "texture": "#0"},
				"down": {"uv": [2.625, 7.75, 2.25, 9], "texture": "#0"}
			}
		},
		{
			"from": [1, -9, -0.5],
			"to": [4.6, -8, 6.5],
			"faces": {
				"north": {"uv": [9.75, 1.25, 10.625, 1.5], "texture": "#0"},
				"east": {"uv": [8, 8, 9.75, 8.25], "texture": "#0"},
				"south": {"uv": [9.75, 1.5, 10.625, 1.75], "texture": "#0"},
				"west": {"uv": [8.25, 0, 10, 0.25], "texture": "#0"},
				"up": {"uv": [4.875, 1.75, 4, 0], "texture": "#0"},
				"down": {"uv": [4.875, 1.75, 4, 3.5], "texture": "#0"}
			}
		},
		{
			"from": [0.6, -10, 0.75],
			"to": [4, -9, 5.25],
			"faces": {
				"north": {"uv": [3.25, 8, 4.125, 8.5], "texture": "#0"},
				"east": {"uv": [7, 5.25, 8.125, 5.75], "texture": "#0"},
				"south": {"uv": [6, 8, 6.875, 8.5], "texture": "#0"},
				"west": {"uv": [7, 5.75, 8.125, 6.25], "texture": "#0"},
				"up": {"uv": [4.375, 7.125, 3.5, 6], "texture": "#0"},
				"down": {"uv": [6.875, 5.25, 6, 6.375], "texture": "#0"}
			}
		},
		{
			"from": [-1.25, -6, 7.75],
			"to": [0, -5, 11],
			"faces": {
				"north": {"uv": [8, 10.75, 8.3125, 11], "texture": "#0"},
				"east": {"uv": [9.75, 4.5, 10.5625, 4.75], "texture": "#0"},
				"south": {"uv": [10.75, 8.25, 11.0625, 8.5], "texture": "#0"},
				"west": {"uv": [6, 9.75, 6.8125, 10], "texture": "#0"},
				"up": {"uv": [5.5625, 10.3125, 5.25, 9.5], "texture": "#0"},
				"down": {"uv": [9.0625, 9.5, 8.75, 10.3125], "texture": "#0"}
			}
		},
		{
			"from": [-1, -5, 5],
			"to": [4, -4, 7],
			"faces": {
				"north": {"uv": [9, 5.5, 10.25, 5.75], "texture": "#0"},
				"east": {"uv": [1, 4.75, 1.5, 5], "texture": "#0"},
				"south": {"uv": [9, 5.75, 10.25, 6], "texture": "#0"},
				"west": {"uv": [0.75, 6.75, 1.25, 7], "texture": "#0"},
				"up": {"uv": [1.25, 6.75, 0, 6.25], "texture": "#0"},
				"down": {"uv": [7.5, 0, 6.25, 0.5], "texture": "#0"}
			}
		},
		{
			"from": [-1, -5, 12],
			"to": [4, -4, 14],
			"faces": {
				"north": {"uv": [9, 6, 10.25, 6.25], "texture": "#0"},
				"east": {"uv": [3, 7, 3.5, 7.25], "texture": "#0"},
				"south": {"uv": [8, 9, 9.25, 9.25], "texture": "#0"},
				"west": {"uv": [7, 6.25, 7.5, 6.5], "texture": "#0"},
				"up": {"uv": [7.5, 1, 6.25, 0.5], "texture": "#0"},
				"down": {"uv": [7.5, 1, 6.25, 1.5], "texture": "#0"}
			}
		},
		{
			"from": [-0.57403, -7.11418, 2.3],
			"to": [0.42597, -2.11418, 3.3],
			"rotation": {"angle": 45, "axis": "z", "origin": [-0.07403, -4.11418, 2.8]},
			"faces": {
				"north": {"uv": [5.75, 9.5, 6, 10.5], "texture": "#0"},
				"east": {"uv": [9.25, 9.5, 9.5, 10.5], "texture": "#0"},
				"south": {"uv": [9.5, 9.5, 9.75, 10.5], "texture": "#0"},
				"west": {"uv": [0, 9.75, 0.25, 10.75], "texture": "#0"},
				"up": {"uv": [11.25, 2.5, 11, 2.25], "texture": "#0"},
				"down": {"uv": [2.75, 11, 2.5, 11.25], "texture": "#0"}
			}
		},
		{
			"from": [-2.65245, -3.28575, 2.3],
			"to": [-1.65245, -1.28575, 3.3],
			"rotation": {"angle": 22.5, "axis": "z", "origin": [-2.90245, -1.28575, 2.8]},
			"faces": {
				"north": {"uv": [10.75, 3.5, 11, 4], "texture": "#0"},
				"east": {"uv": [4, 10.75, 4.25, 11.25], "texture": "#0"},
				"south": {"uv": [10.75, 4.25, 11, 4.75], "texture": "#0"},
				"west": {"uv": [10.75, 4.75, 11, 5.25], "texture": "#0"},
				"up": {"uv": [11.25, 2.75, 11, 2.5], "texture": "#0"},
				"down": {"uv": [11.25, 2.75, 11, 3], "texture": "#0"}
			}
		},
		{
			"from": [-2.69223, -1.17486, 2.3],
			"to": [-1.69223, 1.92514, 3.3],
			"rotation": {"angle": 0, "axis": "z", "origin": [-2.59223, -0.07486, 2.8]},
			"faces": {
				"north": {"uv": [4.5, 10.5, 4.75, 11.25], "texture": "#0"},
				"east": {"uv": [4.75, 10.5, 5, 11.25], "texture": "#0"},
				"south": {"uv": [5.25, 10.5, 5.5, 11.25], "texture": "#0"},
				"west": {"uv": [10.5, 5.25, 10.75, 6], "texture": "#0"},
				"up": {"uv": [11.25, 3.25, 11, 3], "texture": "#0"},
				"down": {"uv": [11.25, 3.25, 11, 3.5], "texture": "#0"}
			}
		},
		{
			"from": [-3.69223, 1.82514, 1.3],
			"to": [-0.69223, 2.92514, 4.3],
			"rotation": {"angle": 0, "axis": "z", "origin": [-2.59223, -0.07486, 2.8]},
			"faces": {
				"north": {"uv": [10.5, 0.5, 11.25, 0.75], "texture": "#0"},
				"east": {"uv": [7, 10.5, 7.75, 10.75], "texture": "#0"},
				"south": {"uv": [10.5, 7, 11.25, 7.25], "texture": "#0"},
				"west": {"uv": [10.5, 7.25, 11.25, 7.5], "texture": "#0"},
				"up": {"uv": [6, 7.75, 5.25, 7], "texture": "#0"},
				"down": {"uv": [3.75, 7.25, 3, 8], "texture": "#0"}
			}
		},
		{
			"from": [-3.69223, -0.17486, 0.3],
			"to": [-0.69223, 1.92514, 1.3],
			"rotation": {"angle": 0, "axis": "z", "origin": [-2.59223, -0.07486, 2.8]},
			"faces": {
				"north": {"uv": [0, 8.25, 0.75, 8.75], "texture": "#0"},
				"east": {"uv": [5, 10.75, 5.25, 11.25], "texture": "#0"},
				"south": {"uv": [8.25, 1.75, 9, 2.25], "texture": "#0"},
				"west": {"uv": [10.75, 5.25, 11, 5.75], "texture": "#0"},
				"up": {"uv": [11.25, 7.75, 10.5, 7.5], "texture": "#0"},
				"down": {"uv": [8.5, 10.5, 7.75, 10.75], "texture": "#0"}
			}
		},
		{
			"from": [-3.69223, -0.17486, 4.3],
			"to": [-0.69223, 1.92514, 5.3],
			"rotation": {"angle": 0, "axis": "z", "origin": [-2.59223, -0.07486, 2.8]},
			"faces": {
				"north": {"uv": [8.25, 2.25, 9, 2.75], "texture": "#0"},
				"east": {"uv": [10.75, 6.25, 11, 6.75], "texture": "#0"},
				"south": {"uv": [8.25, 2.75, 9, 3.25], "texture": "#0"},
				"west": {"uv": [6.75, 10.75, 7, 11.25], "texture": "#0"},
				"up": {"uv": [11.25, 8, 10.5, 7.75], "texture": "#0"},
				"down": {"uv": [11.25, 8, 10.5, 8.25], "texture": "#0"}
			}
		},
		{
			"from": [-0.69223, -0.17486, 1.3],
			"to": [0.30777, 1.92514, 4.3],
			"rotation": {"angle": 0, "axis": "z", "origin": [-2.59223, -0.07486, 2.8]},
			"faces": {
				"north": {"uv": [7, 10.75, 7.25, 11.25], "texture": "#0"},
				"east": {"uv": [8.25, 3.25, 9, 3.75], "texture": "#0"},
				"south": {"uv": [7.25, 10.75, 7.5, 11.25], "texture": "#0"},
				"west": {"uv": [8.25, 3.75, 9, 4.25], "texture": "#0"},
				"up": {"uv": [5.75, 11.25, 5.5, 10.5], "texture": "#0"},
				"down": {"uv": [6, 10.5, 5.75, 11.25], "texture": "#0"}
			}
		},
		{
			"from": [-4.69223, -0.17486, 1.3],
			"to": [-3.69223, 1.92514, 4.3],
			"rotation": {"angle": 0, "axis": "z", "origin": [-2.59223, -0.07486, 2.8]},
			"faces": {
				"north": {"uv": [7.5, 10.75, 7.75, 11.25], "texture": "#0"},
				"east": {"uv": [8.25, 5.25, 9, 5.75], "texture": "#0"},
				"south": {"uv": [7.75, 10.75, 8, 11.25], "texture": "#0"},
				"west": {"uv": [8.25, 5.75, 9, 6.25], "texture": "#0"},
				"up": {"uv": [10.75, 9, 10.5, 8.25], "texture": "#0"},
				"down": {"uv": [8.75, 10.5, 8.5, 11.25], "texture": "#0"}
			}
		},
		{
			"from": [15.42597, -6.11418, 10.3],
			"to": [16.42597, -1.11418, 11.3],
			"rotation": {"angle": -45, "axis": "z", "origin": [15.92597, -3.11418, 10.8]},
			"faces": {
				"north": {"uv": [6.25, 8.5, 6.5, 9.75], "texture": "#0"},
				"east": {"uv": [6.5, 8.5, 6.75, 9.75], "texture": "#0"},
				"south": {"uv": [6.75, 8.5, 7, 9.75], "texture": "#0"},
				"west": {"uv": [1.25, 8.75, 1.5, 10], "texture": "#0"},
				"up": {"uv": [11.25, 3.75, 11, 3.5], "texture": "#0"},
				"down": {"uv": [11.25, 3.75, 11, 4], "texture": "#0"}
			}
		},
		{
			"from": [17.24331, -2.07857, 10.3],
			"to": [18.24331, 0.92143, 11.3],
			"rotation": {"angle": -22.5, "axis": "z", "origin": [17.74331, -0.57857, 10.8]},
			"faces": {
				"north": {"uv": [8.75, 10.5, 9, 11.25], "texture": "#0"},
				"east": {"uv": [9, 10.5, 9.25, 11.25], "texture": "#0"},
				"south": {"uv": [9.25, 10.5, 9.5, 11.25], "texture": "#0"},
				"west": {"uv": [9.5, 10.5, 9.75, 11.25], "texture": "#0"},
				"up": {"uv": [11.25, 4.25, 11, 4], "texture": "#0"},
				"down": {"uv": [11.25, 4.25, 11, 4.5], "texture": "#0"}
			}
		},
		{
			"from": [17.74331, 0.62143, 10.3],
			"to": [18.74331, 5.62143, 11.3],
			"rotation": {"angle": 0, "axis": "z", "origin": [17.74331, -0.57857, 10.8]},
			"faces": {
				"north": {"uv": [1.5, 8.75, 1.75, 10], "texture": "#0"},
				"east": {"uv": [1.75, 8.75, 2, 10], "texture": "#0"},
				"south": {"uv": [2.25, 9, 2.5, 10.25], "texture": "#0"},
				"west": {"uv": [2.5, 9, 2.75, 10.25], "texture": "#0"},
				"up": {"uv": [11.25, 4.75, 11, 4.5], "texture": "#0"},
				"down": {"uv": [11.25, 4.75, 11, 5], "texture": "#0"}
			}
		},
		{
			"from": [16.74331, 5.62143, 9.3],
			"to": [19.74331, 6.62143, 12.3],
			"rotation": {"angle": 0, "axis": "z", "origin": [17.74331, -0.57857, 10.8]},
			"faces": {
				"north": {"uv": [10.5, 9, 11.25, 9.25], "texture": "#0"},
				"east": {"uv": [10.5, 9.25, 11.25, 9.5], "texture": "#0"},
				"south": {"uv": [9.75, 10.5, 10.5, 10.75], "texture": "#0"},
				"west": {"uv": [10.5, 10.25, 11.25, 10.5], "texture": "#0"},
				"up": {"uv": [4.5, 8, 3.75, 7.25], "texture": "#0"},
				"down": {"uv": [6.75, 7.25, 6, 8], "texture": "#0"}
			}
		},
		{
			"from": [16.74331, 2.62143, 12.3],
			"to": [19.74331, 5.62143, 13.3],
			"rotation": {"angle": 0, "axis": "z", "origin": [17.74331, -0.57857, 10.8]},
			"faces": {
				"north": {"uv": [6.75, 7.25, 7.5, 8], "texture": "#0"},
				"east": {"uv": [10.5, 10.5, 10.75, 11.25], "texture": "#0"},
				"south": {"uv": [0, 7.5, 0.75, 8.25], "texture": "#0"},
				"west": {"uv": [0, 10.75, 0.25, 11.5], "texture": "#0"},
				"up": {"uv": [1, 11, 0.25, 10.75], "texture": "#0"},
				"down": {"uv": [11.5, 0.75, 10.75, 1], "texture": "#0"}
			}
		},
		{
			"from": [16.74331, 2.62143, 8.3],
			"to": [19.74331, 5.62143, 9.3],
			"rotation": {"angle": 0, "axis": "z", "origin": [17.74331, -0.57857, 10.8]},
			"faces": {
				"north": {"uv": [7.5, 0, 8.25, 0.75], "texture": "#0"},
				"east": {"uv": [1, 10.75, 1.25, 11.5], "texture": "#0"},
				"south": {"uv": [7.5, 0.75, 8.25, 1.5], "texture": "#0"},
				"west": {"uv": [10.75, 1, 11, 1.75], "texture": "#0"},
				"up": {"uv": [2, 11, 1.25, 10.75], "texture": "#0"},
				"down": {"uv": [11.5, 1.75, 10.75, 2], "texture": "#0"}
			}
		},
		{
			"from": [15.74331, 2.62143, 9.3],
			"to": [16.74331, 5.62143, 12.3],
			"rotation": {"angle": 0, "axis": "z", "origin": [17.74331, -0.57857, 10.8]},
			"faces": {
				"north": {"uv": [2, 10.75, 2.25, 11.5], "texture": "#0"},
				"east": {"uv": [7.5, 6.25, 8.25, 7], "texture": "#0"},
				"south": {"uv": [10.75, 2, 11, 2.75], "texture": "#0"},
				"west": {"uv": [7.5, 7, 8.25, 7.75], "texture": "#0"},
				"up": {"uv": [3, 11.5, 2.75, 10.75], "texture": "#0"},
				"down": {"uv": [11, 2.75, 10.75, 3.5], "texture": "#0"}
			}
		},
		{
			"from": [19.74331, 2.62143, 9.3],
			"to": [20.74331, 5.62143, 12.3],
			"rotation": {"angle": 0, "axis": "z", "origin": [17.74331, -0.57857, 10.8]},
			"faces": {
				"north": {"uv": [3, 10.75, 3.25, 11.5], "texture": "#0"},
				"east": {"uv": [0.75, 7.75, 1.5, 8.5], "texture": "#0"},
				"south": {"uv": [3.25, 10.75, 3.5, 11.5], "texture": "#0"},
				"west": {"uv": [1.5, 7.75, 2.25, 8.5], "texture": "#0"},
				"up": {"uv": [3.75, 11.5, 3.5, 10.75], "texture": "#0"},
				"down": {"uv": [4, 10.75, 3.75, 11.5], "texture": "#0"}
			}
		},
		{
			"from": [11, -6.5, 3.5],
			"to": [16, -2.5, 4.5],
			"faces": {
				"north": {"uv": [5, 1.25, 6.25, 2.25], "texture": "#0"},
				"east": {"uv": [0.25, 9.75, 0.5, 10.75], "texture": "#0"},
				"south": {"uv": [2.25, 5, 3.5, 6], "texture": "#0"},
				"west": {"uv": [9.75, 0.25, 10, 1.25], "texture": "#0"},
				"up": {"uv": [1.25, 9.5, 0, 9.25], "texture": "#0"},
				"down": {"uv": [9.25, 9.25, 8, 9.5], "texture": "#0"}
			}
		},
		{
			"from": [11, -6.5, -2.5],
			"to": [16, -2.5, -1.5],
			"faces": {
				"north": {"uv": [5, 2.25, 6.25, 3.25], "texture": "#0"},
				"east": {"uv": [0.5, 9.75, 0.75, 10.75], "texture": "#0"},
				"south": {"uv": [5, 3.25, 6.25, 4.25], "texture": "#0"},
				"west": {"uv": [0.75, 9.75, 1, 10.75], "texture": "#0"},
				"up": {"uv": [10.5, 8.5, 9.25, 8.25], "texture": "#0"},
				"down": {"uv": [10.5, 8.5, 9.25, 8.75], "texture": "#0"}
			}
		},
		{
			"from": [11, -2.5, -1.5],
			"to": [16, -1.5, 3.5],
			"faces": {
				"north": {"uv": [9.25, 8.75, 10.5, 9], "texture": "#0"},
				"east": {"uv": [9.25, 9, 10.5, 9.25], "texture": "#0"},
				"south": {"uv": [9.25, 9.25, 10.5, 9.5], "texture": "#0"},
				"west": {"uv": [0, 9.5, 1.25, 9.75], "texture": "#0"},
				"up": {"uv": [2.75, 5, 1.5, 3.75], "texture": "#0"},
				"down": {"uv": [4, 3.75, 2.75, 5], "texture": "#0"}
			}
		},
		{
			"from": [13, -9, 0.5],
			"to": [14, -2, 1.5],
			"faces": {
				"north": {"uv": [2.75, 7.75, 3, 9.625], "texture": "#0"},
				"east": {"uv": [7.75, 2.75, 8, 4.625], "texture": "#0"},
				"south": {"uv": [4.5, 7.75, 4.75, 9.625], "texture": "#0"},
				"west": {"uv": [4.75, 7.75, 5, 9.625], "texture": "#0"},
				"up": {"uv": [11.25, 5.25, 11, 5], "texture": "#0"},
				"down": {"uv": [11.25, 5.25, 11, 5.5], "texture": "#0"}
			}
		},
		{
			"from": [13, -12.5, 0.5],
			"to": [14, -8.7, 1.5],
			"rotation": {"angle": -22.5, "axis": "x", "origin": [13.5, -8.75, 1]},
			"faces": {
				"north": {"uv": [3.25, 9.75, 3.5, 10.6875], "texture": "#0"},
				"east": {"uv": [3.5, 9.75, 3.75, 10.6875], "texture": "#0"},
				"south": {"uv": [3.75, 9.75, 4, 10.6875], "texture": "#0"},
				"west": {"uv": [4, 9.75, 4.25, 10.6875], "texture": "#0"},
				"up": {"uv": [11.25, 5.75, 11, 5.5], "texture": "#0"},
				"down": {"uv": [6.25, 11, 6, 11.25], "texture": "#0"}
			}
		},
		{
			"from": [10, -6.5, -1.5],
			"to": [11, -2.5, 3.5],
			"faces": {
				"north": {"uv": [1, 9.75, 1.25, 10.75], "texture": "#0"},
				"east": {"uv": [3.5, 5, 4.75, 6], "texture": "#0"},
				"south": {"uv": [2, 9.75, 2.25, 10.75], "texture": "#0"},
				"west": {"uv": [5, 4.25, 6.25, 5.25], "texture": "#0"},
				"up": {"uv": [4.5, 10.5, 4.25, 9.25], "texture": "#0"},
				"down": {"uv": [7.25, 9.25, 7, 10.5], "texture": "#0"}
			}
		},
		{
			"from": [16, -6.5, -1.5],
			"to": [17, -2.5, 3.5],
			"faces": {
				"north": {"uv": [2.75, 9.75, 3, 10.75], "texture": "#0"},
				"east": {"uv": [4.75, 5.25, 6, 6.25], "texture": "#0"},
				"south": {"uv": [3, 9.75, 3.25, 10.75], "texture": "#0"},
				"west": {"uv": [2.25, 6, 3.5, 7], "texture": "#0"},
				"up": {"uv": [7.5, 10.5, 7.25, 9.25], "texture": "#0"},
				"down": {"uv": [5.25, 9.5, 5, 10.75], "texture": "#0"}
			}
		}
	],
	"display": {
		"thirdperson_righthand": {
			"translation": [0, 2.5, 1.25],
			"scale": [0.3, 0.3, 0.3]
		},
		"thirdperson_lefthand": {
			"translation": [0, 2.75, 1.5],
			"scale": [0.3, 0.3, 0.3]
		},
		"firstperson_righthand": {
			"translation": [-0.25, 3.75, 0],
			"scale": [0, 0, 0]
		},
		"firstperson_lefthand": {
			"translation": [3, 1.5, 0],
			"scale": [0, 0, 0]
		},
		"ground": {
			"translation": [0, 3, 1],
			"scale": [0.3, 0.3, 0.3]
		},
		"gui": {
			"rotation": [0, 12.5, 0],
			"translation": [0.5, 5.5, 0],
			"scale": [0.6, 0.6, 0.6]
		},
		"head": {
			"rotation": [0, -180, 0],
			"translation": [0, 14, 0]
		},
		"fixed": {
			"rotation": [-22, 0, 0],
			"translation": [-0.25, 7.75, -4],
			"scale": [0.8, 0.8, 0.8]
		}
	},
	"groups": [
		{
			"name": "group",
			"origin": [8, 8, 8],
			"color": 0,
			"children": [
				{
					"name": "group",
					"origin": [8, 8, 8],
					"color": 0,
					"children": [0, 1, 2, 3, 4, 5]
				},
				{
					"name": "group",
					"origin": [8, 8, 8],
					"color": 0,
					"children": [6, 7, 8, 9, 10, 11]
				},
				{
					"name": "group",
					"origin": [0, 0, 0],
					"color": 0,
					"children": [12, 13, 14, 15]
				},
				{
					"name": "group",
					"origin": [0, 0, 0],
					"color": 0,
					"children": [16, 17, 18, 19]
				},
				{
					"name": "group",
					"origin": [8, 8, 8],
					"color": 0,
					"children": [20, 21, 22, 23, 24, 25, 26, 27, 28, 29, 30, 31]
				},
				{
					"name": "group",
					"origin": [8, 8, 8],
					"color": 0,
					"children": [
						32,
						33,
						34,
						35,
						36,
						37,
						38,
						39,
						{
							"name": "group",
							"origin": [8, 8, 8],
							"color": 0,
							"children": [40, 41, 42, 43, 44, 45, 46, 47]
						}
					]
				},
				{
					"name": "group",
					"origin": [8, 8, 8],
					"color": 0,
					"children": [48, 49, 50, 51, 52, 53, 54]
				}
			]
		}
	]
}