{
	"credit": "Made with Blockbench",
	"texture_size": [32, 32],
	"textures": {
		"0": "item/soot_sprite",
		"particle": "item/soot_sprite"
	},
	"elements": [
		{
			"from": [8.75, 4.75, 5.25],
			"to": [9.75, 5.05, 5.5],
			"rotation": {"angle": 0, "axis": "y", "origin": [16, 0, 0]},
			"faces": {
				"north": {"uv": [0.5, 13.5, 2, 14], "texture": "#0"},
				"east": {"uv": [0.5, 13.5, 1, 14], "texture": "#0"},
				"south": {"uv": [0.5, 13.5, 2, 14], "texture": "#0"},
				"west": {"uv": [1.5, 13.5, 2, 14], "texture": "#0"},
				"up": {"uv": [0.5, 13.5, 2, 14], "texture": "#0"},
				"down": {"uv": [0.5, 13.5, 2, 14], "texture": "#0"}
			}
		},
		{
			"from": [8.75, 3.575, 5.25],
			"to": [9.75, 3.875, 5.5],
			"rotation": {"angle": 0, "axis": "y", "origin": [16, 0, 0]},
			"faces": {
				"north": {"uv": [0.5, 15.5, 2, 16], "texture": "#0"},
				"east": {"uv": [0.5, 15.5, 1, 16], "texture": "#0"},
				"south": {"uv": [0.5, 15.5, 2, 16], "texture": "#0"},
				"west": {"uv": [1.5, 15.5, 2, 16], "texture": "#0"},
				"up": {"uv": [0.5, 15.5, 2, 16], "texture": "#0"},
				"down": {"uv": [0.5, 15.5, 2, 16], "texture": "#0"}
			}
		},
		{
			"from": [8.75, 3.825, 5.5],
			"to": [9.75, 4.75, 5.75],
			"rotation": {"angle": 0, "axis": "y", "origin": [16, 0, 0]},
			"faces": {
				"north": {"uv": [0.5, 15.5, 2, 16], "texture": "#0"},
				"east": {"uv": [0.5, 15.5, 1, 16], "texture": "#0"},
				"south": {"uv": [0.5, 15.5, 2, 16], "texture": "#0"},
				"west": {"uv": [1.5, 15.5, 2, 16], "texture": "#0"},
				"up": {"uv": [0.5, 15.5, 2, 16], "texture": "#0"},
				"down": {"uv": [0.5, 15.5, 2, 16], "texture": "#0"}
			}
		},
		{
			"from": [8.5, 3.875, 5.25],
			"to": [10, 4.75, 5.5],
			"rotation": {"angle": 0, "axis": "y", "origin": [16, 0, 0]},
			"faces": {
				"north": {"uv": [0, 14, 2.5, 15.5], "texture": "#0"},
				"east": {"uv": [0, 14, 0.5, 15.5], "texture": "#0"},
				"south": {"uv": [0, 14, 2.5, 15.5], "texture": "#0"},
				"west": {"uv": [2, 14, 2.5, 15.5], "texture": "#0"},
				"up": {"uv": [0, 14, 2.5, 14.5], "texture": "#0"},
				"down": {"uv": [0, 15, 2.5, 15.5], "texture": "#0"}
			}
		},
		{
			"from": [6.25, 3.575, 5.25],
			"to": [7.25, 3.875, 5.5],
			"faces": {
				"north": {"uv": [2, 15.5, 0.5, 16], "texture": "#0"},
				"east": {"uv": [2, 15.5, 1.5, 16], "texture": "#0"},
				"south": {"uv": [2, 15.5, 0.5, 16], "texture": "#0"},
				"west": {"uv": [1, 15.5, 0.5, 16], "texture": "#0"},
				"up": {"uv": [2, 15.5, 0.5, 16], "texture": "#0"},
				"down": {"uv": [2, 15.5, 0.5, 16], "texture": "#0"}
			}
		},
		{
			"from": [6, 3.875, 5.25],
			"to": [7.5, 4.75, 5.5],
			"faces": {
				"north": {"uv": [2.5, 14, 0, 15.5], "texture": "#0"},
				"east": {"uv": [2.5, 14, 2, 15.5], "texture": "#0"},
				"south": {"uv": [2.5, 14, 0, 15.5], "texture": "#0"},
				"west": {"uv": [0.5, 14, 0, 15.5], "texture": "#0"},
				"up": {"uv": [2.5, 14, 0, 14.5], "texture": "#0"},
				"down": {"uv": [2.5, 15, 0, 15.5], "texture": "#0"}
			}
		},
		{
			"from": [6.25, 4.75, 5.25],
			"to": [7.25, 5.05, 5.5],
			"faces": {
				"north": {"uv": [2, 13.5, 0.5, 14], "texture": "#0"},
				"east": {"uv": [2, 13.5, 1.5, 14], "texture": "#0"},
				"south": {"uv": [2, 13.5, 0.5, 14], "texture": "#0"},
				"west": {"uv": [1, 13.5, 0.5, 14], "texture": "#0"},
				"up": {"uv": [2, 13.5, 0.5, 14], "texture": "#0"},
				"down": {"uv": [2, 13.5, 0.5, 14], "texture": "#0"}
			}
		},
		{
			"from": [6.25, 3.825, 5.5],
			"to": [7.25, 4.75, 5.75],
			"faces": {
				"north": {"uv": [2, 15.5, 0.5, 16], "texture": "#0"},
				"east": {"uv": [2, 15.5, 1.5, 16], "texture": "#0"},
				"south": {"uv": [2, 15.5, 0.5, 16], "texture": "#0"},
				"west": {"uv": [1, 15.5, 0.5, 16], "texture": "#0"},
				"up": {"uv": [2, 15.5, 0.5, 16], "texture": "#0"},
				"down": {"uv": [2, 15.5, 0.5, 16], "texture": "#0"}
			}
		},
		{
			"from": [8, 0, 4],
			"to": [8, 8, 12],
			"rotation": {"angle": 22.5, "axis": "y", "origin": [8, 4, 8]},
			"faces": {
				"east": {"uv": [8, 0, 16, 8], "texture": "#0"},
				"west": {"uv": [16, 0, 8, 8], "texture": "#0"}
			}
		},
		{
			"from": [8, 0, 4],
			"to": [8, 8, 12],
			"rotation": {"angle": 0, "axis": "y", "origin": [7, 4, 4.75]},
			"faces": {
				"east": {"uv": [8, 0, 16, 8], "texture": "#0"},
				"west": {"uv": [8, 0, 16, 8], "rotation": 180, "texture": "#0"}
			}
		},
		{
			"from": [4, 4, 4],
			"to": [12, 4, 12],
			"rotation": {"angle": 0, "axis": "y", "origin": [8, 7, 4.75]},
			"faces": {
				"up": {"uv": [8, 0, 16, 8], "rotation": 270, "texture": "#0"},
				"down": {"uv": [8, 0, 16, 8], "rotation": 90, "texture": "#0"}
			}
		},
		{
			"from": [4, 4, 4],
			"to": [12, 4, 12],
			"rotation": {"angle": -22.5, "axis": "x", "origin": [8, 4, 8]},
			"faces": {
				"up": {"uv": [0, 0, 8, 8], "rotation": 270, "texture": "#0"},
				"down": {"uv": [0, 0, 8, 8], "rotation": 270, "texture": "#0"}
			}
		},
		{
			"from": [4, 4, 4],
			"to": [12, 4, 12],
			"rotation": {"angle": -45, "axis": "x", "origin": [8, 4, 8]},
			"faces": {
				"up": {"uv": [0, 0, 8, 8], "rotation": 270, "texture": "#0"},
				"down": {"uv": [0, 0, 8, 8], "rotation": 270, "texture": "#0"}
			}
		},
		{
			"from": [4, 0, 8],
			"to": [12, 8, 8],
			"rotation": {"angle": 22.5, "axis": "x", "origin": [8, 4, 8]},
			"faces": {
				"north": {"uv": [0, 0, 8, 8], "rotation": 270, "texture": "#0"},
				"south": {"uv": [0, 0, 8, 8], "rotation": 270, "texture": "#0"}
			}
		},
		{
			"from": [4, 0, 8],
			"to": [12, 8, 8],
			"rotation": {"angle": -22.5, "axis": "x", "origin": [8, 4, 8]},
			"faces": {
				"north": {"uv": [0, 0, 8, 8], "rotation": 270, "texture": "#0"},
				"south": {"uv": [0, 0, 8, 8], "rotation": 270, "texture": "#0"}
			}
		},
		{
			"from": [4, 0, 8],
			"to": [12, 8, 8],
			"rotation": {"angle": -45, "axis": "x", "origin": [8, 4, 8]},
			"faces": {
				"north": {"uv": [0, 0, 8, 8], "rotation": 270, "texture": "#0"},
				"south": {"uv": [0, 0, 8, 8], "rotation": 270, "texture": "#0"}
			}
		},
		{
			"from": [4, 4, 4],
			"to": [12, 4, 12],
			"rotation": {"angle": 22.5, "axis": "x", "origin": [8, 4, 8]},
			"faces": {
				"up": {"uv": [0, 0, 8, 8], "texture": "#0"},
				"down": {"uv": [0, 0, 8, 8], "texture": "#0"}
			}
		},
		{
			"from": [4, 4, 4],
			"to": [12, 4, 12],
			"rotation": {"angle": -22.5, "axis": "z", "origin": [8, 4, 8]},
			"faces": {
				"up": {"uv": [8, 0, 16, 8], "rotation": 270, "texture": "#0"},
				"down": {"uv": [8, 0, 16, 8], "rotation": 90, "texture": "#0"}
			}
		},
		{
			"from": [4, 4, 4],
			"to": [12, 4, 12],
			"rotation": {"angle": -45, "axis": "z", "origin": [8, 4, 8]},
			"faces": {
				"up": {"uv": [8, 0, 16, 8], "rotation": 270, "texture": "#0"},
				"down": {"uv": [8, 0, 16, 8], "rotation": 90, "texture": "#0"}
			}
		},
		{
			"from": [8, 0, 4],
			"to": [8, 8, 12],
			"rotation": {"angle": 22.5, "axis": "z", "origin": [8, 4, 8]},
			"faces": {
				"east": {"uv": [8, 0, 16, 8], "texture": "#0"},
				"west": {"uv": [8, 0, 16, 8], "rotation": 180, "texture": "#0"}
			}
		},
		{
			"from": [8, 0, 4],
			"to": [8, 8, 12],
			"rotation": {"angle": -22.5, "axis": "z", "origin": [8, 4, 8]},
			"faces": {
				"east": {"uv": [8, 0, 16, 8], "texture": "#0"},
				"west": {"uv": [8, 0, 16, 8], "rotation": 180, "texture": "#0"}
			}
		},
		{
			"from": [8, 0, 4],
			"to": [8, 8, 12],
			"rotation": {"angle": -45, "axis": "z", "origin": [8, 4, 8]},
			"faces": {
				"east": {"uv": [8, 0, 16, 8], "texture": "#0"},
				"west": {"uv": [8, 0, 16, 8], "rotation": 180, "texture": "#0"}
			}
		},
		{
			"from": [4, 4, 4],
			"to": [12, 4, 12],
			"rotation": {"angle": 22.5, "axis": "z", "origin": [8, 4, 8]},
			"faces": {
				"up": {"uv": [8, 0, 16, 8], "rotation": 270, "texture": "#0"},
				"down": {"uv": [8, 0, 16, 8], "rotation": 90, "texture": "#0"}
			}
		},
		{
			"from": [8, 0, 4],
			"to": [8, 8, 12],
			"rotation": {"angle": 45, "axis": "y", "origin": [8, 4, 8]},
			"faces": {
				"east": {"uv": [0, 0, 8, 8], "rotation": 270, "texture": "#0"},
				"west": {"uv": [0, 0, 8, 8], "rotation": 270, "texture": "#0"}
			}
		},
		{
			"from": [4, 0, 8],
			"to": [12, 8, 8],
			"rotation": {"angle": -22.5, "axis": "y", "origin": [8, 4, 8]},
			"faces": {
				"north": {"uv": [0, 0, 8, 8], "rotation": 270, "texture": "#0"},
				"south": {"uv": [0, 0, 8, 8], "rotation": 270, "texture": "#0"}
			}
		},
		{
			"from": [4, 0, 8],
			"to": [12, 8, 8],
			"rotation": {"angle": 0, "axis": "y", "origin": [8, 4, 8]},
			"faces": {
				"north": {"uv": [0, 0, 8, 8], "rotation": 270, "texture": "#0"},
				"south": {"uv": [0, 0, 8, 8], "rotation": 270, "texture": "#0"}
			}
		},
		{
			"from": [4, 0, 8],
			"to": [12, 8, 8],
			"rotation": {"angle": 22.5, "axis": "y", "origin": [8, 4, 8]},
			"faces": {
				"north": {"uv": [0, 0, 8, 8], "rotation": 270, "texture": "#0"},
				"south": {"uv": [0, 0, 8, 8], "rotation": 270, "texture": "#0"}
			}
		},
		{
			"from": [4, 0, 8],
			"to": [12, 8, 8],
			"rotation": {"angle": 45, "axis": "y", "origin": [8, 4, 8]},
			"faces": {
				"north": {"uv": [0, 0, 8, 8], "rotation": 270, "texture": "#0"},
				"south": {"uv": [0, 0, 8, 8], "rotation": 270, "texture": "#0"}
			}
		},
		{
			"from": [8, 0, 4],
			"to": [8, 8, 12],
			"rotation": {"angle": -22.5, "axis": "y", "origin": [8, 4, 8]},
			"faces": {
				"east": {"uv": [8, 0, 16, 8], "texture": "#0"},
				"west": {"uv": [8, 0, 16, 8], "rotation": 180, "texture": "#0"}
			}
		}
	],
	"display": {
		"thirdperson_righthand": {
			"rotation": [75, 45, 0],
			"translation": [0, 1.5, 1],
			"scale": [0.375, 0.375, 0.375]
		},
		"thirdperson_lefthand": {
			"rotation": [75, 45, 0],
			"translation": [0, 1.5, 1],
			"scale": [0.375, 0.375, 0.375]
		},
		"firstperson_righthand": {
			"rotation": [0, 45, 0],
			"scale": [0.4, 0.4, 0.4]
		},
		"firstperson_lefthand": {
			"rotation": [0, 45, 0],
			"scale": [0.4, 0.4, 0.4]
		},
		"ground": {
			"translation": [0, 3, 0],
			"scale": [0.25, 0.25, 0.25]
		},
		"gui": {
			"rotation": [30, 225, 0],
			"scale": [0.625, 0.625, 0.625]
		},
		"head": {
			"translation": [0, 14, 0]
		},
		"fixed": {
			"rotation": [-90, 0, 0],
			"translation": [0, 0, -16],
			"scale": [2, 2, 2]
		}
	},
	"groups": [
		{
			"name": "eyes",
			"origin": [16, 0, 0],
			"color": 0,
			"children": [0, 1, 2, 3, 4, 5, 6, 7]
		},
		{
			"name": "fuzz",
			"origin": [8, 4, 8],
			"color": 0,
			"children": [8, 9, 10, 11, 12, 13, 14, 15, 16, 17, 18, 19, 20, 21, 22, 23, 24, 25, 26, 27, 28]
		}
	]
}