{
	"credit": "Made with Blockbench",
	"texture_size": [32, 32],
	"textures": {
		"1": "item/teddybear"
	},
	"elements": [
		{
			"from": [7.5, 0.25, 11],
			"to": [8.5, 1.25, 12],
			"faces": {
				"north": {"uv": [3.5, 7, 4, 7.5], "texture": "#1"},
				"east": {"uv": [2, 11.5, 2.5, 12], "texture": "#1"},
				"south": {"uv": [2.5, 11.5, 3, 12], "texture": "#1"},
				"west": {"uv": [3, 11.5, 3.5, 12], "texture": "#1"},
				"up": {"uv": [12, 3.5, 11.5, 3], "texture": "#1"},
				"down": {"uv": [4, 11.5, 3.5, 12], "texture": "#1"}
			}
		},
		{
			"from": [6, 0, 8],
			"to": [10, 2.5, 11],
			"faces": {
				"north": {"uv": [0, 3, 2, 4.25], "texture": "#1"},
				"east": {"uv": [6, 1.5, 7.5, 2.75], "texture": "#1"},
				"south": {"uv": [4, 0, 6, 1.25], "texture": "#1"},
				"west": {"uv": [6, 3, 7.5, 4.25], "texture": "#1"},
				"up": {"uv": [2, 1.5, 0, 0], "texture": "#1"},
				"down": {"uv": [2, 1.5, 0, 3], "texture": "#1"}
			}
		},
		{
			"from": [6.25, 0, 7.75],
			"to": [9.75, 2.25, 8],
			"faces": {
				"north": {"uv": [4, 4.5, 5.75, 5.625], "texture": "#1"},
				"east": {"uv": [12, 3, 12.125, 4.125], "texture": "#1"},
				"south": {"uv": [2, 5.5, 3.75, 6.625], "texture": "#1"},
				"west": {"uv": [12, 4.5, 12.125, 5.625], "texture": "#1"},
				"up": {"uv": [13.25, 10.625, 11.5, 10.5], "texture": "#1"},
				"down": {"uv": [12.75, 11.5, 11, 11.625], "texture": "#1"}
			}
		},
		{
			"from": [6.25, 4, 7.75],
			"to": [9.75, 6.5, 11],
			"faces": {
				"north": {"uv": [4, 1.5, 5.75, 2.75], "texture": "#1"},
				"east": {"uv": [4, 3, 5.625, 4.25], "texture": "#1"},
				"south": {"uv": [2, 4, 3.75, 5.25], "texture": "#1"},
				"west": {"uv": [0, 4.5, 1.625, 5.75], "texture": "#1"},
				"up": {"uv": [3.75, 1.625, 2, 0], "texture": "#1"},
				"down": {"uv": [3.75, 2, 2, 3.625], "texture": "#1"}
			}
		},
		{
			"from": [7, 4.25, 7.25],
			"to": [9, 5.25, 8],
			"faces": {
				"north": {"uv": [7, 10, 8, 10.5], "texture": "#1"},
				"east": {"uv": [12, 0, 12.375, 0.5], "texture": "#1"},
				"south": {"uv": [10, 7.5, 11, 8], "texture": "#1"},
				"west": {"uv": [12, 0.5, 12.375, 1], "texture": "#1"},
				"up": {"uv": [11.5, 4.375, 10.5, 4], "texture": "#1"},
				"down": {"uv": [11.5, 7, 10.5, 7.375], "texture": "#1"}
			}
		},
		{
			"from": [7.5, 4.9, 7],
			"to": [8.5, 5.4, 8],
			"faces": {
				"north": {"uv": [6.5, 12, 7, 12.25], "texture": "#1"},
				"east": {"uv": [7, 12, 7.5, 12.25], "texture": "#1"},
				"south": {"uv": [7.5, 12, 8, 12.25], "texture": "#1"},
				"west": {"uv": [12, 7.5, 12.5, 7.75], "texture": "#1"},
				"up": {"uv": [12, 4, 11.5, 3.5], "texture": "#1"},
				"down": {"uv": [12, 4, 11.5, 4.5], "texture": "#1"}
			}
		},
		{
			"from": [9.75, 4.25, 8.25],
			"to": [10.25, 6.5, 10.5],
			"faces": {
				"north": {"uv": [7.5, 10.5, 7.75, 11.625], "texture": "#1"},
				"east": {"uv": [5.5, 6, 6.625, 7.125], "texture": "#1"},
				"south": {"uv": [4, 11, 4.25, 12.125], "texture": "#1"},
				"west": {"uv": [2, 7, 3.125, 8.125], "texture": "#1"},
				"up": {"uv": [4.75, 12.125, 4.5, 11], "texture": "#1"},
				"down": {"uv": [11.25, 4.5, 11, 5.625], "texture": "#1"}
			}
		},
		{
			"from": [5.75, 4.25, 8.25],
			"to": [6.5, 6.5, 10.5],
			"faces": {
				"north": {"uv": [5, 10.5, 5.375, 11.625], "texture": "#1"},
				"east": {"uv": [7, 6, 8.125, 7.125], "texture": "#1"},
				"south": {"uv": [5.5, 10.5, 5.875, 11.625], "texture": "#1"},
				"west": {"uv": [0, 7.5, 1.125, 8.625], "texture": "#1"},
				"up": {"uv": [10.875, 6.625, 10.5, 5.5], "texture": "#1"},
				"down": {"uv": [6.375, 10.5, 6, 11.625], "texture": "#1"}
			}
		},
		{
			"from": [6.25, 6.5, 8.25],
			"to": [9.75, 6.75, 10.5],
			"faces": {
				"north": {"uv": [11.5, 11, 13.25, 11.125], "texture": "#1"},
				"east": {"uv": [5, 12, 6.125, 12.125], "texture": "#1"},
				"south": {"uv": [0, 12, 1.75, 12.125], "texture": "#1"},
				"west": {"uv": [12, 6, 13.125, 6.125], "texture": "#1"},
				"up": {"uv": [1.75, 7.125, 0, 6], "texture": "#1"},
				"down": {"uv": [7.75, 0, 6, 1.125], "texture": "#1"}
			}
		},
		{
			"from": [5.25, 7.5, 9],
			"to": [6.25, 7.75, 9.75],
			"rotation": {"angle": -45, "axis": "z", "origin": [5.875, 6.625, 9.375]},
			"faces": {
				"north": {"uv": [12.5, 3, 13, 3.125], "texture": "#1"},
				"east": {"uv": [4.5, 12.5, 4.875, 12.625], "texture": "#1"},
				"south": {"uv": [12.5, 3.5, 13, 3.625], "texture": "#1"},
				"west": {"uv": [12.5, 4.5, 12.875, 4.625], "texture": "#1"},
				"up": {"uv": [12.5, 1.375, 12, 1], "texture": "#1"},
				"down": {"uv": [12.5, 1.5, 12, 1.875], "texture": "#1"}
			}
		},
		{
			"from": [5, 5.75, 8.75],
			"to": [6.75, 7.5, 10],
			"rotation": {"angle": -45, "axis": "z", "origin": [5.875, 6.625, 9.375]},
			"faces": {
				"north": {"uv": [8.5, 5.5, 9.375, 6.375], "texture": "#1"},
				"east": {"uv": [1, 10, 1.625, 10.875], "texture": "#1"},
				"south": {"uv": [8.5, 6.5, 9.375, 7.375], "texture": "#1"},
				"west": {"uv": [10, 1, 10.625, 1.875], "texture": "#1"},
				"up": {"uv": [2.875, 10.625, 2, 10], "texture": "#1"},
				"down": {"uv": [10.875, 2, 10, 2.625], "texture": "#1"}
			}
		},
		{
			"from": [5.25, 5.5, 9],
			"to": [7, 5.75, 9.75],
			"rotation": {"angle": -45, "axis": "z", "origin": [5.875, 6.625, 9.375]},
			"faces": {
				"north": {"uv": [8, 12, 8.875, 12.125], "texture": "#1"},
				"east": {"uv": [5, 12.5, 5.375, 12.625], "texture": "#1"},
				"south": {"uv": [12, 8, 12.875, 8.125], "texture": "#1"},
				"west": {"uv": [12.5, 5, 12.875, 5.125], "texture": "#1"},
				"up": {"uv": [11.875, 1.375, 11, 1], "texture": "#1"},
				"down": {"uv": [11.875, 1.5, 11, 1.875], "texture": "#1"}
			}
		},
		{
			"from": [4.75, 6, 9],
			"to": [5, 7.25, 9.75],
			"rotation": {"angle": -45, "axis": "z", "origin": [5.875, 6.625, 9.375]},
			"faces": {
				"north": {"uv": [1.5, 12.5, 1.625, 13.125], "texture": "#1"},
				"east": {"uv": [11.5, 4.5, 11.875, 5.125], "texture": "#1"},
				"south": {"uv": [12.5, 1.5, 12.625, 2.125], "texture": "#1"},
				"west": {"uv": [11.5, 5.5, 11.875, 6.125], "texture": "#1"},
				"up": {"uv": [5.625, 12.875, 5.5, 12.5], "texture": "#1"},
				"down": {"uv": [12.625, 5.5, 12.5, 5.875], "texture": "#1"}
			}
		},
		{
			"from": [9.25, 5.75, 8.75],
			"to": [11, 7.5, 10],
			"rotation": {"angle": -45, "axis": "z", "origin": [10.125, 6.625, 9.375]},
			"faces": {
				"north": {"uv": [0, 9, 0.875, 9.875], "texture": "#1"},
				"east": {"uv": [3, 10, 3.625, 10.875], "texture": "#1"},
				"south": {"uv": [9, 0, 9.875, 0.875], "texture": "#1"},
				"west": {"uv": [10, 3, 10.625, 3.875], "texture": "#1"},
				"up": {"uv": [4.875, 10.625, 4, 10], "texture": "#1"},
				"down": {"uv": [10.875, 4.5, 10, 5.125], "texture": "#1"}
			}
		},
		{
			"from": [11, 5.5, 9],
			"to": [11.25, 7.25, 9.75],
			"rotation": {"angle": -45, "axis": "z", "origin": [10.125, 6.625, 9.375]},
			"faces": {
				"north": {"uv": [12, 8.5, 12.125, 9.375], "texture": "#1"},
				"east": {"uv": [1.5, 7.5, 1.875, 8.375], "texture": "#1"},
				"south": {"uv": [9, 12, 9.125, 12.875], "texture": "#1"},
				"west": {"uv": [1, 9, 1.375, 9.875], "texture": "#1"},
				"up": {"uv": [6.125, 12.875, 6, 12.5], "texture": "#1"},
				"down": {"uv": [6.625, 12.5, 6.5, 12.875], "texture": "#1"}
			}
		},
		{
			"from": [9, 6.25, 9],
			"to": [9.25, 7.25, 9.75],
			"rotation": {"angle": -45, "axis": "z", "origin": [10.125, 6.625, 9.375]},
			"faces": {
				"north": {"uv": [4, 12.5, 4.125, 13], "texture": "#1"},
				"east": {"uv": [2, 12, 2.375, 12.5], "texture": "#1"},
				"south": {"uv": [12.5, 4, 12.625, 4.5], "texture": "#1"},
				"west": {"uv": [12, 2, 12.375, 2.5], "texture": "#1"},
				"up": {"uv": [12.625, 6.875, 12.5, 6.5], "texture": "#1"},
				"down": {"uv": [7.125, 12.5, 7, 12.875], "texture": "#1"}
			}
		},
		{
			"from": [9.5, 7.5, 9],
			"to": [10.75, 7.75, 9.75],
			"rotation": {"angle": -45, "axis": "z", "origin": [10.125, 6.625, 9.375]},
			"faces": {
				"north": {"uv": [2, 12.5, 2.625, 12.625], "texture": "#1"},
				"east": {"uv": [12.5, 7, 12.875, 7.125], "texture": "#1"},
				"south": {"uv": [3, 12.5, 3.625, 12.625], "texture": "#1"},
				"west": {"uv": [7.5, 12.5, 7.875, 12.625], "texture": "#1"},
				"up": {"uv": [7.125, 11.875, 6.5, 11.5], "texture": "#1"},
				"down": {"uv": [12.125, 6.5, 11.5, 6.875], "texture": "#1"}
			}
		},
		{
			"from": [6.25, 0, 11],
			"to": [7.75, 1.75, 11.25],
			"faces": {
				"north": {"uv": [7, 9, 7.75, 9.875], "texture": "#1"},
				"east": {"uv": [9.5, 12, 9.625, 12.875], "texture": "#1"},
				"south": {"uv": [9, 7.5, 9.75, 8.375], "texture": "#1"},
				"west": {"uv": [12, 9.5, 12.125, 10.375], "texture": "#1"},
				"up": {"uv": [11.75, 12.125, 11, 12], "texture": "#1"},
				"down": {"uv": [12.75, 12, 12, 12.125], "texture": "#1"}
			}
		},
		{
			"from": [8.25, 0, 11],
			"to": [9.75, 1.75, 11.25],
			"faces": {
				"north": {"uv": [8, 9, 8.75, 9.875], "texture": "#1"},
				"east": {"uv": [10, 12, 10.125, 12.875], "texture": "#1"},
				"south": {"uv": [9, 8.5, 9.75, 9.375], "texture": "#1"},
				"west": {"uv": [10.5, 12, 10.625, 12.875], "texture": "#1"},
				"up": {"uv": [0.75, 12.625, 0, 12.5], "texture": "#1"},
				"down": {"uv": [13.25, 0, 12.5, 0.125], "texture": "#1"}
			}
		},
		{
			"from": [6.5, 2.5, 8.5],
			"to": [9.5, 4, 10.75],
			"faces": {
				"north": {"uv": [7.5, 1.5, 9, 2.25], "texture": "#1"},
				"east": {"uv": [3.5, 8.5, 4.625, 9.25], "texture": "#1"},
				"south": {"uv": [7.5, 2.5, 9, 3.25], "texture": "#1"},
				"west": {"uv": [8.5, 4.5, 9.625, 5.25], "texture": "#1"},
				"up": {"uv": [5.5, 7.125, 4, 6], "texture": "#1"},
				"down": {"uv": [7.5, 4.5, 6, 5.625], "texture": "#1"}
			}
		},
		{
			"from": [6.75, 2.5, 8.325],
			"to": [9.25, 4, 8.5],
			"faces": {
				"north": {"uv": [3.5, 7.5, 4.75, 8.25], "texture": "#1"},
				"east": {"uv": [12.5, 0.5, 12.625, 1.25], "texture": "#1"},
				"south": {"uv": [7.5, 3.5, 8.75, 4.25], "texture": "#1"},
				"west": {"uv": [1, 12.5, 1.125, 13.25], "texture": "#1"},
				"up": {"uv": [3.75, 12.125, 2.5, 12], "texture": "#1"},
				"down": {"uv": [13.25, 2.5, 12, 2.625], "texture": "#1"}
			}
		},
		{
			"from": [5.75, 0, 6],
			"to": [7, 1, 8.25],
			"rotation": {"angle": 22.5, "axis": "y", "origin": [6.5, 0.5, 7.5]},
			"faces": {
				"north": {"uv": [2, 11, 2.625, 11.5], "texture": "#1"},
				"east": {"uv": [9, 4, 10.125, 4.5], "texture": "#1"},
				"south": {"uv": [11, 2, 11.625, 2.5], "texture": "#1"},
				"west": {"uv": [3.5, 9.5, 4.625, 10], "texture": "#1"},
				"up": {"uv": [9.625, 2.125, 9, 1], "texture": "#1"},
				"down": {"uv": [9.625, 2.5, 9, 3.625], "texture": "#1"}
			}
		},
		{
			"from": [5.75, 0, 5.25],
			"to": [7, 1.5, 6],
			"rotation": {"angle": 22.5, "axis": "y", "origin": [6.5, 0.5, 7.5]},
			"faces": {
				"north": {"uv": [8, 10, 8.625, 10.75], "texture": "#1"},
				"east": {"uv": [11, 3, 11.375, 3.75], "texture": "#1"},
				"south": {"uv": [10, 8, 10.625, 8.75], "texture": "#1"},
				"west": {"uv": [11, 6, 11.375, 6.75], "texture": "#1"},
				"up": {"uv": [12.125, 7.375, 11.5, 7], "texture": "#1"},
				"down": {"uv": [8.625, 11.5, 8, 11.875], "texture": "#1"}
			}
		},
		{
			"from": [5.48202, 1.5, 8.90276],
			"to": [6.73202, 4.5, 10.15276],
			"rotation": {"angle": -45, "axis": "z", "origin": [5.98202, 3.5, 9.65276]},
			"faces": {
				"north": {"uv": [7.5, 4.5, 8.125, 6], "texture": "#1"},
				"east": {"uv": [5, 7.5, 5.625, 9], "texture": "#1"},
				"south": {"uv": [6, 7.5, 6.625, 9], "texture": "#1"},
				"west": {"uv": [7, 7.5, 7.625, 9], "texture": "#1"},
				"up": {"uv": [7.125, 11.125, 6.5, 10.5], "texture": "#1"},
				"down": {"uv": [9.625, 10.5, 9, 11.125], "texture": "#1"}
			}
		},
		{
			"from": [5.23202, 0.75, 8.65276],
			"to": [6.73202, 1.5, 10.15276],
			"rotation": {"angle": -45, "axis": "z", "origin": [5.98202, 3.5, 9.65276]},
			"faces": {
				"north": {"uv": [11, 7.5, 11.75, 7.875], "texture": "#1"},
				"east": {"uv": [8, 11, 8.75, 11.375], "texture": "#1"},
				"south": {"uv": [11, 8, 11.75, 8.375], "texture": "#1"},
				"west": {"uv": [11, 8.5, 11.75, 8.875], "texture": "#1"},
				"up": {"uv": [10.25, 6.25, 9.5, 5.5], "texture": "#1"},
				"down": {"uv": [10.25, 6.5, 9.5, 7.25], "texture": "#1"}
			}
		},
		{
			"from": [9.23202, 1.5, 8.90276],
			"to": [10.48202, 4.5, 10.15276],
			"rotation": {"angle": 45, "axis": "z", "origin": [9.98202, 3.5, 9.65276]},
			"faces": {
				"north": {"uv": [8, 0, 8.625, 1.5], "texture": "#1"},
				"east": {"uv": [8, 7.5, 8.625, 9], "texture": "#1"},
				"south": {"uv": [1.5, 8.5, 2.125, 10], "texture": "#1"},
				"west": {"uv": [2.5, 8.5, 3.125, 10], "texture": "#1"},
				"up": {"uv": [0.625, 11.625, 0, 11], "texture": "#1"},
				"down": {"uv": [1.625, 11, 1, 11.625], "texture": "#1"}
			}
		},
		{
			"from": [9.23202, 0.75, 8.65276],
			"to": [10.73202, 1.5, 10.15276],
			"rotation": {"angle": 45, "axis": "z", "origin": [9.98202, 3.5, 9.65276]},
			"faces": {
				"north": {"uv": [11, 9, 11.75, 9.375], "texture": "#1"},
				"east": {"uv": [11, 9.5, 11.75, 9.875], "texture": "#1"},
				"south": {"uv": [10, 11, 10.75, 11.375], "texture": "#1"},
				"west": {"uv": [11, 10, 11.75, 10.375], "texture": "#1"},
				"up": {"uv": [9.75, 10.25, 9, 9.5], "texture": "#1"},
				"down": {"uv": [0.75, 10, 0, 10.75], "texture": "#1"}
			}
		},
		{
			"from": [9, 0, 6],
			"to": [10.25, 1, 8.25],
			"rotation": {"angle": -22.5, "axis": "y", "origin": [9.5, 0.5, 7.5]},
			"faces": {
				"north": {"uv": [11, 2.5, 11.625, 3], "texture": "#1"},
				"east": {"uv": [10, 0, 11.125, 0.5], "texture": "#1"},
				"south": {"uv": [3, 11, 3.625, 11.5], "texture": "#1"},
				"west": {"uv": [10, 0.5, 11.125, 1], "texture": "#1"},
				"up": {"uv": [5.625, 10.125, 5, 9], "texture": "#1"},
				"down": {"uv": [6.625, 9, 6, 10.125], "texture": "#1"}
			}
		},
		{
			"from": [9, 0, 5.25],
			"to": [10.25, 1.5, 6],
			"rotation": {"angle": -22.5, "axis": "y", "origin": [9.5, 0.5, 7.5]},
			"faces": {
				"north": {"uv": [10, 9, 10.625, 9.75], "texture": "#1"},
				"east": {"uv": [11, 10.5, 11.375, 11.25], "texture": "#1"},
				"south": {"uv": [10, 10, 10.625, 10.75], "texture": "#1"},
				"west": {"uv": [11.5, 0, 11.875, 0.75], "texture": "#1"},
				"up": {"uv": [9.625, 11.875, 9, 11.5], "texture": "#1"},
				"down": {"uv": [10.625, 11.5, 10, 11.875], "texture": "#1"}
			}
		}
	],
	"display": {
		"thirdperson_righthand": {
			"rotation": [50, 0, 0],
			"translation": [0, 4.5, 2.5]
		},
		"thirdperson_lefthand": {
			"rotation": [50, 0, 0],
			"translation": [0, 4.5, 2.5]
		},
		"firstperson_righthand": {
			"scale": [0, 0, 0]
		},
		"firstperson_lefthand": {
			"scale": [0, 0, 0]
		},
		"ground": {
			"translation": [0, 4.5, 0]
		},
		"gui": {
			"rotation": [0, -180, 0],
			"translation": [0, 6, 0],
			"scale": [1.75, 1.75, 1.75]
		},
		"head": {
			"translation": [0, 17.25, -1.25],
			"scale": [1.35, 1.35, 1.35]
		},
		"fixed": {
			"rotation": [-90, 0, 0],
			"translation": [0, -0.25, -17.25],
			"scale": [2.15, 2.15, 2.15]
		}
	},
	"groups": [
		{
			"name": "group",
			"origin": [8, 8, 8],
			"color": 0,
			"children": [0, 1, 2, 3, 4, 5, 6, 7, 8, 9, 10, 11, 12, 13, 14, 15, 16, 17, 18, 19, 20, 21, 22, 23, 24, 25, 26, 27, 28]
		}
	]
}