{
	"credit": "Made with Blockbench",
	"texture_size": [32, 32],
	"textures": {
		"0": "item/pizza",
		"particle": "item/pizza"
	},
	"elements": [
		{
			"from": [0.25, 0.25, 5],
			"to": [1, 1, 11],
			"faces": {
				"north": {"uv": [13, 12, 13.375, 12.375], "texture": "#0"},
				"east": {"uv": [7, 8, 10, 8.375], "texture": "#0"},
				"south": {"uv": [12.5, 13, 12.875, 13.375], "texture": "#0"},
				"west": {"uv": [7, 8.5, 10, 8.875], "texture": "#0"},
				"up": {"uv": [7.375, 12, 7, 9], "texture": "#0"},
				"down": {"uv": [7.875, 9, 7.5, 12], "texture": "#0"}
			}
		},
		{
			"from": [15, 0.25, 5],
			"to": [15.75, 1, 11],
			"faces": {
				"north": {"uv": [13, 12.5, 13.375, 12.875], "texture": "#0"},
				"east": {"uv": [8, 9, 11, 9.375], "texture": "#0"},
				"south": {"uv": [13, 13, 13.375, 13.375], "texture": "#0"},
				"west": {"uv": [8, 9.5, 11, 9.875], "texture": "#0"},
				"up": {"uv": [6.375, 13, 6, 10], "texture": "#0"},
				"down": {"uv": [6.875, 10, 6.5, 13], "texture": "#0"}
			}
		},
		{
			"from": [14, 0.25, 3],
			"to": [15, 1, 13],
			"faces": {
				"north": {"uv": [7.5, 13, 8, 13.375], "texture": "#0"},
				"east": {"uv": [7, 4, 12, 4.375], "texture": "#0"},
				"south": {"uv": [13, 8, 13.5, 8.375], "texture": "#0"},
				"west": {"uv": [7, 4.5, 12, 4.875], "texture": "#0"},
				"up": {"uv": [6.5, 5, 6, 0], "texture": "#0"},
				"down": {"uv": [6.5, 5, 6, 10], "texture": "#0"}
			}
		},
		{
			"from": [1, 0.25, 3],
			"to": [2, 1, 13],
			"faces": {
				"north": {"uv": [13, 8.5, 13.5, 8.875], "texture": "#0"},
				"east": {"uv": [7, 5, 12, 5.375], "texture": "#0"},
				"south": {"uv": [9.5, 13, 10, 13.375], "texture": "#0"},
				"west": {"uv": [7, 5.5, 12, 5.875], "texture": "#0"},
				"up": {"uv": [7, 5, 6.5, 0], "texture": "#0"},
				"down": {"uv": [7, 5, 6.5, 10], "texture": "#0"}
			}
		},
		{
			"from": [5, 0.25, 15],
			"to": [11, 1, 15.75],
			"faces": {
				"north": {"uv": [8, 10, 11, 10.375], "texture": "#0"},
				"east": {"uv": [0, 13.5, 0.375, 13.875], "texture": "#0"},
				"south": {"uv": [10, 8, 13, 8.375], "texture": "#0"},
				"west": {"uv": [0.5, 13.5, 0.875, 13.875], "texture": "#0"},
				"up": {"uv": [13, 8.875, 10, 8.5], "texture": "#0"},
				"down": {"uv": [11, 10.5, 8, 10.875], "texture": "#0"}
			}
		},
		{
			"from": [3, 0.25, 14],
			"to": [13, 1, 15],
			"faces": {
				"north": {"uv": [7, 6, 12, 6.375], "texture": "#0"},
				"east": {"uv": [10, 13, 10.5, 13.375], "texture": "#0"},
				"south": {"uv": [7, 6.5, 12, 6.875], "texture": "#0"},
				"west": {"uv": [10.5, 13, 11, 13.375], "texture": "#0"},
				"up": {"uv": [12, 0.5, 7, 0], "texture": "#0"},
				"down": {"uv": [12, 0.5, 7, 1], "texture": "#0"}
			}
		},
		{
			"from": [2, 0.25, 2],
			"to": [14, 1, 14],
			"faces": {
				"north": {"uv": [7, 2, 13, 2.375], "texture": "#0"},
				"east": {"uv": [7, 2.5, 13, 2.875], "texture": "#0"},
				"south": {"uv": [7, 3, 13, 3.375], "texture": "#0"},
				"west": {"uv": [7, 3.5, 13, 3.875], "texture": "#0"},
				"up": {"uv": [6, 6, 0, 0], "texture": "#0"},
				"down": {"uv": [6, 6, 0, 12], "texture": "#0"}
			}
		},
		{
			"from": [3, 0.25, 1],
			"to": [13, 1, 2],
			"faces": {
				"north": {"uv": [7, 7, 12, 7.375], "texture": "#0"},
				"east": {"uv": [11.5, 13, 12, 13.375], "texture": "#0"},
				"south": {"uv": [7, 7.5, 12, 7.875], "texture": "#0"},
				"west": {"uv": [12, 13, 12.5, 13.375], "texture": "#0"},
				"up": {"uv": [12, 1.5, 7, 1], "texture": "#0"},
				"down": {"uv": [12, 1.5, 7, 2], "texture": "#0"}
			}
		},
		{
			"from": [5, 0.25, 0.25],
			"to": [11, 1, 1],
			"faces": {
				"north": {"uv": [8, 11, 11, 11.375], "texture": "#0"},
				"east": {"uv": [1, 13.5, 1.375, 13.875], "texture": "#0"},
				"south": {"uv": [11, 9, 14, 9.375], "texture": "#0"},
				"west": {"uv": [1.5, 13.5, 1.875, 13.875], "texture": "#0"},
				"up": {"uv": [14, 9.875, 11, 9.5], "texture": "#0"},
				"down": {"uv": [14, 10, 11, 10.375], "texture": "#0"}
			}
		},
		{
			"from": [0.25, 1, 5],
			"to": [1, 1.5, 11],
			"faces": {
				"north": {"uv": [2, 14, 2.375, 14.25], "texture": "#0"},
				"east": {"uv": [12, 0, 15, 0.25], "texture": "#0"},
				"south": {"uv": [14, 2, 14.375, 2.25], "texture": "#0"},
				"west": {"uv": [12, 0.5, 15, 0.75], "texture": "#0"},
				"up": {"uv": [11.375, 13.5, 11, 10.5], "texture": "#0"},
				"down": {"uv": [8.375, 11.5, 8, 14.5], "texture": "#0"}
			}
		},
		{
			"from": [15, 1, 5],
			"to": [15.75, 1.5, 11],
			"faces": {
				"north": {"uv": [2.5, 14, 2.875, 14.25], "texture": "#0"},
				"east": {"uv": [12, 1, 15, 1.25], "texture": "#0"},
				"south": {"uv": [14, 2.5, 14.375, 2.75], "texture": "#0"},
				"west": {"uv": [12, 1.5, 15, 1.75], "texture": "#0"},
				"up": {"uv": [8.875, 14.5, 8.5, 11.5], "texture": "#0"},
				"down": {"uv": [9.375, 11.5, 9, 14.5], "texture": "#0"}
			}
		},
		{
			"from": [14, 1, 3],
			"to": [15, 1.5, 5],
			"faces": {
				"north": {"uv": [2, 13.5, 2.5, 13.75], "texture": "#0"},
				"east": {"uv": [12.5, 5.5, 13.5, 5.75], "texture": "#0"},
				"south": {"uv": [2.5, 13.5, 3, 13.75], "texture": "#0"},
				"west": {"uv": [12.5, 6, 13.5, 6.25], "texture": "#0"},
				"up": {"uv": [10, 12.5, 9.5, 11.5], "texture": "#0"},
				"down": {"uv": [10.5, 11.5, 10, 12.5], "texture": "#0"}
			}
		},
		{
			"from": [13, 1, 2],
			"to": [14, 1.5, 3],
			"faces": {
				"north": {"uv": [3, 13.5, 3.5, 13.75], "texture": "#0"},
				"east": {"uv": [3.5, 13.5, 4, 13.75], "texture": "#0"},
				"south": {"uv": [4, 13.5, 4.5, 13.75], "texture": "#0"},
				"west": {"uv": [4.5, 13.5, 5, 13.75], "texture": "#0"},
				"up": {"uv": [13, 7, 12.5, 6.5], "texture": "#0"},
				"down": {"uv": [13, 7, 12.5, 7.5], "texture": "#0"}
			}
		},
		{
			"from": [2, 1, 2],
			"to": [3, 1.5, 3],
			"faces": {
				"north": {"uv": [5, 13.5, 5.5, 13.75], "texture": "#0"},
				"east": {"uv": [5.5, 13.5, 6, 13.75], "texture": "#0"},
				"south": {"uv": [13.5, 5.5, 14, 5.75], "texture": "#0"},
				"west": {"uv": [6, 13.5, 6.5, 13.75], "texture": "#0"},
				"up": {"uv": [10, 13, 9.5, 12.5], "texture": "#0"},
				"down": {"uv": [10.5, 12.5, 10, 13], "texture": "#0"}
			}
		},
		{
			"from": [2, 1, 13],
			"to": [3, 1.5, 14],
			"faces": {
				"north": {"uv": [13.5, 6, 14, 6.25], "texture": "#0"},
				"east": {"uv": [6.5, 13.5, 7, 13.75], "texture": "#0"},
				"south": {"uv": [7, 13.5, 7.5, 13.75], "texture": "#0"},
				"west": {"uv": [7.5, 13.5, 8, 13.75], "texture": "#0"},
				"up": {"uv": [11, 13, 10.5, 12.5], "texture": "#0"},
				"down": {"uv": [12.5, 12.5, 12, 13], "texture": "#0"}
			}
		},
		{
			"from": [13, 1, 13],
			"to": [14, 1.5, 14],
			"faces": {
				"north": {"uv": [13.5, 8, 14, 8.25], "texture": "#0"},
				"east": {"uv": [13.5, 8.5, 14, 8.75], "texture": "#0"},
				"south": {"uv": [9.5, 13.5, 10, 13.75], "texture": "#0"},
				"west": {"uv": [10, 13.5, 10.5, 13.75], "texture": "#0"},
				"up": {"uv": [13, 13, 12.5, 12.5], "texture": "#0"},
				"down": {"uv": [0.5, 13, 0, 13.5], "texture": "#0"}
			}
		},
		{
			"from": [14, 1, 11],
			"to": [15, 1.5, 13],
			"faces": {
				"north": {"uv": [10.5, 13.5, 11, 13.75], "texture": "#0"},
				"east": {"uv": [0.5, 13, 1.5, 13.25], "texture": "#0"},
				"south": {"uv": [11, 13.5, 11.5, 13.75], "texture": "#0"},
				"west": {"uv": [1.5, 13, 2.5, 13.25], "texture": "#0"},
				"up": {"uv": [11, 12.5, 10.5, 11.5], "texture": "#0"},
				"down": {"uv": [12.5, 5.5, 12, 6.5], "texture": "#0"}
			}
		},
		{
			"from": [1, 1, 3],
			"to": [2, 1.5, 5],
			"faces": {
				"north": {"uv": [11.5, 13.5, 12, 13.75], "texture": "#0"},
				"east": {"uv": [13, 2, 14, 2.25], "texture": "#0"},
				"south": {"uv": [12, 13.5, 12.5, 13.75], "texture": "#0"},
				"west": {"uv": [2.5, 13, 3.5, 13.25], "texture": "#0"},
				"up": {"uv": [12.5, 7.5, 12, 6.5], "texture": "#0"},
				"down": {"uv": [7.5, 12, 7, 13], "texture": "#0"}
			}
		},
		{
			"from": [1, 1, 11],
			"to": [2, 1.5, 13],
			"faces": {
				"north": {"uv": [13.5, 12, 14, 12.25], "texture": "#0"},
				"east": {"uv": [13, 2.5, 14, 2.75], "texture": "#0"},
				"south": {"uv": [12.5, 13.5, 13, 13.75], "texture": "#0"},
				"west": {"uv": [13, 3, 14, 3.25], "texture": "#0"},
				"up": {"uv": [8, 13, 7.5, 12], "texture": "#0"},
				"down": {"uv": [12, 12, 11.5, 13], "texture": "#0"}
			}
		},
		{
			"from": [5, 1, 15],
			"to": [11, 1.5, 15.75],
			"faces": {
				"north": {"uv": [3, 12, 6, 12.25], "texture": "#0"},
				"east": {"uv": [3, 14, 3.375, 14.25], "texture": "#0"},
				"south": {"uv": [12, 4, 15, 4.25], "texture": "#0"},
				"west": {"uv": [14, 3, 14.375, 3.25], "texture": "#0"},
				"up": {"uv": [14.5, 10.875, 11.5, 10.5], "texture": "#0"},
				"down": {"uv": [14.5, 11, 11.5, 11.375], "texture": "#0"}
			}
		},
		{
			"from": [3, 1, 14],
			"to": [5, 1.5, 15],
			"faces": {
				"north": {"uv": [3.5, 13, 4.5, 13.25], "texture": "#0"},
				"east": {"uv": [13.5, 12.5, 14, 12.75], "texture": "#0"},
				"south": {"uv": [13, 3.5, 14, 3.75], "texture": "#0"},
				"west": {"uv": [13, 13.5, 13.5, 13.75], "texture": "#0"},
				"up": {"uv": [13, 8, 12, 7.5], "texture": "#0"},
				"down": {"uv": [13, 12, 12, 12.5], "texture": "#0"}
			}
		},
		{
			"from": [11, 1, 14],
			"to": [13, 1.5, 15],
			"faces": {
				"north": {"uv": [4.5, 13, 5.5, 13.25], "texture": "#0"},
				"east": {"uv": [13.5, 13, 14, 13.25], "texture": "#0"},
				"south": {"uv": [5.5, 13, 6.5, 13.25], "texture": "#0"},
				"west": {"uv": [13.5, 13.5, 14, 13.75], "texture": "#0"},
				"up": {"uv": [1, 13, 0, 12.5], "texture": "#0"},
				"down": {"uv": [2, 12.5, 1, 13], "texture": "#0"}
			}
		},
		{
			"from": [3, 1, 1],
			"to": [5, 1.5, 2],
			"faces": {
				"north": {"uv": [6.5, 13, 7.5, 13.25], "texture": "#0"},
				"east": {"uv": [0, 14, 0.5, 14.25], "texture": "#0"},
				"south": {"uv": [13, 6.5, 14, 6.75], "texture": "#0"},
				"west": {"uv": [0.5, 14, 1, 14.25], "texture": "#0"},
				"up": {"uv": [3, 13, 2, 12.5], "texture": "#0"},
				"down": {"uv": [4, 12.5, 3, 13], "texture": "#0"}
			}
		},
		{
			"from": [11, 1, 1],
			"to": [13, 1.5, 2],
			"faces": {
				"north": {"uv": [13, 7, 14, 7.25], "texture": "#0"},
				"east": {"uv": [1, 14, 1.5, 14.25], "texture": "#0"},
				"south": {"uv": [13, 7.5, 14, 7.75], "texture": "#0"},
				"west": {"uv": [1.5, 14, 2, 14.25], "texture": "#0"},
				"up": {"uv": [5, 13, 4, 12.5], "texture": "#0"},
				"down": {"uv": [6, 12.5, 5, 13], "texture": "#0"}
			}
		},
		{
			"from": [5, 1, 0.25],
			"to": [11, 1.5, 1],
			"faces": {
				"north": {"uv": [12, 4.5, 15, 4.75], "texture": "#0"},
				"east": {"uv": [3.5, 14, 3.875, 14.25], "texture": "#0"},
				"south": {"uv": [12, 5, 15, 5.25], "texture": "#0"},
				"west": {"uv": [14, 3.5, 14.375, 3.75], "texture": "#0"},
				"up": {"uv": [14.5, 11.875, 11.5, 11.5], "texture": "#0"},
				"down": {"uv": [3, 12, 0, 12.375], "texture": "#0"}
			}
		}
	],
	"display": {
		"thirdperson_righthand": {
			"translation": [0, 5, 0],
			"scale": [0.65, 0.65, 0.65]
		},
		"thirdperson_lefthand": {
			"translation": [0, 5, 0],
			"scale": [0.65, 0.65, 0.65]
		},
		"firstperson_righthand": {
			"rotation": [40, 0, 0],
			"translation": [0.5, 2.5, 1.25],
			"scale": [0.7, 0.7, 0.7]
		},
		"firstperson_lefthand": {
			"rotation": [40, 0, 0],
			"translation": [1.5, 2.5, 1.25],
			"scale": [0.7, 0.7, 0.7]
		},
		"ground": {
			"translation": [0, 4.75, 0]
		},
		"gui": {
			"rotation": [90, 0, 0]
		},
		"head": {
			"translation": [0, 14.75, 0]
		},
		"fixed": {
			"rotation": [-90, 0, 0],
			"translation": [0, 0, -16],
			"scale": [2, 2, 2]
		}
	},
	"groups": [
		{
			"name": "group",
			"origin": [8, 8, 8],
			"color": 0,
			"children": [
				0,
				1,
				2,
				3,
				4,
				5,
				6,
				7,
				8,
				{
					"name": "group",
					"origin": [8, 8, 8],
					"color": 0,
					"children": [9, 10, 11, 12, 13, 14, 15, 16, 17, 18, 19, 20, 21, 22, 23, 24]
				}
			]
		}
	]
}