{
	"credit": "Made with Blockbench",
	"texture_size": [32, 32],
	"textures": {
		"2": "item/alto_sign",
		"3": "item/stop_sign_back",
		"7": "item/metal_block",
		"8": "item/brushed_metal_texture",
		"particle": "item/mc_daylight_detector_inverted_top_gray"
	},
	"elements": [
		{
			"name": "edge",
			"from": [0, 19, 6.5],
			"to": [1, 27, 7.5],
			"rotation": {"angle": 0, "axis": "y", "origin": [14, 9, 7.5]},
			"faces": {
				"north": {"uv": [8, 0, 7, 0.5], "texture": "#2"},
				"east": {"uv": [7.5, 0, 8, 0.5], "rotation": 90, "texture": "#2"},
				"south": {"uv": [7.5, 0, 8, 0.5], "rotation": 90, "texture": "#2"},
				"west": {"uv": [7.5, 0, 8, 0.5], "rotation": 90, "texture": "#2"},
				"up": {"uv": [7.5, 0, 8, 0.5], "rotation": 90, "texture": "#2"},
				"down": {"uv": [7.5, 0, 8, 0.5], "rotation": 90, "texture": "#2"}
			}
		},
		{
			"name": "edge",
			"from": [-2.68198, 25.21827, 6.5],
			"to": [-1.68198, 30.86827, 7.5],
			"rotation": {"angle": -45, "axis": "z", "origin": [0.81802, 22.86827, 7]},
			"faces": {
				"north": {"uv": [8, 0, 7, 0.5], "texture": "#2"},
				"east": {"uv": [7.5, 0, 8, 0.5], "rotation": 90, "texture": "#2"},
				"south": {"uv": [7.5, 0, 8, 0.5], "rotation": 90, "texture": "#2"},
				"west": {"uv": [7.5, 0, 8, 0.5], "rotation": 90, "texture": "#2"},
				"up": {"uv": [7.5, 0, 8, 0.5], "rotation": 90, "texture": "#2"},
				"down": {"uv": [7.5, 0, 8, 0.5], "rotation": 90, "texture": "#2"}
			}
		},
		{
			"name": "edge",
			"from": [-2.68198, 15.13173, 6.5],
			"to": [-1.68198, 20.78173, 7.5],
			"rotation": {"angle": 45, "axis": "z", "origin": [0.81802, 23.13173, 7]},
			"faces": {
				"north": {"uv": [8, 0, 7, 0.5], "texture": "#2"},
				"east": {"uv": [7.5, 0, 8, 0.5], "rotation": 90, "texture": "#2"},
				"south": {"uv": [7.5, 0, 8, 0.5], "rotation": 90, "texture": "#2"},
				"west": {"uv": [7.5, 0, 8, 0.5], "rotation": 90, "texture": "#2"},
				"up": {"uv": [7.5, 0, 8, 0.5], "rotation": 90, "texture": "#2"},
				"down": {"uv": [7.5, 0, 8, 0.5], "rotation": 90, "texture": "#2"}
			}
		},
		{
			"name": "edge",
			"from": [4, 15, 6.5],
			"to": [12, 16, 7.5],
			"rotation": {"angle": 0, "axis": "y", "origin": [14, 9, 7.5]},
			"faces": {
				"north": {"uv": [8, 0.5, 7, 0], "rotation": 90, "texture": "#2"},
				"east": {"uv": [7.5, 0, 8, 0.5], "rotation": 90, "texture": "#2"},
				"south": {"uv": [7.5, 0, 8, 0.5], "rotation": 90, "texture": "#2"},
				"west": {"uv": [7.5, 0, 8, 0.5], "rotation": 90, "texture": "#2"},
				"up": {"uv": [7.5, 0, 8, 0.5], "rotation": 90, "texture": "#2"},
				"down": {"uv": [7.5, 0, 8, 0.5], "rotation": 90, "texture": "#2"}
			}
		},
		{
			"name": "edge",
			"from": [17.68198, 15.13173, 6.5],
			"to": [18.68198, 20.78173, 7.5],
			"rotation": {"angle": -45, "axis": "z", "origin": [15.18198, 23.13173, 7]},
			"faces": {
				"north": {"uv": [7, 0.5, 8, 0], "texture": "#2"},
				"east": {"uv": [7.5, 0, 8, 0.5], "rotation": 90, "texture": "#2"},
				"south": {"uv": [7.5, 0, 8, 0.5], "rotation": 90, "texture": "#2"},
				"west": {"uv": [7.5, 0, 8, 0.5], "rotation": 90, "texture": "#2"},
				"up": {"uv": [7.5, 0, 8, 0.5], "rotation": 90, "texture": "#2"},
				"down": {"uv": [7.5, 0, 8, 0.5], "rotation": 90, "texture": "#2"}
			}
		},
		{
			"name": "edge",
			"from": [15, 19, 6.5],
			"to": [16, 27, 7.5],
			"rotation": {"angle": 0, "axis": "y", "origin": [14, 9, 7.5]},
			"faces": {
				"north": {"uv": [7, 0, 8, 0.5], "texture": "#2"},
				"east": {"uv": [7.5, 0, 8, 0.5], "rotation": 90, "texture": "#2"},
				"south": {"uv": [7.5, 0, 8, 0.5], "rotation": 90, "texture": "#2"},
				"west": {"uv": [7.5, 0, 8, 0.5], "rotation": 90, "texture": "#2"},
				"up": {"uv": [7.5, 0, 8, 0.5], "rotation": 90, "texture": "#2"},
				"down": {"uv": [7.5, 0, 8, 0.5], "rotation": 90, "texture": "#2"}
			}
		},
		{
			"name": "edge",
			"from": [17.68198, 25.21827, 6.5],
			"to": [18.68198, 30.86827, 7.5],
			"rotation": {"angle": 45, "axis": "z", "origin": [15.18198, 22.86827, 7]},
			"faces": {
				"north": {"uv": [7, 0, 8, 0.5], "texture": "#2"},
				"east": {"uv": [7.5, 0, 8, 0.5], "rotation": 90, "texture": "#2"},
				"south": {"uv": [7.5, 0, 8, 0.5], "rotation": 90, "texture": "#2"},
				"west": {"uv": [7.5, 0, 8, 0.5], "rotation": 90, "texture": "#2"},
				"up": {"uv": [7.5, 0, 8, 0.5], "rotation": 90, "texture": "#2"},
				"down": {"uv": [7.5, 0, 8, 0.5], "rotation": 90, "texture": "#2"}
			}
		},
		{
			"name": "edge",
			"from": [4, 30, 6.5],
			"to": [12, 31, 7.5],
			"rotation": {"angle": 0, "axis": "y", "origin": [14, 9, 7.5]},
			"faces": {
				"north": {"uv": [7, 0, 8, 0.5], "rotation": 90, "texture": "#2"},
				"east": {"uv": [7.5, 0, 8, 0.5], "rotation": 90, "texture": "#2"},
				"south": {"uv": [7.5, 0, 8, 0.5], "rotation": 90, "texture": "#2"},
				"west": {"uv": [7.5, 0, 8, 0.5], "rotation": 90, "texture": "#2"},
				"up": {"uv": [7.5, 0, 8, 0.5], "rotation": 90, "texture": "#2"},
				"down": {"uv": [7.5, 0, 8, 0.5], "rotation": 90, "texture": "#2"}
			}
		},
		{
			"name": "front",
			"from": [0.01, 15.01, 6.51],
			"to": [15.99, 30.99, 7.49],
			"rotation": {"angle": 0, "axis": "y", "origin": [14, 9, 7.5]},
			"faces": {
				"north": {"uv": [0, 0, 16, 16], "texture": "#2"},
				"south": {"uv": [0, 0, 16, 16], "texture": "#3"}
			}
		},
		{
			"from": [2, 0.01777, 2.00572],
			"to": [14, 1.01777, 14.00572],
			"rotation": {"angle": 0, "axis": "y", "origin": [8, 7.76777, 19.93072]},
			"faces": {
				"north": {"uv": [16, 15, 0, 16], "rotation": 180, "texture": "#7"},
				"east": {"uv": [0, 0, 1, 16], "rotation": 270, "texture": "#7"},
				"south": {"uv": [16, 0, 0, 1], "texture": "#7"},
				"west": {"uv": [15, 0, 16, 16], "rotation": 90, "texture": "#7"},
				"up": {"uv": [0, 0, 16, 16], "rotation": 180, "texture": "#7"},
				"down": {"uv": [0, 16, 16, 0], "rotation": 180, "texture": "#7"}
			}
		},
		{
			"from": [7, 0, 6.998],
			"to": [9, 32, 8.998],
			"rotation": {"angle": 0, "axis": "y", "origin": [8.001, 6.66932, 12.999]},
			"faces": {
				"north": {"uv": [12, 9, 0, 9.75], "rotation": 90, "texture": "#8"},
				"east": {"uv": [12, 8.25, 0, 9], "rotation": 90, "texture": "#8"},
				"south": {"uv": [12, 7.5, 0, 8.25], "rotation": 90, "texture": "#8"},
				"west": {"uv": [12, 6.75, 0, 7.5], "rotation": 90, "texture": "#8"},
				"up": {"uv": [4.25, 7.75, 5, 8.5], "rotation": 90, "texture": "#8"}
			}
		}
	],
	"display": {
		"thirdperson_righthand": {
			"rotation": [75, 45, 0],
			"translation": [0, 0.25, 0],
			"scale": [0.1, 0.1, 0.1]
		},
		"thirdperson_lefthand": {
			"rotation": [75, 45, 0],
			"translation": [0, 0.25, 0],
			"scale": [0.1, 0.1, 0.1]
		},
		"firstperson_righthand": {
			"rotation": [0, 45, 0],
			"scale": [0.15, 0.15, 0.15]
		},
		"firstperson_lefthand": {
			"rotation": [0, 45, 0],
			"scale": [0.15, 0.15, 0.15]
		},
		"ground": {
			"translation": [0, 3, 0],
			"scale": [0.25, 0.25, 0.25]
		},
		"gui": {
			"rotation": [30, 225, 0],
			"translation": [-1, 0.25, 0],
			"scale": [0.31, 0.31, 0.31]
		},
		"head": {
			"translation": [0, 31.5, 0],
			"scale": [1.07, 1.07, 1.07]
		},
		"fixed": {
			"rotation": [-90, 0, 0],
			"translation": [0, 0, -14.25],
			"scale": [2.01, 2.01, 2.01]
		}
	},
	"groups": [
		0,
		1,
		2,
		3,
		4,
		5,
		6,
		7,
		8,
		{
			"name": "root",
			"origin": [-0.5, 0, 0],
			"color": 0,
			"children": [
				{
					"name": "body",
					"origin": [-0.5, 5, -0.0125],
					"color": 1,
					"children": [
						{
							"name": "head",
							"origin": [-0.5, 6, 0],
							"color": 2,
							"children": [
								{
									"name": "hat",
									"origin": [0, -0.5, -0.5],
									"color": 3,
									"children": []
								}
							]
						}
					]
				},
				{
					"name": "leftArm",
					"origin": [5.75, 4.75, -0.25],
					"color": 4,
					"children": []
				},
				{
					"name": "rightArm",
					"origin": [-6.75, 4.75, -0.25],
					"color": 5,
					"children": []
				},
				{
					"name": "leftLeg",
					"origin": [1.9, 3.5, 0],
					"color": 6,
					"children": []
				},
				{
					"name": "rightLeg",
					"origin": [-2.9, 3.5, 0],
					"color": 7,
					"children": []
				}
			]
		},
		9,
		10
	]
}