{
	"credit": "Made with Blockbench",
	"texture_size": [32, 32],
	"textures": {
		"1": "item/white_red_gift_box"
	},
	"elements": [
		{
			"name": "lid",
			"from": [3.5, 6.01, 3.5],
			"to": [12.5, 8.01, 12.5],
			"faces": {
				"north": {"uv": [0, 0, 8, 2], "texture": "#1"},
				"east": {"uv": [0, 0, 8, 2], "texture": "#1"},
				"south": {"uv": [0, 0, 8, 2], "texture": "#1"},
				"west": {"uv": [0, 0, 8, 2], "texture": "#1"},
				"up": {"uv": [0, 8, 8, 16], "texture": "#1"},
				"down": {"uv": [0, 8, 8, 16], "texture": "#1"}
			}
		},
		{
			"name": "box",
			"from": [4, 0, 4],
			"to": [12, 8, 12],
			"faces": {
				"north": {"uv": [0, 0, 8, 8], "texture": "#1"},
				"east": {"uv": [0, 0, 8, 8], "texture": "#1"},
				"south": {"uv": [0, 0, 8, 8], "texture": "#1"},
				"west": {"uv": [0, 0, 8, 8], "texture": "#1"},
				"up": {"uv": [0, 0, 0, 0], "texture": "#1"},
				"down": {"uv": [8, 2, 16, 10], "texture": "#1"}
			}
		},
		{
			"from": [5.33774, 6.22155, 6.5],
			"to": [5.83774, 6.22155, 9.5],
			"rotation": {"angle": -45, "axis": "z", "origin": [7.87349, 10.15658, 8]},
			"faces": {
				"north": {"uv": [0, 0, 0, 0], "texture": "#1"},
				"east": {"uv": [0, 0, 0, 0], "texture": "#1"},
				"south": {"uv": [0, 0, 0, 0], "texture": "#1"},
				"west": {"uv": [0, 0, 0, 0], "texture": "#1"},
				"up": {"uv": [8, 13, 8.5, 16], "texture": "#1"},
				"down": {"uv": [8, 13, 8.5, 16], "rotation": 180, "texture": "#1"}
			}
		},
		{
			"from": [3.26753, 10.99382, 6.5],
			"to": [3.26753, 11.49382, 9.5],
			"rotation": {"angle": 22.5, "axis": "z", "origin": [7.87349, 10.15658, 8]},
			"faces": {
				"north": {"uv": [0, 0, 0, 0], "texture": "#1"},
				"east": {"uv": [8.5, 13, 9, 16], "rotation": 270, "texture": "#1"},
				"south": {"uv": [0, 0, 0, 0], "texture": "#1"},
				"west": {"uv": [8.5, 13, 9, 16], "rotation": 270, "texture": "#1"},
				"up": {"uv": [0, 0, 0, 0], "texture": "#1"},
				"down": {"uv": [0, 0, 0, 0], "texture": "#1"}
			}
		},
		{
			"from": [3.10633, 9.62979, 6.5],
			"to": [3.10633, 10.12979, 9.5],
			"rotation": {"angle": 0, "axis": "z", "origin": [7.87349, 10.15658, 8]},
			"faces": {
				"north": {"uv": [0, 0, 0, 0], "texture": "#1"},
				"east": {"uv": [8, 13, 8.5, 16], "rotation": 270, "texture": "#1"},
				"south": {"uv": [0, 0, 0, 0], "texture": "#1"},
				"west": {"uv": [8, 13, 8.5, 16], "rotation": 270, "texture": "#1"},
				"up": {"uv": [0, 0, 0, 0], "texture": "#1"},
				"down": {"uv": [0, 0, 0, 0], "texture": "#1"}
			}
		},
		{
			"from": [3.47938, 8.30789, 6.5],
			"to": [3.47938, 8.80789, 9.5],
			"rotation": {"angle": -22.5, "axis": "z", "origin": [7.87349, 10.15658, 8]},
			"faces": {
				"north": {"uv": [0, 0, 0, 0], "texture": "#1"},
				"east": {"uv": [8.5, 13, 9, 16], "rotation": 270, "texture": "#1"},
				"south": {"uv": [0, 0, 0, 0], "texture": "#1"},
				"west": {"uv": [8.5, 13, 9, 16], "rotation": 270, "texture": "#1"},
				"up": {"uv": [0, 0, 0, 0], "texture": "#1"},
				"down": {"uv": [0, 0, 0, 0], "texture": "#1"}
			}
		},
		{
			"from": [4.32991, 7.22939, 6.5],
			"to": [4.32991, 7.72939, 9.5],
			"rotation": {"angle": -45, "axis": "z", "origin": [7.87349, 10.15658, 8]},
			"faces": {
				"north": {"uv": [0, 0, 0, 0], "texture": "#1"},
				"east": {"uv": [8, 13, 8.5, 16], "rotation": 270, "texture": "#1"},
				"south": {"uv": [0, 0, 0, 0], "texture": "#1"},
				"west": {"uv": [8, 13, 8.5, 16], "rotation": 270, "texture": "#1"},
				"up": {"uv": [0, 0, 0, 0], "texture": "#1"},
				"down": {"uv": [0, 0, 0, 0], "texture": "#1"}
			}
		},
		{
			"from": [4.27499, 12.50058, 6.5],
			"to": [4.77499, 12.50058, 9.5],
			"rotation": {"angle": 22.5, "axis": "z", "origin": [7.87349, 10.15658, 8]},
			"faces": {
				"north": {"uv": [0, 0, 0, 0], "texture": "#1"},
				"east": {"uv": [0, 0, 0, 0], "texture": "#1"},
				"south": {"uv": [0, 0, 0, 0], "texture": "#1"},
				"west": {"uv": [0, 0, 0, 0], "texture": "#1"},
				"up": {"uv": [8.5, 13, 9, 16], "texture": "#1"},
				"down": {"uv": [8.5, 13, 9, 16], "rotation": 180, "texture": "#1"}
			}
		},
		{
			"from": [4.11346, 11.13633, 6.5],
			"to": [4.61346, 11.13633, 9.5],
			"rotation": {"angle": 0, "axis": "z", "origin": [7.87349, 10.15658, 8]},
			"faces": {
				"north": {"uv": [0, 0, 0, 0], "texture": "#1"},
				"east": {"uv": [0, 0, 0, 0], "texture": "#1"},
				"south": {"uv": [0, 0, 0, 0], "texture": "#1"},
				"west": {"uv": [0, 0, 0, 0], "texture": "#1"},
				"up": {"uv": [8, 13, 8.5, 16], "texture": "#1"},
				"down": {"uv": [8, 13, 8.5, 16], "rotation": 180, "texture": "#1"}
			}
		},
		{
			"from": [4.48629, 9.81411, 6.5],
			"to": [4.98629, 9.81411, 9.5],
			"rotation": {"angle": -22.5, "axis": "z", "origin": [7.87349, 10.15658, 8]},
			"faces": {
				"north": {"uv": [0, 0, 0, 0], "texture": "#1"},
				"east": {"uv": [0, 0, 0, 0], "texture": "#1"},
				"south": {"uv": [0, 0, 0, 0], "texture": "#1"},
				"west": {"uv": [0, 0, 0, 0], "texture": "#1"},
				"up": {"uv": [8.5, 13, 9, 16], "texture": "#1"},
				"down": {"uv": [8.5, 13, 9, 16], "rotation": 180, "texture": "#1"}
			}
		},
		{
			"from": [5.33674, 8.73522, 6.5],
			"to": [5.83674, 8.73522, 9.5],
			"rotation": {"angle": -45, "axis": "z", "origin": [7.87349, 10.15658, 8]},
			"faces": {
				"north": {"uv": [0, 0, 0, 0], "texture": "#1"},
				"east": {"uv": [0, 0, 0, 0], "texture": "#1"},
				"south": {"uv": [0, 0, 0, 0], "texture": "#1"},
				"west": {"uv": [0, 0, 0, 0], "texture": "#1"},
				"up": {"uv": [8, 13, 8.5, 16], "texture": "#1"},
				"down": {"uv": [8, 13, 8.5, 16], "rotation": 180, "texture": "#1"}
			}
		},
		{
			"from": [5.57153, 7.8206, 6.5],
			"to": [5.57153, 10.6206, 9.5],
			"rotation": {"angle": 22.5, "axis": "z", "origin": [5.57153, 10.2456, 8]},
			"faces": {
				"north": {"uv": [0, 0, 0, 0], "texture": "#1"},
				"east": {"uv": [8, 13, 11, 16], "rotation": 270, "texture": "#1"},
				"south": {"uv": [0, 0, 0, 0], "texture": "#1"},
				"west": {"uv": [8, 13, 11, 16], "rotation": 270, "texture": "#1"},
				"up": {"uv": [0, 0, 0, 0], "texture": "#1"},
				"down": {"uv": [0, 0, 0, 0], "texture": "#1"}
			}
		},
		{
			"from": [4.48722, 7.30006, 6.5],
			"to": [6.53722, 7.30006, 9.5],
			"rotation": {"angle": -22.5, "axis": "z", "origin": [7.87349, 10.15658, 8]},
			"faces": {
				"north": {"uv": [0, 0, 0, 0], "texture": "#1"},
				"east": {"uv": [0, 0, 0, 0], "texture": "#1"},
				"south": {"uv": [0, 0, 0, 0], "texture": "#1"},
				"west": {"uv": [0, 0, 0, 0], "texture": "#1"},
				"up": {"uv": [8, 13, 11, 16], "texture": "#1"},
				"down": {"uv": [8, 13, 11, 16], "rotation": 180, "texture": "#1"}
			}
		},
		{
			"from": [5.54618, 8.02879, 6.5],
			"to": [6.47118, 8.02879, 9.5],
			"rotation": {"angle": 0, "axis": "x", "origin": [6.24618, 8.00379, 8]},
			"faces": {
				"north": {"uv": [0, 0, 0, 0], "texture": "#1"},
				"east": {"uv": [0, 0, 0, 0], "texture": "#1"},
				"south": {"uv": [0, 0, 0, 0], "texture": "#1"},
				"west": {"uv": [0, 0, 0, 0], "texture": "#1"},
				"up": {"uv": [8, 13, 8.5, 16], "texture": "#1"},
				"down": {"uv": [0, 0, 0, 0], "texture": "#1"}
			}
		},
		{
			"from": [6.50046, 8.02879, 5.54571],
			"to": [9.50046, 8.02879, 6.47071],
			"rotation": {"angle": 0, "axis": "x", "origin": [8.00046, 8.00379, 6.24571]},
			"faces": {
				"north": {"uv": [0, 0, 0, 0], "texture": "#1"},
				"east": {"uv": [0, 0, 0, 0], "texture": "#1"},
				"south": {"uv": [0, 0, 0, 0], "texture": "#1"},
				"west": {"uv": [0, 0, 0, 0], "texture": "#1"},
				"up": {"uv": [8, 13, 8.5, 16], "rotation": 90, "texture": "#1"},
				"down": {"uv": [0, 0, 0, 0], "texture": "#1"}
			}
		},
		{
			"from": [6.50046, 7.30006, 4.48676],
			"to": [9.50046, 7.30006, 6.53676],
			"rotation": {"angle": 22.5, "axis": "x", "origin": [8.00046, 10.15658, 7.87303]},
			"faces": {
				"north": {"uv": [0, 0, 0, 0], "texture": "#1"},
				"east": {"uv": [0, 0, 0, 0], "texture": "#1"},
				"south": {"uv": [0, 0, 0, 0], "texture": "#1"},
				"west": {"uv": [0, 0, 0, 0], "texture": "#1"},
				"up": {"uv": [8, 13, 11, 16], "rotation": 90, "texture": "#1"},
				"down": {"uv": [8, 13, 11, 16], "rotation": 90, "texture": "#1"}
			}
		},
		{
			"from": [6.50046, 7.8206, 5.57107],
			"to": [9.50046, 10.6206, 5.57107],
			"rotation": {"angle": -22.5, "axis": "x", "origin": [8.00046, 10.2456, 5.57107]},
			"faces": {
				"north": {"uv": [8, 13, 11, 16], "rotation": 270, "texture": "#1"},
				"east": {"uv": [0, 0, 0, 0], "texture": "#1"},
				"south": {"uv": [8, 13, 11, 16], "rotation": 270, "texture": "#1"},
				"west": {"uv": [0, 0, 0, 0], "texture": "#1"},
				"up": {"uv": [0, 0, 0, 0], "texture": "#1"},
				"down": {"uv": [0, 0, 0, 0], "texture": "#1"}
			}
		},
		{
			"from": [6.50046, 8.73522, 5.33628],
			"to": [9.50046, 8.73522, 5.83628],
			"rotation": {"angle": 45, "axis": "x", "origin": [8.00046, 10.15658, 7.87303]},
			"faces": {
				"north": {"uv": [0, 0, 0, 0], "texture": "#1"},
				"east": {"uv": [0, 0, 0, 0], "texture": "#1"},
				"south": {"uv": [0, 0, 0, 0], "texture": "#1"},
				"west": {"uv": [0, 0, 0, 0], "texture": "#1"},
				"up": {"uv": [8, 13, 8.5, 16], "rotation": 90, "texture": "#1"},
				"down": {"uv": [8, 13, 8.5, 16], "rotation": 90, "texture": "#1"}
			}
		},
		{
			"from": [6.50046, 9.81411, 4.48583],
			"to": [9.50046, 9.81411, 4.98583],
			"rotation": {"angle": 22.5, "axis": "x", "origin": [8.00046, 10.15658, 7.87303]},
			"faces": {
				"north": {"uv": [0, 0, 0, 0], "texture": "#1"},
				"east": {"uv": [0, 0, 0, 0], "texture": "#1"},
				"south": {"uv": [0, 0, 0, 0], "texture": "#1"},
				"west": {"uv": [0, 0, 0, 0], "texture": "#1"},
				"up": {"uv": [8.5, 13, 9, 16], "rotation": 90, "texture": "#1"},
				"down": {"uv": [8.5, 13, 9, 16], "rotation": 90, "texture": "#1"}
			}
		},
		{
			"from": [6.50046, 11.13633, 4.11299],
			"to": [9.50046, 11.13633, 4.61299],
			"rotation": {"angle": 0, "axis": "z", "origin": [8.00046, 10.15658, 7.87303]},
			"faces": {
				"north": {"uv": [0, 0, 0, 0], "texture": "#1"},
				"east": {"uv": [0, 0, 0, 0], "texture": "#1"},
				"south": {"uv": [0, 0, 0, 0], "texture": "#1"},
				"west": {"uv": [0, 0, 0, 0], "texture": "#1"},
				"up": {"uv": [8, 13, 8.5, 16], "rotation": 90, "texture": "#1"},
				"down": {"uv": [8, 13, 8.5, 16], "rotation": 90, "texture": "#1"}
			}
		},
		{
			"from": [6.50046, 12.50058, 4.27452],
			"to": [9.50046, 12.50058, 4.77452],
			"rotation": {"angle": -22.5, "axis": "x", "origin": [8.00046, 10.15658, 7.87303]},
			"faces": {
				"north": {"uv": [0, 0, 0, 0], "texture": "#1"},
				"east": {"uv": [0, 0, 0, 0], "texture": "#1"},
				"south": {"uv": [0, 0, 0, 0], "texture": "#1"},
				"west": {"uv": [0, 0, 0, 0], "texture": "#1"},
				"up": {"uv": [8.5, 13, 9, 16], "rotation": 90, "texture": "#1"},
				"down": {"uv": [8.5, 13, 9, 16], "rotation": 90, "texture": "#1"}
			}
		},
		{
			"from": [6.50046, 7.22939, 4.32945],
			"to": [9.50046, 7.72939, 4.32945],
			"rotation": {"angle": 45, "axis": "x", "origin": [8.00046, 10.15658, 7.87303]},
			"faces": {
				"north": {"uv": [8, 13, 8.5, 16], "rotation": 270, "texture": "#1"},
				"east": {"uv": [0, 0, 0, 0], "texture": "#1"},
				"south": {"uv": [8, 13, 8.5, 16], "rotation": 270, "texture": "#1"},
				"west": {"uv": [0, 0, 0, 0], "texture": "#1"},
				"up": {"uv": [0, 0, 0, 0], "texture": "#1"},
				"down": {"uv": [0, 0, 0, 0], "texture": "#1"}
			}
		},
		{
			"from": [6.50046, 8.30789, 3.47892],
			"to": [9.50046, 8.80789, 3.47892],
			"rotation": {"angle": 22.5, "axis": "x", "origin": [8.00046, 10.15658, 7.87303]},
			"faces": {
				"north": {"uv": [8.5, 13, 9, 16], "rotation": 270, "texture": "#1"},
				"east": {"uv": [0, 0, 0, 0], "texture": "#1"},
				"south": {"uv": [8.5, 13, 9, 16], "rotation": 270, "texture": "#1"},
				"west": {"uv": [0, 0, 0, 0], "texture": "#1"},
				"up": {"uv": [0, 0, 0, 0], "texture": "#1"},
				"down": {"uv": [0, 0, 0, 0], "texture": "#1"}
			}
		},
		{
			"from": [6.50046, 9.62979, 3.10587],
			"to": [9.50046, 10.12979, 3.10587],
			"rotation": {"angle": 0, "axis": "z", "origin": [8.00046, 10.15658, 7.87303]},
			"faces": {
				"north": {"uv": [8, 13, 8.5, 16], "rotation": 270, "texture": "#1"},
				"east": {"uv": [0, 0, 0, 0], "texture": "#1"},
				"south": {"uv": [8, 13, 8.5, 16], "rotation": 270, "texture": "#1"},
				"west": {"uv": [0, 0, 0, 0], "texture": "#1"},
				"up": {"uv": [0, 0, 0, 0], "texture": "#1"},
				"down": {"uv": [0, 0, 0, 0], "texture": "#1"}
			}
		},
		{
			"from": [6.50046, 10.99382, 3.26707],
			"to": [9.50046, 11.49382, 3.26707],
			"rotation": {"angle": -22.5, "axis": "x", "origin": [8.00046, 10.15658, 7.87303]},
			"faces": {
				"north": {"uv": [8.5, 13, 9, 16], "rotation": 270, "texture": "#1"},
				"east": {"uv": [0, 0, 0, 0], "texture": "#1"},
				"south": {"uv": [8.5, 13, 9, 16], "rotation": 270, "texture": "#1"},
				"west": {"uv": [0, 0, 0, 0], "texture": "#1"},
				"up": {"uv": [0, 0, 0, 0], "texture": "#1"},
				"down": {"uv": [0, 0, 0, 0], "texture": "#1"}
			}
		},
		{
			"from": [6.50046, 6.22155, 5.33728],
			"to": [9.50046, 6.22155, 5.83728],
			"rotation": {"angle": 45, "axis": "x", "origin": [8.00046, 10.15658, 7.87303]},
			"faces": {
				"north": {"uv": [0, 0, 0, 0], "texture": "#1"},
				"east": {"uv": [0, 0, 0, 0], "texture": "#1"},
				"south": {"uv": [0, 0, 0, 0], "texture": "#1"},
				"west": {"uv": [0, 0, 0, 0], "texture": "#1"},
				"up": {"uv": [8, 13, 8.5, 16], "rotation": 90, "texture": "#1"},
				"down": {"uv": [8, 13, 8.5, 16], "rotation": 90, "texture": "#1"}
			}
		},
		{
			"from": [9.52882, 8.02918, 6.5],
			"to": [10.45382, 8.02918, 9.5],
			"rotation": {"angle": 0, "axis": "x", "origin": [9.75382, 8.00418, 8]},
			"faces": {
				"north": {"uv": [0, 0, 0, 0], "texture": "#1"},
				"east": {"uv": [0, 0, 0, 0], "texture": "#1"},
				"south": {"uv": [0, 0, 0, 0], "texture": "#1"},
				"west": {"uv": [0, 0, 0, 0], "texture": "#1"},
				"up": {"uv": [8, 13, 8.5, 16], "rotation": 180, "texture": "#1"},
				"down": {"uv": [0, 0, 0, 0], "texture": "#1"}
			}
		},
		{
			"from": [9.46278, 7.30044, 6.5],
			"to": [11.51278, 7.30044, 9.5],
			"rotation": {"angle": 22.5, "axis": "z", "origin": [8.12651, 10.15696, 8]},
			"faces": {
				"north": {"uv": [0, 0, 0, 0], "texture": "#1"},
				"east": {"uv": [0, 0, 0, 0], "texture": "#1"},
				"south": {"uv": [0, 0, 0, 0], "texture": "#1"},
				"west": {"uv": [0, 0, 0, 0], "texture": "#1"},
				"up": {"uv": [8, 13, 11, 16], "rotation": 180, "texture": "#1"},
				"down": {"uv": [8, 13, 11, 16], "texture": "#1"}
			}
		},
		{
			"from": [10.42847, 7.82098, 6.5],
			"to": [10.42847, 10.62098, 9.5],
			"rotation": {"angle": -22.5, "axis": "z", "origin": [10.42847, 10.24598, 8]},
			"faces": {
				"north": {"uv": [0, 0, 0, 0], "texture": "#1"},
				"east": {"uv": [8, 13, 11, 16], "rotation": 270, "texture": "#1"},
				"south": {"uv": [0, 0, 0, 0], "texture": "#1"},
				"west": {"uv": [8, 13, 11, 16], "rotation": 270, "texture": "#1"},
				"up": {"uv": [0, 0, 0, 0], "texture": "#1"},
				"down": {"uv": [0, 0, 0, 0], "texture": "#1"}
			}
		},
		{
			"from": [10.16326, 8.7356, 6.5],
			"to": [10.66326, 8.7356, 9.5],
			"rotation": {"angle": 45, "axis": "z", "origin": [8.12651, 10.15696, 8]},
			"faces": {
				"north": {"uv": [0, 0, 0, 0], "texture": "#1"},
				"east": {"uv": [0, 0, 0, 0], "texture": "#1"},
				"south": {"uv": [0, 0, 0, 0], "texture": "#1"},
				"west": {"uv": [0, 0, 0, 0], "texture": "#1"},
				"up": {"uv": [8, 13, 8.5, 16], "rotation": 180, "texture": "#1"},
				"down": {"uv": [8, 13, 8.5, 16], "texture": "#1"}
			}
		},
		{
			"from": [11.01371, 9.81449, 6.5],
			"to": [11.51371, 9.81449, 9.5],
			"rotation": {"angle": 22.5, "axis": "z", "origin": [8.12651, 10.15696, 8]},
			"faces": {
				"north": {"uv": [0, 0, 0, 0], "texture": "#1"},
				"east": {"uv": [0, 0, 0, 0], "texture": "#1"},
				"south": {"uv": [0, 0, 0, 0], "texture": "#1"},
				"west": {"uv": [0, 0, 0, 0], "texture": "#1"},
				"up": {"uv": [8.5, 13, 9, 16], "rotation": 180, "texture": "#1"},
				"down": {"uv": [8.5, 13, 9, 16], "texture": "#1"}
			}
		},
		{
			"from": [11.38654, 11.13671, 6.5],
			"to": [11.88654, 11.13671, 9.5],
			"rotation": {"angle": 0, "axis": "z", "origin": [8.12651, 10.15696, 8]},
			"faces": {
				"north": {"uv": [0, 0, 0, 0], "texture": "#1"},
				"east": {"uv": [0, 0, 0, 0], "texture": "#1"},
				"south": {"uv": [0, 0, 0, 0], "texture": "#1"},
				"west": {"uv": [0, 0, 0, 0], "texture": "#1"},
				"up": {"uv": [8, 13, 8.5, 16], "rotation": 180, "texture": "#1"},
				"down": {"uv": [8, 13, 8.5, 16], "texture": "#1"}
			}
		},
		{
			"from": [11.22501, 12.50096, 6.5],
			"to": [11.72501, 12.50096, 9.5],
			"rotation": {"angle": -22.5, "axis": "z", "origin": [8.12651, 10.15696, 8]},
			"faces": {
				"north": {"uv": [0, 0, 0, 0], "texture": "#1"},
				"east": {"uv": [0, 0, 0, 0], "texture": "#1"},
				"south": {"uv": [0, 0, 0, 0], "texture": "#1"},
				"west": {"uv": [0, 0, 0, 0], "texture": "#1"},
				"up": {"uv": [8.5, 13, 9, 16], "rotation": 180, "texture": "#1"},
				"down": {"uv": [8.5, 13, 9, 16], "texture": "#1"}
			}
		},
		{
			"from": [11.67009, 7.22977, 6.5],
			"to": [11.67009, 7.72977, 9.5],
			"rotation": {"angle": 45, "axis": "z", "origin": [8.12651, 10.15696, 8]},
			"faces": {
				"north": {"uv": [0, 0, 0, 0], "texture": "#1"},
				"east": {"uv": [8, 13, 8.5, 16], "rotation": 270, "texture": "#1"},
				"south": {"uv": [0, 0, 0, 0], "texture": "#1"},
				"west": {"uv": [8, 13, 8.5, 16], "rotation": 270, "texture": "#1"},
				"up": {"uv": [0, 0, 0, 0], "texture": "#1"},
				"down": {"uv": [0, 0, 0, 0], "texture": "#1"}
			}
		},
		{
			"from": [12.52062, 8.30828, 6.5],
			"to": [12.52062, 8.80828, 9.5],
			"rotation": {"angle": 22.5, "axis": "z", "origin": [8.12651, 10.15696, 8]},
			"faces": {
				"north": {"uv": [0, 0, 0, 0], "texture": "#1"},
				"east": {"uv": [8.5, 13, 9, 16], "rotation": 270, "texture": "#1"},
				"south": {"uv": [0, 0, 0, 0], "texture": "#1"},
				"west": {"uv": [8.5, 13, 9, 16], "rotation": 270, "texture": "#1"},
				"up": {"uv": [0, 0, 0, 0], "texture": "#1"},
				"down": {"uv": [0, 0, 0, 0], "texture": "#1"}
			}
		},
		{
			"from": [12.89367, 9.63017, 6.5],
			"to": [12.89367, 10.13017, 9.5],
			"rotation": {"angle": 0, "axis": "z", "origin": [8.12651, 10.15696, 8]},
			"faces": {
				"north": {"uv": [0, 0, 0, 0], "texture": "#1"},
				"east": {"uv": [8, 13, 8.5, 16], "rotation": 270, "texture": "#1"},
				"south": {"uv": [0, 0, 0, 0], "texture": "#1"},
				"west": {"uv": [8, 13, 8.5, 16], "rotation": 270, "texture": "#1"},
				"up": {"uv": [0, 0, 0, 0], "texture": "#1"},
				"down": {"uv": [0, 0, 0, 0], "texture": "#1"}
			}
		},
		{
			"from": [12.73247, 10.9942, 6.5],
			"to": [12.73247, 11.4942, 9.5],
			"rotation": {"angle": -22.5, "axis": "z", "origin": [8.12651, 10.15696, 8]},
			"faces": {
				"north": {"uv": [0, 0, 0, 0], "texture": "#1"},
				"east": {"uv": [8.5, 13, 9, 16], "rotation": 270, "texture": "#1"},
				"south": {"uv": [0, 0, 0, 0], "texture": "#1"},
				"west": {"uv": [8.5, 13, 9, 16], "rotation": 270, "texture": "#1"},
				"up": {"uv": [0, 0, 0, 0], "texture": "#1"},
				"down": {"uv": [0, 0, 0, 0], "texture": "#1"}
			}
		},
		{
			"from": [10.16226, 6.22193, 6.5],
			"to": [10.66226, 6.22193, 9.5],
			"rotation": {"angle": 45, "axis": "z", "origin": [8.12651, 10.15696, 8]},
			"faces": {
				"north": {"uv": [0, 0, 0, 0], "texture": "#1"},
				"east": {"uv": [0, 0, 0, 0], "texture": "#1"},
				"south": {"uv": [0, 0, 0, 0], "texture": "#1"},
				"west": {"uv": [0, 0, 0, 0], "texture": "#1"},
				"up": {"uv": [8, 13, 8.5, 16], "rotation": 180, "texture": "#1"},
				"down": {"uv": [8, 13, 8.5, 16], "texture": "#1"}
			}
		},
		{
			"from": [6.49954, 6.22193, 10.16272],
			"to": [9.49954, 6.22193, 10.66272],
			"rotation": {"angle": -45, "axis": "x", "origin": [7.99954, 10.15696, 8.12697]},
			"faces": {
				"north": {"uv": [0, 0, 0, 0], "texture": "#1"},
				"east": {"uv": [0, 0, 0, 0], "texture": "#1"},
				"south": {"uv": [0, 0, 0, 0], "texture": "#1"},
				"west": {"uv": [0, 0, 0, 0], "texture": "#1"},
				"up": {"uv": [8, 13, 8.5, 16], "rotation": 270, "texture": "#1"},
				"down": {"uv": [8, 13, 8.5, 16], "rotation": 270, "texture": "#1"}
			}
		},
		{
			"from": [6.49954, 10.9942, 12.73293],
			"to": [9.49954, 11.4942, 12.73293],
			"rotation": {"angle": 22.5, "axis": "x", "origin": [7.99954, 10.15696, 8.12697]},
			"faces": {
				"north": {"uv": [8.5, 13, 9, 16], "rotation": 270, "texture": "#1"},
				"east": {"uv": [0, 0, 0, 0], "texture": "#1"},
				"south": {"uv": [8.5, 13, 9, 16], "rotation": 270, "texture": "#1"},
				"west": {"uv": [0, 0, 0, 0], "texture": "#1"},
				"up": {"uv": [0, 0, 0, 0], "texture": "#1"},
				"down": {"uv": [0, 0, 0, 0], "texture": "#1"}
			}
		},
		{
			"from": [6.49954, 9.63017, 12.89413],
			"to": [9.49954, 10.13017, 12.89413],
			"rotation": {"angle": 0, "axis": "z", "origin": [7.99954, 10.15696, 8.12697]},
			"faces": {
				"north": {"uv": [8, 13, 8.5, 16], "rotation": 270, "texture": "#1"},
				"east": {"uv": [0, 0, 0, 0], "texture": "#1"},
				"south": {"uv": [8, 13, 8.5, 16], "rotation": 270, "texture": "#1"},
				"west": {"uv": [0, 0, 0, 0], "texture": "#1"},
				"up": {"uv": [0, 0, 0, 0], "texture": "#1"},
				"down": {"uv": [0, 0, 0, 0], "texture": "#1"}
			}
		},
		{
			"from": [6.49954, 8.30828, 12.52108],
			"to": [9.49954, 8.80828, 12.52108],
			"rotation": {"angle": -22.5, "axis": "x", "origin": [7.99954, 10.15696, 8.12697]},
			"faces": {
				"north": {"uv": [8.5, 13, 9, 16], "rotation": 270, "texture": "#1"},
				"east": {"uv": [0, 0, 0, 0], "texture": "#1"},
				"south": {"uv": [8.5, 13, 9, 16], "rotation": 270, "texture": "#1"},
				"west": {"uv": [0, 0, 0, 0], "texture": "#1"},
				"up": {"uv": [0, 0, 0, 0], "texture": "#1"},
				"down": {"uv": [0, 0, 0, 0], "texture": "#1"}
			}
		},
		{
			"from": [6.49954, 7.22977, 11.67055],
			"to": [9.49954, 7.72977, 11.67055],
			"rotation": {"angle": -45, "axis": "x", "origin": [7.99954, 10.15696, 8.12697]},
			"faces": {
				"north": {"uv": [8, 13, 8.5, 16], "rotation": 270, "texture": "#1"},
				"east": {"uv": [0, 0, 0, 0], "texture": "#1"},
				"south": {"uv": [8, 13, 8.5, 16], "rotation": 270, "texture": "#1"},
				"west": {"uv": [0, 0, 0, 0], "texture": "#1"},
				"up": {"uv": [0, 0, 0, 0], "texture": "#1"},
				"down": {"uv": [0, 0, 0, 0], "texture": "#1"}
			}
		},
		{
			"from": [6.49954, 12.50096, 11.22548],
			"to": [9.49954, 12.50096, 11.72548],
			"rotation": {"angle": 22.5, "axis": "x", "origin": [7.99954, 10.15696, 8.12697]},
			"faces": {
				"north": {"uv": [0, 0, 0, 0], "texture": "#1"},
				"east": {"uv": [0, 0, 0, 0], "texture": "#1"},
				"south": {"uv": [0, 0, 0, 0], "texture": "#1"},
				"west": {"uv": [0, 0, 0, 0], "texture": "#1"},
				"up": {"uv": [8.5, 13, 9, 16], "rotation": 270, "texture": "#1"},
				"down": {"uv": [8.5, 13, 9, 16], "rotation": 270, "texture": "#1"}
			}
		},
		{
			"from": [6.49954, 11.13671, 11.38701],
			"to": [9.49954, 11.13671, 11.88701],
			"rotation": {"angle": 0, "axis": "z", "origin": [7.99954, 10.15696, 8.12697]},
			"faces": {
				"north": {"uv": [0, 0, 0, 0], "texture": "#1"},
				"east": {"uv": [0, 0, 0, 0], "texture": "#1"},
				"south": {"uv": [0, 0, 0, 0], "texture": "#1"},
				"west": {"uv": [0, 0, 0, 0], "texture": "#1"},
				"up": {"uv": [8, 13, 8.5, 16], "rotation": 270, "texture": "#1"},
				"down": {"uv": [8, 13, 8.5, 16], "rotation": 270, "texture": "#1"}
			}
		},
		{
			"from": [6.49954, 9.81449, 11.01417],
			"to": [9.49954, 9.81449, 11.51417],
			"rotation": {"angle": -22.5, "axis": "x", "origin": [7.99954, 10.15696, 8.12697]},
			"faces": {
				"north": {"uv": [0, 0, 0, 0], "texture": "#1"},
				"east": {"uv": [0, 0, 0, 0], "texture": "#1"},
				"south": {"uv": [0, 0, 0, 0], "texture": "#1"},
				"west": {"uv": [0, 0, 0, 0], "texture": "#1"},
				"up": {"uv": [8.5, 13, 9, 16], "rotation": 270, "texture": "#1"},
				"down": {"uv": [8.5, 13, 9, 16], "rotation": 270, "texture": "#1"}
			}
		},
		{
			"from": [6.49954, 8.7356, 10.16372],
			"to": [9.49954, 8.7356, 10.66372],
			"rotation": {"angle": -45, "axis": "x", "origin": [7.99954, 10.15696, 8.12697]},
			"faces": {
				"north": {"uv": [0, 0, 0, 0], "texture": "#1"},
				"east": {"uv": [0, 0, 0, 0], "texture": "#1"},
				"south": {"uv": [0, 0, 0, 0], "texture": "#1"},
				"west": {"uv": [0, 0, 0, 0], "texture": "#1"},
				"up": {"uv": [8, 13, 8.5, 16], "rotation": 270, "texture": "#1"},
				"down": {"uv": [8, 13, 8.5, 16], "rotation": 270, "texture": "#1"}
			}
		},
		{
			"from": [6.49954, 7.82098, 10.42893],
			"to": [9.49954, 10.62098, 10.42893],
			"rotation": {"angle": 22.5, "axis": "x", "origin": [7.99954, 10.24598, 10.42893]},
			"faces": {
				"north": {"uv": [8, 13, 11, 16], "rotation": 270, "texture": "#1"},
				"east": {"uv": [0, 0, 0, 0], "texture": "#1"},
				"south": {"uv": [8, 13, 11, 16], "rotation": 270, "texture": "#1"},
				"west": {"uv": [0, 0, 0, 0], "texture": "#1"},
				"up": {"uv": [0, 0, 0, 0], "texture": "#1"},
				"down": {"uv": [0, 0, 0, 0], "texture": "#1"}
			}
		},
		{
			"from": [6.49954, 7.30044, 9.46324],
			"to": [9.49954, 7.30044, 11.51324],
			"rotation": {"angle": -22.5, "axis": "x", "origin": [7.99954, 10.15696, 8.12697]},
			"faces": {
				"north": {"uv": [0, 0, 0, 0], "texture": "#1"},
				"east": {"uv": [0, 0, 0, 0], "texture": "#1"},
				"south": {"uv": [0, 0, 0, 0], "texture": "#1"},
				"west": {"uv": [0, 0, 0, 0], "texture": "#1"},
				"up": {"uv": [8, 13, 11, 16], "rotation": 270, "texture": "#1"},
				"down": {"uv": [8, 13, 11, 16], "rotation": 270, "texture": "#1"}
			}
		},
		{
			"from": [6.49954, 8.02918, 9.52929],
			"to": [9.49954, 8.02918, 10.45429],
			"rotation": {"angle": 0, "axis": "x", "origin": [7.99954, 8.00418, 9.75429]},
			"faces": {
				"north": {"uv": [0, 0, 0, 0], "texture": "#1"},
				"east": {"uv": [0, 0, 0, 0], "texture": "#1"},
				"south": {"uv": [0, 0, 0, 0], "texture": "#1"},
				"west": {"uv": [0, 0, 0, 0], "texture": "#1"},
				"up": {"uv": [8, 13, 8.5, 16], "rotation": 270, "texture": "#1"},
				"down": {"uv": [0, 0, 0, 0], "texture": "#1"}
			}
		}
	],
	"display": {
		"thirdperson_righthand": {
			"rotation": [75, 45, 0],
			"translation": [0, 1.5, 0],
			"scale": [0.375, 0.375, 0.375]
		},
		"thirdperson_lefthand": {
			"rotation": [75, 45, 0],
			"translation": [0, 1.5, 0],
			"scale": [0.375, 0.375, 0.375]
		},
		"firstperson_righthand": {
			"rotation": [0, 45, 0],
			"scale": [0.4, 0.4, 0.4]
		},
		"firstperson_lefthand": {
			"rotation": [0, 225, 0],
			"scale": [0.4, 0.4, 0.4]
		},
		"ground": {
			"translation": [0, 3, 0],
			"scale": [0.25, 0.25, 0.25]
		},
		"gui": {
			"rotation": [30, 225, 0],
			"scale": [0.625, 0.625, 0.625]
		},
		"head": {
			"translation": [0, 7.25, 0],
			"scale": [1.81, 1.81, 1.81]
		},
		"fixed": {
			"rotation": [-90, 0, 0],
			"translation": [0, 0, -22],
			"scale": [3.01, 3.01, 3.01]
		}
	}
}