{
	"credit": "Made with Blockbench",
	"textures": {
		"4": "item/custom_flame_ani",
		"5": "item/mc_blue_candle_lit",
		"bottom": "item/mc_cake_bottom",
		"top": "item/mc_cake_top",
		"particle": "item/mc_cake_side",
		"side": "item/mc_cake_side"
	},
	"elements": [
		{
			"from": [1, 0, 1],
			"to": [15, 8, 15],
			"faces": {
				"north": {"uv": [1, 8, 15, 16], "texture": "#side"},
				"east": {"uv": [1, 8, 15, 16], "texture": "#side"},
				"south": {"uv": [1, 8, 15, 16], "texture": "#side"},
				"west": {"uv": [1, 8, 15, 16], "texture": "#side"},
				"up": {"uv": [1, 1, 15, 15], "texture": "#top"},
				"down": {"uv": [1, 1, 15, 15], "texture": "#bottom", "cullface": "down"}
			}
		},
		{
			"from": [7, 8, 7],
			"to": [9, 14, 9],
			"faces": {
				"north": {"uv": [0, 8, 2, 14], "texture": "#5"},
				"east": {"uv": [0, 8, 2, 14], "texture": "#5"},
				"south": {"uv": [0, 8, 2, 14], "texture": "#5"},
				"west": {"uv": [0, 8, 2, 14], "texture": "#5"},
				"up": {"uv": [0, 6, 2, 8], "texture": "#5"},
				"down": {"uv": [0, 14, 2, 16], "texture": "#5", "cullface": "down"}
			}
		},
		{
			"from": [7.5, 14, 8],
			"to": [8.5, 15, 8],
			"rotation": {"angle": -45, "axis": "y", "origin": [8, 14, 8]},
			"faces": {
				"north": {"uv": [0, 5, 1, 6], "texture": "#5"},
				"south": {"uv": [0, 5, 1, 6], "texture": "#5"}
			}
		},
		{
			"from": [7.5, 14, 8],
			"to": [8.5, 15, 8],
			"rotation": {"angle": 45, "axis": "y", "origin": [8, 14, 8]},
			"faces": {
				"north": {"uv": [0, 5, 1, 6], "texture": "#5"},
				"south": {"uv": [0, 5, 1, 6], "texture": "#5"}
			}
		},
		{
			"from": [8, 15, 7.25],
			"to": [8, 17.5, 8.75],
			"rotation": {"angle": -45, "axis": "y", "origin": [8, 16.25, 8]},
			"faces": {
				"north": {"uv": [0, 0, 0, 0], "texture": "#4"},
				"east": {"uv": [16, 8.5, 11, 16], "texture": "#4"},
				"south": {"uv": [0, 0, 0, 0], "texture": "#4"},
				"west": {"uv": [11, 8.5, 16, 16], "texture": "#4"},
				"up": {"uv": [0, 0, 0, 0], "texture": "#4"},
				"down": {"uv": [0, 0, 0, 0], "texture": "#4"}
			}
		},
		{
			"from": [7.25, 15, 8],
			"to": [8.75, 17.5, 8],
			"rotation": {"angle": -45, "axis": "y", "origin": [8, 16.25, 8]},
			"faces": {
				"north": {"uv": [11, 8.5, 16, 16], "texture": "#4"},
				"east": {"uv": [0, 0, 0, 0], "texture": "#4"},
				"south": {"uv": [16, 8.5, 11, 16], "texture": "#4"},
				"west": {"uv": [0, 0, 0, 0], "texture": "#4"},
				"up": {"uv": [0, 0, 0, 0], "rotation": 90, "texture": "#4"},
				"down": {"uv": [0, 0, 0, 0], "rotation": 270, "texture": "#4"}
			}
		}
	],
	"display": {
		"thirdperson_righthand": {
			"rotation": [75, 45, 0],
			"translation": [0, 2.5, 0],
			"scale": [0.375, 0.375, 0.375]
		},
		"thirdperson_lefthand": {
			"rotation": [75, 45, 0],
			"translation": [0, 2.5, 0],
			"scale": [0.375, 0.375, 0.375]
		},
		"firstperson_righthand": {
			"rotation": [0, 45, 0],
			"scale": [0.4, 0.4, 0.4]
		},
		"firstperson_lefthand": {
			"rotation": [0, 45, 0],
			"scale": [0.4, 0.4, 0.4]
		},
		"ground": {
			"translation": [0, 3, 0],
			"scale": [0.25, 0.25, 0.25]
		},
		"gui": {
			"rotation": [30, 225, 0],
			"scale": [0.625, 0.625, 0.625]
		},
		"head": {
			"rotation": [7.5, 0, 0],
			"translation": [0, 10.5, 0.95],
			"scale": [1.07, 1.07, 1.07]
		},
		"fixed": {
			"rotation": [-90, 180, 0],
			"translation": [0, 0, -14],
			"scale": [2, 2, 2]
		}
	}
}