{
	"credit": "Made with Blockbench",
	"textures": {
		"0": "item/deco_drone_props",
		"1": "item/deco_drone",
		"particle": "item/deco_drone_props"
	},
	"elements": [
		{
			"from": [6.5, 8, 5],
			"to": [9.5, 9, 11],
			"rotation": {"angle": 0, "axis": "y", "origin": [15.5, 0, 0]},
			"faces": {
				"north": {"uv": [8, 4, 11, 5], "texture": "#1"},
				"east": {"uv": [8, 1, 14, 2], "texture": "#1"},
				"south": {"uv": [8, 5, 11, 6], "texture": "#1"},
				"west": {"uv": [8, 2, 14, 3], "texture": "#1"},
				"down": {"uv": [3, 7, 0, 13], "texture": "#1"}
			}
		},
		{
			"from": [6, 9, 4.5],
			"to": [10, 10, 11.5],
			"rotation": {"angle": 0, "axis": "y", "origin": [16, 0, 0.5]},
			"faces": {
				"north": {"uv": [3, 8, 7, 9], "texture": "#1"},
				"east": {"uv": [3, 7, 10, 8], "texture": "#1"},
				"south": {"uv": [8, 3, 12, 4], "texture": "#1"},
				"west": {"uv": [8, 0, 15, 1], "texture": "#1"},
				"up": {"uv": [4, 7, 0, 0], "texture": "#1"},
				"down": {"uv": [8, 0, 4, 7], "texture": "#1"}
			}
		},
		{
			"from": [9, 9.25, 4.25],
			"to": [9.5, 9.75, 4.5],
			"rotation": {"angle": 0, "axis": "y", "origin": [16, 0, 0.5]},
			"faces": {
				"north": {"uv": [13, 9, 13.5, 9.5], "texture": "#1"},
				"east": {"uv": [10, 13, 10.5, 13.5], "texture": "#1"},
				"west": {"uv": [13, 10, 13.5, 10.5], "texture": "#1"},
				"up": {"uv": [11.5, 13.5, 11, 13], "texture": "#1"},
				"down": {"uv": [13.5, 11, 13, 11.5], "texture": "#1"}
			}
		},
		{
			"from": [7.5, 8.25, 11],
			"to": [8.5, 8.75, 11.25],
			"rotation": {"angle": 0, "axis": "y", "origin": [16, 0, 0.5]},
			"faces": {
				"east": {"uv": [14, 1, 14.5, 1.5], "texture": "#1"},
				"south": {"uv": [2, 13, 3, 13.5], "texture": "#1"},
				"west": {"uv": [2, 14, 2.5, 14.5], "texture": "#1"},
				"up": {"uv": [4, 13.5, 3, 13], "texture": "#1"},
				"down": {"uv": [14, 3, 13, 3.5], "texture": "#1"}
			}
		},
		{
			"from": [6.5, 9.25, 4.25],
			"to": [7, 9.75, 4.5],
			"rotation": {"angle": 0, "axis": "y", "origin": [16, 0, 0.5]},
			"faces": {
				"north": {"uv": [12, 13, 12.5, 13.5], "texture": "#1"},
				"east": {"uv": [13, 12, 13.5, 12.5], "texture": "#1"},
				"west": {"uv": [13, 13, 13.5, 13.5], "texture": "#1"},
				"up": {"uv": [0.5, 14.5, 0, 14], "texture": "#1"},
				"down": {"uv": [1.5, 14, 1, 14.5], "texture": "#1"}
			}
		},
		{
			"from": [12.87011, 8.5, 13.05731],
			"to": [15.87011, 9, 14.05731],
			"rotation": {"angle": -22.5, "axis": "y", "origin": [18.87011, 0, 3.05731]},
			"faces": {
				"north": {"uv": [10, 8, 13, 8.5], "texture": "#1"},
				"east": {"uv": [6, 12, 7, 12.5], "texture": "#1"},
				"south": {"uv": [9, 10, 12, 10.5], "texture": "#1"},
				"up": {"uv": [11, 7, 8, 6], "texture": "#1"},
				"down": {"uv": [10, 8, 7, 9], "texture": "#1"}
			}
		},
		{
			"from": [15.37011, 9, 13.05731],
			"to": [16.37011, 9.5, 14.05731],
			"rotation": {"angle": -22.5, "axis": "y", "origin": [18.87011, 0, 3.05731]},
			"faces": {
				"north": {"uv": [4, 13, 5, 13.5], "texture": "#1"},
				"east": {"uv": [5, 13, 6, 13.5], "texture": "#1"},
				"south": {"uv": [6, 13, 7, 13.5], "texture": "#1"},
				"west": {"uv": [7, 13, 8, 13.5], "texture": "#1"},
				"down": {"uv": [5, 12, 4, 13], "texture": "#1"}
			}
		},
		{
			"from": [10.5803, 9.5, 10.10999],
			"to": [13.5803, 9.5, 13.10999],
			"rotation": {"angle": -22.5, "axis": "y", "origin": [12.0803, 9.5, 11.60999]},
			"faces": {
				"up": {"uv": [0, 0, 8, 8], "texture": "#0"},
				"down": {"uv": [8, 0, 0, 8], "texture": "#0"}
			}
		},
		{
			"from": [10.5803, 9.5, 10.10999],
			"to": [13.5803, 9.5, 13.10999],
			"rotation": {"angle": -45, "axis": "y", "origin": [12.0803, 9.5, 11.60999]},
			"faces": {
				"up": {"uv": [8, 0, 16, 8], "texture": "#0"},
				"down": {"uv": [16, 0, 8, 8], "texture": "#0"}
			}
		},
		{
			"from": [10.5803, 9.5, 10.10999],
			"to": [13.5803, 9.5, 13.10999],
			"rotation": {"angle": 22.5, "axis": "y", "origin": [12.0803, 9.5, 11.60999]},
			"faces": {
				"up": {"uv": [0, 8, 8, 16], "rotation": 90, "texture": "#0"},
				"down": {"uv": [8, 8, 0, 16], "rotation": 270, "texture": "#0"}
			}
		},
		{
			"from": [10.5803, 9.5, 10.10999],
			"to": [13.5803, 9.5, 13.10999],
			"rotation": {"angle": 0, "axis": "y", "origin": [12.0803, 9.5, 11.60999]},
			"faces": {
				"up": {"uv": [8, 8, 16, 16], "rotation": 90, "texture": "#0"},
				"down": {"uv": [16, 8, 8, 16], "rotation": 270, "texture": "#0"}
			}
		},
		{
			"from": [10.5803, 9.5, 2.85999],
			"to": [13.5803, 9.5, 5.85999],
			"rotation": {"angle": -22.5, "axis": "y", "origin": [12.0803, 9.5, 4.35999]},
			"faces": {
				"up": {"uv": [0, 0, 8, 8], "texture": "#0"},
				"down": {"uv": [8, 0, 0, 8], "texture": "#0"}
			}
		},
		{
			"from": [10.5803, 9.5, 2.85999],
			"to": [13.5803, 9.5, 5.85999],
			"rotation": {"angle": -45, "axis": "y", "origin": [12.0803, 9.5, 4.35999]},
			"faces": {
				"up": {"uv": [8, 0, 16, 8], "texture": "#0"},
				"down": {"uv": [16, 0, 8, 8], "texture": "#0"}
			}
		},
		{
			"from": [10.5803, 9.5, 2.85999],
			"to": [13.5803, 9.5, 5.85999],
			"rotation": {"angle": 22.5, "axis": "y", "origin": [12.0803, 9.5, 4.35999]},
			"faces": {
				"up": {"uv": [0, 8, 8, 16], "rotation": 90, "texture": "#0"},
				"down": {"uv": [8, 8, 0, 16], "rotation": 270, "texture": "#0"}
			}
		},
		{
			"from": [10.5803, 9.5, 2.85999],
			"to": [13.5803, 9.5, 5.85999],
			"rotation": {"angle": 0, "axis": "y", "origin": [12.0803, 9.5, 4.35999]},
			"faces": {
				"up": {"uv": [8, 8, 16, 16], "rotation": 90, "texture": "#0"},
				"down": {"uv": [16, 8, 8, 16], "rotation": 270, "texture": "#0"}
			}
		},
		{
			"from": [2.4197, 9.5, 2.89001],
			"to": [5.4197, 9.5, 5.89001],
			"rotation": {"angle": 0, "axis": "y", "origin": [3.9197, 9.5, 4.39001]},
			"faces": {
				"up": {"uv": [16, 16, 8, 8], "rotation": 90, "texture": "#0"},
				"down": {"uv": [8, 16, 16, 8], "rotation": 270, "texture": "#0"}
			}
		},
		{
			"from": [2.4197, 9.5, 2.89001],
			"to": [5.4197, 9.5, 5.89001],
			"rotation": {"angle": 22.5, "axis": "y", "origin": [3.9197, 9.5, 4.39001]},
			"faces": {
				"up": {"uv": [8, 16, 0, 8], "rotation": 90, "texture": "#0"},
				"down": {"uv": [0, 16, 8, 8], "rotation": 270, "texture": "#0"}
			}
		},
		{
			"from": [2.4197, 9.5, 2.89001],
			"to": [5.4197, 9.5, 5.89001],
			"rotation": {"angle": -45, "axis": "y", "origin": [3.9197, 9.5, 4.39001]},
			"faces": {
				"up": {"uv": [16, 8, 8, 0], "texture": "#0"},
				"down": {"uv": [8, 8, 16, 0], "texture": "#0"}
			}
		},
		{
			"from": [2.4197, 9.5, 2.89001],
			"to": [5.4197, 9.5, 5.89001],
			"rotation": {"angle": -22.5, "axis": "y", "origin": [3.9197, 9.5, 4.39001]},
			"faces": {
				"up": {"uv": [8, 8, 0, 0], "texture": "#0"},
				"down": {"uv": [0, 8, 8, 0], "texture": "#0"}
			}
		},
		{
			"from": [2.4197, 9.5, 9.89001],
			"to": [5.4197, 9.5, 12.89001],
			"rotation": {"angle": -22.5, "axis": "y", "origin": [3.9197, 9.5, 11.39001]},
			"faces": {
				"up": {"uv": [8, 8, 0, 0], "texture": "#0"},
				"down": {"uv": [0, 8, 8, 0], "texture": "#0"}
			}
		},
		{
			"from": [2.4197, 9.5, 9.89001],
			"to": [5.4197, 9.5, 12.89001],
			"rotation": {"angle": -45, "axis": "y", "origin": [3.9197, 9.5, 11.39001]},
			"faces": {
				"up": {"uv": [16, 8, 8, 0], "texture": "#0"},
				"down": {"uv": [8, 8, 16, 0], "texture": "#0"}
			}
		},
		{
			"from": [2.4197, 9.5, 9.89001],
			"to": [5.4197, 9.5, 12.89001],
			"rotation": {"angle": 22.5, "axis": "y", "origin": [3.9197, 9.5, 11.39001]},
			"faces": {
				"up": {"uv": [8, 16, 0, 8], "rotation": 90, "texture": "#0"},
				"down": {"uv": [0, 16, 8, 8], "rotation": 270, "texture": "#0"}
			}
		},
		{
			"from": [2.4197, 9.5, 9.89001],
			"to": [5.4197, 9.5, 12.89001],
			"rotation": {"angle": 0, "axis": "y", "origin": [3.9197, 9.5, 11.39001]},
			"faces": {
				"up": {"uv": [16, 16, 8, 8], "rotation": 90, "texture": "#0"},
				"down": {"uv": [8, 16, 16, 8], "rotation": 270, "texture": "#0"}
			}
		},
		{
			"from": [-0.37011, 9, 13.05731],
			"to": [0.62989, 9.5, 14.05731],
			"rotation": {"angle": 22.5, "axis": "y", "origin": [-2.87011, 0, 3.05731]},
			"faces": {
				"north": {"uv": [12, 9, 13, 9.5], "texture": "#1"},
				"east": {"uv": [10, 12, 11, 12.5], "texture": "#1"},
				"south": {"uv": [12, 10, 13, 10.5], "texture": "#1"},
				"west": {"uv": [11, 12, 12, 12.5], "texture": "#1"},
				"down": {"uv": [4, 12, 3, 13], "texture": "#1"}
			}
		},
		{
			"from": [-0.37011, 9, 1.94269],
			"to": [0.62989, 9.5, 2.94269],
			"rotation": {"angle": -22.5, "axis": "y", "origin": [-2.87011, 0, 12.94269]},
			"faces": {
				"north": {"uv": [12, 11, 13, 11.5], "texture": "#1"},
				"east": {"uv": [12, 12, 13, 12.5], "texture": "#1"},
				"south": {"uv": [0, 13, 1, 13.5], "texture": "#1"},
				"west": {"uv": [1, 13, 2, 13.5], "texture": "#1"},
				"down": {"uv": [13, 3, 12, 4], "texture": "#1"}
			}
		},
		{
			"from": [15.37011, 9, 1.94269],
			"to": [16.37011, 9.5, 2.94269],
			"rotation": {"angle": 22.5, "axis": "y", "origin": [18.87011, 0, 12.94269]},
			"faces": {
				"north": {"uv": [13, 7, 14, 7.5], "texture": "#1"},
				"east": {"uv": [8, 13, 9, 13.5], "texture": "#1"},
				"south": {"uv": [13, 8, 14, 8.5], "texture": "#1"},
				"west": {"uv": [9, 13, 10, 13.5], "texture": "#1"},
				"down": {"uv": [6, 12, 5, 13], "texture": "#1"}
			}
		},
		{
			"from": [12.87011, 8.5, 1.94269],
			"to": [15.87011, 9, 2.94269],
			"rotation": {"angle": 22.5, "axis": "y", "origin": [18.87011, 0, 12.94269]},
			"faces": {
				"north": {"uv": [3, 11, 6, 11.5], "texture": "#1"},
				"east": {"uv": [7, 12, 8, 12.5], "texture": "#1"},
				"south": {"uv": [11, 4, 14, 4.5], "texture": "#1"},
				"up": {"uv": [6, 10, 3, 9], "texture": "#1"},
				"down": {"uv": [9, 9, 6, 10], "texture": "#1"}
			}
		},
		{
			"from": [0.12989, 8.5, 1.94269],
			"to": [3.12989, 9, 2.94269],
			"rotation": {"angle": -22.5, "axis": "y", "origin": [-2.87011, 0, 12.94269]},
			"faces": {
				"north": {"uv": [11, 6, 14, 6.5], "texture": "#1"},
				"south": {"uv": [9, 11, 12, 11.5], "texture": "#1"},
				"west": {"uv": [9, 12, 10, 12.5], "texture": "#1"},
				"up": {"uv": [9, 11, 6, 10], "texture": "#1"},
				"down": {"uv": [13, 7, 10, 8], "texture": "#1"}
			}
		},
		{
			"from": [0.12989, 8.5, 13.05731],
			"to": [3.12989, 9, 14.05731],
			"rotation": {"angle": 22.5, "axis": "y", "origin": [-2.87011, 0, 3.05731]},
			"faces": {
				"north": {"uv": [11, 5, 14, 5.5], "texture": "#1"},
				"south": {"uv": [6, 11, 9, 11.5], "texture": "#1"},
				"west": {"uv": [8, 12, 9, 12.5], "texture": "#1"},
				"up": {"uv": [12, 10, 9, 9], "texture": "#1"},
				"down": {"uv": [6, 10, 3, 11], "texture": "#1"}
			}
		}
	]
}