{
	"credit": "Made with Blockbench",
	"texture_size": [64, 64],
	"textures": {
		"0": "item/traffic_light",
		"1": "item/traffic_light_ani",
		"6": "item/metal_block",
		"7": "item/brushed_metal_texture"
	},
	"elements": [
		{
			"from": [4, 15, 4],
			"to": [12, 23, 12],
			"rotation": {"angle": 0, "axis": "y", "origin": [0, 14, 0]},
			"faces": {
				"north": {"uv": [2, 0, 4, 2], "texture": "#0"},
				"east": {"uv": [2, 0, 4, 2], "texture": "#0"},
				"south": {"uv": [2, 0, 4, 2], "texture": "#0"},
				"west": {"uv": [2, 0, 4, 2], "texture": "#0"},
				"down": {"uv": [6, 0, 4, 2], "texture": "#0"}
			}
		},
		{
			"from": [4, 23, 4],
			"to": [12, 31, 12],
			"rotation": {"angle": 0, "axis": "y", "origin": [0, 14, 0]},
			"faces": {
				"north": {"uv": [2, 2, 4, 0], "texture": "#0"},
				"east": {"uv": [2, 2, 4, 0], "texture": "#0"},
				"south": {"uv": [2, 2, 4, 0], "texture": "#0"},
				"west": {"uv": [2, 2, 4, 0], "texture": "#0"},
				"up": {"uv": [8, 2, 6, 0], "texture": "#0"}
			}
		},
		{
			"from": [5, 14, 5],
			"to": [11, 15, 11],
			"rotation": {"angle": 0, "axis": "y", "origin": [0, 14, 0]},
			"faces": {
				"north": {"uv": [7.5, 2.5, 9, 2.75], "texture": "#0"},
				"east": {"uv": [7.5, 2.5, 9, 2.75], "texture": "#0"},
				"south": {"uv": [7.5, 2.5, 9, 2.75], "texture": "#0"},
				"west": {"uv": [7.5, 2.5, 9, 2.75], "texture": "#0"},
				"down": {"uv": [5.5, 7.5, 4, 6], "texture": "#0"}
			}
		},
		{
			"from": [5, 31, 5],
			"to": [11, 32, 11],
			"rotation": {"angle": 0, "axis": "y", "origin": [0, 30, 0]},
			"faces": {
				"north": {"uv": [7.5, 2.75, 9, 2.5], "texture": "#0"},
				"east": {"uv": [7.5, 2.75, 9, 2.5], "texture": "#0"},
				"south": {"uv": [7.5, 2.75, 9, 2.5], "texture": "#0"},
				"west": {"uv": [7.5, 2.75, 9, 2.5], "texture": "#0"},
				"up": {"uv": [5.5, 6, 4, 7.5], "texture": "#0"}
			}
		},
		{
			"from": [13.11286, 17.59595, 3.999],
			"to": [17.11486, 21.59795, 4.001],
			"rotation": {"angle": 45, "axis": "z", "origin": [7.51386, 12.74695, 7]},
			"faces": {
				"north": {"uv": [0.75, 9, 0, 9.75], "texture": "#0"},
				"east": {"uv": [8.25, 1.25, 8, 2], "texture": "#0"},
				"south": {"uv": [7.75, 6.5, 7, 7.25], "texture": "#0"},
				"west": {"uv": [1.75, 8, 1.5, 8.75], "texture": "#0"},
				"down": {"uv": [1.5, 8, 1.75, 8.75], "rotation": 90, "texture": "#0"}
			}
		},
		{
			"from": [13.11286, 22.59595, 3.999],
			"to": [17.11486, 26.59795, 4.001],
			"rotation": {"angle": 45, "axis": "z", "origin": [7.51386, 17.74695, 7]},
			"faces": {
				"north": {"uv": [0.75, 9, 0, 9.75], "texture": "#0"},
				"east": {"uv": [8.25, 1.25, 8, 2], "texture": "#0"},
				"south": {"uv": [7.75, 6.5, 7, 7.25], "texture": "#0"},
				"west": {"uv": [1.75, 8, 1.5, 8.75], "texture": "#0"},
				"down": {"uv": [1.5, 8, 1.75, 8.75], "rotation": 90, "texture": "#0"}
			}
		},
		{
			"from": [13.51386, 17.99695, 3],
			"to": [16.51386, 20.99695, 4],
			"rotation": {"angle": 45, "axis": "z", "origin": [7.51386, 12.74695, 7]},
			"faces": {
				"north": {"uv": [1, 3, 4, 6], "texture": "#1"},
				"east": {"uv": [8.25, 1.25, 8, 2], "texture": "#0"},
				"south": {"uv": [7.75, 6.5, 7, 7.25], "texture": "#0"},
				"west": {"uv": [1, 3, 0, 6], "texture": "#1"},
				"down": {"uv": [0, 6, 1, 3], "rotation": 90, "texture": "#1"}
			}
		},
		{
			"from": [7.01386, 24.10355, 1.5],
			"to": [9.01386, 24.35355, 2.5],
			"rotation": {"angle": 45, "axis": "z", "origin": [7.51386, 23.35355, 7]},
			"faces": {
				"north": {"uv": [6.5, 8.5, 6, 8.625], "texture": "#0"},
				"east": {"uv": [1, 8.75, 0.75, 8.875], "texture": "#0"},
				"west": {"uv": [9, 0.75, 8.75, 0.875], "texture": "#0"},
				"up": {"uv": [5, 8, 4.5, 8.25], "texture": "#0"},
				"down": {"uv": [2.25, 8.5, 1.75, 8.25], "texture": "#0"}
			}
		},
		{
			"from": [6.01386, 24.10355, 2.5],
			"to": [9.01386, 24.35355, 4],
			"rotation": {"angle": 45, "axis": "z", "origin": [7.51386, 23.35355, 7]},
			"faces": {
				"north": {"uv": [9.25, 4, 8.5, 4.125], "texture": "#0"},
				"east": {"uv": [7.875, 8.5, 7.5, 8.625], "texture": "#0"},
				"south": {"uv": [4.5, 8.5, 3.75, 8.625], "texture": "#0"},
				"west": {"uv": [8.875, 7.5, 8.5, 7.625], "texture": "#0"},
				"up": {"uv": [8.5, 7.5, 7.75, 7.875], "texture": "#0"},
				"down": {"uv": [0.75, 8.375, 0, 8], "texture": "#0"}
			}
		},
		{
			"from": [6.82452, 24.10355, 2.5],
			"to": [10.07452, 24.35355, 4],
			"rotation": {"angle": -45, "axis": "z", "origin": [8.57452, 23.35355, 7]},
			"faces": {
				"north": {"uv": [7.625, 8.25, 6.75, 8.375], "texture": "#0"},
				"east": {"uv": [8.875, 7, 8.5, 7.125], "texture": "#0"},
				"south": {"uv": [6.625, 8.25, 5.75, 8.375], "texture": "#0"},
				"west": {"uv": [8.875, 7.25, 8.5, 7.375], "texture": "#0"},
				"up": {"uv": [8.375, 4.5, 7.5, 4.875], "texture": "#0"},
				"down": {"uv": [8.375, 5.375, 7.5, 5], "texture": "#0"}
			}
		},
		{
			"from": [6.82452, 24.10355, 1.5],
			"to": [9.07452, 24.35355, 2.5],
			"rotation": {"angle": -45, "axis": "z", "origin": [8.57452, 23.35355, 7]},
			"faces": {
				"north": {"uv": [5.875, 8.5, 5.25, 8.625], "texture": "#0"},
				"east": {"uv": [0.75, 8.75, 0.5, 8.875], "texture": "#0"},
				"west": {"uv": [9, 0.5, 8.75, 0.625], "texture": "#0"},
				"up": {"uv": [8.375, 8, 7.75, 8.25], "texture": "#0"},
				"down": {"uv": [1.375, 8.5, 0.75, 8.25], "texture": "#0"}
			}
		},
		{
			"from": [6.82452, 29.10355, 1.5],
			"to": [9.07452, 29.35355, 2.5],
			"rotation": {"angle": -45, "axis": "z", "origin": [8.57452, 28.35355, 7]},
			"faces": {
				"north": {"uv": [5.875, 8.5, 5.25, 8.625], "texture": "#0"},
				"east": {"uv": [0.75, 8.75, 0.5, 8.875], "texture": "#0"},
				"west": {"uv": [9, 0.5, 8.75, 0.625], "texture": "#0"},
				"up": {"uv": [8.375, 8, 7.75, 8.25], "texture": "#0"},
				"down": {"uv": [1.375, 8.5, 0.75, 8.25], "texture": "#0"}
			}
		},
		{
			"from": [6.82452, 29.10355, 2.5],
			"to": [10.07452, 29.35355, 4],
			"rotation": {"angle": -45, "axis": "z", "origin": [8.57452, 28.35355, 7]},
			"faces": {
				"north": {"uv": [7.625, 8.25, 6.75, 8.375], "texture": "#0"},
				"east": {"uv": [8.875, 7, 8.5, 7.125], "texture": "#0"},
				"south": {"uv": [6.625, 8.25, 5.75, 8.375], "texture": "#0"},
				"west": {"uv": [8.875, 7.25, 8.5, 7.375], "texture": "#0"},
				"up": {"uv": [8.375, 4.5, 7.5, 4.875], "texture": "#0"},
				"down": {"uv": [8.375, 5.375, 7.5, 5], "texture": "#0"}
			}
		},
		{
			"from": [6.01386, 29.10355, 2.5],
			"to": [9.01386, 29.35355, 4],
			"rotation": {"angle": 45, "axis": "z", "origin": [7.51386, 28.35355, 7]},
			"faces": {
				"north": {"uv": [9.25, 4, 8.5, 4.125], "texture": "#0"},
				"east": {"uv": [7.875, 8.5, 7.5, 8.625], "texture": "#0"},
				"south": {"uv": [4.5, 8.5, 3.75, 8.625], "texture": "#0"},
				"west": {"uv": [8.875, 7.5, 8.5, 7.625], "texture": "#0"},
				"up": {"uv": [8.5, 7.5, 7.75, 7.875], "texture": "#0"},
				"down": {"uv": [0.75, 8.375, 0, 8], "texture": "#0"}
			}
		},
		{
			"from": [7.01386, 29.10355, 1.5],
			"to": [9.01386, 29.35355, 2.5],
			"rotation": {"angle": 45, "axis": "z", "origin": [7.51386, 28.35355, 7]},
			"faces": {
				"north": {"uv": [6.5, 8.5, 6, 8.625], "texture": "#0"},
				"east": {"uv": [1, 8.75, 0.75, 8.875], "texture": "#0"},
				"west": {"uv": [9, 0.75, 8.75, 0.875], "texture": "#0"},
				"up": {"uv": [5, 8, 4.5, 8.25], "texture": "#0"},
				"down": {"uv": [2.25, 8.5, 1.75, 8.25], "texture": "#0"}
			}
		},
		{
			"from": [13.51386, 22.99695, 3],
			"to": [16.51386, 25.99695, 4],
			"rotation": {"angle": 45, "axis": "z", "origin": [7.51386, 17.74695, 7]},
			"faces": {
				"north": {"uv": [1, 0, 4, 3], "texture": "#1"},
				"east": {"uv": [8.25, 1.25, 8, 2], "texture": "#0"},
				"south": {"uv": [7.75, 6.5, 7, 7.25], "texture": "#0"},
				"west": {"uv": [1, 0, 0, 3], "texture": "#1"},
				"down": {"uv": [0, 3, 1, 0], "rotation": 90, "texture": "#1"}
			}
		},
		{
			"from": [6.82452, 19.10355, 1.5],
			"to": [9.07452, 19.35355, 2.5],
			"rotation": {"angle": -45, "axis": "z", "origin": [8.57452, 18.35355, 7]},
			"faces": {
				"north": {"uv": [5.875, 8.5, 5.25, 8.625], "texture": "#0"},
				"east": {"uv": [0.75, 8.75, 0.5, 8.875], "texture": "#0"},
				"west": {"uv": [9, 0.5, 8.75, 0.625], "texture": "#0"},
				"up": {"uv": [8.375, 8, 7.75, 8.25], "texture": "#0"},
				"down": {"uv": [1.375, 8.5, 0.75, 8.25], "texture": "#0"}
			}
		},
		{
			"from": [6.82452, 19.10355, 2.5],
			"to": [10.07452, 19.35355, 4],
			"rotation": {"angle": -45, "axis": "z", "origin": [8.57452, 18.35355, 7]},
			"faces": {
				"north": {"uv": [7.625, 8.25, 6.75, 8.375], "texture": "#0"},
				"east": {"uv": [8.875, 7, 8.5, 7.125], "texture": "#0"},
				"south": {"uv": [6.625, 8.25, 5.75, 8.375], "texture": "#0"},
				"west": {"uv": [8.875, 7.25, 8.5, 7.375], "texture": "#0"},
				"up": {"uv": [8.375, 4.5, 7.5, 4.875], "texture": "#0"},
				"down": {"uv": [8.375, 5.375, 7.5, 5], "texture": "#0"}
			}
		},
		{
			"from": [6.01386, 19.10355, 2.5],
			"to": [9.01386, 19.35355, 4],
			"rotation": {"angle": 45, "axis": "z", "origin": [7.51386, 18.35355, 7]},
			"faces": {
				"north": {"uv": [9.25, 4, 8.5, 4.125], "texture": "#0"},
				"east": {"uv": [7.875, 8.5, 7.5, 8.625], "texture": "#0"},
				"south": {"uv": [4.5, 8.5, 3.75, 8.625], "texture": "#0"},
				"west": {"uv": [8.875, 7.5, 8.5, 7.625], "texture": "#0"},
				"up": {"uv": [8.5, 7.5, 7.75, 7.875], "texture": "#0"},
				"down": {"uv": [0.75, 8.375, 0, 8], "texture": "#0"}
			}
		},
		{
			"from": [7.01386, 19.10355, 1.5],
			"to": [9.01386, 19.35355, 2.5],
			"rotation": {"angle": 45, "axis": "z", "origin": [7.51386, 18.35355, 7]},
			"faces": {
				"north": {"uv": [6.5, 8.5, 6, 8.625], "texture": "#0"},
				"east": {"uv": [1, 8.75, 0.75, 8.875], "texture": "#0"},
				"west": {"uv": [9, 0.75, 8.75, 0.875], "texture": "#0"},
				"up": {"uv": [5, 8, 4.5, 8.25], "texture": "#0"},
				"down": {"uv": [2.25, 8.5, 1.75, 8.25], "texture": "#0"}
			}
		},
		{
			"from": [13.51386, 12.99695, 3],
			"to": [16.51386, 15.99695, 4],
			"rotation": {"angle": 45, "axis": "z", "origin": [7.51386, 7.74695, 7]},
			"faces": {
				"north": {"uv": [1, 6, 4, 9], "texture": "#1"},
				"east": {"uv": [8.25, 1.25, 8, 2], "texture": "#0"},
				"south": {"uv": [7.75, 6.5, 7, 7.25], "texture": "#0"},
				"west": {"uv": [1, 6, 0, 9], "texture": "#1"},
				"down": {"uv": [0, 9, 1, 6], "rotation": 90, "texture": "#1"}
			}
		},
		{
			"from": [3, 17.99695, 13.51386],
			"to": [4, 20.99695, 16.51386],
			"rotation": {"angle": -45, "axis": "x", "origin": [7, 12.74695, 7.51386]},
			"faces": {
				"north": {"uv": [4, 3, 5, 6], "texture": "#1"},
				"east": {"uv": [7, 6.5, 7.75, 7.25], "texture": "#0"},
				"south": {"uv": [8, 1.25, 8.25, 2], "texture": "#0"},
				"west": {"uv": [5, 3, 8, 6], "texture": "#1"},
				"down": {"uv": [5, 3, 4, 6], "texture": "#1"}
			}
		},
		{
			"from": [1.5, 24.10355, 7.01386],
			"to": [2.5, 24.35355, 9.01386],
			"rotation": {"angle": -45, "axis": "x", "origin": [7, 23.35355, 7.51386]},
			"faces": {
				"north": {"uv": [8.75, 0.75, 9, 0.875], "texture": "#0"},
				"south": {"uv": [0.75, 8.75, 1, 8.875], "texture": "#0"},
				"west": {"uv": [6, 8.5, 6.5, 8.625], "texture": "#0"},
				"up": {"uv": [5, 8.25, 4.5, 8], "rotation": 90, "texture": "#0"},
				"down": {"uv": [2.25, 8.25, 1.75, 8.5], "rotation": 270, "texture": "#0"}
			}
		},
		{
			"from": [2.5, 24.10355, 6.01386],
			"to": [4, 24.35355, 9.01386],
			"rotation": {"angle": -45, "axis": "x", "origin": [7, 23.35355, 7.51386]},
			"faces": {
				"north": {"uv": [8.5, 7.5, 8.875, 7.625], "texture": "#0"},
				"east": {"uv": [3.75, 8.5, 4.5, 8.625], "texture": "#0"},
				"south": {"uv": [7.5, 8.5, 7.875, 8.625], "texture": "#0"},
				"west": {"uv": [8.5, 4, 9.25, 4.125], "texture": "#0"},
				"up": {"uv": [8.5, 7.875, 7.75, 7.5], "rotation": 90, "texture": "#0"},
				"down": {"uv": [0.75, 8, 0, 8.375], "rotation": 270, "texture": "#0"}
			}
		},
		{
			"from": [2.5, 24.10355, 6.82452],
			"to": [4, 24.35355, 10.07452],
			"rotation": {"angle": 45, "axis": "x", "origin": [7, 23.35355, 8.57452]},
			"faces": {
				"north": {"uv": [8.5, 7.25, 8.875, 7.375], "texture": "#0"},
				"east": {"uv": [5.75, 8.25, 6.625, 8.375], "texture": "#0"},
				"south": {"uv": [8.5, 7, 8.875, 7.125], "texture": "#0"},
				"west": {"uv": [6.75, 8.25, 7.625, 8.375], "texture": "#0"},
				"up": {"uv": [8.375, 4.875, 7.5, 4.5], "rotation": 90, "texture": "#0"},
				"down": {"uv": [8.375, 5, 7.5, 5.375], "rotation": 270, "texture": "#0"}
			}
		},
		{
			"from": [1.5, 24.10355, 6.82452],
			"to": [2.5, 24.35355, 9.07452],
			"rotation": {"angle": 45, "axis": "x", "origin": [7, 23.35355, 8.57452]},
			"faces": {
				"north": {"uv": [8.75, 0.5, 9, 0.625], "texture": "#0"},
				"south": {"uv": [0.5, 8.75, 0.75, 8.875], "texture": "#0"},
				"west": {"uv": [5.25, 8.5, 5.875, 8.625], "texture": "#0"},
				"up": {"uv": [8.375, 8.25, 7.75, 8], "rotation": 90, "texture": "#0"},
				"down": {"uv": [1.375, 8.25, 0.75, 8.5], "rotation": 270, "texture": "#0"}
			}
		},
		{
			"from": [1.5, 29.10355, 6.82452],
			"to": [2.5, 29.35355, 9.07452],
			"rotation": {"angle": 45, "axis": "x", "origin": [7, 28.35355, 8.57452]},
			"faces": {
				"north": {"uv": [8.75, 0.5, 9, 0.625], "texture": "#0"},
				"south": {"uv": [0.5, 8.75, 0.75, 8.875], "texture": "#0"},
				"west": {"uv": [5.25, 8.5, 5.875, 8.625], "texture": "#0"},
				"up": {"uv": [8.375, 8.25, 7.75, 8], "rotation": 90, "texture": "#0"},
				"down": {"uv": [1.375, 8.25, 0.75, 8.5], "rotation": 270, "texture": "#0"}
			}
		},
		{
			"from": [2.5, 29.10355, 6.82452],
			"to": [4, 29.35355, 10.07452],
			"rotation": {"angle": 45, "axis": "x", "origin": [7, 28.35355, 8.57452]},
			"faces": {
				"north": {"uv": [8.5, 7.25, 8.875, 7.375], "texture": "#0"},
				"east": {"uv": [5.75, 8.25, 6.625, 8.375], "texture": "#0"},
				"south": {"uv": [8.5, 7, 8.875, 7.125], "texture": "#0"},
				"west": {"uv": [6.75, 8.25, 7.625, 8.375], "texture": "#0"},
				"up": {"uv": [8.375, 4.875, 7.5, 4.5], "rotation": 90, "texture": "#0"},
				"down": {"uv": [8.375, 5, 7.5, 5.375], "rotation": 270, "texture": "#0"}
			}
		},
		{
			"from": [2.5, 29.10355, 6.01386],
			"to": [4, 29.35355, 9.01386],
			"rotation": {"angle": -45, "axis": "x", "origin": [7, 28.35355, 7.51386]},
			"faces": {
				"north": {"uv": [8.5, 7.5, 8.875, 7.625], "texture": "#0"},
				"east": {"uv": [3.75, 8.5, 4.5, 8.625], "texture": "#0"},
				"south": {"uv": [7.5, 8.5, 7.875, 8.625], "texture": "#0"},
				"west": {"uv": [8.5, 4, 9.25, 4.125], "texture": "#0"},
				"up": {"uv": [8.5, 7.875, 7.75, 7.5], "rotation": 90, "texture": "#0"},
				"down": {"uv": [0.75, 8, 0, 8.375], "rotation": 270, "texture": "#0"}
			}
		},
		{
			"from": [1.5, 29.10355, 7.01386],
			"to": [2.5, 29.35355, 9.01386],
			"rotation": {"angle": -45, "axis": "x", "origin": [7, 28.35355, 7.51386]},
			"faces": {
				"north": {"uv": [8.75, 0.75, 9, 0.875], "texture": "#0"},
				"south": {"uv": [0.75, 8.75, 1, 8.875], "texture": "#0"},
				"west": {"uv": [6, 8.5, 6.5, 8.625], "texture": "#0"},
				"up": {"uv": [5, 8.25, 4.5, 8], "rotation": 90, "texture": "#0"},
				"down": {"uv": [2.25, 8.25, 1.75, 8.5], "rotation": 270, "texture": "#0"}
			}
		},
		{
			"from": [3, 22.99695, 13.51386],
			"to": [4, 25.99695, 16.51386],
			"rotation": {"angle": -45, "axis": "x", "origin": [7, 17.74695, 7.51386]},
			"faces": {
				"north": {"uv": [4, 0, 5, 3], "texture": "#1"},
				"east": {"uv": [7, 6.5, 7.75, 7.25], "texture": "#0"},
				"south": {"uv": [8, 1.25, 8.25, 2], "texture": "#0"},
				"west": {"uv": [5, 0, 8, 3], "texture": "#1"},
				"down": {"uv": [5, 0, 4, 3], "texture": "#1"}
			}
		},
		{
			"from": [1.5, 19.10355, 6.82452],
			"to": [2.5, 19.35355, 9.07452],
			"rotation": {"angle": 45, "axis": "x", "origin": [7, 18.35355, 8.57452]},
			"faces": {
				"north": {"uv": [8.75, 0.5, 9, 0.625], "texture": "#0"},
				"south": {"uv": [0.5, 8.75, 0.75, 8.875], "texture": "#0"},
				"west": {"uv": [5.25, 8.5, 5.875, 8.625], "texture": "#0"},
				"up": {"uv": [8.375, 8.25, 7.75, 8], "rotation": 90, "texture": "#0"},
				"down": {"uv": [1.375, 8.25, 0.75, 8.5], "rotation": 270, "texture": "#0"}
			}
		},
		{
			"from": [2.5, 19.10355, 6.82452],
			"to": [4, 19.35355, 10.07452],
			"rotation": {"angle": 45, "axis": "x", "origin": [7, 18.35355, 8.57452]},
			"faces": {
				"north": {"uv": [8.5, 7.25, 8.875, 7.375], "texture": "#0"},
				"east": {"uv": [5.75, 8.25, 6.625, 8.375], "texture": "#0"},
				"south": {"uv": [8.5, 7, 8.875, 7.125], "texture": "#0"},
				"west": {"uv": [6.75, 8.25, 7.625, 8.375], "texture": "#0"},
				"up": {"uv": [8.375, 4.875, 7.5, 4.5], "rotation": 90, "texture": "#0"},
				"down": {"uv": [8.375, 5, 7.5, 5.375], "rotation": 270, "texture": "#0"}
			}
		},
		{
			"from": [2.5, 19.10355, 6.01386],
			"to": [4, 19.35355, 9.01386],
			"rotation": {"angle": -45, "axis": "x", "origin": [7, 18.35355, 7.51386]},
			"faces": {
				"north": {"uv": [8.5, 7.5, 8.875, 7.625], "texture": "#0"},
				"east": {"uv": [3.75, 8.5, 4.5, 8.625], "texture": "#0"},
				"south": {"uv": [7.5, 8.5, 7.875, 8.625], "texture": "#0"},
				"west": {"uv": [8.5, 4, 9.25, 4.125], "texture": "#0"},
				"up": {"uv": [8.5, 7.875, 7.75, 7.5], "rotation": 90, "texture": "#0"},
				"down": {"uv": [0.75, 8, 0, 8.375], "rotation": 270, "texture": "#0"}
			}
		},
		{
			"from": [1.5, 19.10355, 7.01386],
			"to": [2.5, 19.35355, 9.01386],
			"rotation": {"angle": -45, "axis": "x", "origin": [7, 18.35355, 7.51386]},
			"faces": {
				"north": {"uv": [8.75, 0.75, 9, 0.875], "texture": "#0"},
				"south": {"uv": [0.75, 8.75, 1, 8.875], "texture": "#0"},
				"west": {"uv": [6, 8.5, 6.5, 8.625], "texture": "#0"},
				"up": {"uv": [5, 8.25, 4.5, 8], "rotation": 90, "texture": "#0"},
				"down": {"uv": [2.25, 8.25, 1.75, 8.5], "rotation": 270, "texture": "#0"}
			}
		},
		{
			"from": [3, 12.99695, 13.51386],
			"to": [4, 15.99695, 16.51386],
			"rotation": {"angle": -45, "axis": "x", "origin": [7, 7.74695, 7.51386]},
			"faces": {
				"north": {"uv": [4, 6, 5, 9], "texture": "#1"},
				"east": {"uv": [7, 6.5, 7.75, 7.25], "texture": "#0"},
				"south": {"uv": [8, 1.25, 8.25, 2], "texture": "#0"},
				"west": {"uv": [5, 6, 8, 9], "texture": "#1"},
				"down": {"uv": [5, 6, 4, 9], "texture": "#1"}
			}
		},
		{
			"from": [13.11286, 12.59595, 3.999],
			"to": [17.11486, 16.59795, 4.001],
			"rotation": {"angle": 45, "axis": "z", "origin": [7.51386, 7.74695, 7]},
			"faces": {
				"north": {"uv": [0.75, 9, 0, 9.75], "texture": "#0"},
				"east": {"uv": [8.25, 1.25, 8, 2], "texture": "#0"},
				"south": {"uv": [7.75, 6.5, 7, 7.25], "texture": "#0"},
				"west": {"uv": [1.75, 8, 1.5, 8.75], "texture": "#0"},
				"down": {"uv": [1.5, 8, 1.75, 8.75], "rotation": 90, "texture": "#0"}
			}
		},
		{
			"from": [3.98514, 22.59595, 13.06867],
			"to": [3.98714, 26.59795, 17.07067],
			"rotation": {"angle": -45, "axis": "x", "origin": [8.48614, 17.74695, 7.46967]},
			"faces": {
				"north": {"uv": [1.5, 8, 1.75, 8.75], "texture": "#0"},
				"east": {"uv": [7, 6.5, 7.75, 7.25], "texture": "#0"},
				"south": {"uv": [8, 1.25, 8.25, 2], "texture": "#0"},
				"west": {"uv": [0, 9, 0.75, 9.75], "texture": "#0"},
				"down": {"uv": [1.75, 8, 1.5, 8.75], "texture": "#0"}
			}
		},
		{
			"from": [3.98514, 17.59595, 13.06867],
			"to": [3.98714, 21.59795, 17.07067],
			"rotation": {"angle": -45, "axis": "x", "origin": [8.48614, 12.74695, 7.46967]},
			"faces": {
				"north": {"uv": [1.5, 8, 1.75, 8.75], "texture": "#0"},
				"east": {"uv": [7, 6.5, 7.75, 7.25], "texture": "#0"},
				"south": {"uv": [8, 1.25, 8.25, 2], "texture": "#0"},
				"west": {"uv": [0, 9, 0.75, 9.75], "texture": "#0"},
				"down": {"uv": [1.75, 8, 1.5, 8.75], "texture": "#0"}
			}
		},
		{
			"from": [3.98514, 12.59595, 13.06867],
			"to": [3.98714, 16.59795, 17.07067],
			"rotation": {"angle": -45, "axis": "x", "origin": [8.48614, 7.74695, 7.46967]},
			"faces": {
				"north": {"uv": [1.5, 8, 1.75, 8.75], "texture": "#0"},
				"east": {"uv": [7, 6.5, 7.75, 7.25], "texture": "#0"},
				"south": {"uv": [8, 1.25, 8.25, 2], "texture": "#0"},
				"west": {"uv": [0, 9, 0.75, 9.75], "texture": "#0"},
				"down": {"uv": [1.75, 8, 1.5, 8.75], "texture": "#0"}
			}
		},
		{
			"from": [-0.51386, 12.99695, 12],
			"to": [2.48614, 15.99695, 13],
			"rotation": {"angle": -45, "axis": "z", "origin": [8.48614, 7.74695, 9]},
			"faces": {
				"north": {"uv": [7.75, 6.5, 7, 7.25], "texture": "#0"},
				"east": {"uv": [1, 6, 0, 9], "texture": "#1"},
				"south": {"uv": [1, 6, 4, 9], "texture": "#1"},
				"west": {"uv": [8.25, 1.25, 8, 2], "texture": "#0"},
				"down": {"uv": [1, 6, 0, 9], "rotation": 90, "texture": "#1"}
			}
		},
		{
			"from": [6.98614, 19.10355, 13.5],
			"to": [8.98614, 19.35355, 14.5],
			"rotation": {"angle": -45, "axis": "z", "origin": [8.48614, 18.35355, 9]},
			"faces": {
				"east": {"uv": [9, 0.75, 8.75, 0.875], "texture": "#0"},
				"south": {"uv": [6.5, 8.5, 6, 8.625], "texture": "#0"},
				"west": {"uv": [1, 8.75, 0.75, 8.875], "texture": "#0"},
				"up": {"uv": [4.5, 8.25, 5, 8], "texture": "#0"},
				"down": {"uv": [1.75, 8.25, 2.25, 8.5], "texture": "#0"}
			}
		},
		{
			"from": [6.98614, 19.10355, 12],
			"to": [9.98614, 19.35355, 13.5],
			"rotation": {"angle": -45, "axis": "z", "origin": [8.48614, 18.35355, 9]},
			"faces": {
				"north": {"uv": [4.5, 8.5, 3.75, 8.625], "texture": "#0"},
				"east": {"uv": [8.875, 7.5, 8.5, 7.625], "texture": "#0"},
				"south": {"uv": [9.25, 4, 8.5, 4.125], "texture": "#0"},
				"west": {"uv": [7.875, 8.5, 7.5, 8.625], "texture": "#0"},
				"up": {"uv": [7.75, 7.875, 8.5, 7.5], "texture": "#0"},
				"down": {"uv": [0, 8, 0.75, 8.375], "texture": "#0"}
			}
		},
		{
			"from": [5.92548, 19.10355, 12],
			"to": [9.17548, 19.35355, 13.5],
			"rotation": {"angle": 45, "axis": "z", "origin": [7.42548, 18.35355, 9]},
			"faces": {
				"north": {"uv": [6.625, 8.25, 5.75, 8.375], "texture": "#0"},
				"east": {"uv": [8.875, 7.25, 8.5, 7.375], "texture": "#0"},
				"south": {"uv": [7.625, 8.25, 6.75, 8.375], "texture": "#0"},
				"west": {"uv": [8.875, 7, 8.5, 7.125], "texture": "#0"},
				"up": {"uv": [7.5, 4.875, 8.375, 4.5], "texture": "#0"},
				"down": {"uv": [7.5, 5, 8.375, 5.375], "texture": "#0"}
			}
		},
		{
			"from": [6.92548, 19.10355, 13.5],
			"to": [9.17548, 19.35355, 14.5],
			"rotation": {"angle": 45, "axis": "z", "origin": [7.42548, 18.35355, 9]},
			"faces": {
				"east": {"uv": [9, 0.5, 8.75, 0.625], "texture": "#0"},
				"south": {"uv": [5.875, 8.5, 5.25, 8.625], "texture": "#0"},
				"west": {"uv": [0.75, 8.75, 0.5, 8.875], "texture": "#0"},
				"up": {"uv": [7.75, 8.25, 8.375, 8], "texture": "#0"},
				"down": {"uv": [0.75, 8.25, 1.375, 8.5], "texture": "#0"}
			}
		},
		{
			"from": [-0.51386, 22.99695, 12],
			"to": [2.48614, 25.99695, 13],
			"rotation": {"angle": -45, "axis": "z", "origin": [8.48614, 17.74695, 9]},
			"faces": {
				"north": {"uv": [7.75, 6.5, 7, 7.25], "texture": "#0"},
				"east": {"uv": [1, 0, 0, 3], "texture": "#1"},
				"south": {"uv": [1, 0, 4, 3], "texture": "#1"},
				"west": {"uv": [8.25, 1.25, 8, 2], "texture": "#0"},
				"down": {"uv": [1, 0, 0, 3], "rotation": 90, "texture": "#1"}
			}
		},
		{
			"from": [6.98614, 29.10355, 13.5],
			"to": [8.98614, 29.35355, 14.5],
			"rotation": {"angle": -45, "axis": "z", "origin": [8.48614, 28.35355, 9]},
			"faces": {
				"east": {"uv": [9, 0.75, 8.75, 0.875], "texture": "#0"},
				"south": {"uv": [6.5, 8.5, 6, 8.625], "texture": "#0"},
				"west": {"uv": [1, 8.75, 0.75, 8.875], "texture": "#0"},
				"up": {"uv": [4.5, 8.25, 5, 8], "texture": "#0"},
				"down": {"uv": [1.75, 8.25, 2.25, 8.5], "texture": "#0"}
			}
		},
		{
			"from": [6.98614, 29.10355, 12],
			"to": [9.98614, 29.35355, 13.5],
			"rotation": {"angle": -45, "axis": "z", "origin": [8.48614, 28.35355, 9]},
			"faces": {
				"north": {"uv": [4.5, 8.5, 3.75, 8.625], "texture": "#0"},
				"east": {"uv": [8.875, 7.5, 8.5, 7.625], "texture": "#0"},
				"south": {"uv": [9.25, 4, 8.5, 4.125], "texture": "#0"},
				"west": {"uv": [7.875, 8.5, 7.5, 8.625], "texture": "#0"},
				"up": {"uv": [7.75, 7.875, 8.5, 7.5], "texture": "#0"},
				"down": {"uv": [0, 8, 0.75, 8.375], "texture": "#0"}
			}
		},
		{
			"from": [5.92548, 29.10355, 12],
			"to": [9.17548, 29.35355, 13.5],
			"rotation": {"angle": 45, "axis": "z", "origin": [7.42548, 28.35355, 9]},
			"faces": {
				"north": {"uv": [6.625, 8.25, 5.75, 8.375], "texture": "#0"},
				"east": {"uv": [8.875, 7.25, 8.5, 7.375], "texture": "#0"},
				"south": {"uv": [7.625, 8.25, 6.75, 8.375], "texture": "#0"},
				"west": {"uv": [8.875, 7, 8.5, 7.125], "texture": "#0"},
				"up": {"uv": [7.5, 4.875, 8.375, 4.5], "texture": "#0"},
				"down": {"uv": [7.5, 5, 8.375, 5.375], "texture": "#0"}
			}
		},
		{
			"from": [6.92548, 29.10355, 13.5],
			"to": [9.17548, 29.35355, 14.5],
			"rotation": {"angle": 45, "axis": "z", "origin": [7.42548, 28.35355, 9]},
			"faces": {
				"east": {"uv": [9, 0.5, 8.75, 0.625], "texture": "#0"},
				"south": {"uv": [5.875, 8.5, 5.25, 8.625], "texture": "#0"},
				"west": {"uv": [0.75, 8.75, 0.5, 8.875], "texture": "#0"},
				"up": {"uv": [7.75, 8.25, 8.375, 8], "texture": "#0"},
				"down": {"uv": [0.75, 8.25, 1.375, 8.5], "texture": "#0"}
			}
		},
		{
			"from": [6.92548, 24.10355, 13.5],
			"to": [9.17548, 24.35355, 14.5],
			"rotation": {"angle": 45, "axis": "z", "origin": [7.42548, 23.35355, 9]},
			"faces": {
				"east": {"uv": [9, 0.5, 8.75, 0.625], "texture": "#0"},
				"south": {"uv": [5.875, 8.5, 5.25, 8.625], "texture": "#0"},
				"west": {"uv": [0.75, 8.75, 0.5, 8.875], "texture": "#0"},
				"up": {"uv": [7.75, 8.25, 8.375, 8], "texture": "#0"},
				"down": {"uv": [0.75, 8.25, 1.375, 8.5], "texture": "#0"}
			}
		},
		{
			"from": [5.92548, 24.10355, 12],
			"to": [9.17548, 24.35355, 13.5],
			"rotation": {"angle": 45, "axis": "z", "origin": [7.42548, 23.35355, 9]},
			"faces": {
				"north": {"uv": [6.625, 8.25, 5.75, 8.375], "texture": "#0"},
				"east": {"uv": [8.875, 7.25, 8.5, 7.375], "texture": "#0"},
				"south": {"uv": [7.625, 8.25, 6.75, 8.375], "texture": "#0"},
				"west": {"uv": [8.875, 7, 8.5, 7.125], "texture": "#0"},
				"up": {"uv": [7.5, 4.875, 8.375, 4.5], "texture": "#0"},
				"down": {"uv": [7.5, 5, 8.375, 5.375], "texture": "#0"}
			}
		},
		{
			"from": [6.98614, 24.10355, 12],
			"to": [9.98614, 24.35355, 13.5],
			"rotation": {"angle": -45, "axis": "z", "origin": [8.48614, 23.35355, 9]},
			"faces": {
				"north": {"uv": [4.5, 8.5, 3.75, 8.625], "texture": "#0"},
				"east": {"uv": [8.875, 7.5, 8.5, 7.625], "texture": "#0"},
				"south": {"uv": [9.25, 4, 8.5, 4.125], "texture": "#0"},
				"west": {"uv": [7.875, 8.5, 7.5, 8.625], "texture": "#0"},
				"up": {"uv": [7.75, 7.875, 8.5, 7.5], "texture": "#0"},
				"down": {"uv": [0, 8, 0.75, 8.375], "texture": "#0"}
			}
		},
		{
			"from": [6.98614, 24.10355, 13.5],
			"to": [8.98614, 24.35355, 14.5],
			"rotation": {"angle": -45, "axis": "z", "origin": [8.48614, 23.35355, 9]},
			"faces": {
				"east": {"uv": [9, 0.75, 8.75, 0.875], "texture": "#0"},
				"south": {"uv": [6.5, 8.5, 6, 8.625], "texture": "#0"},
				"west": {"uv": [1, 8.75, 0.75, 8.875], "texture": "#0"},
				"up": {"uv": [4.5, 8.25, 5, 8], "texture": "#0"},
				"down": {"uv": [1.75, 8.25, 2.25, 8.5], "texture": "#0"}
			}
		},
		{
			"from": [-0.51386, 17.99695, 12],
			"to": [2.48614, 20.99695, 13],
			"rotation": {"angle": -45, "axis": "z", "origin": [8.48614, 12.74695, 9]},
			"faces": {
				"north": {"uv": [7.75, 6.5, 7, 7.25], "texture": "#0"},
				"east": {"uv": [1, 3, 0, 6], "texture": "#1"},
				"south": {"uv": [1, 3, 4, 6], "texture": "#1"},
				"west": {"uv": [8.25, 1.25, 8, 2], "texture": "#0"},
				"down": {"uv": [1, 3, 0, 6], "rotation": 90, "texture": "#1"}
			}
		},
		{
			"from": [12, 12.99695, -0.51386],
			"to": [13, 15.99695, 2.48614],
			"rotation": {"angle": 45, "axis": "x", "origin": [9, 7.74695, 8.48614]},
			"faces": {
				"north": {"uv": [8, 1.25, 8.25, 2], "texture": "#0"},
				"east": {"uv": [5, 6, 8, 9], "texture": "#1"},
				"south": {"uv": [4, 6, 5, 9], "texture": "#1"},
				"west": {"uv": [7, 6.5, 7.75, 7.25], "texture": "#0"},
				"down": {"uv": [4, 9, 5, 6], "texture": "#1"}
			}
		},
		{
			"from": [13.5, 19.10355, 6.98614],
			"to": [14.5, 19.35355, 8.98614],
			"rotation": {"angle": 45, "axis": "x", "origin": [9, 18.35355, 8.48614]},
			"faces": {
				"north": {"uv": [0.75, 8.75, 1, 8.875], "texture": "#0"},
				"east": {"uv": [6, 8.5, 6.5, 8.625], "texture": "#0"},
				"south": {"uv": [8.75, 0.75, 9, 0.875], "texture": "#0"},
				"up": {"uv": [4.5, 8, 5, 8.25], "rotation": 90, "texture": "#0"},
				"down": {"uv": [1.75, 8.5, 2.25, 8.25], "rotation": 270, "texture": "#0"}
			}
		},
		{
			"from": [12, 19.10355, 6.98614],
			"to": [13.5, 19.35355, 9.98614],
			"rotation": {"angle": 45, "axis": "x", "origin": [9, 18.35355, 8.48614]},
			"faces": {
				"north": {"uv": [7.5, 8.5, 7.875, 8.625], "texture": "#0"},
				"east": {"uv": [8.5, 4, 9.25, 4.125], "texture": "#0"},
				"south": {"uv": [8.5, 7.5, 8.875, 7.625], "texture": "#0"},
				"west": {"uv": [3.75, 8.5, 4.5, 8.625], "texture": "#0"},
				"up": {"uv": [7.75, 7.5, 8.5, 7.875], "rotation": 90, "texture": "#0"},
				"down": {"uv": [0, 8.375, 0.75, 8], "rotation": 270, "texture": "#0"}
			}
		},
		{
			"from": [12, 19.10355, 5.92548],
			"to": [13.5, 19.35355, 9.17548],
			"rotation": {"angle": -45, "axis": "x", "origin": [9, 18.35355, 7.42548]},
			"faces": {
				"north": {"uv": [8.5, 7, 8.875, 7.125], "texture": "#0"},
				"east": {"uv": [6.75, 8.25, 7.625, 8.375], "texture": "#0"},
				"south": {"uv": [8.5, 7.25, 8.875, 7.375], "texture": "#0"},
				"west": {"uv": [5.75, 8.25, 6.625, 8.375], "texture": "#0"},
				"up": {"uv": [7.5, 4.5, 8.375, 4.875], "rotation": 90, "texture": "#0"},
				"down": {"uv": [7.5, 5.375, 8.375, 5], "rotation": 270, "texture": "#0"}
			}
		},
		{
			"from": [13.5, 19.10355, 6.92548],
			"to": [14.5, 19.35355, 9.17548],
			"rotation": {"angle": -45, "axis": "x", "origin": [9, 18.35355, 7.42548]},
			"faces": {
				"north": {"uv": [0.5, 8.75, 0.75, 8.875], "texture": "#0"},
				"east": {"uv": [5.25, 8.5, 5.875, 8.625], "texture": "#0"},
				"south": {"uv": [8.75, 0.5, 9, 0.625], "texture": "#0"},
				"up": {"uv": [7.75, 8, 8.375, 8.25], "rotation": 90, "texture": "#0"},
				"down": {"uv": [0.75, 8.5, 1.375, 8.25], "rotation": 270, "texture": "#0"}
			}
		},
		{
			"from": [12, 22.99695, -0.51386],
			"to": [13, 25.99695, 2.48614],
			"rotation": {"angle": 45, "axis": "x", "origin": [9, 17.74695, 8.48614]},
			"faces": {
				"north": {"uv": [8, 1.25, 8.25, 2], "texture": "#0"},
				"east": {"uv": [5, 0, 8, 3], "texture": "#1"},
				"south": {"uv": [4, 0, 5, 3], "texture": "#1"},
				"west": {"uv": [7, 6.5, 7.75, 7.25], "texture": "#0"},
				"down": {"uv": [4, 3, 5, 0], "texture": "#1"}
			}
		},
		{
			"from": [13.5, 29.10355, 6.98614],
			"to": [14.5, 29.35355, 8.98614],
			"rotation": {"angle": 45, "axis": "x", "origin": [9, 28.35355, 8.48614]},
			"faces": {
				"north": {"uv": [0.75, 8.75, 1, 8.875], "texture": "#0"},
				"east": {"uv": [6, 8.5, 6.5, 8.625], "texture": "#0"},
				"south": {"uv": [8.75, 0.75, 9, 0.875], "texture": "#0"},
				"up": {"uv": [4.5, 8, 5, 8.25], "rotation": 90, "texture": "#0"},
				"down": {"uv": [1.75, 8.5, 2.25, 8.25], "rotation": 270, "texture": "#0"}
			}
		},
		{
			"from": [12, 29.10355, 6.98614],
			"to": [13.5, 29.35355, 9.98614],
			"rotation": {"angle": 45, "axis": "x", "origin": [9, 28.35355, 8.48614]},
			"faces": {
				"north": {"uv": [7.5, 8.5, 7.875, 8.625], "texture": "#0"},
				"east": {"uv": [8.5, 4, 9.25, 4.125], "texture": "#0"},
				"south": {"uv": [8.5, 7.5, 8.875, 7.625], "texture": "#0"},
				"west": {"uv": [3.75, 8.5, 4.5, 8.625], "texture": "#0"},
				"up": {"uv": [7.75, 7.5, 8.5, 7.875], "rotation": 90, "texture": "#0"},
				"down": {"uv": [0, 8.375, 0.75, 8], "rotation": 270, "texture": "#0"}
			}
		},
		{
			"from": [12, 29.10355, 5.92548],
			"to": [13.5, 29.35355, 9.17548],
			"rotation": {"angle": -45, "axis": "x", "origin": [9, 28.35355, 7.42548]},
			"faces": {
				"north": {"uv": [8.5, 7, 8.875, 7.125], "texture": "#0"},
				"east": {"uv": [6.75, 8.25, 7.625, 8.375], "texture": "#0"},
				"south": {"uv": [8.5, 7.25, 8.875, 7.375], "texture": "#0"},
				"west": {"uv": [5.75, 8.25, 6.625, 8.375], "texture": "#0"},
				"up": {"uv": [7.5, 4.5, 8.375, 4.875], "rotation": 90, "texture": "#0"},
				"down": {"uv": [7.5, 5.375, 8.375, 5], "rotation": 270, "texture": "#0"}
			}
		},
		{
			"from": [13.5, 29.10355, 6.92548],
			"to": [14.5, 29.35355, 9.17548],
			"rotation": {"angle": -45, "axis": "x", "origin": [9, 28.35355, 7.42548]},
			"faces": {
				"north": {"uv": [0.5, 8.75, 0.75, 8.875], "texture": "#0"},
				"east": {"uv": [5.25, 8.5, 5.875, 8.625], "texture": "#0"},
				"south": {"uv": [8.75, 0.5, 9, 0.625], "texture": "#0"},
				"up": {"uv": [7.75, 8, 8.375, 8.25], "rotation": 90, "texture": "#0"},
				"down": {"uv": [0.75, 8.5, 1.375, 8.25], "rotation": 270, "texture": "#0"}
			}
		},
		{
			"from": [13.5, 24.10355, 6.92548],
			"to": [14.5, 24.35355, 9.17548],
			"rotation": {"angle": -45, "axis": "x", "origin": [9, 23.35355, 7.42548]},
			"faces": {
				"north": {"uv": [0.5, 8.75, 0.75, 8.875], "texture": "#0"},
				"east": {"uv": [5.25, 8.5, 5.875, 8.625], "texture": "#0"},
				"south": {"uv": [8.75, 0.5, 9, 0.625], "texture": "#0"},
				"up": {"uv": [7.75, 8, 8.375, 8.25], "rotation": 90, "texture": "#0"},
				"down": {"uv": [0.75, 8.5, 1.375, 8.25], "rotation": 270, "texture": "#0"}
			}
		},
		{
			"from": [12, 24.10355, 5.92548],
			"to": [13.5, 24.35355, 9.17548],
			"rotation": {"angle": -45, "axis": "x", "origin": [9, 23.35355, 7.42548]},
			"faces": {
				"north": {"uv": [8.5, 7, 8.875, 7.125], "texture": "#0"},
				"east": {"uv": [6.75, 8.25, 7.625, 8.375], "texture": "#0"},
				"south": {"uv": [8.5, 7.25, 8.875, 7.375], "texture": "#0"},
				"west": {"uv": [5.75, 8.25, 6.625, 8.375], "texture": "#0"},
				"up": {"uv": [7.5, 4.5, 8.375, 4.875], "rotation": 90, "texture": "#0"},
				"down": {"uv": [7.5, 5.375, 8.375, 5], "rotation": 270, "texture": "#0"}
			}
		},
		{
			"from": [12, 24.10355, 6.98614],
			"to": [13.5, 24.35355, 9.98614],
			"rotation": {"angle": 45, "axis": "x", "origin": [9, 23.35355, 8.48614]},
			"faces": {
				"north": {"uv": [7.5, 8.5, 7.875, 8.625], "texture": "#0"},
				"east": {"uv": [8.5, 4, 9.25, 4.125], "texture": "#0"},
				"south": {"uv": [8.5, 7.5, 8.875, 7.625], "texture": "#0"},
				"west": {"uv": [3.75, 8.5, 4.5, 8.625], "texture": "#0"},
				"up": {"uv": [7.75, 7.5, 8.5, 7.875], "rotation": 90, "texture": "#0"},
				"down": {"uv": [0, 8.375, 0.75, 8], "rotation": 270, "texture": "#0"}
			}
		},
		{
			"from": [13.5, 24.10355, 6.98614],
			"to": [14.5, 24.35355, 8.98614],
			"rotation": {"angle": 45, "axis": "x", "origin": [9, 23.35355, 8.48614]},
			"faces": {
				"north": {"uv": [0.75, 8.75, 1, 8.875], "texture": "#0"},
				"east": {"uv": [6, 8.5, 6.5, 8.625], "texture": "#0"},
				"south": {"uv": [8.75, 0.75, 9, 0.875], "texture": "#0"},
				"up": {"uv": [4.5, 8, 5, 8.25], "rotation": 90, "texture": "#0"},
				"down": {"uv": [1.75, 8.5, 2.25, 8.25], "rotation": 270, "texture": "#0"}
			}
		},
		{
			"from": [12, 17.99695, -0.51386],
			"to": [13, 20.99695, 2.48614],
			"rotation": {"angle": 45, "axis": "x", "origin": [9, 12.74695, 8.48614]},
			"faces": {
				"north": {"uv": [8, 1.25, 8.25, 2], "texture": "#0"},
				"east": {"uv": [5, 3, 8, 6], "texture": "#1"},
				"south": {"uv": [4, 3, 5, 6], "texture": "#1"},
				"west": {"uv": [7, 6.5, 7.75, 7.25], "texture": "#0"},
				"down": {"uv": [4, 6, 5, 3], "texture": "#1"}
			}
		},
		{
			"from": [-1.11486, 12.59595, 11.999],
			"to": [2.88714, 16.59795, 12.001],
			"rotation": {"angle": -45, "axis": "z", "origin": [8.48614, 7.74695, 9]},
			"faces": {
				"north": {"uv": [7.75, 6.5, 7, 7.25], "texture": "#0"},
				"east": {"uv": [1.75, 8, 1.5, 8.75], "texture": "#0"},
				"south": {"uv": [0.75, 9, 0, 9.75], "texture": "#0"},
				"west": {"uv": [8.25, 1.25, 8, 2], "texture": "#0"},
				"down": {"uv": [1.75, 8.75, 1.5, 8], "rotation": 90, "texture": "#0"}
			}
		},
		{
			"from": [-1.11486, 17.59595, 11.999],
			"to": [2.88714, 21.59795, 12.001],
			"rotation": {"angle": -45, "axis": "z", "origin": [8.48614, 12.74695, 9]},
			"faces": {
				"north": {"uv": [7.75, 6.5, 7, 7.25], "texture": "#0"},
				"east": {"uv": [1.75, 8, 1.5, 8.75], "texture": "#0"},
				"south": {"uv": [0.75, 9, 0, 9.75], "texture": "#0"},
				"west": {"uv": [8.25, 1.25, 8, 2], "texture": "#0"},
				"down": {"uv": [1.75, 8.75, 1.5, 8], "rotation": 90, "texture": "#0"}
			}
		},
		{
			"from": [-1.11486, 22.59595, 11.999],
			"to": [2.88714, 26.59795, 12.001],
			"rotation": {"angle": -45, "axis": "z", "origin": [8.48614, 17.74695, 9]},
			"faces": {
				"north": {"uv": [7.75, 6.5, 7, 7.25], "texture": "#0"},
				"east": {"uv": [1.75, 8, 1.5, 8.75], "texture": "#0"},
				"south": {"uv": [0.75, 9, 0, 9.75], "texture": "#0"},
				"west": {"uv": [8.25, 1.25, 8, 2], "texture": "#0"},
				"down": {"uv": [1.75, 8.75, 1.5, 8], "rotation": 90, "texture": "#0"}
			}
		},
		{
			"from": [12.01286, 12.59595, -1.07067],
			"to": [12.01486, 16.59795, 2.93133],
			"rotation": {"angle": 45, "axis": "x", "origin": [7.51386, 7.74695, 8.53033]},
			"faces": {
				"north": {"uv": [8, 1.25, 8.25, 2], "texture": "#0"},
				"east": {"uv": [0, 9, 0.75, 9.75], "texture": "#0"},
				"south": {"uv": [1.5, 8, 1.75, 8.75], "texture": "#0"},
				"west": {"uv": [7, 6.5, 7.75, 7.25], "texture": "#0"},
				"down": {"uv": [1.5, 8.75, 1.75, 8], "texture": "#0"}
			}
		},
		{
			"from": [12.01286, 17.59595, -1.07067],
			"to": [12.01486, 21.59795, 2.93133],
			"rotation": {"angle": 45, "axis": "x", "origin": [7.51386, 12.74695, 8.53033]},
			"faces": {
				"north": {"uv": [8, 1.25, 8.25, 2], "texture": "#0"},
				"east": {"uv": [0, 9, 0.75, 9.75], "texture": "#0"},
				"south": {"uv": [1.5, 8, 1.75, 8.75], "texture": "#0"},
				"west": {"uv": [7, 6.5, 7.75, 7.25], "texture": "#0"},
				"down": {"uv": [1.5, 8.75, 1.75, 8], "texture": "#0"}
			}
		},
		{
			"from": [12.01286, 22.59595, -1.07067],
			"to": [12.01486, 26.59795, 2.93133],
			"rotation": {"angle": 45, "axis": "x", "origin": [7.51386, 17.74695, 8.53033]},
			"faces": {
				"north": {"uv": [8, 1.25, 8.25, 2], "texture": "#0"},
				"east": {"uv": [0, 9, 0.75, 9.75], "texture": "#0"},
				"south": {"uv": [1.5, 8, 1.75, 8.75], "texture": "#0"},
				"west": {"uv": [7, 6.5, 7.75, 7.25], "texture": "#0"},
				"down": {"uv": [1.5, 8.75, 1.75, 8], "texture": "#0"}
			}
		},
		{
			"name": "post",
			"from": [7, 14, 7],
			"to": [9, 30, 9],
			"rotation": {"angle": 0, "axis": "y", "origin": [2, 28, 0]},
			"faces": {
				"north": {"uv": [2, 0, 4, 16], "texture": "#missing"},
				"east": {"uv": [4, 0, 2, 16], "texture": "#missing"},
				"south": {"uv": [2, 0, 4, 16], "texture": "#missing"},
				"west": {"uv": [4, 0, 2, 16], "texture": "#missing"},
				"up": {"uv": [2, 14, 4, 16], "texture": "#missing"},
				"down": {"uv": [2, 14, 4, 16], "texture": "#missing"}
			}
		},
		{
			"from": [2, -15.73223, 2.00572],
			"to": [14, -14.73223, 14.00572],
			"rotation": {"angle": 0, "axis": "y", "origin": [8, 7.76777, 19.93072]},
			"faces": {
				"north": {"uv": [16, 15, 0, 16], "rotation": 180, "texture": "#6"},
				"east": {"uv": [0, 0, 1, 16], "rotation": 270, "texture": "#6"},
				"south": {"uv": [16, 0, 0, 1], "texture": "#6"},
				"west": {"uv": [15, 0, 16, 16], "rotation": 90, "texture": "#6"},
				"up": {"uv": [0, 0, 16, 16], "rotation": 180, "texture": "#6"},
				"down": {"uv": [0, 16, 16, 0], "rotation": 180, "texture": "#6"}
			}
		},
		{
			"from": [7, -15, 6.998],
			"to": [9, 17, 8.998],
			"rotation": {"angle": 0, "axis": "y", "origin": [8.001, 6.66932, 12.999]},
			"faces": {
				"north": {"uv": [12, 9, 0, 9.75], "rotation": 90, "texture": "#7"},
				"east": {"uv": [12, 8.25, 0, 9], "rotation": 90, "texture": "#7"},
				"south": {"uv": [12, 7.5, 0, 8.25], "rotation": 90, "texture": "#7"},
				"west": {"uv": [12, 6.75, 0, 7.5], "rotation": 90, "texture": "#7"}
			}
		},
		{
			"from": [7, 17, 6.998],
			"to": [9, 30, 8.998],
			"rotation": {"angle": 0, "axis": "y", "origin": [8.001, 6.66932, 12.999]},
			"faces": {
				"north": {"uv": [5, 9.25, 0, 10], "rotation": 90, "texture": "#7"},
				"east": {"uv": [5, 8.5, 0, 9.25], "rotation": 90, "texture": "#7"},
				"south": {"uv": [5, 7.75, 0, 8.5], "rotation": 90, "texture": "#7"},
				"west": {"uv": [5, 7, 0, 7.75], "rotation": 90, "texture": "#7"}
			}
		}
	],
	"display": {
		"thirdperson_righthand": {
			"rotation": [75, 45, 0],
			"translation": [0, 0.25, 0],
			"scale": [0.1, 0.1, 0.1]
		},
		"thirdperson_lefthand": {
			"rotation": [75, 45, 0],
			"translation": [0, 0.25, 0],
			"scale": [0.1, 0.1, 0.1]
		},
		"firstperson_righthand": {
			"rotation": [0, 45, 0],
			"scale": [0.15, 0.15, 0.15]
		},
		"firstperson_lefthand": {
			"rotation": [0, 45, 0],
			"scale": [0.15, 0.15, 0.15]
		},
		"ground": {
			"translation": [0, 3, 0],
			"scale": [0.25, 0.25, 0.25]
		},
		"gui": {
			"rotation": [30, 225, 0],
			"scale": [0.31, 0.31, 0.31]
		},
		"head": {
			"translation": [0, 31.5, 0],
			"scale": [1.07, 1.07, 1.07]
		},
		"fixed": {
			"rotation": [-90, 0, 0],
			"translation": [0, 0, -45.75],
			"scale": [2.01, 2.01, 2.01]
		}
	},
	"groups": [
		0,
		1,
		2,
		3,
		4,
		5,
		6,
		7,
		8,
		9,
		10,
		11,
		12,
		13,
		14,
		15,
		16,
		17,
		18,
		19,
		20,
		21,
		22,
		23,
		24,
		25,
		26,
		27,
		28,
		29,
		30,
		31,
		32,
		33,
		34,
		35,
		36,
		37,
		38,
		39,
		40,
		41,
		42,
		43,
		44,
		45,
		46,
		47,
		48,
		49,
		50,
		51,
		52,
		53,
		54,
		55,
		56,
		57,
		58,
		59,
		60,
		61,
		62,
		63,
		64,
		65,
		66,
		67,
		68,
		69,
		70,
		71,
		72,
		73,
		74,
		75,
		76,
		{
			"name": "root",
			"origin": [-0.5, 0, 0],
			"color": 0,
			"children": [
				{
					"name": "body",
					"origin": [-0.5, 5, -0.0125],
					"color": 1,
					"children": [
						{
							"name": "head",
							"origin": [-0.5, 6, 0],
							"color": 2,
							"children": [
								{
									"name": "hat",
									"origin": [0, -0.5, -0.5],
									"color": 3,
									"children": []
								}
							]
						}
					]
				},
				{
					"name": "leftArm",
					"origin": [5.75, 4.75, -0.25],
					"color": 4,
					"children": []
				},
				{
					"name": "rightArm",
					"origin": [-6.75, 4.75, -0.25],
					"color": 5,
					"children": []
				},
				{
					"name": "leftLeg",
					"origin": [1.9, 3.5, 0],
					"color": 6,
					"children": []
				},
				{
					"name": "rightLeg",
					"origin": [-2.9, 3.5, 0],
					"color": 7,
					"children": []
				}
			]
		},
		77,
		78,
		79
	]
}