{
	"credit": "Made with Blockbench",
	"texture_size": [32, 32],
	"textures": {
		"2": "item/stop_sign",
		"3": "item/stop_sign_back"
	},
	"elements": [
		{
			"name": "edge",
			"from": [0, 0, 4],
			"to": [1, 1, 12],
			"rotation": {"angle": 0, "axis": "y", "origin": [14, 0, -6]},
			"faces": {
				"north": {"uv": [7.5, 0, 8, 0.5], "rotation": 270, "texture": "#2"},
				"east": {"uv": [7.5, 0, 8, 0.5], "texture": "#2"},
				"south": {"uv": [7.5, 0, 8, 0.5], "rotation": 90, "texture": "#2"},
				"west": {"uv": [7.5, 0, 8, 0.5], "rotation": 180, "texture": "#2"},
				"up": {"uv": [8, 0, 7, 0.5], "rotation": 180, "texture": "#2"},
				"down": {"uv": [7.5, 0, 8, 0.5], "rotation": 90, "texture": "#2"}
			}
		},
		{
			"name": "edge",
			"from": [-2.68198, 0, 10.21827],
			"to": [-1.68198, 1, 15.86827],
			"rotation": {"angle": 45, "axis": "y", "origin": [0.81802, 0.5, 7.86827]},
			"faces": {
				"north": {"uv": [7.5, 0, 8, 0.5], "rotation": 270, "texture": "#2"},
				"east": {"uv": [7.5, 0, 8, 0.5], "texture": "#2"},
				"south": {"uv": [7.5, 0, 8, 0.5], "rotation": 90, "texture": "#2"},
				"west": {"uv": [7.5, 0, 8, 0.5], "rotation": 180, "texture": "#2"},
				"up": {"uv": [8, 0, 7, 0.5], "rotation": 180, "texture": "#2"},
				"down": {"uv": [7.5, 0, 8, 0.5], "rotation": 90, "texture": "#2"}
			}
		},
		{
			"name": "edge",
			"from": [-2.68198, 0, 0.13173],
			"to": [-1.68198, 1, 5.78173],
			"rotation": {"angle": -45, "axis": "y", "origin": [0.81802, 0.5, 8.13173]},
			"faces": {
				"north": {"uv": [7.5, 0, 8, 0.5], "rotation": 270, "texture": "#2"},
				"east": {"uv": [7.5, 0, 8, 0.5], "texture": "#2"},
				"south": {"uv": [7.5, 0, 8, 0.5], "rotation": 90, "texture": "#2"},
				"west": {"uv": [7.5, 0, 8, 0.5], "rotation": 180, "texture": "#2"},
				"up": {"uv": [8, 0, 7, 0.5], "rotation": 180, "texture": "#2"},
				"down": {"uv": [7.5, 0, 8, 0.5], "rotation": 90, "texture": "#2"}
			}
		},
		{
			"name": "edge",
			"from": [4, 0, 0],
			"to": [12, 1, 1],
			"rotation": {"angle": 0, "axis": "y", "origin": [14, 0, -6]},
			"faces": {
				"north": {"uv": [7.5, 0, 8, 0.5], "rotation": 270, "texture": "#2"},
				"east": {"uv": [7.5, 0, 8, 0.5], "texture": "#2"},
				"south": {"uv": [7.5, 0, 8, 0.5], "rotation": 90, "texture": "#2"},
				"west": {"uv": [7.5, 0, 8, 0.5], "rotation": 180, "texture": "#2"},
				"up": {"uv": [8, 0.5, 7, 0], "rotation": 270, "texture": "#2"},
				"down": {"uv": [7.5, 0, 8, 0.5], "rotation": 90, "texture": "#2"}
			}
		},
		{
			"name": "edge",
			"from": [17.68198, 0, 0.13173],
			"to": [18.68198, 1, 5.78173],
			"rotation": {"angle": 45, "axis": "y", "origin": [15.18198, 0.5, 8.13173]},
			"faces": {
				"north": {"uv": [7.5, 0, 8, 0.5], "rotation": 270, "texture": "#2"},
				"east": {"uv": [7.5, 0, 8, 0.5], "texture": "#2"},
				"south": {"uv": [7.5, 0, 8, 0.5], "rotation": 90, "texture": "#2"},
				"west": {"uv": [7.5, 0, 8, 0.5], "rotation": 180, "texture": "#2"},
				"up": {"uv": [7, 0.5, 8, 0], "rotation": 180, "texture": "#2"},
				"down": {"uv": [7.5, 0, 8, 0.5], "rotation": 90, "texture": "#2"}
			}
		},
		{
			"name": "edge",
			"from": [15, 0, 4],
			"to": [16, 1, 12],
			"rotation": {"angle": 0, "axis": "y", "origin": [14, 0, -6]},
			"faces": {
				"north": {"uv": [7.5, 0, 8, 0.5], "rotation": 270, "texture": "#2"},
				"east": {"uv": [7.5, 0, 8, 0.5], "texture": "#2"},
				"south": {"uv": [7.5, 0, 8, 0.5], "rotation": 90, "texture": "#2"},
				"west": {"uv": [7.5, 0, 8, 0.5], "rotation": 180, "texture": "#2"},
				"up": {"uv": [7, 0, 8, 0.5], "rotation": 180, "texture": "#2"},
				"down": {"uv": [7.5, 0, 8, 0.5], "rotation": 90, "texture": "#2"}
			}
		},
		{
			"name": "edge",
			"from": [17.68198, 0, 10.21827],
			"to": [18.68198, 1, 15.86827],
			"rotation": {"angle": -45, "axis": "y", "origin": [15.18198, 0.5, 7.86827]},
			"faces": {
				"north": {"uv": [7.5, 0, 8, 0.5], "rotation": 270, "texture": "#2"},
				"east": {"uv": [7.5, 0, 8, 0.5], "texture": "#2"},
				"south": {"uv": [7.5, 0, 8, 0.5], "rotation": 90, "texture": "#2"},
				"west": {"uv": [7.5, 0, 8, 0.5], "rotation": 180, "texture": "#2"},
				"up": {"uv": [7, 0, 8, 0.5], "rotation": 180, "texture": "#2"},
				"down": {"uv": [7.5, 0, 8, 0.5], "rotation": 90, "texture": "#2"}
			}
		},
		{
			"name": "edge",
			"from": [4, 0, 15],
			"to": [12, 1, 16],
			"rotation": {"angle": 0, "axis": "y", "origin": [14, 0, -6]},
			"faces": {
				"north": {"uv": [7.5, 0, 8, 0.5], "rotation": 270, "texture": "#2"},
				"east": {"uv": [7.5, 0, 8, 0.5], "texture": "#2"},
				"south": {"uv": [7.5, 0, 8, 0.5], "rotation": 90, "texture": "#2"},
				"west": {"uv": [7.5, 0, 8, 0.5], "rotation": 180, "texture": "#2"},
				"up": {"uv": [7, 0, 8, 0.5], "rotation": 270, "texture": "#2"},
				"down": {"uv": [7.5, 0, 8, 0.5], "rotation": 90, "texture": "#2"}
			}
		},
		{
			"name": "front",
			"from": [0.01, 0.01, 0.01],
			"to": [15.99, 0.99, 15.99],
			"rotation": {"angle": 0, "axis": "y", "origin": [14, 0, -6]},
			"faces": {
				"up": {"uv": [0, 0, 16, 16], "rotation": 180, "texture": "#2"},
				"down": {"uv": [0, 0, 16, 16], "texture": "#3"}
			}
		}
	],
	"display": {
		"thirdperson_righthand": {
			"rotation": [-20, 0, 35],
			"translation": [-2.5, 2.5, -2],
			"scale": [0.375, 0.375, 0.375]
		},
		"thirdperson_lefthand": {
			"rotation": [-20, 0, 35],
			"translation": [-2.5, 2.5, -2],
			"scale": [0.375, 0.375, 0.375]
		},
		"firstperson_righthand": {
			"rotation": [0, 45, 0],
			"scale": [0.4, 0.4, 0.4]
		},
		"firstperson_lefthand": {
			"rotation": [0, 45, 0],
			"scale": [0.4, 0.4, 0.4]
		},
		"ground": {
			"translation": [0, 3, 0],
			"scale": [0.25, 0.25, 0.25]
		},
		"gui": {
			"rotation": [115, 180, -45],
			"translation": [-3.25, -1.75, 0],
			"scale": [0.625, 0.625, 0.625]
		},
		"head": {
			"rotation": [-90, 0, 0],
			"translation": [0, 1, -15.25],
			"scale": [1.12, 1.12, 1.12]
		},
		"fixed": {
			"rotation": [90, 180, -180],
			"translation": [0, 0, -14.25],
			"scale": [2, 2, 2]
		}
	}
}