{
	"credit": "Made with Blockbench",
	"texture_size": [32, 32],
	"textures": {
		"0": "item/american_exit_mask",
		"particle": "item/american_exit_mask"
	},
	"elements": [
		{
			"from": [3.999, 0.999, 3.999],
			"to": [12.001, 7.001, 5.001],
			"faces": {
				"north": {"uv": [0, 1, 8, 7], "texture": "#0"},
				"east": {"uv": [0, 1, 1, 7], "texture": "#0"},
				"south": {"uv": [0, 1, 8, 7], "texture": "#0"},
				"west": {"uv": [7, 1, 8, 7], "texture": "#0"},
				"up": {"uv": [0, 1, 8, 2], "texture": "#0"},
				"down": {"uv": [0, 6, 8, 7], "texture": "#0"}
			}
		},
		{
			"from": [5, 0.98, 4.25],
			"to": [11, 0.98, 4.75],
			"faces": {
				"north": {"uv": [0, 1.5, 8, 6.5], "texture": "#0"},
				"east": {"uv": [0, 1.5, 1, 6.5], "texture": "#0"},
				"south": {"uv": [0, 1.5, 8, 6.5], "texture": "#0"},
				"west": {"uv": [7, 1.5, 8, 6.5], "texture": "#0"},
				"up": {"uv": [0, 1.5, 8, 2.5], "texture": "#0"},
				"down": {"uv": [0.5, 14, 8, 14.5], "texture": "#0"}
			}
		},
		{
			"from": [4.5, 2, 3.95],
			"to": [11.5, 6, 3.95],
			"faces": {
				"north": {"uv": [0, 10, 8.5, 14.5], "texture": "#0"},
				"south": {"uv": [0, 0, 8, 8], "texture": "#0"}
			}
		}
	],
	"display": {
		"thirdperson_righthand": {
			"rotation": [75, 45, 0],
			"translation": [0, 0.25, 0.5],
			"scale": [0.375, 0.375, 0.375]
		},
		"thirdperson_lefthand": {
			"rotation": [75, 45, 0],
			"translation": [0, 0.25, 0.5],
			"scale": [0.375, 0.375, 0.375]
		},
		"firstperson_righthand": {
			"rotation": [0, 45, 0],
			"scale": [0.4, 0.4, 0.4]
		},
		"firstperson_lefthand": {
			"rotation": [0, 45, 0],
			"scale": [0.4, 0.4, 0.4]
		},
		"ground": {
			"translation": [0, 3, 0],
			"scale": [0.25, 0.25, 0.25]
		},
		"gui": {
			"rotation": [30, 225, 0],
			"scale": [0.625, 0.625, 0.625]
		},
		"head": {
			"translation": [0, 7.32, -1],
			"scale": [1.81, 1.81, 1.81]
		},
		"fixed": {
			"translation": [0, 16, 14],
			"scale": [4, 4, 4]
		}
	}
}