{
	"credit": "Made with Blockbench",
	"texture_size": [32, 32],
	"textures": {
		"0": "item/smurfette",
		"particle": "item/smurfette"
	},
	"elements": [
		{
			"from": [4.75, 0, 4],
			"to": [6.75, 1, 7.25],
			"rotation": {"angle": 22.5, "axis": "y", "origin": [6, 0.5, 5.5]},
			"faces": {
				"north": {"uv": [10, 5.5, 11, 6], "texture": "#0"},
				"east": {"uv": [12.5, 7, 14.125, 7.5], "texture": "#0"},
				"south": {"uv": [13, 11, 14, 11.5], "texture": "#0"},
				"west": {"uv": [12.5, 11.5, 14.125, 12], "texture": "#0"},
				"up": {"uv": [7.5, 11.125, 6.5, 9.5], "texture": "#0"},
				"down": {"uv": [8.5, 9.5, 7.5, 11.125], "texture": "#0"}
			}
		},
		{
			"from": [9.65, 1, 4.25],
			"to": [11.15, 1.25, 6],
			"rotation": {"angle": -22.5, "axis": "y", "origin": [10, 1.125, 5.125]},
			"faces": {
				"north": {"uv": [10, 14, 10.75, 14.125], "texture": "#0"},
				"east": {"uv": [14, 8.5, 14.875, 8.625], "texture": "#0"},
				"south": {"uv": [14, 10.5, 14.75, 10.625], "texture": "#0"},
				"west": {"uv": [9, 14, 9.875, 14.125], "texture": "#0"},
				"up": {"uv": [13.75, 3.875, 13, 3], "texture": "#0"},
				"down": {"uv": [13.75, 13, 13, 13.875], "texture": "#0"}
			}
		},
		{
			"from": [4.9, 1, 4.25],
			"to": [6.4, 1.25, 6],
			"rotation": {"angle": 22.5, "axis": "y", "origin": [6, 1.125, 5.125]},
			"faces": {
				"north": {"uv": [11, 14, 11.75, 14.125], "texture": "#0"},
				"east": {"uv": [14, 9, 14.875, 9.125], "texture": "#0"},
				"south": {"uv": [14, 11, 14.75, 11.125], "texture": "#0"},
				"west": {"uv": [14, 9.5, 14.875, 9.625], "texture": "#0"},
				"up": {"uv": [14.25, 1.375, 13.5, 0.5], "texture": "#0"},
				"down": {"uv": [14.25, 1.5, 13.5, 2.375], "texture": "#0"}
			}
		},
		{
			"from": [9.25, 0, 4],
			"to": [11.25, 1, 7.25],
			"rotation": {"angle": -22.5, "axis": "y", "origin": [10, 0.5, 5.5]},
			"faces": {
				"north": {"uv": [13.5, 5, 14.5, 5.5], "texture": "#0"},
				"east": {"uv": [12.5, 12, 14.125, 12.5], "texture": "#0"},
				"south": {"uv": [13.5, 5.5, 14.5, 6], "texture": "#0"},
				"west": {"uv": [12.5, 12.5, 14.125, 13], "texture": "#0"},
				"up": {"uv": [9.5, 11.125, 8.5, 9.5], "texture": "#0"},
				"down": {"uv": [10.5, 9.5, 9.5, 11.125], "texture": "#0"}
			}
		},
		{
			"from": [5.5, 16.3, 4.75],
			"to": [10.5, 21.3, 8.25],
			"rotation": {"angle": 0, "axis": "y", "origin": [7.75, 16.8, 6.5]},
			"faces": {
				"north": {"uv": [0, 0, 2.5, 2.5], "texture": "#0"},
				"east": {"uv": [4.5, 0, 6.25, 2.5], "texture": "#0"},
				"south": {"uv": [0, 2.5, 2.5, 5], "texture": "#0"},
				"west": {"uv": [4.5, 2.5, 6.25, 5], "texture": "#0"},
				"up": {"uv": [2.5, 6.75, 0, 5], "texture": "#0"},
				"down": {"uv": [7, 5, 4.5, 6.75], "texture": "#0"}
			}
		},
		{
			"from": [5.5, 0, 5],
			"to": [6.5, 4, 6],
			"rotation": {"angle": -22.5, "axis": "x", "origin": [6, 3, 5.5]},
			"faces": {
				"north": {"uv": [12, 0.5, 12.5, 2.5], "texture": "#0"},
				"east": {"uv": [8, 12, 8.5, 14], "texture": "#0"},
				"south": {"uv": [8.5, 12, 9, 14], "texture": "#0"},
				"west": {"uv": [9, 12, 9.5, 14], "texture": "#0"},
				"up": {"uv": [7, 5, 6.5, 4.5], "texture": "#0"},
				"down": {"uv": [12.5, 9.5, 12, 10], "texture": "#0"}
			}
		},
		{
			"from": [5.5, 3.32612, 5.38268],
			"to": [6.5, 7.32612, 6.38268],
			"rotation": {"angle": 22.5, "axis": "x", "origin": [6, 5.32612, 5.88268]},
			"faces": {
				"north": {"uv": [9.5, 12, 10, 14], "texture": "#0"},
				"east": {"uv": [10, 12, 10.5, 14], "texture": "#0"},
				"south": {"uv": [10.5, 12, 11, 14], "texture": "#0"},
				"west": {"uv": [11, 12, 11.5, 14], "texture": "#0"},
				"up": {"uv": [12.5, 10.5, 12, 10], "texture": "#0"},
				"down": {"uv": [13.5, 2, 13, 2.5], "texture": "#0"}
			}
		},
		{
			"from": [7.5, 13.32612, 6.13268],
			"to": [8.5, 16.32612, 7.13268],
			"rotation": {"angle": 0, "axis": "x", "origin": [8, 15.32612, 6.63268]},
			"faces": {
				"north": {"uv": [13, 0.5, 13.5, 2], "texture": "#0"},
				"east": {"uv": [13, 4.5, 13.5, 6], "texture": "#0"},
				"south": {"uv": [13, 8.5, 13.5, 10], "texture": "#0"},
				"west": {"uv": [12.5, 13, 13, 14.5], "texture": "#0"},
				"up": {"uv": [14, 8, 13.5, 7.5], "texture": "#0"},
				"down": {"uv": [14, 8, 13.5, 8.5], "texture": "#0"}
			}
		},
		{
			"from": [9.75, 11.9888, 6.0922],
			"to": [14, 12.9888, 7.0922],
			"rotation": {"angle": -45, "axis": "z", "origin": [11.875, 12.4888, 6.5922]},
			"faces": {
				"north": {"uv": [11, 4, 13.125, 4.5], "texture": "#0"},
				"east": {"uv": [13.5, 8.5, 14, 9], "texture": "#0"},
				"south": {"uv": [11, 7.5, 13.125, 8], "texture": "#0"},
				"west": {"uv": [13.5, 9, 14, 9.5], "texture": "#0"},
				"up": {"uv": [13.125, 8.5, 11, 8], "texture": "#0"},
				"down": {"uv": [12.625, 11, 10.5, 11.5], "texture": "#0"}
			}
		},
		{
			"from": [13.625, 7.1138, 6.0922],
			"to": [14.625, 11.3638, 7.0922],
			"rotation": {"angle": 22.5, "axis": "z", "origin": [14.125, 9.2388, 6.5922]},
			"faces": {
				"north": {"uv": [5.5, 11, 6, 13.125], "texture": "#0"},
				"east": {"uv": [6, 11, 6.5, 13.125], "texture": "#0"},
				"south": {"uv": [11.5, 0, 12, 2.125], "texture": "#0"},
				"west": {"uv": [6.5, 11.5, 7, 13.625], "texture": "#0"},
				"up": {"uv": [14, 10, 13.5, 9.5], "texture": "#0"},
				"down": {"uv": [12.5, 13.5, 12, 14], "texture": "#0"}
			}
		},
		{
			"from": [2, 11.9888, 6.0922],
			"to": [6.25, 12.9888, 7.0922],
			"rotation": {"angle": 45, "axis": "z", "origin": [4.125, 12.4888, 6.5922]},
			"faces": {
				"north": {"uv": [11.5, 2.5, 13.625, 3], "texture": "#0"},
				"east": {"uv": [14, 2.5, 14.5, 3], "texture": "#0"},
				"south": {"uv": [7, 11.5, 9.125, 12], "texture": "#0"},
				"west": {"uv": [14, 3, 14.5, 3.5], "texture": "#0"},
				"up": {"uv": [11.625, 12, 9.5, 11.5], "texture": "#0"},
				"down": {"uv": [14.125, 0, 12, 0.5], "texture": "#0"}
			}
		},
		{
			"from": [1.375, 7.1138, 6.0922],
			"to": [2.375, 11.3638, 7.0922],
			"rotation": {"angle": -22.5, "axis": "z", "origin": [1.875, 9.2388, 6.5922]},
			"faces": {
				"north": {"uv": [1.5, 12, 2, 14.125], "texture": "#0"},
				"east": {"uv": [2, 12, 2.5, 14.125], "texture": "#0"},
				"south": {"uv": [2.5, 12, 3, 14.125], "texture": "#0"},
				"west": {"uv": [3, 12, 3.5, 14.125], "texture": "#0"},
				"up": {"uv": [14.5, 4, 14, 3.5], "texture": "#0"},
				"down": {"uv": [7, 14, 6.5, 14.5], "texture": "#0"}
			}
		},
		{
			"from": [9.5, 0, 5],
			"to": [10.5, 4, 6],
			"rotation": {"angle": -22.5, "axis": "x", "origin": [10, 3, 5.5]},
			"faces": {
				"north": {"uv": [11.5, 12, 12, 14], "texture": "#0"},
				"east": {"uv": [12, 11.5, 12.5, 13.5], "texture": "#0"},
				"south": {"uv": [0, 12.5, 0.5, 14.5], "texture": "#0"},
				"west": {"uv": [0.5, 12.5, 1, 14.5], "texture": "#0"},
				"up": {"uv": [14.5, 8, 14, 7.5], "texture": "#0"},
				"down": {"uv": [8.5, 14, 8, 14.5], "texture": "#0"}
			}
		},
		{
			"from": [9.5, 3.32612, 5.38268],
			"to": [10.5, 7.32612, 6.38268],
			"rotation": {"angle": 22.5, "axis": "x", "origin": [10, 5.32612, 5.88268]},
			"faces": {
				"north": {"uv": [12.5, 0.5, 13, 2.5], "texture": "#0"},
				"east": {"uv": [1, 12.5, 1.5, 14.5], "texture": "#0"},
				"south": {"uv": [12.5, 4.5, 13, 6.5], "texture": "#0"},
				"west": {"uv": [12.5, 8.5, 13, 10.5], "texture": "#0"},
				"up": {"uv": [14.5, 8.5, 14, 8], "texture": "#0"},
				"down": {"uv": [9, 14, 8.5, 14.5], "texture": "#0"}
			}
		},
		{
			"from": [5.25, 7, 5.5],
			"to": [10.75, 9.5, 7.75],
			"faces": {
				"north": {"uv": [6.5, 0, 9.25, 1.25], "texture": "#0"},
				"east": {"uv": [10.5, 9.5, 11.625, 10.75], "texture": "#0"},
				"south": {"uv": [6.5, 1.5, 9.25, 2.75], "texture": "#0"},
				"west": {"uv": [0, 11, 1.125, 12.25], "texture": "#0"},
				"up": {"uv": [9.25, 4.125, 6.5, 3], "texture": "#0"},
				"down": {"uv": [2.75, 7, 0, 8.125], "texture": "#0"}
			}
		},
		{
			"from": [9.75, 7, 5.5],
			"to": [10.75, 12, 7.75],
			"rotation": {"angle": 22.5, "axis": "z", "origin": [10.5, 9.5, 6.625]},
			"faces": {
				"north": {"uv": [3.5, 11, 4, 13.5], "texture": "#0"},
				"east": {"uv": [6, 7, 7.125, 9.5], "texture": "#0"},
				"south": {"uv": [4, 11, 4.5, 13.5], "texture": "#0"},
				"west": {"uv": [7.5, 6, 8.625, 8.5], "texture": "#0"},
				"up": {"uv": [5, 14.625, 4.5, 13.5], "texture": "#0"},
				"down": {"uv": [5.5, 13.5, 5, 14.625], "texture": "#0"}
			}
		},
		{
			"from": [5.25, 7, 5.5],
			"to": [6.25, 12, 7.75],
			"rotation": {"angle": -22.5, "axis": "z", "origin": [5.5, 9.5, 6.625]},
			"faces": {
				"north": {"uv": [4.5, 11, 5, 13.5], "texture": "#0"},
				"east": {"uv": [0, 8.5, 1.125, 11], "texture": "#0"},
				"south": {"uv": [5, 11, 5.5, 13.5], "texture": "#0"},
				"west": {"uv": [1.5, 8.5, 2.625, 11], "texture": "#0"},
				"up": {"uv": [6, 14.625, 5.5, 13.5], "texture": "#0"},
				"down": {"uv": [6.5, 13.5, 6, 14.625], "texture": "#0"}
			}
		},
		{
			"from": [6.25, 9.5, 5.5],
			"to": [9.75, 12.5, 7.75],
			"faces": {
				"north": {"uv": [9, 6, 10.75, 7.5], "texture": "#0"},
				"east": {"uv": [9.5, 3, 10.625, 4.5], "texture": "#0"},
				"south": {"uv": [9.5, 0, 11.25, 1.5], "texture": "#0"},
				"west": {"uv": [5, 9.5, 6.125, 11], "texture": "#0"},
				"up": {"uv": [11.25, 2.625, 9.5, 1.5], "texture": "#0"},
				"down": {"uv": [4.75, 9.5, 3, 10.625], "texture": "#0"}
			}
		},
		{
			"from": [6.25, 7, 4],
			"to": [9.75, 8.5, 5.75],
			"rotation": {"angle": 0, "axis": "y", "origin": [0, -2.5, -2]},
			"faces": {
				"north": {"uv": [1.5, 11, 3.25, 11.75], "texture": "#0"},
				"east": {"uv": [3.5, 13.5, 4.375, 14.25], "texture": "#0"},
				"south": {"uv": [11, 3, 12.75, 3.75], "texture": "#0"},
				"west": {"uv": [13.5, 4, 14.375, 4.75], "texture": "#0"},
				"up": {"uv": [4.25, 6.875, 2.5, 6], "texture": "#0"},
				"down": {"uv": [10.75, 7.5, 9, 8.375], "texture": "#0"}
			}
		},
		{
			"from": [6.25, 8.5, 4.75],
			"to": [9.75, 10.25, 5.75],
			"rotation": {"angle": 0, "axis": "y", "origin": [0, -1.25, -2]},
			"faces": {
				"north": {"uv": [10, 4.5, 11.75, 5.375], "texture": "#0"},
				"east": {"uv": [7, 6, 7.5, 6.875], "texture": "#0"},
				"south": {"uv": [10.5, 8.5, 12.25, 9.375], "texture": "#0"},
				"west": {"uv": [12, 4.5, 12.5, 5.375], "texture": "#0"},
				"up": {"uv": [13.75, 11, 12, 10.5], "texture": "#0"},
				"down": {"uv": [14.25, 6.5, 12.5, 7], "texture": "#0"}
			}
		},
		{
			"from": [6.25, 7, 4.5],
			"to": [9.75, 12.5, 5.25],
			"rotation": {"angle": 22.5, "axis": "x", "origin": [8, 9.75, 4.75]},
			"faces": {
				"north": {"uv": [2.5, 0, 4.25, 2.75], "texture": "#0"},
				"east": {"uv": [7, 12, 7.375, 14.75], "texture": "#0"},
				"south": {"uv": [2.5, 3, 4.25, 5.75], "texture": "#0"},
				"west": {"uv": [7.5, 12, 7.875, 14.75], "texture": "#0"},
				"up": {"uv": [14.75, 6.375, 13, 6], "texture": "#0"},
				"down": {"uv": [14.75, 10, 13, 10.375], "texture": "#0"}
			}
		},
		{
			"from": [5.25, 12.5, 5.5],
			"to": [10.75, 14.5, 7.75],
			"faces": {
				"north": {"uv": [3, 8.5, 5.75, 9.5], "texture": "#0"},
				"east": {"uv": [11, 5.5, 12.125, 6.5], "texture": "#0"},
				"south": {"uv": [7.5, 8.5, 10.25, 9.5], "texture": "#0"},
				"west": {"uv": [11, 6.5, 12.125, 7.5], "texture": "#0"},
				"up": {"uv": [5.75, 8.125, 3, 7], "texture": "#0"},
				"down": {"uv": [9.75, 4.5, 7, 5.625], "texture": "#0"}
			}
		}
	],
	"display": {
		"fixed": {
			"rotation": [-90, 0, 0],
			"translation": [0, 8.75, -31],
			"scale": [4, 4, 4]
		}
	},
	"groups": [
		{
			"name": "group",
			"origin": [8, 8, 8],
			"color": 0,
			"children": [0, 1, 2, 3, 4, 5, 6, 7, 8, 9, 10, 11, 12, 13, 14, 15, 16, 17, 18, 19, 20, 21]
		}
	]
}