{
	"credit": "Made with Blockbench",
	"textures": {
		"4": "item/chess_king_white"
	},
	"elements": [
		{
			"from": [5, 1, 5],
			"to": [11, 2, 11],
			"faces": {
				"north": {"uv": [0, 1, 6, 2], "texture": "#4"},
				"east": {"uv": [0, 1, 6, 2], "texture": "#4"},
				"south": {"uv": [0, 1, 6, 2], "texture": "#4"},
				"west": {"uv": [0, 1, 6, 2], "texture": "#4"},
				"up": {"uv": [6, 2, 12, 8], "texture": "#4"},
				"down": {"uv": [0, 0, 6, 6], "texture": "#4"}
			}
		},
		{
			"from": [4, 0, 4],
			"to": [12, 1, 12],
			"faces": {
				"north": {"uv": [0, 0, 8, 1], "texture": "#4"},
				"east": {"uv": [0, 0, 8, 1], "texture": "#4"},
				"south": {"uv": [0, 0, 8, 1], "texture": "#4"},
				"west": {"uv": [0, 0, 8, 1], "texture": "#4"},
				"up": {"uv": [4, 8, 12, 16], "texture": "#4"},
				"down": {"uv": [4, 8, 12, 16], "texture": "#4"}
			}
		},
		{
			"from": [6, 2, 6],
			"to": [10, 11, 10],
			"faces": {
				"north": {"uv": [0, 7, 4, 16], "texture": "#4"},
				"east": {"uv": [0, 7, 4, 16], "texture": "#4"},
				"south": {"uv": [0, 7, 4, 16], "texture": "#4"},
				"west": {"uv": [0, 7, 4, 16], "texture": "#4"},
				"up": {"uv": [0, 0, 4, 4], "texture": "#4"},
				"down": {"uv": [0, 0, 4, 4], "texture": "#4"}
			}
		},
		{
			"from": [5, 11, 5],
			"to": [11, 13, 11],
			"faces": {
				"north": {"uv": [0, 4, 6, 6], "texture": "#4"},
				"east": {"uv": [0, 4, 6, 6], "texture": "#4"},
				"south": {"uv": [0, 4, 6, 6], "texture": "#4"},
				"west": {"uv": [0, 4, 6, 6], "texture": "#4"},
				"up": {"uv": [6, 2, 12, 8], "texture": "#4"},
				"down": {"uv": [6, 2, 12, 8], "texture": "#4"}
			}
		},
		{
			"from": [5.5, 9, 5.5],
			"to": [10.5, 11, 10.5],
			"faces": {
				"north": {"uv": [0, 2, 5, 4], "texture": "#4"},
				"east": {"uv": [0, 2, 5, 4], "texture": "#4"},
				"south": {"uv": [0, 2, 5, 4], "texture": "#4"},
				"west": {"uv": [0, 2, 5, 4], "texture": "#4"},
				"up": {"uv": [0, 0, 5, 5], "texture": "#4"},
				"down": {"uv": [6, 2, 12, 8], "texture": "#4"}
			}
		},
		{
			"from": [10, 13, 7.5],
			"to": [11, 14, 8.5],
			"faces": {
				"north": {"uv": [0, 6, 1, 7], "texture": "#4"},
				"east": {"uv": [0, 6, 1, 7], "texture": "#4"},
				"south": {"uv": [0, 6, 1, 7], "texture": "#4"},
				"west": {"uv": [0, 6, 1, 7], "texture": "#4"},
				"up": {"uv": [1, 6, 2, 7], "texture": "#4"},
				"down": {"uv": [0, 0, 1, 1], "texture": "#4"}
			}
		},
		{
			"from": [5, 13, 7.5],
			"to": [6, 14, 8.5],
			"faces": {
				"north": {"uv": [0, 6, 1, 7], "texture": "#4"},
				"east": {"uv": [0, 6, 1, 7], "texture": "#4"},
				"south": {"uv": [1, 6, 0, 7], "texture": "#4"},
				"west": {"uv": [0, 6, 1, 7], "texture": "#4"},
				"up": {"uv": [1, 6, 2, 7], "texture": "#4"},
				"down": {"uv": [0, 0, 1, 1], "texture": "#4"}
			}
		},
		{
			"from": [7.5, 13, 10],
			"to": [8.5, 14, 11],
			"faces": {
				"north": {"uv": [0, 6, 1, 7], "texture": "#4"},
				"east": {"uv": [0, 6, 1, 7], "texture": "#4"},
				"south": {"uv": [0, 6, 1, 7], "texture": "#4"},
				"west": {"uv": [0, 6, 1, 7], "texture": "#4"},
				"up": {"uv": [2, 6, 1, 7], "texture": "#4"},
				"down": {"uv": [0, 0, 1, 1], "texture": "#4"}
			}
		},
		{
			"from": [7.5, 13, 5],
			"to": [8.5, 14, 6],
			"faces": {
				"north": {"uv": [0, 6, 1, 7], "texture": "#4"},
				"east": {"uv": [0, 6, 1, 7], "texture": "#4"},
				"south": {"uv": [0, 6, 1, 7], "texture": "#4"},
				"west": {"uv": [0, 6, 1, 7], "texture": "#4"},
				"up": {"uv": [2, 6, 1, 7], "texture": "#4"},
				"down": {"uv": [0, 0, 1, 1], "texture": "#4"}
			}
		},
		{
			"from": [10, 13, 5],
			"to": [11, 14, 6],
			"faces": {
				"north": {"uv": [0, 6, 1, 7], "texture": "#4"},
				"east": {"uv": [1, 6, 0, 7], "texture": "#4"},
				"south": {"uv": [0, 6, 1, 7], "texture": "#4"},
				"west": {"uv": [0, 6, 1, 7], "texture": "#4"},
				"up": {"uv": [2, 6, 1, 7], "texture": "#4"},
				"down": {"uv": [0, 0, 1, 1], "texture": "#4"}
			}
		},
		{
			"from": [10, 13, 10],
			"to": [11, 14, 11],
			"faces": {
				"north": {"uv": [0, 6, 1, 7], "texture": "#4"},
				"east": {"uv": [0, 6, 1, 7], "texture": "#4"},
				"south": {"uv": [1, 6, 0, 7], "texture": "#4"},
				"west": {"uv": [0, 6, 1, 7], "texture": "#4"},
				"up": {"uv": [1, 6, 2, 7], "texture": "#4"},
				"down": {"uv": [0, 0, 1, 1], "texture": "#4"}
			}
		},
		{
			"from": [5, 13, 5],
			"to": [6, 14, 6],
			"faces": {
				"north": {"uv": [1, 6, 0, 7], "texture": "#4"},
				"east": {"uv": [0, 6, 1, 7], "texture": "#4"},
				"south": {"uv": [1, 6, 0, 7], "texture": "#4"},
				"west": {"uv": [0, 6, 1, 7], "texture": "#4"},
				"up": {"uv": [1, 6, 2, 7], "texture": "#4"},
				"down": {"uv": [0, 0, 1, 1], "texture": "#4"}
			}
		},
		{
			"from": [5, 13, 10],
			"to": [6, 14, 11],
			"faces": {
				"north": {"uv": [0, 6, 1, 7], "texture": "#4"},
				"east": {"uv": [0, 6, 1, 7], "texture": "#4"},
				"south": {"uv": [0, 6, 1, 7], "texture": "#4"},
				"west": {"uv": [1, 6, 0, 7], "texture": "#4"},
				"up": {"uv": [2, 6, 1, 7], "texture": "#4"},
				"down": {"uv": [0, 0, 1, 1], "texture": "#4"}
			}
		}
	],
	"display": {
		"thirdperson_righthand": {
			"rotation": [75, 45, 0],
			"translation": [0, 0.75, 0],
			"scale": [0.375, 0.375, 0.375]
		},
		"thirdperson_lefthand": {
			"rotation": [75, 45, 0],
			"translation": [0, 0.75, 0],
			"scale": [0.375, 0.375, 0.375]
		},
		"firstperson_righthand": {
			"rotation": [0, 45, 0],
			"scale": [0.4, 0.4, 0.4]
		},
		"firstperson_lefthand": {
			"rotation": [0, 45, 0],
			"scale": [0.4, 0.4, 0.4]
		},
		"ground": {
			"translation": [0, 3, 0],
			"scale": [0.25, 0.25, 0.25]
		},
		"gui": {
			"rotation": [30, 225, 0],
			"translation": [0, 0.75, 0],
			"scale": [0.88, 0.88, 0.88]
		},
		"head": {
			"translation": [0, 14.5, 0]
		},
		"fixed": {
			"rotation": [-90, 0, 0],
			"translation": [0, 0, -22],
			"scale": [3.01, 3.01, 3.01]
		}
	},
	"groups": [
		{
			"name": "head",
			"origin": [0, 22, -9],
			"color": 0,
			"children": []
		},
		{
			"name": "mouth",
			"origin": [0, 22, -9],
			"color": 0,
			"children": []
		},
		{
			"name": "left_ear",
			"origin": [0, 23, -9],
			"color": 0,
			"children": []
		},
		{
			"name": "right_ear",
			"origin": [0, 23, -9],
			"color": 0,
			"children": []
		},
		{
			"name": "neck",
			"origin": [0, 22, -8.9],
			"color": 0,
			"children": []
		},
		{
			"name": "mane",
			"origin": [0, 22, -9],
			"color": 0,
			"children": []
		},
		{
			"name": "body",
			"origin": [0, 13, 6],
			"color": 0,
			"children": []
		},
		{
			"name": "tail",
			"origin": [0, 21, 11],
			"color": 0,
			"children": []
		},
		{
			"name": "front_left_leg",
			"origin": [4, 10, -9.1],
			"color": 0,
			"children": []
		},
		{
			"name": "front_right_leg",
			"origin": [-4, 10, -9.1],
			"color": 0,
			"children": []
		},
		{
			"name": "back_left_leg",
			"origin": [4, 10, 8],
			"color": 0,
			"children": []
		},
		{
			"name": "back_right_leg",
			"origin": [-4, 10, 8],
			"color": 0,
			"children": []
		},
		{
			"name": "child_front_left_leg",
			"origin": [4, 10, -9],
			"color": 0,
			"children": []
		},
		{
			"name": "child_front_right_leg",
			"origin": [-4, 10, -9],
			"color": 0,
			"children": []
		},
		{
			"name": "child_back_left_leg",
			"origin": [4, 10, 8],
			"color": 0,
			"children": []
		},
		{
			"name": "child_back_right_leg",
			"origin": [-4, 10, 8],
			"color": 0,
			"children": []
		},
		{
			"name": "headpiece",
			"origin": [0, 22, -9],
			"color": 0,
			"children": []
		},
		{
			"name": "noseband",
			"origin": [0, 22, -9],
			"color": 0,
			"children": []
		},
		{
			"name": "left_bit",
			"origin": [0, 22, -9],
			"color": 0,
			"children": []
		},
		{
			"name": "right_bit",
			"origin": [0, 22, -9],
			"color": 0,
			"children": []
		},
		{
			"name": "left_rein",
			"origin": [0, 20.75, -14],
			"color": 0,
			"children": []
		},
		{
			"name": "right_rein",
			"origin": [0, 20.75, -14],
			"color": 0,
			"children": []
		},
		{
			"name": "saddle",
			"origin": [0, 13, 6],
			"color": 0,
			"children": []
		},
		0,
		1,
		2,
		3,
		4,
		5,
		6,
		7,
		8,
		9,
		10,
		11,
		12
	]
}