{
	"credit": "Made with Blockbench",
	"texture_size": [64, 64],
	"textures": {
		"0": "item/agnes",
		"1": "item/stone_baseplate",
		"particle": "item/stone_baseplate"
	},
	"elements": [
		{
			"name": "body",
			"from": [3.5, 4.5, 5.975],
			"to": [12.5, 8, 10.025],
			"rotation": {"angle": 0, "axis": "y", "origin": [8.5, 0, 4.5]},
			"faces": {
				"north": {"uv": [1, 15.125, 3.25, 16], "texture": "#0"},
				"east": {"uv": [0, 15.125, 1, 16], "texture": "#0"},
				"south": {"uv": [4.25, 15.125, 6.5, 16], "texture": "#0"},
				"west": {"uv": [3.25, 15.125, 4.25, 16], "texture": "#0"},
				"up": {"uv": [3.25, 15.125, 1, 14.125], "texture": "#0"},
				"down": {"uv": [5.5, 14.125, 3.25, 15.125], "texture": "#0"}
			}
		},
		{
			"name": "head",
			"from": [2.25, 7, 3],
			"to": [13.75, 17, 12.5],
			"rotation": {"angle": 0, "axis": "y", "origin": [8.5, 0, 4.5]},
			"faces": {
				"north": {"uv": [2.25, 7, 5.125, 9.5], "texture": "#0"},
				"east": {"uv": [0, 7, 2.25, 9.5], "texture": "#0"},
				"south": {"uv": [7.375, 7, 9.875, 9.5], "texture": "#0"},
				"west": {"uv": [5.125, 7, 7.375, 9.5], "texture": "#0"},
				"up": {"uv": [4.875, 7, 2.375, 4.75], "texture": "#0"},
				"down": {"uv": [7.375, 4.75, 4.875, 7], "texture": "#0"}
			}
		},
		{
			"name": "head",
			"from": [1.75, 14.5, 2.5],
			"to": [13.75, 18, 12.5],
			"rotation": {"angle": 0, "axis": "y", "origin": [8.5, 0, 4.5]},
			"faces": {
				"north": {"uv": [2.375, 2.25, 5, 3.125], "texture": "#0"},
				"east": {"uv": [0, 2.25, 2.375, 3.125], "texture": "#0"},
				"south": {"uv": [7.25, 2.25, 9.75, 3.125], "texture": "#0"},
				"west": {"uv": [5, 2.25, 7.25, 3.125], "texture": "#0"},
				"up": {"uv": [4.875, 2.25, 2.375, 0], "texture": "#0"},
				"down": {"uv": [7.375, 0, 4.875, 2.25], "texture": "#0"}
			}
		},
		{
			"name": "head",
			"from": [2, 18, 5.25],
			"to": [6, 21.5, 5.25],
			"rotation": {"angle": 0, "axis": "y", "origin": [8.5, 0, 4.5]},
			"faces": {
				"north": {"uv": [13.375, 9.25, 14.25, 10], "texture": "#0"},
				"east": {"uv": [12.375, 9.25, 13.375, 10], "texture": "#0"},
				"south": {"uv": [14.25, 9.25, 13.375, 10], "texture": "#0"},
				"west": {"uv": [14.25, 9.25, 15.25, 10], "texture": "#0"},
				"up": {"uv": [14.25, 9.25, 13.5, 8.25], "texture": "#0"},
				"down": {"uv": [15, 8.25, 14.25, 9.25], "texture": "#0"}
			}
		},
		{
			"name": "tail",
			"from": [5.75, 12.5, 14.5],
			"to": [9.75, 19, 17],
			"rotation": {"angle": 0, "axis": "y", "origin": [8.5, 0, 4.5]},
			"faces": {
				"north": {"uv": [13.25, 3.125, 14.25, 4.5], "texture": "#0"},
				"east": {"uv": [12.625, 2.875, 13.25, 4.5], "texture": "#0"},
				"south": {"uv": [14.875, 3.125, 15.875, 4.5], "texture": "#0"},
				"west": {"uv": [14.25, 2.875, 14.875, 4.5], "texture": "#0"},
				"up": {"uv": [14.25, 2.875, 13.25, 2.375], "texture": "#0"},
				"down": {"uv": [14.25, 4.5, 13.25, 5], "texture": "#0"}
			}
		},
		{
			"name": "tail",
			"from": [5.75, 15.5, 12.5],
			"to": [9.75, 19, 14.5],
			"rotation": {"angle": 0, "axis": "y", "origin": [8.5, 0, 4.5]},
			"faces": {
				"north": {"uv": [11.5, 0.5, 12.5, 1.375], "texture": "#0"},
				"east": {"uv": [11, 0.5, 11.5, 1.375], "texture": "#0"},
				"south": {"uv": [13, 0.5, 14, 1.375], "texture": "#0"},
				"west": {"uv": [12.5, 0.5, 13, 1.375], "texture": "#0"},
				"up": {"uv": [12.5, 0.5, 11.5, 0], "texture": "#0"},
				"down": {"uv": [13.5, 0, 12.5, 0.5], "texture": "#0"}
			}
		},
		{
			"name": "tail",
			"from": [5.75, 12.5, 17],
			"to": [9.75, 14.5, 18.5],
			"rotation": {"angle": 0, "axis": "y", "origin": [8.5, 0, 4.5]},
			"faces": {
				"north": {"uv": [11.25, 1.5, 12.25, 2], "texture": "#0"},
				"east": {"uv": [10.875, 1.625, 11.25, 2.125], "texture": "#0"},
				"south": {"uv": [12.625, 1.625, 13.625, 2.125], "texture": "#0"},
				"west": {"uv": [12.25, 1.625, 12.625, 2.125], "texture": "#0"},
				"up": {"uv": [12.25, 1.625, 11.25, 1.375], "texture": "#0"},
				"down": {"uv": [12.25, 2.125, 11.25, 2.375], "texture": "#0"}
			}
		},
		{
			"from": [2, 0, 2],
			"to": [14, 1, 14],
			"rotation": {"angle": 0, "axis": "y", "origin": [2, 0, 2]},
			"faces": {
				"north": {"uv": [6, 3, 9, 3.25], "texture": "#1"},
				"east": {"uv": [3, 3, 6, 3.25], "texture": "#1"},
				"south": {"uv": [0, 3, 3, 3.25], "texture": "#1"},
				"west": {"uv": [9, 3, 12, 3.25], "texture": "#1"},
				"up": {"uv": [0, 0, 3, 3], "texture": "#1"},
				"down": {"uv": [3, 0, 6, 3], "texture": "#1"}
			}
		},
		{
			"name": "leftArm",
			"from": [12.5, 4, 6],
			"to": [16, 7.5, 9.5],
			"rotation": {"angle": 0, "axis": "y", "origin": [8.5, 0, 4.5]},
			"faces": {
				"north": {"uv": [13, 11, 13.75, 11.75], "texture": "#0"},
				"east": {"uv": [12, 11, 13, 11.75], "texture": "#0"},
				"south": {"uv": [14.75, 11, 15.5, 11.75], "texture": "#0"},
				"west": {"uv": [13.75, 11, 14.75, 11.75], "texture": "#0"},
				"up": {"uv": [13.75, 11, 13, 10], "texture": "#0"},
				"down": {"uv": [14.5, 10, 13.75, 11], "texture": "#0"}
			}
		},
		{
			"name": "rightArm",
			"from": [0, 4, 6],
			"to": [3.5, 7.5, 9.5],
			"rotation": {"angle": 0, "axis": "y", "origin": [8.5, 0, 4.5]},
			"faces": {
				"north": {"uv": [13.75, 11, 13, 11.75], "texture": "#0"},
				"east": {"uv": [14.75, 11, 13.75, 11.75], "texture": "#0"},
				"south": {"uv": [15.5, 11, 14.75, 11.75], "texture": "#0"},
				"west": {"uv": [13, 11, 12, 11.75], "texture": "#0"},
				"up": {"uv": [13, 11, 13.75, 10], "texture": "#0"},
				"down": {"uv": [13.75, 10, 14.5, 11], "texture": "#0"}
			}
		},
		{
			"name": "leftLeg",
			"from": [8.4, 1, 6],
			"to": [12.4, 5, 10],
			"rotation": {"angle": 0, "axis": "y", "origin": [8.5, 0, 4.5]},
			"faces": {
				"north": {"uv": [13, 15, 14, 16], "texture": "#0"},
				"east": {"uv": [12, 15, 13, 16], "texture": "#0"},
				"south": {"uv": [15, 15, 16, 16], "texture": "#0"},
				"west": {"uv": [14, 15, 15, 16], "texture": "#0"},
				"up": {"uv": [14, 15, 13, 14], "texture": "#0"},
				"down": {"uv": [15, 14, 14, 15], "texture": "#0"}
			}
		},
		{
			"name": "rightLeg",
			"from": [3.6, 1, 6],
			"to": [7.6, 5, 10],
			"rotation": {"angle": 0, "axis": "y", "origin": [8.5, 0, 4.5]},
			"faces": {
				"north": {"uv": [14, 13, 13, 14], "texture": "#0"},
				"east": {"uv": [15, 13, 14, 14], "texture": "#0"},
				"south": {"uv": [16, 13, 15, 14], "texture": "#0"},
				"west": {"uv": [13, 13, 12, 14], "texture": "#0"},
				"up": {"uv": [13, 13, 14, 12], "texture": "#0"},
				"down": {"uv": [14, 12, 15, 13], "texture": "#0"}
			}
		}
	],
	"display": {
		"thirdperson_righthand": {
			"rotation": [75, 45, 0],
			"translation": [0, 1, 0],
			"scale": [0.375, 0.375, 0.375]
		},
		"thirdperson_lefthand": {
			"rotation": [75, 45, 0],
			"translation": [0, 1, 0],
			"scale": [0.375, 0.375, 0.375]
		},
		"firstperson_righthand": {
			"rotation": [0, 45, 0],
			"scale": [0.4, 0.4, 0.4]
		},
		"firstperson_lefthand": {
			"rotation": [0, 45, 0],
			"scale": [0.4, 0.4, 0.4]
		},
		"ground": {
			"translation": [0, 3, 0],
			"scale": [0.25, 0.25, 0.25]
		},
		"gui": {
			"rotation": [0, 144, 0],
			"translation": [0.35, -2.3, 0],
			"scale": [0.71, 0.71, 0.71]
		},
		"head": {
			"translation": [0, 13.25, 0.75]
		},
		"fixed": {
			"rotation": [-90, 0, 0],
			"translation": [0, 0, -14.08],
			"scale": [2.01, 2.01, 2.01]
		}
	},
	"groups": [
		{
			"name": "root",
			"origin": [-0.5, 0, 0],
			"color": 0,
			"children": [
				{
					"name": "body",
					"origin": [-0.5, 5, 0],
					"color": 1,
					"children": [
						0,
						{
							"name": "head",
							"origin": [-0.5, 6, 0],
							"color": 2,
							"children": [
								1,
								2,
								3,
								{
									"name": "tail",
									"origin": [-0.25, 0, -0.5],
									"color": 3,
									"children": [4, 5, 6]
								},
								7
							]
						}
					]
				},
				{
					"name": "leftArm",
					"origin": [5.75, 4.75, -0.25],
					"color": 4,
					"children": [8]
				},
				{
					"name": "rightArm",
					"origin": [-6.75, 4.75, -0.25],
					"color": 5,
					"children": [9]
				},
				{
					"name": "leftLeg",
					"origin": [1.9, 3.5, 0],
					"color": 6,
					"children": [10]
				},
				{
					"name": "rightLeg",
					"origin": [-2.9, 3.5, 0],
					"color": 7,
					"children": [11]
				}
			]
		}
	]
}