{
	"credit": "Made with Blockbench",
	"texture_size": [32, 32],
	"textures": {
		"0": "item/checkered_game_board",
		"particle": "item/checkered_game_board"
	},
	"elements": [
		{
			"from": [0, 0, 0],
			"to": [16, 1.5, 16],
			"faces": {
				"north": {"uv": [8, 0, 16, 0.25], "texture": "#0"},
				"east": {"uv": [8, 0.5, 16, 0.75], "texture": "#0"},
				"south": {"uv": [8, 1, 16, 1.25], "texture": "#0"},
				"west": {"uv": [8, 1.5, 16, 1.75], "texture": "#0"},
				"up": {"uv": [8, 8, 0, 0], "texture": "#0"},
				"down": {"uv": [8, 0, 0, 8], "texture": "#0"}
			}
		},
		{
			"from": [0.5, 1.51, 0.5],
			"to": [15.5, 1.51, 15.5],
			"faces": {
				"north": {"uv": [0, 0, 7.5, 0], "texture": "#missing"},
				"east": {"uv": [0, 0, 7.5, 0], "texture": "#missing"},
				"south": {"uv": [0, 0, 7.5, 0], "texture": "#missing"},
				"west": {"uv": [0, 0, 7.5, 0], "texture": "#missing"},
				"up": {"uv": [8.5, 14, 10.5, 16], "texture": "#0"},
				"down": {"uv": [0, 0, 7.5, 7.5], "texture": "#missing"}
			}
		},
		{
			"from": [14, 1.5, 14],
			"to": [15.125, 1.8, 15.125],
			"rotation": {"angle": 0, "axis": "y", "origin": [8, -2.35, 1.5625]},
			"faces": {
				"north": {"uv": [10.75, 13.25, 13, 13.75], "texture": "#0"},
				"east": {"uv": [10.75, 13.25, 13, 13.75], "texture": "#0"},
				"south": {"uv": [10.75, 13.25, 13, 13.75], "texture": "#0"},
				"west": {"uv": [10.75, 13.25, 13, 13.75], "texture": "#0"},
				"up": {"uv": [10.75, 13.75, 13, 16], "rotation": 90, "texture": "#0"}
			}
		},
		{
			"from": [14, 1.5, 10.25],
			"to": [15.125, 1.8, 11.375],
			"rotation": {"angle": 0, "axis": "y", "origin": [8, -3.35, -2.1875]},
			"faces": {
				"north": {"uv": [10.75, 13.25, 13, 13.75], "texture": "#0"},
				"east": {"uv": [10.75, 13.25, 13, 13.75], "texture": "#0"},
				"south": {"uv": [10.75, 13.25, 13, 13.75], "texture": "#0"},
				"west": {"uv": [10.75, 13.25, 13, 13.75], "texture": "#0"},
				"up": {"uv": [10.75, 13.75, 13, 16], "rotation": 90, "texture": "#0"}
			}
		},
		{
			"from": [14, 1.5, 2.75],
			"to": [15.125, 1.8, 3.875],
			"rotation": {"angle": 0, "axis": "y", "origin": [8, -4.35, -9.6875]},
			"faces": {
				"north": {"uv": [10.75, 13.25, 13, 13.75], "texture": "#0"},
				"east": {"uv": [10.75, 13.25, 13, 13.75], "texture": "#0"},
				"south": {"uv": [10.75, 13.25, 13, 13.75], "texture": "#0"},
				"west": {"uv": [10.75, 13.25, 13, 13.75], "texture": "#0"},
				"up": {"uv": [10.75, 13.75, 13, 16], "rotation": 90, "texture": "#0"}
			}
		},
		{
			"from": [14, 1.5, 6.5],
			"to": [15.125, 1.8, 7.625],
			"rotation": {"angle": 0, "axis": "y", "origin": [8, -3.35, -5.9375]},
			"faces": {
				"north": {"uv": [10.75, 13.25, 13, 13.75], "texture": "#0"},
				"east": {"uv": [10.75, 13.25, 13, 13.75], "texture": "#0"},
				"south": {"uv": [10.75, 13.25, 13, 13.75], "texture": "#0"},
				"west": {"uv": [10.75, 13.25, 13, 13.75], "texture": "#0"},
				"up": {"uv": [10.75, 13.75, 13, 16], "rotation": 90, "texture": "#0"}
			}
		},
		{
			"from": [12.125, 1.5, 0.875],
			"to": [13.25, 1.8, 2],
			"rotation": {"angle": 0, "axis": "y", "origin": [8.375, -6.35, -9.5625]},
			"faces": {
				"north": {"uv": [10.75, 13.25, 13, 13.75], "texture": "#0"},
				"east": {"uv": [10.75, 13.25, 13, 13.75], "texture": "#0"},
				"south": {"uv": [10.75, 13.25, 13, 13.75], "texture": "#0"},
				"west": {"uv": [10.75, 13.25, 13, 13.75], "texture": "#0"},
				"up": {"uv": [10.75, 13.75, 13, 16], "rotation": 90, "texture": "#0"}
			}
		},
		{
			"from": [12.125, 1.5, 4.625],
			"to": [13.25, 1.8, 5.75],
			"rotation": {"angle": 0, "axis": "y", "origin": [8.375, -5.35, -5.8125]},
			"faces": {
				"north": {"uv": [10.75, 13.25, 13, 13.75], "texture": "#0"},
				"east": {"uv": [10.75, 13.25, 13, 13.75], "texture": "#0"},
				"south": {"uv": [10.75, 13.25, 13, 13.75], "texture": "#0"},
				"west": {"uv": [10.75, 13.25, 13, 13.75], "texture": "#0"},
				"up": {"uv": [10.75, 13.75, 13, 16], "rotation": 90, "texture": "#0"}
			}
		},
		{
			"from": [12.125, 1.5, 8.375],
			"to": [13.25, 1.8, 9.5],
			"rotation": {"angle": 0, "axis": "y", "origin": [8.375, -5.35, -2.0625]},
			"faces": {
				"north": {"uv": [10.75, 13.25, 13, 13.75], "texture": "#0"},
				"east": {"uv": [10.75, 13.25, 13, 13.75], "texture": "#0"},
				"south": {"uv": [10.75, 13.25, 13, 13.75], "texture": "#0"},
				"west": {"uv": [10.75, 13.25, 13, 13.75], "texture": "#0"},
				"up": {"uv": [10.75, 13.75, 13, 16], "rotation": 90, "texture": "#0"}
			}
		},
		{
			"from": [12.125, 1.5, 12.125],
			"to": [13.25, 1.8, 13.25],
			"rotation": {"angle": 0, "axis": "y", "origin": [8.375, -4.35, 1.6875]},
			"faces": {
				"north": {"uv": [10.75, 13.25, 13, 13.75], "texture": "#0"},
				"east": {"uv": [10.75, 13.25, 13, 13.75], "texture": "#0"},
				"south": {"uv": [10.75, 13.25, 13, 13.75], "texture": "#0"},
				"west": {"uv": [10.75, 13.25, 13, 13.75], "texture": "#0"},
				"up": {"uv": [10.75, 13.75, 13, 16], "rotation": 90, "texture": "#0"}
			}
		},
		{
			"from": [10.25, 1.5, 14],
			"to": [11.375, 1.8, 15.125],
			"rotation": {"angle": 0, "axis": "y", "origin": [4.25, -4.35, 1.5625]},
			"faces": {
				"north": {"uv": [10.75, 13.25, 13, 13.75], "texture": "#0"},
				"east": {"uv": [10.75, 13.25, 13, 13.75], "texture": "#0"},
				"south": {"uv": [10.75, 13.25, 13, 13.75], "texture": "#0"},
				"west": {"uv": [10.75, 13.25, 13, 13.75], "texture": "#0"},
				"up": {"uv": [10.75, 13.75, 13, 16], "rotation": 90, "texture": "#0"}
			}
		},
		{
			"from": [10.25, 1.5, 10.25],
			"to": [11.375, 1.8, 11.375],
			"rotation": {"angle": 0, "axis": "y", "origin": [4.25, -5.35, -2.1875]},
			"faces": {
				"north": {"uv": [10.75, 13.25, 13, 13.75], "texture": "#0"},
				"east": {"uv": [10.75, 13.25, 13, 13.75], "texture": "#0"},
				"south": {"uv": [10.75, 13.25, 13, 13.75], "texture": "#0"},
				"west": {"uv": [10.75, 13.25, 13, 13.75], "texture": "#0"},
				"up": {"uv": [10.75, 13.75, 13, 16], "rotation": 90, "texture": "#0"}
			}
		},
		{
			"from": [10.25, 1.5, 6.5],
			"to": [11.375, 1.8, 7.625],
			"rotation": {"angle": 0, "axis": "y", "origin": [4.25, -5.35, -5.9375]},
			"faces": {
				"north": {"uv": [10.75, 13.25, 13, 13.75], "texture": "#0"},
				"east": {"uv": [10.75, 13.25, 13, 13.75], "texture": "#0"},
				"south": {"uv": [10.75, 13.25, 13, 13.75], "texture": "#0"},
				"west": {"uv": [10.75, 13.25, 13, 13.75], "texture": "#0"},
				"up": {"uv": [10.75, 13.75, 13, 16], "rotation": 90, "texture": "#0"}
			}
		},
		{
			"from": [10.25, 1.5, 2.75],
			"to": [11.375, 1.8, 3.875],
			"rotation": {"angle": 0, "axis": "y", "origin": [4.25, -6.35, -9.6875]},
			"faces": {
				"north": {"uv": [10.75, 13.25, 13, 13.75], "texture": "#0"},
				"east": {"uv": [10.75, 13.25, 13, 13.75], "texture": "#0"},
				"south": {"uv": [10.75, 13.25, 13, 13.75], "texture": "#0"},
				"west": {"uv": [10.75, 13.25, 13, 13.75], "texture": "#0"},
				"up": {"uv": [10.75, 13.75, 13, 16], "rotation": 90, "texture": "#0"}
			}
		},
		{
			"from": [0.875, 1.5, 0.875],
			"to": [2, 1.8, 2],
			"rotation": {"angle": 0, "axis": "y", "origin": [2.125, -8.35, -9.5625]},
			"faces": {
				"north": {"uv": [13.25, 13.25, 15.5, 13.75], "texture": "#0"},
				"east": {"uv": [13.25, 13.25, 15.5, 13.75], "texture": "#0"},
				"south": {"uv": [13.25, 13.25, 15.5, 13.75], "texture": "#0"},
				"west": {"uv": [13.25, 13.25, 15.5, 13.75], "texture": "#0"},
				"up": {"uv": [13.25, 13.75, 15.5, 16], "rotation": 90, "texture": "#0"}
			}
		},
		{
			"from": [4.625, 1.5, 0.875],
			"to": [5.75, 1.8, 2],
			"rotation": {"angle": 0, "axis": "y", "origin": [5.875, -6.35, -9.5625]},
			"faces": {
				"north": {"uv": [13.25, 13.25, 15.5, 13.75], "texture": "#0"},
				"east": {"uv": [13.25, 13.25, 15.5, 13.75], "texture": "#0"},
				"south": {"uv": [13.25, 13.25, 15.5, 13.75], "texture": "#0"},
				"west": {"uv": [13.25, 13.25, 15.5, 13.75], "texture": "#0"},
				"up": {"uv": [13.25, 13.75, 15.5, 16], "rotation": 90, "texture": "#0"}
			}
		},
		{
			"from": [2.75, 1.5, 2.75],
			"to": [3.875, 1.8, 3.875],
			"rotation": {"angle": 0, "axis": "y", "origin": [1.75, -8.35, -7.6875]},
			"faces": {
				"north": {"uv": [13.25, 13.25, 15.5, 13.75], "texture": "#0"},
				"east": {"uv": [13.25, 13.25, 15.5, 13.75], "texture": "#0"},
				"south": {"uv": [13.25, 13.25, 15.5, 13.75], "texture": "#0"},
				"west": {"uv": [13.25, 13.25, 15.5, 13.75], "texture": "#0"},
				"up": {"uv": [13.25, 13.75, 15.5, 16], "rotation": 90, "texture": "#0"}
			}
		},
		{
			"from": [4.625, 1.5, 4.625],
			"to": [5.75, 1.8, 5.75],
			"rotation": {"angle": 0, "axis": "y", "origin": [5.875, -7.35, -5.8125]},
			"faces": {
				"north": {"uv": [13.25, 13.25, 15.5, 13.75], "texture": "#0"},
				"east": {"uv": [13.25, 13.25, 15.5, 13.75], "texture": "#0"},
				"south": {"uv": [13.25, 13.25, 15.5, 13.75], "texture": "#0"},
				"west": {"uv": [13.25, 13.25, 15.5, 13.75], "texture": "#0"},
				"up": {"uv": [13.25, 13.75, 15.5, 16], "rotation": 90, "texture": "#0"}
			}
		},
		{
			"from": [0.875, 1.5, 4.625],
			"to": [2, 1.8, 5.75],
			"rotation": {"angle": 0, "axis": "y", "origin": [2.125, -9.35, -5.8125]},
			"faces": {
				"north": {"uv": [13.25, 13.25, 15.5, 13.75], "texture": "#0"},
				"east": {"uv": [13.25, 13.25, 15.5, 13.75], "texture": "#0"},
				"south": {"uv": [13.25, 13.25, 15.5, 13.75], "texture": "#0"},
				"west": {"uv": [13.25, 13.25, 15.5, 13.75], "texture": "#0"},
				"up": {"uv": [13.25, 13.75, 15.5, 16], "rotation": 90, "texture": "#0"}
			}
		},
		{
			"from": [2.75, 1.5, 6.5],
			"to": [3.875, 1.8, 7.625],
			"rotation": {"angle": 0, "axis": "y", "origin": [1.75, -9.35, -3.9375]},
			"faces": {
				"north": {"uv": [13.25, 13.25, 15.5, 13.75], "texture": "#0"},
				"east": {"uv": [13.25, 13.25, 15.5, 13.75], "texture": "#0"},
				"south": {"uv": [13.25, 13.25, 15.5, 13.75], "texture": "#0"},
				"west": {"uv": [13.25, 13.25, 15.5, 13.75], "texture": "#0"},
				"up": {"uv": [13.25, 13.75, 15.5, 16], "rotation": 90, "texture": "#0"}
			}
		},
		{
			"from": [0.875, 1.5, 12.125],
			"to": [2, 1.8, 13.25],
			"rotation": {"angle": 0, "axis": "y", "origin": [2.125, -11.35, 1.6875]},
			"faces": {
				"north": {"uv": [13.25, 13.25, 15.5, 13.75], "texture": "#0"},
				"east": {"uv": [13.25, 13.25, 15.5, 13.75], "texture": "#0"},
				"south": {"uv": [13.25, 13.25, 15.5, 13.75], "texture": "#0"},
				"west": {"uv": [13.25, 13.25, 15.5, 13.75], "texture": "#0"},
				"up": {"uv": [13.25, 13.75, 15.5, 16], "rotation": 90, "texture": "#0"}
			}
		},
		{
			"from": [0.875, 1.5, 8.375],
			"to": [2, 1.8, 9.5],
			"rotation": {"angle": 0, "axis": "y", "origin": [2.125, -10.35, -2.0625]},
			"faces": {
				"north": {"uv": [13.25, 13.25, 15.5, 13.75], "texture": "#0"},
				"east": {"uv": [13.25, 13.25, 15.5, 13.75], "texture": "#0"},
				"south": {"uv": [13.25, 13.25, 15.5, 13.75], "texture": "#0"},
				"west": {"uv": [13.25, 13.25, 15.5, 13.75], "texture": "#0"},
				"up": {"uv": [13.25, 13.75, 15.5, 16], "rotation": 90, "texture": "#0"}
			}
		},
		{
			"from": [2.75, 1.5, 10.25],
			"to": [3.875, 1.8, 11.375],
			"rotation": {"angle": 0, "axis": "y", "origin": [1.75, -10.35, -0.1875]},
			"faces": {
				"north": {"uv": [13.25, 13.25, 15.5, 13.75], "texture": "#0"},
				"east": {"uv": [13.25, 13.25, 15.5, 13.75], "texture": "#0"},
				"south": {"uv": [13.25, 13.25, 15.5, 13.75], "texture": "#0"},
				"west": {"uv": [13.25, 13.25, 15.5, 13.75], "texture": "#0"},
				"up": {"uv": [13.25, 13.75, 15.5, 16], "rotation": 90, "texture": "#0"}
			}
		},
		{
			"from": [2.75, 1.5, 14],
			"to": [3.875, 1.8, 15.125],
			"rotation": {"angle": 0, "axis": "y", "origin": [1.75, -11.35, 3.5625]},
			"faces": {
				"north": {"uv": [13.25, 13.25, 15.5, 13.75], "texture": "#0"},
				"east": {"uv": [13.25, 13.25, 15.5, 13.75], "texture": "#0"},
				"south": {"uv": [13.25, 13.25, 15.5, 13.75], "texture": "#0"},
				"west": {"uv": [13.25, 13.25, 15.5, 13.75], "texture": "#0"},
				"up": {"uv": [13.25, 13.75, 15.5, 16], "rotation": 90, "texture": "#0"}
			}
		},
		{
			"from": [4.625, 1.5, 12.125],
			"to": [5.75, 1.8, 13.25],
			"rotation": {"angle": 0, "axis": "y", "origin": [5.875, -9.35, 1.6875]},
			"faces": {
				"north": {"uv": [13.25, 13.25, 15.5, 13.75], "texture": "#0"},
				"east": {"uv": [13.25, 13.25, 15.5, 13.75], "texture": "#0"},
				"south": {"uv": [13.25, 13.25, 15.5, 13.75], "texture": "#0"},
				"west": {"uv": [13.25, 13.25, 15.5, 13.75], "texture": "#0"},
				"up": {"uv": [13.25, 13.75, 15.5, 16], "rotation": 90, "texture": "#0"}
			}
		},
		{
			"from": [4.625, 1.5, 8.375],
			"to": [5.75, 1.8, 9.5],
			"rotation": {"angle": 0, "axis": "y", "origin": [5.875, -8.35, -2.0625]},
			"faces": {
				"north": {"uv": [13.25, 13.25, 15.5, 13.75], "texture": "#0"},
				"east": {"uv": [13.25, 13.25, 15.5, 13.75], "texture": "#0"},
				"south": {"uv": [13.25, 13.25, 15.5, 13.75], "texture": "#0"},
				"west": {"uv": [13.25, 13.25, 15.5, 13.75], "texture": "#0"},
				"up": {"uv": [13.25, 13.75, 15.5, 16], "rotation": 90, "texture": "#0"}
			}
		}
	],
	"display": {
		"thirdperson_righthand": {
			"rotation": [75, 45, 0],
			"translation": [0, 2.5, 2.25],
			"scale": [0.375, 0.375, 0.375]
		},
		"thirdperson_lefthand": {
			"rotation": [75, 45, 0],
			"translation": [0, 2.5, 2.25],
			"scale": [0.375, 0.375, 0.375]
		},
		"firstperson_righthand": {
			"rotation": [0, 45, 0],
			"scale": [0.4, 0.4, 0.4]
		},
		"firstperson_lefthand": {
			"rotation": [0, 225, 0],
			"scale": [0.4, 0.4, 0.4]
		},
		"ground": {
			"translation": [0, 3, 0],
			"scale": [0.25, 0.25, 0.25]
		},
		"gui": {
			"rotation": [30, 225, 0],
			"translation": [0, 3.5, 0],
			"scale": [0.625, 0.625, 0.625]
		},
		"head": {
			"translation": [0, 13.75, 0]
		},
		"fixed": {
			"rotation": [-90, 0, 0],
			"translation": [0, 0, -10],
			"scale": [1.51, 1.51, 1.51]
		}
	},
	"groups": [
		0,
		1,
		{
			"name": "chess_pawn",
			"origin": [8, 8, 8],
			"color": 0,
			"children": [2, 3, 4, 5, 6, 7, 8, 9, 10, 11, 12, 13, 14, 15, 16, 17, 18, 19, 20, 21, 22, 23, 24, 25]
		},
		{
			"name": "chess_pawn",
			"origin": [8, 8, 8],
			"color": 0,
			"children": []
		}
	]
}