{
	"credit": "Made with Blockbench",
	"texture_size": [144, 144],
	"textures": {
		"0": "item/tombstones",
		"1": "item/mc_ct_polished_blackstone",
		"particle": "item/tombstones"
	},
	"elements": [
		{
			"name": "text",
			"from": [6, 3, 5.95],
			"to": [10, 15, 5.95],
			"rotation": {"angle": 0, "axis": "y", "origin": [-0.5, 0, 0]},
			"faces": {
				"north": {"uv": [13.44444, 1.11112, 14.33334, 3.77778], "texture": "#0"}
			}
		},
		{
			"from": [5, 1, 5],
			"to": [11, 3, 11],
			"rotation": {"angle": 0, "axis": "y", "origin": [-2, 0, -2]},
			"faces": {
				"north": {"uv": [2, 10, 14, 14], "texture": "#1"},
				"east": {"uv": [6, 14, 2, 3], "rotation": 90, "texture": "#1"},
				"south": {"uv": [14, 7, 2, 3], "texture": "#1"},
				"west": {"uv": [14, 3, 10, 14], "rotation": 90, "texture": "#1"},
				"up": {"uv": [14, 14, 2, 3], "texture": "#1"},
				"down": {"uv": [0, 0, 16, 16], "texture": "#missing"}
			}
		},
		{
			"from": [6, 3, 6],
			"to": [10, 7, 8],
			"rotation": {"angle": 0, "axis": "y", "origin": [-2, 0, -2]},
			"faces": {
				"north": {"uv": [4, 8, 12, 16], "texture": "#1"},
				"east": {"uv": [0, 8, 4, 16], "texture": "#1"},
				"west": {"uv": [16, 8, 12, 16], "texture": "#1"},
				"down": {"uv": [4, 8, 12, 16], "texture": "#1"}
			}
		},
		{
			"from": [6, 3, 8],
			"to": [10, 7, 10],
			"rotation": {"angle": 0, "axis": "y", "origin": [-2, 0, 18]},
			"faces": {
				"east": {"uv": [12, 8, 16, 16], "texture": "#1"},
				"south": {"uv": [8, 8, 0, 16], "texture": "#1"},
				"west": {"uv": [12, 8, 8, 16], "texture": "#1"},
				"down": {"uv": [4, 16, 12, 8], "texture": "#1"}
			}
		},
		{
			"from": [6, 11, 6],
			"to": [10, 15, 8],
			"rotation": {"angle": 0, "axis": "y", "origin": [-2, 0, -2]},
			"faces": {
				"north": {"uv": [4, 8, 12, 16], "texture": "#1"},
				"east": {"uv": [0, 8, 4, 16], "texture": "#1"},
				"west": {"uv": [16, 8, 12, 16], "texture": "#1"},
				"up": {"uv": [12, 8, 4, 4], "texture": "#1"},
				"down": {"uv": [4, 0, 12, 8], "texture": "#1"}
			}
		},
		{
			"from": [6, 11, 8],
			"to": [10, 15, 10],
			"rotation": {"angle": 0, "axis": "y", "origin": [-2, 0, 18]},
			"faces": {
				"east": {"uv": [12, 8, 16, 16], "texture": "#1"},
				"south": {"uv": [8, 8, 0, 16], "texture": "#1"},
				"west": {"uv": [12, 8, 8, 16], "texture": "#1"},
				"up": {"uv": [12, 4, 4, 0], "texture": "#1"},
				"down": {"uv": [4, 8, 12, 0], "texture": "#1"}
			}
		},
		{
			"from": [6, 7, 6],
			"to": [10, 11, 8],
			"rotation": {"angle": 0, "axis": "y", "origin": [-2, 0, -2]},
			"faces": {
				"north": {"uv": [4, 0, 12, 8], "texture": "#1"},
				"east": {"uv": [0, 0, 4, 8], "texture": "#1"},
				"west": {"uv": [16, 0, 12, 8], "texture": "#1"},
				"up": {"uv": [4, 16, 12, 12], "texture": "#1"},
				"down": {"uv": [4, 0, 12, 8], "texture": "#1"}
			}
		},
		{
			"from": [6, 7, 8],
			"to": [10, 11, 10],
			"rotation": {"angle": 0, "axis": "y", "origin": [-2, 0, 18]},
			"faces": {
				"east": {"uv": [12, 0, 16, 8], "texture": "#1"},
				"south": {"uv": [8, 0, 0, 8], "texture": "#1"},
				"west": {"uv": [12, 0, 8, 8], "texture": "#1"},
				"up": {"uv": [4, 12, 12, 8], "texture": "#1"},
				"down": {"uv": [4, 8, 12, 0], "texture": "#1"}
			}
		},
		{
			"from": [6.5, 15, 6.5],
			"to": [9.5, 16, 8],
			"rotation": {"angle": 0, "axis": "y", "origin": [-2, 0, -2]},
			"faces": {
				"north": {"uv": [5, 6, 11, 8], "texture": "#1"},
				"east": {"uv": [0, 6, 3, 8], "texture": "#1"},
				"south": {"uv": [2, 2, 0, 0], "texture": "#1"},
				"west": {"uv": [12, 6, 15, 8], "texture": "#1"},
				"up": {"uv": [11, 6, 5, 3], "texture": "#1"},
				"down": {"uv": [0, 0, 16, 16], "texture": "#missing"}
			}
		},
		{
			"from": [6.5, 15, 8],
			"to": [9.5, 16, 9.5],
			"rotation": {"angle": 0, "axis": "y", "origin": [-2, 0, -2]},
			"faces": {
				"north": {"uv": [5, 6, 11, 8], "texture": "#1"},
				"east": {"uv": [13, 6, 16, 8], "texture": "#1"},
				"south": {"uv": [5, 14, 11, 16], "texture": "#1"},
				"west": {"uv": [12, 6, 15, 8], "texture": "#1"},
				"up": {"uv": [11, 3, 5, 0], "texture": "#1"},
				"down": {"uv": [0, 0, 16, 16], "texture": "#missing"}
			}
		},
		{
			"from": [8, 0, 5.5],
			"to": [13.5, 1, 13.5],
			"faces": {
				"east": {"uv": [14, 0, 16, 16], "rotation": 90, "texture": "#1"},
				"south": {"uv": [16, 16, 5, 14], "texture": "#1"},
				"up": {"uv": [16, 0, 5, 16], "texture": "#1"},
				"down": {"uv": [5, 16, 16, 0], "texture": "#1"}
			}
		},
		{
			"from": [2.5, 0, 5.5],
			"to": [8, 1, 13.5],
			"faces": {
				"south": {"uv": [11, 16, 0, 14], "texture": "#1"},
				"west": {"uv": [14, 16, 16, 0], "rotation": 90, "texture": "#1"},
				"up": {"uv": [11, 0, 0, 16], "texture": "#1"},
				"down": {"uv": [0, 16, 15, 0], "texture": "#1"}
			}
		},
		{
			"from": [8, 0, 2.5],
			"to": [13.5, 1, 5.5],
			"faces": {
				"north": {"uv": [5, 8, 16, 10], "texture": "#1"},
				"east": {"uv": [14, 10, 16, 16], "rotation": 90, "texture": "#1"},
				"up": {"uv": [16, 10, 5, 16], "texture": "#1"},
				"down": {"uv": [16, 10, 5, 16], "texture": "#1"}
			}
		},
		{
			"from": [2.5, 0, 2.5],
			"to": [8, 1, 5.5],
			"rotation": {"angle": 0, "axis": "y", "origin": [16, 0, 0]},
			"faces": {
				"north": {"uv": [0, 8, 11, 10], "texture": "#1"},
				"west": {"uv": [0, 16, 2, 10], "rotation": 90, "texture": "#1"},
				"up": {"uv": [11, 10, 0, 16], "texture": "#1"},
				"down": {"uv": [11, 10, 0, 16], "texture": "#1"}
			}
		}
	],
	"display": {
		"thirdperson_righthand": {
			"rotation": [75, 45, 0],
			"translation": [0, 1.75, 0],
			"scale": [0.375, 0.375, 0.375]
		},
		"thirdperson_lefthand": {
			"rotation": [75, 45, 0],
			"translation": [0, 1.75, 0],
			"scale": [0.375, 0.375, 0.375]
		},
		"firstperson_righthand": {
			"rotation": [0, 45, 0],
			"scale": [0.4, 0.4, 0.4]
		},
		"firstperson_lefthand": {
			"rotation": [0, 45, 0],
			"scale": [0.4, 0.4, 0.4]
		},
		"ground": {
			"translation": [0, 3, 0],
			"scale": [0.25, 0.25, 0.25]
		},
		"gui": {
			"rotation": [30, 225, 0],
			"scale": [0.625, 0.625, 0.625]
		},
		"head": {
			"translation": [0, 7, 0],
			"scale": [0.91, 0.91, 0.91]
		},
		"fixed": {
			"rotation": [-90, 0, 0],
			"translation": [0, 0, -16.35],
			"scale": [2.29, 2.29, 2.29]
		}
	}
}