{
	"credit": "Made with Blockbench",
	"texture_size": [32, 32],
	"textures": {
		"0": "item/deco_rubber_duck",
		"particle": "item/deco_rubber_duck"
	},
	"elements": [
		{
			"from": [5, 0.5, 4],
			"to": [11, 4, 12],
			"faces": {
				"north": {"uv": [6, 2, 9, 3.75], "texture": "#0"},
				"east": {"uv": [5, 4, 9, 5.75], "texture": "#0"},
				"south": {"uv": [5, 6, 8, 7.75], "texture": "#0"},
				"west": {"uv": [6, 0, 10, 1.75], "texture": "#0"},
				"up": {"uv": [3, 4, 0, 0], "texture": "#0"},
				"down": {"uv": [6, 0, 3, 4], "texture": "#0"}
			}
		},
		{
			"from": [5.5, 4, 4.5],
			"to": [10.5, 4.5, 11.5],
			"faces": {
				"north": {"uv": [10, 0, 12.5, 0.25], "texture": "#0"},
				"east": {"uv": [9, 5.5, 12.5, 5.75], "texture": "#0"},
				"south": {"uv": [0.5, 10, 3, 10.25], "texture": "#0"},
				"west": {"uv": [7, 9, 10.5, 9.25], "texture": "#0"},
				"up": {"uv": [2.5, 7.5, 0, 4], "texture": "#0"}
			}
		},
		{
			"from": [6, 4, 4],
			"to": [10, 7.75, 7],
			"faces": {
				"north": {"uv": [0, 7.5, 2, 9.5], "texture": "#0"},
				"east": {"uv": [4, 8, 5.5, 10], "texture": "#0"},
				"south": {"uv": [2, 7.5, 4, 9.5], "texture": "#0"},
				"west": {"uv": [5.5, 8, 7, 10], "texture": "#0"},
				"up": {"uv": [10, 7.5, 8, 6], "texture": "#0"}
			}
		},
		{
			"from": [6.5, 7.75, 4.5],
			"to": [9.5, 8.25, 6.5],
			"faces": {
				"north": {"uv": [1, 10.5, 2.5, 10.75], "texture": "#0"},
				"east": {"uv": [4, 7.5, 5, 7.75], "texture": "#0"},
				"south": {"uv": [10.5, 2.5, 12, 2.75], "texture": "#0"},
				"west": {"uv": [10.5, 3, 11.5, 3.25], "texture": "#0"},
				"up": {"uv": [8.5, 9, 7, 8], "texture": "#0"}
			}
		},
		{
			"from": [6.5, 4.5, 2.5],
			"to": [9.5, 6, 4],
			"faces": {
				"north": {"uv": [9, 2.5, 10.5, 3.25], "texture": "#0"},
				"east": {"uv": [5.5, 10, 6.25, 10.75], "texture": "#0"},
				"west": {"uv": [10, 6, 10.75, 6.75], "texture": "#0"},
				"up": {"uv": [10.5, 4.25, 9, 3.5], "texture": "#0"},
				"down": {"uv": [10.5, 4.5, 9, 5.25], "texture": "#0"}
			}
		},
		{
			"from": [5.5, 0, 4.5],
			"to": [10.5, 0.5, 11.5],
			"faces": {
				"north": {"uv": [10, 0.5, 12.5, 0.75], "texture": "#0"},
				"east": {"uv": [0, 9.5, 3.5, 9.75], "texture": "#0"},
				"south": {"uv": [10, 1, 12.5, 1.25], "texture": "#0"},
				"west": {"uv": [7, 9.5, 10.5, 9.75], "texture": "#0"},
				"down": {"uv": [5, 4, 2.5, 7.5], "texture": "#0"}
			}
		},
		{
			"from": [11, 1.5, 6],
			"to": [11.5, 2.5, 10.5],
			"rotation": {"angle": 0, "axis": "y", "origin": [16, 0, 0]},
			"faces": {
				"north": {"uv": [7.5, 10.5, 7.75, 11], "texture": "#0"},
				"east": {"uv": [9, 2, 11.25, 2.5], "texture": "#0"},
				"south": {"uv": [10.5, 7.5, 10.75, 8], "texture": "#0"},
				"down": {"uv": [5.25, 10, 5, 12.25], "texture": "#0"}
			}
		},
		{
			"from": [11, 1, 6.5],
			"to": [11.5, 1.5, 9.5],
			"rotation": {"angle": 0, "axis": "y", "origin": [16, 0, 0]},
			"faces": {
				"north": {"uv": [1, 11, 1.25, 11.25], "texture": "#0"},
				"east": {"uv": [9.5, 10, 11, 10.25], "texture": "#0"},
				"south": {"uv": [1.5, 11, 1.75, 11.25], "texture": "#0"},
				"down": {"uv": [0.75, 10.5, 0.5, 12], "texture": "#0"}
			}
		},
		{
			"from": [11, 3, 6.5],
			"to": [11.5, 3.5, 9.5],
			"rotation": {"angle": 0, "axis": "y", "origin": [16, 0, 0]},
			"faces": {
				"north": {"uv": [10, 10.5, 10.25, 10.75], "texture": "#0"},
				"east": {"uv": [10, 7, 11.5, 7.25], "texture": "#0"},
				"south": {"uv": [10.5, 10.5, 10.75, 10.75], "texture": "#0"},
				"up": {"uv": [9.25, 11.5, 9, 10], "texture": "#0"}
			}
		},
		{
			"from": [11, 2.5, 6],
			"to": [11.5, 3, 11],
			"rotation": {"angle": 0, "axis": "y", "origin": [16, 0, 0]},
			"faces": {
				"north": {"uv": [10.5, 5, 10.75, 5.5], "texture": "#0"},
				"east": {"uv": [8.5, 8, 11, 8.25], "texture": "#0"},
				"south": {"uv": [7, 10.5, 7.25, 11], "texture": "#0"},
				"up": {"uv": [3.25, 12.5, 3, 10], "texture": "#0"},
				"down": {"uv": [4.25, 10, 4, 12.5], "texture": "#0"}
			}
		},
		{
			"from": [4.5, 2.5, 6],
			"to": [5, 3, 11],
			"faces": {
				"north": {"uv": [10.75, 5, 10.5, 5.5], "texture": "#0"},
				"south": {"uv": [7.25, 10.5, 7, 11], "texture": "#0"},
				"west": {"uv": [11, 8, 8.5, 8.25], "texture": "#0"},
				"up": {"uv": [3, 12.5, 3.25, 10], "texture": "#0"},
				"down": {"uv": [4, 10, 4.25, 12.5], "texture": "#0"}
			}
		},
		{
			"from": [4.5, 3, 6.5],
			"to": [5, 3.5, 9.5],
			"faces": {
				"north": {"uv": [10.25, 10.5, 10, 10.75], "texture": "#0"},
				"south": {"uv": [10.75, 10.5, 10.5, 10.75], "texture": "#0"},
				"west": {"uv": [11.5, 7, 10, 7.25], "texture": "#0"},
				"up": {"uv": [9, 11.5, 9.25, 10], "texture": "#0"}
			}
		},
		{
			"from": [4.5, 1, 6.5],
			"to": [5, 1.5, 9.5],
			"faces": {
				"north": {"uv": [1.25, 11, 1, 11.25], "texture": "#0"},
				"south": {"uv": [1.75, 11, 1.5, 11.25], "texture": "#0"},
				"west": {"uv": [11, 10, 9.5, 10.25], "texture": "#0"},
				"down": {"uv": [0.5, 10.5, 0.75, 12], "texture": "#0"}
			}
		},
		{
			"from": [4.5, 1.5, 6],
			"to": [5, 2.5, 10.5],
			"faces": {
				"north": {"uv": [7.75, 10.5, 7.5, 11], "texture": "#0"},
				"south": {"uv": [10.75, 7.5, 10.5, 8], "texture": "#0"},
				"west": {"uv": [11.25, 2, 9, 2.5], "texture": "#0"},
				"down": {"uv": [5, 10, 5.25, 12.25], "texture": "#0"}
			}
		}
	],
	"display": {
		"thirdperson_righthand": {
			"rotation": [75, 45, 0],
			"translation": [0, 1.5, 1],
			"scale": [0.375, 0.375, 0.375]
		},
		"thirdperson_lefthand": {
			"rotation": [75, 45, 0],
			"translation": [0, 1.5, 1],
			"scale": [0.375, 0.375, 0.375]
		},
		"firstperson_righthand": {
			"rotation": [0, 45, 0],
			"translation": [0, 1, 0],
			"scale": [0.4, 0.4, 0.4]
		},
		"firstperson_lefthand": {
			"rotation": [0, 45, 0],
			"translation": [0, 1, 0],
			"scale": [0.4, 0.4, 0.4]
		},
		"ground": {
			"translation": [0, 3, 0],
			"scale": [0.25, 0.25, 0.25]
		},
		"gui": {
			"rotation": [30, 225, 0],
			"translation": [0, 1.25, 0],
			"scale": [0.625, 0.625, 0.625]
		},
		"head": {
			"translation": [0, 21.75, 0],
			"scale": [2.41, 2.41, 2.41]
		},
		"fixed": {
			"rotation": [-90, 0, 0],
			"translation": [0, 0, -28],
			"scale": [3.99, 3.99, 3.99]
		}
	}
}