{
	"credit": "Made with Blockbench",
	"texture_size": [64, 64],
	"textures": {
		"0": "item/herobroine",
		"particle": "item/herobroine"
	},
	"elements": [
		{
			"from": [4, 10, 0],
			"to": [12, 24, 4],
			"rotation": {"angle": 0, "axis": "y", "origin": [4, 10, 0]},
			"faces": {
				"north": {"uv": [0, 0, 2, 3.5], "texture": "#0"},
				"east": {"uv": [2, 5.5, 3, 9], "texture": "#0"},
				"south": {"uv": [2, 0, 4, 3.5], "texture": "#0"},
				"west": {"uv": [3, 5.5, 4, 9], "texture": "#0"},
				"up": {"uv": [11, 4.25, 9, 3.25], "texture": "#0"},
				"down": {"uv": [11, 4.25, 9, 5.25], "texture": "#0"}
			}
		},
		{
			"from": [4, 24, -2],
			"to": [12, 32, 6],
			"rotation": {"angle": 0, "axis": "y", "origin": [4, 18, -2]},
			"faces": {
				"north": {"uv": [0, 3.5, 2, 5.5], "texture": "#0"},
				"east": {"uv": [2, 3.5, 4, 5.5], "texture": "#0"},
				"south": {"uv": [4, 0, 6, 2], "texture": "#0"},
				"west": {"uv": [4, 2, 6, 4], "texture": "#0"},
				"up": {"uv": [6, 6, 4, 4], "texture": "#0"},
				"down": {"uv": [2, 5.5, 0, 7.5], "texture": "#0"}
			}
		},
		{
			"from": [12, 10, 0],
			"to": [16, 24, 4],
			"rotation": {"angle": 0, "axis": "y", "origin": [12, 10, 0]},
			"faces": {
				"north": {"uv": [6, 0, 7, 3.5], "texture": "#0"},
				"east": {"uv": [6, 3.5, 7, 7], "texture": "#0"},
				"south": {"uv": [4, 6, 5, 9.5], "texture": "#0"},
				"west": {"uv": [5, 6, 6, 9.5], "texture": "#0"},
				"up": {"uv": [10, 6.25, 9, 5.25], "texture": "#0"},
				"down": {"uv": [10, 6.25, 9, 7.25], "texture": "#0"}
			}
		},
		{
			"from": [0, 10, 0],
			"to": [4, 24, 4],
			"rotation": {"angle": 0, "axis": "y", "origin": [0, 10, 0]},
			"faces": {
				"north": {"uv": [7, 0, 8, 3.5], "texture": "#0"},
				"east": {"uv": [7, 3.5, 8, 7], "texture": "#0"},
				"south": {"uv": [6, 7, 7, 10.5], "texture": "#0"},
				"west": {"uv": [7, 7, 8, 10.5], "texture": "#0"},
				"up": {"uv": [10, 8.25, 9, 7.25], "texture": "#0"},
				"down": {"uv": [10, 8.25, 9, 9.25], "texture": "#0"}
			}
		},
		{
			"from": [8, -3, 0],
			"to": [12, 10, 4],
			"rotation": {"angle": 0, "axis": "y", "origin": [8, -4, 0]},
			"faces": {
				"north": {"uv": [0, 7.5, 1, 10.75], "texture": "#0"},
				"east": {"uv": [1, 7.5, 2, 10.75], "texture": "#0"},
				"south": {"uv": [8, 0, 9, 3.25], "texture": "#0"},
				"west": {"uv": [8, 3.25, 9, 6.5], "texture": "#0"},
				"up": {"uv": [10, 10.25, 9, 9.25], "texture": "#0"},
				"down": {"uv": [5, 9.5, 4, 10.5], "texture": "#0"}
			}
		},
		{
			"from": [4, -3, 0],
			"to": [8, 10, 4],
			"rotation": {"angle": 0, "axis": "y", "origin": [4, -4, 0]},
			"faces": {
				"north": {"uv": [8, 6.5, 9, 9.75], "texture": "#0"},
				"east": {"uv": [9, 0, 10, 3.25], "texture": "#0"},
				"south": {"uv": [2, 9, 3, 12.25], "texture": "#0"},
				"west": {"uv": [3, 9, 4, 12.25], "texture": "#0"},
				"up": {"uv": [6, 10.5, 5, 9.5], "texture": "#0"},
				"down": {"uv": [9, 9.75, 8, 10.75], "texture": "#0"}
			}
		}
	],
	"display": {
		"thirdperson_righthand": {
			"rotation": [67.5, 0, 0],
			"translation": [-7.5, -17.25, 40],
			"scale": [4, 4, 4]
		},
		"thirdperson_lefthand": {
			"rotation": [67.5, 0, 0],
			"translation": [-7.5, -17.25, 40],
			"scale": [4, 4, 4]
		},
		"ground": {
			"rotation": [-49, 0, 0],
			"translation": [0, -1, 1],
			"scale": [0.2, 0.2, 0.2]
		},
		"head": {
			"translation": [0, 17.5, 6]
		},
		"fixed": {
			"rotation": [-90, 0, 0],
			"translation": [0, 24, -42.5],
			"scale": [4, 4, 4]
		}
	},
	"groups": [
		{
			"name": "group",
			"origin": [8, 8, 8],
			"color": 0,
			"children": [
				{
					"name": "group",
					"origin": [8, 8, 8],
					"color": 0,
					"children": [0, 1]
				},
				{
					"name": "arms",
					"origin": [8, 8, 8],
					"color": 0,
					"children": [2, 3]
				},
				{
					"name": "group",
					"origin": [12, 10, 0],
					"color": 0,
					"children": [4, 5]
				}
			]
		}
	]
}