{
	"credit": "Made with Blockbench",
	"texture_size": [32, 32],
	"textures": {
		"0": "item/starman_base",
		"particle": "item/starman_base"
	},
	"elements": [
		{
			"from": [15, 9, 6.5],
			"to": [16, 10, 9.5],
			"rotation": {"angle": 0, "axis": "y", "origin": [0, 0, -7.5]},
			"faces": {
				"north": {"uv": [0, 6, 1, 7], "texture": "#0"},
				"east": {"uv": [13, 3, 16, 3.5], "texture": "#0"},
				"south": {"uv": [0, 6, 1, 7], "texture": "#0"},
				"up": {"uv": [13, 3, 16, 3.5], "rotation": 90, "texture": "#0"},
				"down": {"uv": [13, 3, 16, 3.5], "rotation": 90, "texture": "#0"}
			}
		},
		{
			"from": [1, 8, 6.5],
			"to": [15, 11, 9.5],
			"rotation": {"angle": 0, "axis": "y", "origin": [0, 0, -7.5]},
			"faces": {
				"north": {"uv": [1, 5, 15, 8], "texture": "#0"},
				"east": {"uv": [13, 3, 16, 3.5], "texture": "#0"},
				"south": {"uv": [1, 5, 15, 8], "texture": "#0"},
				"west": {"uv": [13, 3, 16, 3.5], "texture": "#0"},
				"up": {"uv": [13, 3, 16, 3.5], "rotation": 90, "texture": "#0"},
				"down": {"uv": [13, 3, 16, 3.5], "rotation": 90, "texture": "#0"}
			}
		},
		{
			"from": [10, 11, 6.5],
			"to": [11, 12, 9.5],
			"rotation": {"angle": 0, "axis": "y", "origin": [0, 0, -7.5]},
			"faces": {
				"north": {"uv": [5, 4, 6, 5], "texture": "#0"},
				"east": {"uv": [13, 3, 16, 3.5], "texture": "#0"},
				"south": {"uv": [6, 4, 5, 5], "texture": "#0"},
				"up": {"uv": [13, 3, 16, 3.5], "rotation": 90, "texture": "#0"}
			}
		},
		{
			"from": [5, 11, 6.5],
			"to": [6, 12, 9.5],
			"rotation": {"angle": 0, "axis": "y", "origin": [16, 0, -7.5]},
			"faces": {
				"north": {"uv": [6, 4, 5, 5], "texture": "#0"},
				"south": {"uv": [5, 4, 6, 5], "texture": "#0"},
				"west": {"uv": [16, 3, 13, 3.5], "texture": "#0"},
				"up": {"uv": [13, 3.5, 16, 3], "rotation": 90, "texture": "#0"}
			}
		},
		{
			"from": [6, 11, 6.5],
			"to": [10, 14, 9.5],
			"rotation": {"angle": 0, "axis": "y", "origin": [0, 0, -7.5]},
			"faces": {
				"north": {"uv": [6, 2, 10, 5], "texture": "#0"},
				"east": {"uv": [13, 3, 16, 3.5], "texture": "#0"},
				"south": {"uv": [6, 2, 10, 5], "texture": "#0"},
				"west": {"uv": [13, 3, 16, 3.5], "texture": "#0"},
				"up": {"uv": [13, 3, 16, 3.5], "rotation": 90, "texture": "#0"}
			}
		},
		{
			"from": [7, 14, 6.5],
			"to": [9, 16, 9.5],
			"rotation": {"angle": 0, "axis": "y", "origin": [0, 0, -7.5]},
			"faces": {
				"north": {"uv": [7, 0, 9, 2], "texture": "#0"},
				"east": {"uv": [13, 3, 16, 3.5], "texture": "#0"},
				"south": {"uv": [7, 0, 9, 2], "texture": "#0"},
				"west": {"uv": [13, 3, 16, 3.5], "texture": "#0"},
				"up": {"uv": [13, 3, 16, 3.5], "rotation": 90, "texture": "#0"}
			}
		},
		{
			"from": [13, 7, 6.5],
			"to": [14, 8, 9.5],
			"rotation": {"angle": 0, "axis": "y", "origin": [0, 0, -7.5]},
			"faces": {
				"north": {"uv": [2, 8, 3, 9], "texture": "#0"},
				"east": {"uv": [13, 3, 16, 3.5], "texture": "#0"},
				"south": {"uv": [3, 8, 2, 9], "texture": "#0"},
				"down": {"uv": [13, 3, 16, 3.5], "rotation": 90, "texture": "#0"}
			}
		},
		{
			"from": [0, 9, 6.5],
			"to": [1, 10, 9.5],
			"rotation": {"angle": 0, "axis": "y", "origin": [16, 0, -7.5]},
			"faces": {
				"north": {"uv": [1, 6, 0, 7], "texture": "#0"},
				"south": {"uv": [1, 6, 0, 7], "texture": "#0"},
				"west": {"uv": [16, 3, 13, 3.5], "texture": "#0"},
				"up": {"uv": [13, 3.5, 16, 3], "rotation": 90, "texture": "#0"},
				"down": {"uv": [13, 3.5, 16, 3], "rotation": 90, "texture": "#0"}
			}
		},
		{
			"from": [2, 7, 6.5],
			"to": [3, 8, 9.5],
			"rotation": {"angle": 0, "axis": "y", "origin": [16, 0, -7.5]},
			"faces": {
				"north": {"uv": [3, 8, 2, 9], "texture": "#0"},
				"south": {"uv": [2, 8, 3, 9], "texture": "#0"},
				"west": {"uv": [16, 3, 13, 3.5], "texture": "#0"},
				"down": {"uv": [13, 3.5, 16, 3], "rotation": 90, "texture": "#0"}
			}
		},
		{
			"from": [3, 5, 6.5],
			"to": [13, 8, 9.5],
			"rotation": {"angle": 0, "axis": "y", "origin": [0, 0, -7.5]},
			"faces": {
				"north": {"uv": [3, 8, 13, 11], "texture": "#0"},
				"east": {"uv": [13, 3, 16, 3.5], "texture": "#0"},
				"south": {"uv": [3, 8, 13, 11], "texture": "#0"},
				"west": {"uv": [13, 3, 16, 3.5], "texture": "#0"}
			}
		},
		{
			"from": [2, 3, 6.5],
			"to": [14, 5, 9.5],
			"rotation": {"angle": 0, "axis": "y", "origin": [0, 0, -7.5]},
			"faces": {
				"north": {"uv": [2, 11, 14, 13], "texture": "#0"},
				"east": {"uv": [13, 3, 16, 3.5], "texture": "#0"},
				"south": {"uv": [2, 11, 14, 13], "texture": "#0"},
				"west": {"uv": [13, 3, 16, 3.5], "texture": "#0"},
				"up": {"uv": [13, 3, 16, 3.5], "rotation": 90, "texture": "#0"},
				"down": {"uv": [13, 3, 16, 3.5], "rotation": 90, "texture": "#0"}
			}
		},
		{
			"from": [9, 2, 6.5],
			"to": [10, 3, 9.5],
			"rotation": {"angle": 0, "axis": "y", "origin": [0, 0, -7.5]},
			"faces": {
				"north": {"uv": [6, 13, 7, 14], "texture": "#0"},
				"south": {"uv": [7, 13, 6, 14], "texture": "#0"},
				"west": {"uv": [13, 3, 16, 3.5], "texture": "#0"},
				"down": {"uv": [13, 3, 16, 3.5], "rotation": 90, "texture": "#0"}
			}
		},
		{
			"from": [14, 1, 6.5],
			"to": [15, 2, 9.5],
			"rotation": {"angle": 0, "axis": "y", "origin": [0, 0, -7.5]},
			"faces": {
				"north": {"uv": [1, 14, 2, 15], "texture": "#0"},
				"east": {"uv": [13, 3, 16, 3.5], "texture": "#0"},
				"south": {"uv": [2, 14, 1, 15], "texture": "#0"},
				"up": {"uv": [13, 3, 16, 3.5], "texture": "#0"}
			}
		},
		{
			"from": [10, 1, 6.5],
			"to": [14, 3, 9.5],
			"rotation": {"angle": 0, "axis": "y", "origin": [0, 0, -7.5]},
			"faces": {
				"north": {"uv": [2, 13, 6, 15], "texture": "#0"},
				"east": {"uv": [13, 3, 16, 3.5], "texture": "#0"},
				"south": {"uv": [6, 13, 2, 15], "texture": "#0"},
				"west": {"uv": [13, 3, 16, 3.5], "texture": "#0"},
				"down": {"uv": [13, 3, 16, 3.5], "rotation": 90, "texture": "#0"}
			}
		},
		{
			"from": [11, 0, 6.5],
			"to": [15, 1, 9.5],
			"rotation": {"angle": 0, "axis": "y", "origin": [0, 0, -7.5]},
			"faces": {
				"north": {"uv": [1, 15, 5, 16], "texture": "#0"},
				"east": {"uv": [13, 3, 16, 3.5], "texture": "#0"},
				"south": {"uv": [1, 15, 5, 16], "texture": "#0"},
				"west": {"uv": [13, 3, 16, 3.5], "texture": "#0"},
				"down": {"uv": [13, 3, 16, 3.5], "rotation": 90, "texture": "#0"}
			}
		},
		{
			"from": [6, 2, 6.5],
			"to": [7, 3, 9.5],
			"rotation": {"angle": 0, "axis": "y", "origin": [16, 0, -7.5]},
			"faces": {
				"north": {"uv": [7, 13, 6, 14], "texture": "#0"},
				"east": {"uv": [16, 3, 13, 3.5], "texture": "#0"},
				"south": {"uv": [6, 13, 7, 14], "texture": "#0"},
				"down": {"uv": [13, 3.5, 16, 3], "rotation": 90, "texture": "#0"}
			}
		},
		{
			"from": [1, 0, 6.5],
			"to": [5, 1, 9.5],
			"rotation": {"angle": 0, "axis": "y", "origin": [16, 0, -7.5]},
			"faces": {
				"north": {"uv": [5, 15, 1, 16], "texture": "#0"},
				"east": {"uv": [16, 3, 13, 3.5], "texture": "#0"},
				"south": {"uv": [5, 15, 1, 16], "texture": "#0"},
				"west": {"uv": [13, 3, 16, 3.5], "texture": "#0"},
				"down": {"uv": [13, 3.5, 16, 3], "rotation": 90, "texture": "#0"}
			}
		},
		{
			"from": [2, 1, 6.5],
			"to": [6, 3, 9.5],
			"rotation": {"angle": 0, "axis": "y", "origin": [16, 0, -7.5]},
			"faces": {
				"north": {"uv": [6, 13, 2, 15], "texture": "#0"},
				"east": {"uv": [13, 3, 16, 3.5], "texture": "#0"},
				"south": {"uv": [2, 13, 6, 15], "texture": "#0"},
				"west": {"uv": [13, 3, 16, 3.5], "texture": "#0"},
				"down": {"uv": [13, 3.5, 16, 3], "rotation": 90, "texture": "#0"}
			}
		},
		{
			"from": [1, 1, 6.5],
			"to": [2, 2, 9.5],
			"rotation": {"angle": 0, "axis": "y", "origin": [16, 0, -7.5]},
			"faces": {
				"north": {"uv": [2, 14, 1, 15], "texture": "#0"},
				"south": {"uv": [1, 14, 2, 15], "texture": "#0"},
				"west": {"uv": [13, 3, 16, 3.5], "texture": "#0"},
				"up": {"uv": [13, 3, 16, 3.5], "texture": "#0"}
			}
		},
		{
			"from": [5, 6, 6.4],
			"to": [7.5, 10.5, 6.4],
			"faces": {
				"north": {"uv": [0, 0, 2.5, 4.5], "texture": "#0"}
			}
		},
		{
			"from": [8.5, 6, 6.4],
			"to": [11, 10.5, 6.4],
			"faces": {
				"north": {"uv": [0, 0, 2.5, 4.5], "texture": "#0"}
			}
		}
	],
	"display": {
		"thirdperson_righthand": {
			"rotation": [75, 45, 0],
			"translation": [0, 1.5, 0],
			"scale": [0.375, 0.375, 0.375]
		},
		"thirdperson_lefthand": {
			"rotation": [75, 45, 0],
			"translation": [0, 1.5, 0],
			"scale": [0.375, 0.375, 0.375]
		},
		"firstperson_righthand": {
			"rotation": [0, 45, 0],
			"scale": [0.4, 0.4, 0.4]
		},
		"firstperson_lefthand": {
			"rotation": [0, 45, 0],
			"scale": [0.4, 0.4, 0.4]
		},
		"ground": {
			"translation": [0, 3, 0],
			"scale": [0.25, 0.25, 0.25]
		},
		"gui": {
			"rotation": [30, 225, 0],
			"scale": [0.625, 0.625, 0.625]
		},
		"head": {
			"translation": [0, 12.25, 0],
			"scale": [0.75, 0.75, 0.75]
		},
		"fixed": {
			"rotation": [-90, 0, 0],
			"translation": [0, 0, -16],
			"scale": [2, 2, 2]
		}
	}
}