{
	"credit": "Made with Blockbench",
	"texture_size": [64, 64],
	"textures": {
		"0": "item/jens",
		"1": "item/stone_baseplate",
		"particle": "item/stone_baseplate"
	},
	"elements": [
		{
			"from": [2, 0, 2],
			"to": [14, 1, 14],
			"rotation": {"angle": 0, "axis": "y", "origin": [2, 0, 2]},
			"faces": {
				"north": {"uv": [6, 3, 9, 3.25], "texture": "#1"},
				"east": {"uv": [3, 3, 6, 3.25], "texture": "#1"},
				"south": {"uv": [0, 3, 3, 3.25], "texture": "#1"},
				"west": {"uv": [9, 3, 12, 3.25], "texture": "#1"},
				"up": {"uv": [0, 0, 3, 3], "texture": "#1"},
				"down": {"uv": [3, 0, 6, 3], "texture": "#1"}
			}
		},
		{
			"name": "body",
			"from": [3.5, 4.5, 5.95],
			"to": [12.5, 7.5, 10.025],
			"rotation": {"angle": 0, "axis": "y", "origin": [8.5, 0, 3.875]},
			"faces": {
				"north": {"uv": [1, 15.25, 3.25, 16], "texture": "#0"},
				"east": {"uv": [0, 15.25, 1, 16], "texture": "#0"},
				"south": {"uv": [4.25, 15.25, 6.5, 16], "texture": "#0"},
				"west": {"uv": [3.25, 15.25, 4.25, 16], "texture": "#0"},
				"up": {"uv": [3.25, 15.25, 1, 14.25], "texture": "#0"},
				"down": {"uv": [5.5, 14.25, 3.25, 15.25], "texture": "#0"}
			}
		},
		{
			"name": "head",
			"from": [2.5, 11.5, 3.5],
			"to": [13.5, 21, 13],
			"rotation": {"angle": 0, "axis": "y", "origin": [8.5, 0, 3.875]},
			"faces": {
				"north": {"uv": [2.25, 2.25, 5, 4.5], "texture": "#0"},
				"east": {"uv": [0, 2.25, 2.25, 4.5], "texture": "#0"},
				"south": {"uv": [7.25, 2.25, 10, 4.5], "texture": "#0"},
				"west": {"uv": [5, 2.25, 7.25, 4.5], "texture": "#0"},
				"up": {"uv": [5, 2.25, 2.25, 0], "texture": "#0"},
				"down": {"uv": [7.75, 0, 5, 2.25], "texture": "#0"}
			}
		},
		{
			"name": "head",
			"from": [2.5, 21, 3.5],
			"to": [13.5, 22, 13],
			"rotation": {"angle": 0, "axis": "y", "origin": [8.5, 0, 3.875]},
			"faces": {
				"north": {"uv": [2.25, 13.75, 5, 14], "texture": "#0"},
				"east": {"uv": [0, 13.75, 2.25, 14], "texture": "#0"},
				"south": {"uv": [7.25, 13.75, 10, 14], "texture": "#0"},
				"west": {"uv": [5, 13.75, 7.25, 14], "texture": "#0"},
				"up": {"uv": [5, 13.75, 2.25, 11.5], "texture": "#0"},
				"down": {"uv": [7.75, 11.5, 5, 13.75], "texture": "#0"}
			}
		},
		{
			"name": "head",
			"from": [2.5, 9.5, 3.5],
			"to": [13.5, 12.5, 13],
			"rotation": {"angle": 0, "axis": "y", "origin": [8.5, 0, 3.875]},
			"faces": {
				"north": {"uv": [2.25, 10.5, 5, 11.25], "texture": "#0"},
				"east": {"uv": [0, 10.5, 2.25, 11.25], "texture": "#0"},
				"south": {"uv": [7.25, 10.5, 10, 11.25], "texture": "#0"},
				"west": {"uv": [5, 10.5, 7.25, 11.25], "texture": "#0"},
				"up": {"uv": [5, 10.5, 2.25, 8.25], "texture": "#0"},
				"down": {"uv": [7.75, 8.25, 5, 10.5], "texture": "#0"}
			}
		},
		{
			"name": "head",
			"from": [3, 7, 3.5],
			"to": [13, 12, 12.5],
			"rotation": {"angle": 0, "axis": "y", "origin": [8.5, 0, 3.875]},
			"faces": {
				"north": {"uv": [2.25, 7, 4.75, 8.25], "texture": "#0"},
				"east": {"uv": [0, 7, 2.25, 8.25], "texture": "#0"},
				"south": {"uv": [7, 7, 9.5, 8.25], "texture": "#0"},
				"west": {"uv": [4.75, 7, 7, 8.25], "texture": "#0"},
				"up": {"uv": [4.75, 7, 2.25, 4.75], "texture": "#0"},
				"down": {"uv": [7.25, 4.75, 4.75, 7], "texture": "#0"}
			}
		},
		{
			"name": "tail",
			"from": [6, 6.5, 14],
			"to": [10, 12.5, 16],
			"rotation": {"angle": 0, "axis": "y", "origin": [8.5, 0, 3.875]},
			"faces": {
				"north": {"uv": [13.5, 3, 14.5, 4.5], "texture": "#0"},
				"east": {"uv": [13, 3, 13.5, 4.5], "texture": "#0"},
				"south": {"uv": [15, 3, 16, 4.5], "texture": "#0"},
				"west": {"uv": [14.5, 3, 15, 4.5], "texture": "#0"},
				"up": {"uv": [14.5, 3, 13.5, 2.5], "texture": "#0"},
				"down": {"uv": [15.5, 2.5, 14.5, 3], "texture": "#0"}
			}
		},
		{
			"name": "tail",
			"from": [6, 9.5, 12.5],
			"to": [10, 12.5, 14.5],
			"rotation": {"angle": 0, "axis": "y", "origin": [8.5, 0, 3.875]},
			"faces": {
				"north": {"uv": [11.5, 0.5, 12.5, 1.25], "texture": "#0"},
				"east": {"uv": [11, 0.5, 11.5, 1.25], "texture": "#0"},
				"south": {"uv": [13, 0.5, 14, 1.25], "texture": "#0"},
				"west": {"uv": [12.5, 0.5, 13, 1.25], "texture": "#0"},
				"up": {"uv": [12.5, 0.5, 11.5, 0], "texture": "#0"},
				"down": {"uv": [13.5, 0, 12.5, 0.5], "texture": "#0"}
			}
		},
		{
			"name": "tail",
			"from": [6, 6.5, 16],
			"to": [10, 8.5, 17],
			"rotation": {"angle": 0, "axis": "y", "origin": [8.5, 0, 3.875]},
			"faces": {
				"north": {"uv": [11.25, 1.5, 12.25, 2], "texture": "#0"},
				"east": {"uv": [11, 1.5, 11.25, 2], "texture": "#0"},
				"south": {"uv": [12.5, 1.5, 13.5, 2], "texture": "#0"},
				"west": {"uv": [12.25, 1.5, 12.5, 2], "texture": "#0"},
				"up": {"uv": [12.25, 1.5, 11.25, 1.25], "texture": "#0"},
				"down": {"uv": [13.25, 1.25, 12.25, 1.5], "texture": "#0"}
			}
		},
		{
			"name": "leftArm",
			"from": [12.5, 4, 6],
			"to": [16, 7.5, 9.5],
			"rotation": {"angle": 0, "axis": "y", "origin": [8.5, 0, 3.875]},
			"faces": {
				"north": {"uv": [13, 11, 13.75, 11.75], "texture": "#0"},
				"east": {"uv": [12.25, 11, 13, 11.75], "texture": "#0"},
				"south": {"uv": [14.5, 11, 15.25, 11.75], "texture": "#0"},
				"west": {"uv": [13.75, 11, 14.5, 11.75], "texture": "#0"},
				"up": {"uv": [13.75, 11, 13, 10.25], "texture": "#0"},
				"down": {"uv": [14.5, 10.25, 13.75, 11], "texture": "#0"}
			}
		},
		{
			"name": "rightArm",
			"from": [0, 4, 6],
			"to": [3.5, 7.5, 9.5],
			"rotation": {"angle": 0, "axis": "y", "origin": [8.5, 0, 3.875]},
			"faces": {
				"north": {"uv": [13.75, 11, 13, 11.75], "texture": "#0"},
				"east": {"uv": [14.5, 11, 13.75, 11.75], "texture": "#0"},
				"south": {"uv": [15.25, 11, 14.5, 11.75], "texture": "#0"},
				"west": {"uv": [13, 11, 12.25, 11.75], "texture": "#0"},
				"up": {"uv": [13, 11, 13.75, 10.25], "texture": "#0"},
				"down": {"uv": [13.75, 10.25, 14.5, 11], "texture": "#0"}
			}
		},
		{
			"name": "leftLeg",
			"from": [8.4, 1, 6],
			"to": [12.4, 5, 10],
			"rotation": {"angle": 0, "axis": "y", "origin": [8.5, 0, 3.875]},
			"faces": {
				"north": {"uv": [13, 15, 14, 16], "texture": "#0"},
				"east": {"uv": [12, 15, 13, 16], "texture": "#0"},
				"south": {"uv": [15, 15, 16, 16], "texture": "#0"},
				"west": {"uv": [14, 15, 15, 16], "texture": "#0"},
				"up": {"uv": [14, 15, 13, 14], "texture": "#0"},
				"down": {"uv": [15, 14, 14, 15], "texture": "#0"}
			}
		},
		{
			"name": "rightLeg",
			"from": [3.6, 1, 6],
			"to": [7.6, 5, 10],
			"rotation": {"angle": 0, "axis": "y", "origin": [8.5, 0, 3.875]},
			"faces": {
				"north": {"uv": [14, 13, 13, 14], "texture": "#0"},
				"east": {"uv": [15, 13, 14, 14], "texture": "#0"},
				"south": {"uv": [16, 13, 15, 14], "texture": "#0"},
				"west": {"uv": [13, 13, 12, 14], "texture": "#0"},
				"up": {"uv": [13, 13, 14, 12], "texture": "#0"},
				"down": {"uv": [14, 12, 15, 13], "texture": "#0"}
			}
		}
	],
	"display": {
		"thirdperson_righthand": {
			"rotation": [75, 45, 0],
			"translation": [0, 1, 0],
			"scale": [0.375, 0.375, 0.375]
		},
		"thirdperson_lefthand": {
			"rotation": [75, 45, 0],
			"translation": [0, 1, 0],
			"scale": [0.375, 0.375, 0.375]
		},
		"firstperson_righthand": {
			"rotation": [0, 45, 0],
			"scale": [0.4, 0.4, 0.4]
		},
		"firstperson_lefthand": {
			"rotation": [0, 45, 0],
			"scale": [0.4, 0.4, 0.4]
		},
		"ground": {
			"translation": [0, 3, 0],
			"scale": [0.25, 0.25, 0.25]
		},
		"gui": {
			"rotation": [0, 144, 0],
			"translation": [0.35, -2.3, 0],
			"scale": [0.71, 0.71, 0.71]
		},
		"head": {
			"translation": [0, 13.25, 0.75]
		},
		"fixed": {
			"rotation": [-90, 0, 0],
			"translation": [0, 0, -14.08],
			"scale": [2.01, 2.01, 2.01]
		}
	},
	"groups": [
		{
			"name": "root",
			"origin": [-0.5, 0, 0],
			"color": 0,
			"children": [
				{
					"name": "body",
					"origin": [-0.5, 5, 0],
					"color": 1,
					"children": [
						{
							"name": "head",
							"origin": [-0.5, 6, 0],
							"color": 2,
							"children": [
								{
									"name": "tail",
									"origin": [-0.25, 0, -0.5],
									"color": 3,
									"children": []
								},
								0
							]
						}
					]
				},
				{
					"name": "leftArm",
					"origin": [5.75, 4.75, -0.25],
					"color": 4,
					"children": []
				},
				{
					"name": "rightArm",
					"origin": [-6.75, 4.75, -0.25],
					"color": 5,
					"children": []
				},
				{
					"name": "leftLeg",
					"origin": [1.9, 3.5, 0],
					"color": 6,
					"children": []
				},
				{
					"name": "rightLeg",
					"origin": [-2.9, 3.5, 0],
					"color": 7,
					"children": []
				}
			]
		},
		{
			"name": "root",
			"origin": [-0.5, 0, 0],
			"color": 0,
			"children": [
				{
					"name": "body",
					"origin": [-0.5, 5, -0.0125],
					"color": 1,
					"children": [
						1,
						{
							"name": "head",
							"origin": [-0.5, 6, 0],
							"color": 2,
							"children": [
								2,
								3,
								4,
								5,
								{
									"name": "tail",
									"origin": [-0.5, 9.83333, 5],
									"color": 3,
									"children": [6, 7, 8]
								}
							]
						}
					]
				},
				{
					"name": "leftArm",
					"origin": [5.75, 4.75, -0.25],
					"color": 4,
					"children": [9]
				},
				{
					"name": "rightArm",
					"origin": [-6.75, 4.75, -0.25],
					"color": 5,
					"children": [10]
				},
				{
					"name": "leftLeg",
					"origin": [1.9, 3.5, 0],
					"color": 6,
					"children": [11]
				},
				{
					"name": "rightLeg",
					"origin": [-2.9, 3.5, 0],
					"color": 7,
					"children": [12]
				}
			]
		}
	]
}