{
	"credit": "Made with Blockbench",
	"textures": {
		"1": "item/menorah",
		"2": "item/mc_gold_block",
		"3": "item/mc_blue_candle_lit",
		"4": "item/custom_flame_ani"
	},
	"elements": [
		{
			"from": [6.5, 0, 6.5],
			"to": [9.5, 1, 9.5],
			"rotation": {"angle": 0, "axis": "y", "origin": [-0.5, 0, -0.5]},
			"faces": {
				"north": {"uv": [6, 14, 12, 16], "texture": "#2"},
				"east": {"uv": [4, 14, 10, 16], "texture": "#2"},
				"south": {"uv": [9, 14, 15, 16], "texture": "#2"},
				"west": {"uv": [7, 14, 13, 16], "texture": "#2"},
				"up": {"uv": [7, 1, 13, 7], "texture": "#2"},
				"down": {"uv": [7, 1, 13, 7], "texture": "#2"}
			}
		},
		{
			"from": [14.29275, 9.99192, 7.75],
			"to": [14.79275, 12.99192, 8.25],
			"rotation": {"angle": 0, "axis": "y", "origin": [-0.20725, -0.00808, -0.525]},
			"faces": {
				"north": {"uv": [0, 8, 2, 16], "texture": "#3"},
				"east": {"uv": [0, 8, 2, 16], "texture": "#3"},
				"south": {"uv": [0, 8, 2, 16], "texture": "#3"},
				"west": {"uv": [0, 8, 2, 16], "texture": "#3"},
				"up": {"uv": [0, 6, 2, 8], "texture": "#3"}
			}
		},
		{
			"from": [7.45525, 0.98992, 7.498],
			"to": [8.45925, 7.99392, 8.502],
			"rotation": {"angle": 0, "axis": "y", "origin": [-0.54275, -0.00808, -0.5]},
			"faces": {
				"north": {"uv": [7, 1, 9, 15], "texture": "#2"},
				"east": {"uv": [5, 1, 7, 15], "texture": "#2"},
				"south": {"uv": [11, 1, 13, 15], "texture": "#2"},
				"west": {"uv": [9, 1, 11, 15], "texture": "#2"}
			}
		},
		{
			"from": [7.45725, 7.99192, 7.5],
			"to": [8.45725, 10.99192, 8.5],
			"rotation": {"angle": 0, "axis": "y", "origin": [-0.54275, -0.00808, -0.5]},
			"faces": {
				"north": {"uv": [6, 16, 8, 10], "texture": "#2"},
				"east": {"uv": [4, 16, 6, 10], "texture": "#2"},
				"south": {"uv": [10, 16, 12, 10], "texture": "#2"},
				"west": {"uv": [8, 16, 10, 10], "texture": "#2"},
				"up": {"uv": [13, 3, 15, 5], "texture": "#2"}
			}
		},
		{
			"from": [6.45725, 5.99192, 7.25],
			"to": [9.45725, 8.99192, 7.5],
			"rotation": {"angle": 0, "axis": "y", "origin": [-0.54275, -0.00808, -0.5]},
			"faces": {
				"north": {"uv": [5, 4, 15, 15], "texture": "#2"},
				"east": {"uv": [5, 4, 6, 15], "texture": "#2"},
				"south": {"uv": [5, 4, 15, 15], "texture": "#2"},
				"west": {"uv": [14, 4, 15, 15], "texture": "#2"},
				"up": {"uv": [5, 4, 15, 5], "texture": "#2"},
				"down": {"uv": [5, 14, 15, 15], "texture": "#2"}
			}
		},
		{
			"from": [6.45725, 5.99192, 7.23],
			"to": [9.45725, 8.99192, 7.23],
			"rotation": {"angle": 0, "axis": "y", "origin": [-0.54275, -0.00808, -0.5]},
			"faces": {
				"north": {"uv": [0, 0, 5.5, 5.5], "texture": "#1"}
			}
		},
		{
			"from": [-1.32816, 3.56109, 7.499],
			"to": [7.79884, 4.56309, 8.501],
			"rotation": {"angle": -22.5, "axis": "z", "origin": [6.92284, 4.06209, 8]},
			"faces": {
				"north": {"uv": [8, 15, 10, 1], "rotation": 90, "texture": "#2"},
				"south": {"uv": [12, 15, 14, 1], "rotation": 90, "texture": "#2"},
				"up": {"uv": [0, 0, 0.5, 3.875], "rotation": 270, "texture": "#2"},
				"down": {"uv": [0, 0, 0.5, 3.875], "rotation": 270, "texture": "#2"}
			}
		},
		{
			"from": [14.04275, 5.99192, 7.5],
			"to": [15.04275, 9.99192, 8.5],
			"rotation": {"angle": 0, "axis": "y", "origin": [16.54275, -0.00808, -0.5]},
			"faces": {
				"north": {"uv": [7, 16, 9, 8], "texture": "#2"},
				"east": {"uv": [5, 16, 7, 8], "texture": "#2"},
				"south": {"uv": [11, 16, 13, 8], "texture": "#2"},
				"west": {"uv": [9, 16, 11, 8], "texture": "#2"},
				"up": {"uv": [13, 3, 15, 5], "texture": "#2"}
			}
		},
		{
			"from": [12.04275, 5.16692, 7.5],
			"to": [13.04275, 9.99192, 8.5],
			"rotation": {"angle": 0, "axis": "y", "origin": [16.54275, -0.00808, -0.5]},
			"faces": {
				"north": {"uv": [9, 16, 11, 6], "texture": "#2"},
				"east": {"uv": [7, 16, 9, 6], "texture": "#2"},
				"south": {"uv": [13, 16, 15, 6], "texture": "#2"},
				"west": {"uv": [11, 16, 13, 6], "texture": "#2"},
				"up": {"uv": [13, 3, 15, 5], "texture": "#2"}
			}
		},
		{
			"from": [10.04275, 4.99192, 7.5],
			"to": [11.04275, 9.99192, 8.5],
			"rotation": {"angle": 0, "axis": "y", "origin": [16.54275, -0.00808, -0.5]},
			"faces": {
				"north": {"uv": [4, 16, 6, 6], "texture": "#2"},
				"east": {"uv": [2, 16, 4, 6], "texture": "#2"},
				"south": {"uv": [8, 16, 10, 6], "texture": "#2"},
				"west": {"uv": [6, 16, 8, 6], "texture": "#2"},
				"up": {"uv": [13, 3, 15, 5], "texture": "#2"}
			}
		},
		{
			"from": [0.95725, 5.99192, 7.5],
			"to": [1.95725, 9.99192, 8.5],
			"rotation": {"angle": 0, "axis": "y", "origin": [-0.54275, -0.00808, -0.5]},
			"faces": {
				"north": {"uv": [9, 16, 7, 8], "texture": "#2"},
				"east": {"uv": [11, 16, 9, 8], "texture": "#2"},
				"south": {"uv": [13, 16, 11, 8], "texture": "#2"},
				"west": {"uv": [7, 16, 5, 8], "texture": "#2"},
				"up": {"uv": [15, 3, 13, 5], "texture": "#2"}
			}
		},
		{
			"from": [2.95725, 5.16692, 7.5],
			"to": [3.95725, 9.99192, 8.5],
			"rotation": {"angle": 0, "axis": "y", "origin": [-0.54275, -0.00808, -0.5]},
			"faces": {
				"north": {"uv": [11, 16, 9, 6], "texture": "#2"},
				"east": {"uv": [13, 16, 11, 6], "texture": "#2"},
				"south": {"uv": [15, 16, 13, 6], "texture": "#2"},
				"west": {"uv": [9, 16, 7, 6], "texture": "#2"},
				"up": {"uv": [15, 3, 13, 5], "texture": "#2"}
			}
		},
		{
			"from": [4.95725, 4.99192, 7.5],
			"to": [5.95725, 9.99192, 8.5],
			"rotation": {"angle": 0, "axis": "y", "origin": [-0.54275, -0.00808, -0.5]},
			"faces": {
				"north": {"uv": [6, 16, 4, 6], "texture": "#2"},
				"east": {"uv": [8, 16, 6, 6], "texture": "#2"},
				"south": {"uv": [10, 16, 8, 6], "texture": "#2"},
				"west": {"uv": [4, 16, 2, 6], "texture": "#2"},
				"up": {"uv": [15, 3, 13, 5], "texture": "#2"}
			}
		},
		{
			"from": [14.6456, 12.99192, 7.60426],
			"to": [14.6456, 13.99192, 8.30426],
			"rotation": {"angle": 45, "axis": "y", "origin": [14.6456, 9.99192, 8.10426]},
			"faces": {
				"east": {"uv": [5, 0, 0, 7.5], "texture": "#4"},
				"west": {"uv": [0, 0, 5, 7.5], "texture": "#4"}
			}
		},
		{
			"from": [14.53953, 12.99192, 7.64819],
			"to": [14.53953, 13.99192, 8.34819],
			"rotation": {"angle": -45, "axis": "y", "origin": [14.53953, 13.49192, 7.99819]},
			"faces": {
				"east": {"uv": [0, 0, 5, 7.5], "texture": "#4"},
				"west": {"uv": [5, 0, 0, 7.5], "texture": "#4"}
			}
		},
		{
			"from": [12.29275, 9.99192, 7.75],
			"to": [12.79275, 12.99192, 8.25],
			"rotation": {"angle": 0, "axis": "y", "origin": [-2.20725, -0.00808, -0.525]},
			"faces": {
				"north": {"uv": [0, 8, 2, 16], "texture": "#3"},
				"east": {"uv": [0, 8, 2, 16], "texture": "#3"},
				"south": {"uv": [0, 8, 2, 16], "texture": "#3"},
				"west": {"uv": [0, 8, 2, 16], "texture": "#3"},
				"up": {"uv": [0, 6, 2, 8], "texture": "#3"}
			}
		},
		{
			"from": [10.29275, 9.99192, 7.75],
			"to": [10.79275, 12.99192, 8.25],
			"rotation": {"angle": 0, "axis": "y", "origin": [-4.20725, -0.00808, -0.525]},
			"faces": {
				"north": {"uv": [0, 8, 2, 16], "texture": "#3"},
				"east": {"uv": [0, 8, 2, 16], "texture": "#3"},
				"south": {"uv": [0, 8, 2, 16], "texture": "#3"},
				"west": {"uv": [0, 8, 2, 16], "texture": "#3"},
				"up": {"uv": [0, 6, 2, 8], "texture": "#3"}
			}
		},
		{
			"from": [1.20725, 9.99192, 7.75],
			"to": [1.70725, 12.99192, 8.25],
			"rotation": {"angle": 0, "axis": "y", "origin": [16.20725, -0.00808, -0.525]},
			"faces": {
				"north": {"uv": [2, 8, 0, 16], "texture": "#3"},
				"east": {"uv": [2, 8, 0, 16], "texture": "#3"},
				"south": {"uv": [2, 8, 0, 16], "texture": "#3"},
				"west": {"uv": [2, 8, 0, 16], "texture": "#3"},
				"up": {"uv": [2, 6, 0, 8], "texture": "#3"}
			}
		},
		{
			"from": [-0.79275, 9.99192, 7.75],
			"to": [-0.29275, 12.99192, 8.25],
			"rotation": {"angle": 0, "axis": "y", "origin": [16.20725, -0.00808, -0.525]},
			"faces": {
				"north": {"uv": [2, 8, 0, 16], "texture": "#3"},
				"east": {"uv": [2, 8, 0, 16], "texture": "#3"},
				"south": {"uv": [2, 8, 0, 16], "texture": "#3"},
				"west": {"uv": [2, 8, 0, 16], "texture": "#3"},
				"up": {"uv": [2, 6, 0, 8], "texture": "#3"}
			}
		},
		{
			"from": [-1.04275, 6.74192, 7.5],
			"to": [-0.04275, 9.99192, 8.5],
			"rotation": {"angle": 0, "axis": "y", "origin": [-0.54275, -0.00808, -0.5]},
			"faces": {
				"north": {"uv": [9, 16, 7, 8], "texture": "#2"},
				"east": {"uv": [11, 16, 9, 8], "texture": "#2"},
				"south": {"uv": [13, 16, 11, 8], "texture": "#2"},
				"west": {"uv": [7, 16, 5, 8], "texture": "#2"},
				"up": {"uv": [15, 3, 13, 5], "texture": "#2"}
			}
		},
		{
			"from": [3.20725, 9.99192, 7.75],
			"to": [3.70725, 12.99192, 8.25],
			"rotation": {"angle": 0, "axis": "y", "origin": [18.20725, -0.00808, -0.525]},
			"faces": {
				"north": {"uv": [2, 8, 0, 16], "texture": "#3"},
				"east": {"uv": [2, 8, 0, 16], "texture": "#3"},
				"south": {"uv": [2, 8, 0, 16], "texture": "#3"},
				"west": {"uv": [2, 8, 0, 16], "texture": "#3"},
				"up": {"uv": [2, 6, 0, 8], "texture": "#3"}
			}
		},
		{
			"from": [5.20725, 9.99192, 7.75],
			"to": [5.70725, 12.99192, 8.25],
			"rotation": {"angle": 0, "axis": "y", "origin": [20.20725, -0.00808, -0.525]},
			"faces": {
				"north": {"uv": [2, 8, 0, 16], "texture": "#3"},
				"east": {"uv": [2, 8, 0, 16], "texture": "#3"},
				"south": {"uv": [2, 8, 0, 16], "texture": "#3"},
				"west": {"uv": [2, 8, 0, 16], "texture": "#3"},
				"up": {"uv": [2, 6, 0, 8], "texture": "#3"}
			}
		},
		{
			"from": [7.75215, 10.99192, 7.7512],
			"to": [8.25215, 13.99192, 8.2512],
			"rotation": {"angle": 0, "axis": "y", "origin": [-6.74785, 0.99192, -0.5238]},
			"faces": {
				"north": {"uv": [0, 8, 2, 16], "texture": "#3"},
				"east": {"uv": [0, 8, 2, 16], "texture": "#3"},
				"south": {"uv": [0, 8, 2, 16], "texture": "#3"},
				"west": {"uv": [0, 8, 2, 16], "texture": "#3"},
				"up": {"uv": [0, 6, 2, 8], "texture": "#3"}
			}
		},
		{
			"from": [10.6456, 12.99192, 7.60426],
			"to": [10.6456, 13.99192, 8.30426],
			"rotation": {"angle": 45, "axis": "y", "origin": [10.6456, 9.99192, 8.10426]},
			"faces": {
				"east": {"uv": [16, 0, 11, 7.5], "texture": "#4"},
				"west": {"uv": [11, 0, 16, 7.5], "texture": "#4"}
			}
		},
		{
			"from": [10.53953, 12.99192, 7.64819],
			"to": [10.53953, 13.99192, 8.34819],
			"rotation": {"angle": -45, "axis": "y", "origin": [10.53953, 13.49192, 7.99819]},
			"faces": {
				"east": {"uv": [11, 0, 16, 7.5], "texture": "#4"},
				"west": {"uv": [16, 0, 11, 7.5], "texture": "#4"}
			}
		},
		{
			"from": [16.6456, 12.99192, 7.60426],
			"to": [16.6456, 13.99192, 8.30426],
			"rotation": {"angle": 45, "axis": "y", "origin": [16.6456, 9.99192, 8.10426]},
			"faces": {
				"east": {"uv": [16, 0, 11, 7.5], "texture": "#4"},
				"west": {"uv": [11, 0, 16, 7.5], "texture": "#4"}
			}
		},
		{
			"from": [16.53953, 12.99192, 7.64819],
			"to": [16.53953, 13.99192, 8.34819],
			"rotation": {"angle": -45, "axis": "y", "origin": [16.53953, 13.49192, 7.99819]},
			"faces": {
				"east": {"uv": [11, 0, 16, 7.5], "texture": "#4"},
				"west": {"uv": [16, 0, 11, 7.5], "texture": "#4"}
			}
		},
		{
			"from": [12.53953, 12.99192, 7.64819],
			"to": [12.53953, 13.99192, 8.34819],
			"rotation": {"angle": -45, "axis": "y", "origin": [12.53953, 13.49192, 7.99819]},
			"faces": {
				"east": {"uv": [5.5, 8.5, 10.5, 16], "texture": "#4"},
				"west": {"uv": [5.5, 8.5, 10.5, 16], "texture": "#4"}
			}
		},
		{
			"from": [12.18953, 12.99192, 7.99819],
			"to": [12.88953, 13.99192, 7.99819],
			"rotation": {"angle": -45, "axis": "y", "origin": [12.53953, 13.49192, 7.99819]},
			"faces": {
				"north": {"uv": [5.5, 8.5, 10.5, 16], "texture": "#4"},
				"south": {"uv": [10.5, 8.5, 5.5, 16], "texture": "#4"}
			}
		},
		{
			"from": [1.46047, 12.99192, 7.64819],
			"to": [1.46047, 13.99192, 8.34819],
			"rotation": {"angle": 45, "axis": "y", "origin": [1.46047, 13.49192, 7.99819]},
			"faces": {
				"east": {"uv": [5, 8.5, 0, 16], "texture": "#4"},
				"west": {"uv": [0, 8.5, 5, 16], "texture": "#4"}
			}
		},
		{
			"from": [1.11047, 12.99192, 7.99819],
			"to": [1.81047, 13.99192, 7.99819],
			"rotation": {"angle": 45, "axis": "y", "origin": [1.46047, 13.49192, 7.99819]},
			"faces": {
				"north": {"uv": [5, 8.5, 0, 16], "texture": "#4"},
				"south": {"uv": [0, 8.5, 5, 16], "texture": "#4"}
			}
		},
		{
			"from": [3.11047, 12.99192, 7.99819],
			"to": [3.81047, 13.99192, 7.99819],
			"rotation": {"angle": -22.5, "axis": "y", "origin": [3.46047, 13.49192, 7.99819]},
			"faces": {
				"north": {"uv": [11, 8.5, 16, 16], "texture": "#4"},
				"south": {"uv": [16, 8.5, 11, 16], "texture": "#4"}
			}
		},
		{
			"from": [3.46047, 12.99192, 7.64819],
			"to": [3.46047, 13.99192, 8.34819],
			"rotation": {"angle": -22.5, "axis": "y", "origin": [3.46047, 13.49192, 7.99819]},
			"faces": {
				"east": {"uv": [16, 8.5, 11, 16], "texture": "#4"},
				"west": {"uv": [11, 8.5, 16, 16], "texture": "#4"}
			}
		},
		{
			"from": [7.65, 13.99192, 7.99819],
			"to": [8.35, 14.99192, 7.99819],
			"rotation": {"angle": -22.5, "axis": "y", "origin": [8, 12.49192, 7.99819]},
			"faces": {
				"north": {"uv": [11, 8.5, 16, 16], "texture": "#4"},
				"south": {"uv": [16, 8.5, 11, 16], "texture": "#4"}
			}
		},
		{
			"from": [8, 13.99192, 7.64819],
			"to": [8, 14.99192, 8.34819],
			"rotation": {"angle": -22.5, "axis": "y", "origin": [8, 12.49192, 7.99819]},
			"faces": {
				"east": {"uv": [16, 8.5, 11, 16], "texture": "#4"},
				"west": {"uv": [11, 8.5, 16, 16], "texture": "#4"}
			}
		},
		{
			"from": [5.46047, 12.99192, 7.64819],
			"to": [5.46047, 13.99192, 8.34819],
			"rotation": {"angle": 45, "axis": "y", "origin": [5.46047, 13.49192, 7.99819]},
			"faces": {
				"east": {"uv": [10.5, 0, 5.5, 7.5], "texture": "#4"},
				"west": {"uv": [5.5, 0, 10.5, 7.5], "texture": "#4"}
			}
		},
		{
			"from": [-0.53953, 12.99192, 7.64819],
			"to": [-0.53953, 13.99192, 8.34819],
			"rotation": {"angle": -45, "axis": "y", "origin": [-0.53953, 13.49192, 7.99819]},
			"faces": {
				"east": {"uv": [5.5, 0, 10.5, 7.5], "texture": "#4"},
				"west": {"uv": [10.5, 0, 5.5, 7.5], "texture": "#4"}
			}
		},
		{
			"from": [-0.53953, 12.99192, 7.64819],
			"to": [-0.53953, 13.99192, 8.34819],
			"rotation": {"angle": 45, "axis": "y", "origin": [-0.53953, 13.49192, 7.99819]},
			"faces": {
				"east": {"uv": [10.5, 0, 5.5, 7.5], "texture": "#4"},
				"west": {"uv": [5.5, 0, 10.5, 7.5], "texture": "#4"}
			}
		},
		{
			"from": [8.20116, 3.56109, 7.499],
			"to": [17.32816, 4.56309, 8.501],
			"rotation": {"angle": 22.5, "axis": "z", "origin": [9.07716, 4.06209, 8]},
			"faces": {
				"north": {"uv": [8, 1, 10, 15], "rotation": 90, "texture": "#2"},
				"south": {"uv": [12, 1, 14, 15], "rotation": 90, "texture": "#2"},
				"up": {"uv": [0, 3.875, 0.5, 0], "rotation": 270, "texture": "#2"},
				"down": {"uv": [0, 3.875, 0.5, 0], "rotation": 270, "texture": "#2"}
			}
		},
		{
			"from": [16.04275, 6.74192, 7.5],
			"to": [17.04275, 9.99192, 8.5],
			"rotation": {"angle": 0, "axis": "y", "origin": [16.54275, -0.00808, -0.5]},
			"faces": {
				"north": {"uv": [7, 16, 9, 8], "texture": "#2"},
				"east": {"uv": [5, 16, 7, 8], "texture": "#2"},
				"south": {"uv": [11, 16, 13, 8], "texture": "#2"},
				"west": {"uv": [9, 16, 11, 8], "texture": "#2"},
				"up": {"uv": [13, 3, 15, 5], "texture": "#2"}
			}
		},
		{
			"from": [16.29275, 9.99192, 7.75],
			"to": [16.79275, 12.99192, 8.25],
			"rotation": {"angle": 0, "axis": "y", "origin": [-0.20725, -0.00808, -0.525]},
			"faces": {
				"north": {"uv": [0, 8, 2, 16], "texture": "#3"},
				"east": {"uv": [0, 8, 2, 16], "texture": "#3"},
				"south": {"uv": [0, 8, 2, 16], "texture": "#3"},
				"west": {"uv": [0, 8, 2, 16], "texture": "#3"},
				"up": {"uv": [0, 6, 2, 8], "texture": "#3"}
			}
		},
		{
			"from": [5.46047, 12.99192, 7.64819],
			"to": [5.46047, 13.99192, 8.34819],
			"rotation": {"angle": -45, "axis": "y", "origin": [5.46047, 13.49192, 7.99819]},
			"faces": {
				"east": {"uv": [5.5, 0, 10.5, 7.5], "texture": "#4"},
				"west": {"uv": [10.5, 0, 5.5, 7.5], "texture": "#4"}
			}
		}
	],
	"display": {
		"thirdperson_righthand": {
			"rotation": [75, 45, 0],
			"translation": [0, 1.5, 0],
			"scale": [0.375, 0.375, 0.375]
		},
		"thirdperson_lefthand": {
			"rotation": [75, 45, 0],
			"translation": [0, 1.5, 0],
			"scale": [0.375, 0.375, 0.375]
		},
		"firstperson_righthand": {
			"rotation": [0, 45, 0],
			"scale": [0.4, 0.4, 0.4]
		},
		"firstperson_lefthand": {
			"rotation": [0, 45, 0],
			"scale": [0.4, 0.4, 0.4]
		},
		"ground": {
			"translation": [0, 3, 0],
			"scale": [0.25, 0.25, 0.25]
		},
		"gui": {
			"rotation": [30, 225, 0],
			"scale": [0.625, 0.625, 0.625]
		},
		"head": {
			"translation": [0, 14.25, 0]
		},
		"fixed": {
			"rotation": [-90, 0, 0],
			"translation": [0, 0, -15],
			"scale": [2, 2, 2]
		}
	}
}