{
	"credit": "Made with Blockbench",
	"texture_size": [32, 32],
	"textures": {
		"0": "item/arrow_down_ani",
		"particle": "item/arrow_down_ani"
	},
	"elements": [
		{
			"from": [7.5, 2, 7.5],
			"to": [8.5, 3, 8.5],
			"rotation": {"angle": 0, "axis": "y", "origin": [-0.5, 7.5, 7.5]},
			"faces": {
				"north": {"uv": [0, 10, 1, 11], "texture": "#0"},
				"east": {"uv": [0, 7, 0.5, 8], "texture": "#0"},
				"south": {"uv": [0, 10, 1, 11], "texture": "#0"},
				"west": {"uv": [0, 7, 0.5, 8], "texture": "#0"},
				"down": {"uv": [0, 10.5, 1, 11], "texture": "#0"}
			}
		},
		{
			"from": [6.5, 3, 7.5],
			"to": [9.5, 4, 8.5],
			"rotation": {"angle": 0, "axis": "y", "origin": [-0.5, 7.5, 7.5]},
			"faces": {
				"north": {"uv": [0, 9, 3, 10], "texture": "#0"},
				"east": {"uv": [0, 7, 0.5, 8], "texture": "#0"},
				"south": {"uv": [0, 9, 3, 10], "texture": "#0"},
				"west": {"uv": [0, 7, 0.5, 8], "texture": "#0"},
				"down": {"uv": [0, 9.5, 3, 10], "texture": "#0"}
			}
		},
		{
			"from": [5.5, 4, 7.5],
			"to": [10.5, 5, 8.5],
			"rotation": {"angle": 0, "axis": "y", "origin": [-0.5, 7.5, 7.5]},
			"faces": {
				"north": {"uv": [0, 8, 5, 9], "texture": "#0"},
				"east": {"uv": [0, 7, 0.5, 8], "texture": "#0"},
				"south": {"uv": [0, 8, 5, 9], "texture": "#0"},
				"west": {"uv": [0, 7, 0.5, 8], "texture": "#0"},
				"down": {"uv": [0, 8.5, 5, 9], "texture": "#0"}
			}
		},
		{
			"from": [4.5, 5, 7.5],
			"to": [11.5, 6, 8.5],
			"rotation": {"angle": 0, "axis": "y", "origin": [-0.5, 7.5, 7.5]},
			"faces": {
				"north": {"uv": [0, 7, 7, 8], "texture": "#0"},
				"east": {"uv": [0, 7, 0.5, 8], "texture": "#0"},
				"south": {"uv": [0, 7, 7, 8], "texture": "#0"},
				"west": {"uv": [0, 7, 0.5, 8], "texture": "#0"},
				"down": {"uv": [0, 7.5, 7, 8], "texture": "#0"}
			}
		},
		{
			"from": [3.5, 6, 7.5],
			"to": [12.5, 7, 8.5],
			"rotation": {"angle": 0, "axis": "y", "origin": [-0.5, 7.5, 7.5]},
			"faces": {
				"north": {"uv": [0, 6, 9, 7], "texture": "#0"},
				"east": {"uv": [0, 6, 0.5, 7], "texture": "#0"},
				"south": {"uv": [0, 6, 9, 7], "texture": "#0"},
				"west": {"uv": [0, 6, 0.5, 7], "texture": "#0"},
				"up": {"uv": [0, 6, 9, 6.5], "texture": "#0"},
				"down": {"uv": [0, 6, 9, 6.5], "texture": "#0"}
			}
		},
		{
			"from": [6.5, 7, 7.5],
			"to": [9.5, 13, 8.5],
			"rotation": {"angle": 0, "axis": "y", "origin": [-0.5, 7.5, 7.5]},
			"faces": {
				"north": {"uv": [0, 0, 3, 6], "texture": "#0"},
				"east": {"uv": [3, 0, 4, 6], "texture": "#0"},
				"south": {"uv": [0, 0, 3, 6], "texture": "#0"},
				"west": {"uv": [3, 0, 4, 6], "texture": "#0"},
				"up": {"uv": [0, 0, 3, 0.5], "texture": "#0"}
			}
		},
		{
			"from": [10.5, 4.5, 7.5],
			"to": [11, 5, 8.5],
			"rotation": {"angle": 0, "axis": "y", "origin": [-0.5, 7.5, 7.5]},
			"faces": {
				"north": {"uv": [0, 8.5, 0.5, 9], "texture": "#0"},
				"east": {"uv": [0, 8.5, 0.5, 9], "texture": "#0"},
				"south": {"uv": [0, 8.5, 0.5, 9], "texture": "#0"},
				"down": {"uv": [0, 8.5, 0.5, 9], "texture": "#0"}
			}
		},
		{
			"from": [9.5, 3.5, 7.5],
			"to": [10, 4, 8.5],
			"rotation": {"angle": 0, "axis": "y", "origin": [-0.5, 7.5, 7.5]},
			"faces": {
				"north": {"uv": [0, 8.5, 0.5, 9], "texture": "#0"},
				"east": {"uv": [0, 8.5, 0.5, 9], "texture": "#0"},
				"south": {"uv": [0, 8.5, 0.5, 9], "texture": "#0"},
				"down": {"uv": [0, 8.5, 0.5, 9], "texture": "#0"}
			}
		},
		{
			"from": [8.5, 2.5, 7.5],
			"to": [9, 3, 8.5],
			"rotation": {"angle": 0, "axis": "y", "origin": [-0.5, 7.5, 7.5]},
			"faces": {
				"north": {"uv": [0, 8.5, 0.5, 9], "texture": "#0"},
				"east": {"uv": [0, 8.5, 0.5, 9], "texture": "#0"},
				"south": {"uv": [0, 8.5, 0.5, 9], "texture": "#0"},
				"down": {"uv": [0, 8.5, 0.5, 9], "texture": "#0"}
			}
		},
		{
			"from": [7, 2.5, 7.5],
			"to": [7.5, 3, 8.5],
			"rotation": {"angle": 0, "axis": "y", "origin": [-0.5, 7.5, 7.5]},
			"faces": {
				"north": {"uv": [0, 8.5, 0.5, 9], "texture": "#0"},
				"south": {"uv": [0, 8.5, 0.5, 9], "texture": "#0"},
				"west": {"uv": [0, 8.5, 0.5, 9], "texture": "#0"},
				"down": {"uv": [0, 8.5, 0.5, 9], "texture": "#0"}
			}
		},
		{
			"from": [6, 3.5, 7.5],
			"to": [6.5, 4, 8.5],
			"rotation": {"angle": 0, "axis": "y", "origin": [-0.5, 7.5, 7.5]},
			"faces": {
				"north": {"uv": [0, 8.5, 0.5, 9], "texture": "#0"},
				"south": {"uv": [0, 8.5, 0.5, 9], "texture": "#0"},
				"west": {"uv": [0, 8.5, 0.5, 9], "texture": "#0"},
				"down": {"uv": [0, 8.5, 0.5, 9], "texture": "#0"}
			}
		},
		{
			"from": [5, 4.5, 7.5],
			"to": [5.5, 5, 8.5],
			"rotation": {"angle": 0, "axis": "y", "origin": [-0.5, 7.5, 7.5]},
			"faces": {
				"north": {"uv": [0, 8.5, 0.5, 9], "texture": "#0"},
				"south": {"uv": [0, 8.5, 0.5, 9], "texture": "#0"},
				"west": {"uv": [0, 8.5, 0.5, 9], "texture": "#0"},
				"down": {"uv": [0, 8.5, 0.5, 9], "texture": "#0"}
			}
		},
		{
			"from": [11.5, 5.5, 7.5],
			"to": [12, 6, 8.5],
			"rotation": {"angle": 0, "axis": "y", "origin": [-0.5, 7.5, 7.5]},
			"faces": {
				"north": {"uv": [0, 8.5, 0.5, 9], "texture": "#0"},
				"east": {"uv": [0, 8.5, 0.5, 9], "texture": "#0"},
				"south": {"uv": [0, 8.5, 0.5, 9], "texture": "#0"},
				"down": {"uv": [0, 8.5, 0.5, 9], "texture": "#0"}
			}
		},
		{
			"from": [4, 5.5, 7.5],
			"to": [4.5, 6, 8.5],
			"rotation": {"angle": 0, "axis": "y", "origin": [-0.5, 7.5, 7.5]},
			"faces": {
				"north": {"uv": [0, 8.5, 0.5, 9], "texture": "#0"},
				"south": {"uv": [0, 8.5, 0.5, 9], "texture": "#0"},
				"west": {"uv": [0, 8.5, 0.5, 9], "texture": "#0"},
				"down": {"uv": [0, 8.5, 0.5, 9], "texture": "#0"}
			}
		},
		{
			"from": [7.5, 0, 7.5],
			"to": [8.5, 1, 8.5],
			"rotation": {"angle": 0, "axis": "y", "origin": [-0.5, 7.5, 7.5]},
			"faces": {
				"north": {"uv": [15, 15, 16, 16], "texture": "#0"},
				"east": {"uv": [15.5, 15, 16, 16], "texture": "#0"},
				"south": {"uv": [15, 15, 16, 16], "texture": "#0"},
				"west": {"uv": [15.5, 15, 16, 16], "texture": "#0"},
				"down": {"uv": [15, 15.5, 16, 16], "texture": "#0"}
			}
		},
		{
			"from": [6.5, 1, 7.5],
			"to": [9.5, 2, 8.5],
			"rotation": {"angle": 0, "axis": "y", "origin": [-0.5, 7.5, 7.5]},
			"faces": {
				"north": {"uv": [13, 14, 16, 15], "texture": "#0"},
				"east": {"uv": [15.5, 14, 16, 15], "texture": "#0"},
				"south": {"uv": [13, 14, 16, 15], "texture": "#0"},
				"west": {"uv": [15.5, 14, 16, 15], "texture": "#0"},
				"down": {"uv": [13, 14.5, 16, 15], "texture": "#0"}
			}
		},
		{
			"from": [5.5, 2, 7.5],
			"to": [10.5, 3, 8.5],
			"rotation": {"angle": 0, "axis": "y", "origin": [-0.5, 7.5, 7.5]},
			"faces": {
				"north": {"uv": [11, 13, 16, 14], "texture": "#0"},
				"east": {"uv": [15.5, 13, 16, 14], "texture": "#0"},
				"south": {"uv": [11, 13, 16, 14], "texture": "#0"},
				"west": {"uv": [15.5, 13, 16, 14], "texture": "#0"},
				"down": {"uv": [11, 13.5, 16, 14], "texture": "#0"}
			}
		},
		{
			"from": [4.5, 3, 7.5],
			"to": [11.5, 4, 8.5],
			"rotation": {"angle": 0, "axis": "y", "origin": [-0.5, 7.5, 7.5]},
			"faces": {
				"north": {"uv": [9, 12, 16, 13], "texture": "#0"},
				"east": {"uv": [15.5, 12, 16, 13], "texture": "#0"},
				"south": {"uv": [9, 12, 16, 13], "texture": "#0"},
				"west": {"uv": [15.5, 12, 16, 13], "texture": "#0"},
				"down": {"uv": [9, 12.5, 16, 13], "texture": "#0"}
			}
		},
		{
			"from": [3.5, 4, 7.5],
			"to": [12.5, 5, 8.5],
			"rotation": {"angle": 0, "axis": "y", "origin": [-0.5, 7.5, 7.5]},
			"faces": {
				"north": {"uv": [7, 11, 16, 12], "texture": "#0"},
				"east": {"uv": [15.5, 11, 16, 12], "texture": "#0"},
				"south": {"uv": [7, 11, 16, 12], "texture": "#0"},
				"west": {"uv": [15.5, 11, 16, 12], "texture": "#0"},
				"up": {"uv": [7, 11, 16, 11.5], "texture": "#0"},
				"down": {"uv": [7, 11, 16, 11.5], "texture": "#0"}
			}
		},
		{
			"from": [6.5, 5, 7.5],
			"to": [9.5, 11, 8.5],
			"rotation": {"angle": 0, "axis": "y", "origin": [-0.5, 7.5, 7.5]},
			"faces": {
				"north": {"uv": [13, 5, 16, 11], "texture": "#0"},
				"east": {"uv": [13, 5, 14, 11], "texture": "#0"},
				"south": {"uv": [13, 5, 16, 11], "texture": "#0"},
				"west": {"uv": [13, 5, 14, 11], "texture": "#0"},
				"up": {"uv": [13, 5, 16, 5.5], "texture": "#0"}
			}
		},
		{
			"from": [4, 3.5, 7.5],
			"to": [4.5, 4, 8.5],
			"rotation": {"angle": 0, "axis": "y", "origin": [-0.5, 7.5, 7.5]},
			"faces": {
				"north": {"uv": [7, 11.5, 7.5, 12], "texture": "#0"},
				"east": {"uv": [7, 11.5, 7.5, 12], "texture": "#0"},
				"south": {"uv": [7, 11.5, 7.5, 12], "texture": "#0"},
				"west": {"uv": [7, 11.5, 7.5, 12], "texture": "#0"},
				"up": {"uv": [7, 11.5, 7.5, 12], "texture": "#0"},
				"down": {"uv": [7, 11.5, 7.5, 12], "texture": "#0"}
			}
		},
		{
			"from": [5, 2.5, 7.5],
			"to": [5.5, 3, 8.5],
			"rotation": {"angle": 0, "axis": "y", "origin": [-0.5, 7.5, 7.5]},
			"faces": {
				"north": {"uv": [7, 11.5, 7.5, 12], "texture": "#0"},
				"east": {"uv": [7, 11.5, 7.5, 12], "texture": "#0"},
				"south": {"uv": [7, 11.5, 7.5, 12], "texture": "#0"},
				"west": {"uv": [7, 11.5, 7.5, 12], "texture": "#0"},
				"up": {"uv": [7, 11.5, 7.5, 12], "texture": "#0"},
				"down": {"uv": [7, 11.5, 7.5, 12], "texture": "#0"}
			}
		},
		{
			"from": [6, 1.5, 7.5],
			"to": [6.5, 2, 8.5],
			"rotation": {"angle": 0, "axis": "y", "origin": [-0.5, 7.5, 7.5]},
			"faces": {
				"north": {"uv": [7, 11.5, 7.5, 12], "texture": "#0"},
				"east": {"uv": [7, 11.5, 7.5, 12], "texture": "#0"},
				"south": {"uv": [7, 11.5, 7.5, 12], "texture": "#0"},
				"west": {"uv": [7, 11.5, 7.5, 12], "texture": "#0"},
				"up": {"uv": [7, 11.5, 7.5, 12], "texture": "#0"},
				"down": {"uv": [7, 11.5, 7.5, 12], "texture": "#0"}
			}
		},
		{
			"from": [7, 0.5, 7.5],
			"to": [7.5, 1, 8.5],
			"rotation": {"angle": 0, "axis": "y", "origin": [-0.5, 7.5, 7.5]},
			"faces": {
				"north": {"uv": [7, 11.5, 7.5, 12], "texture": "#0"},
				"east": {"uv": [7, 11.5, 7.5, 12], "texture": "#0"},
				"south": {"uv": [7, 11.5, 7.5, 12], "texture": "#0"},
				"west": {"uv": [7, 11.5, 7.5, 12], "texture": "#0"},
				"up": {"uv": [7, 11.5, 7.5, 12], "texture": "#0"},
				"down": {"uv": [7, 11.5, 7.5, 12], "texture": "#0"}
			}
		},
		{
			"from": [8.5, 0.5, 7.5],
			"to": [9, 1, 8.5],
			"rotation": {"angle": 0, "axis": "y", "origin": [16.5, 7.5, 7.5]},
			"faces": {
				"north": {"uv": [7.5, 11.5, 7, 12], "texture": "#0"},
				"east": {"uv": [7.5, 11.5, 7, 12], "texture": "#0"},
				"south": {"uv": [7.5, 11.5, 7, 12], "texture": "#0"},
				"west": {"uv": [7.5, 11.5, 7, 12], "texture": "#0"},
				"up": {"uv": [7.5, 11.5, 7, 12], "texture": "#0"},
				"down": {"uv": [7.5, 11.5, 7, 12], "texture": "#0"}
			}
		},
		{
			"from": [9.5, 1.5, 7.5],
			"to": [10, 2, 8.5],
			"rotation": {"angle": 0, "axis": "y", "origin": [16.5, 7.5, 7.5]},
			"faces": {
				"north": {"uv": [7.5, 11.5, 7, 12], "texture": "#0"},
				"east": {"uv": [7.5, 11.5, 7, 12], "texture": "#0"},
				"south": {"uv": [7.5, 11.5, 7, 12], "texture": "#0"},
				"west": {"uv": [7.5, 11.5, 7, 12], "texture": "#0"},
				"up": {"uv": [7.5, 11.5, 7, 12], "texture": "#0"},
				"down": {"uv": [7.5, 11.5, 7, 12], "texture": "#0"}
			}
		},
		{
			"from": [10.5, 2.5, 7.5],
			"to": [11, 3, 8.5],
			"rotation": {"angle": 0, "axis": "y", "origin": [16.5, 7.5, 7.5]},
			"faces": {
				"north": {"uv": [7.5, 11.5, 7, 12], "texture": "#0"},
				"east": {"uv": [7.5, 11.5, 7, 12], "texture": "#0"},
				"south": {"uv": [7.5, 11.5, 7, 12], "texture": "#0"},
				"west": {"uv": [7.5, 11.5, 7, 12], "texture": "#0"},
				"up": {"uv": [7.5, 11.5, 7, 12], "texture": "#0"},
				"down": {"uv": [7.5, 11.5, 7, 12], "texture": "#0"}
			}
		},
		{
			"from": [11.5, 3.5, 7.5],
			"to": [12, 4, 8.5],
			"rotation": {"angle": 0, "axis": "y", "origin": [16.5, 7.5, 7.5]},
			"faces": {
				"north": {"uv": [7.5, 11.5, 7, 12], "texture": "#0"},
				"east": {"uv": [7.5, 11.5, 7, 12], "texture": "#0"},
				"south": {"uv": [7.5, 11.5, 7, 12], "texture": "#0"},
				"west": {"uv": [7.5, 11.5, 7, 12], "texture": "#0"},
				"up": {"uv": [7.5, 11.5, 7, 12], "texture": "#0"},
				"down": {"uv": [7.5, 11.5, 7, 12], "texture": "#0"}
			}
		}
	],
	"display": {
		"thirdperson_righthand": {
			"rotation": [75, 45, 0],
			"translation": [0, 1.75, 1],
			"scale": [0.375, 0.375, 0.375]
		},
		"thirdperson_lefthand": {
			"rotation": [75, 45, 0],
			"translation": [0, 1.75, 1],
			"scale": [0.375, 0.375, 0.375]
		},
		"firstperson_righthand": {
			"rotation": [0, 45, 0],
			"scale": [0.4, 0.4, 0.4]
		},
		"firstperson_lefthand": {
			"rotation": [0, 45, 0],
			"scale": [0.4, 0.4, 0.4]
		},
		"ground": {
			"translation": [0, 3, 0],
			"scale": [0.25, 0.25, 0.25]
		},
		"gui": {
			"rotation": [30, 225, 0],
			"translation": [0, 2, 0],
			"scale": [0.625, 0.625, 0.625]
		},
		"head": {
			"translation": [0, 20, 0]
		},
		"fixed": {
			"rotation": [-90, 0, 0],
			"translation": [0, 0, -20],
			"scale": [2, 2, 2]
		}
	},
	"groups": [
		{
			"name": "arrow1",
			"origin": [-0.5, 7.5, 7.5],
			"color": 0,
			"children": [0, 1, 2, 3, 4, 5, 6, 7, 8, 9, 10, 11, 12, 13]
		},
		{
			"name": "arrow2",
			"origin": [-0.5, 7.5, 7.5],
			"color": 0,
			"children": [14, 15, 16, 17, 18, 19, 20, 21, 22, 23, 24, 25, 26, 27]
		}
	]
}