{
	"credit": "Made with Blockbench",
	"texture_size": [32, 32],
	"textures": {
		"0": "item/cardboard_box",
		"particle": "item/cardboard_box"
	},
	"elements": [
		{
			"from": [12, 0, 4],
			"to": [4, 8, 12],
			"faces": {
				"north": {"uv": [4, 0, 8, 4], "texture": "#0"},
				"east": {"uv": [8, 0, 12, 4], "texture": "#0"},
				"south": {"uv": [4, 0, 8, 4], "texture": "#0"},
				"west": {"uv": [8, 0, 12, 4], "texture": "#0"},
				"down": {"uv": [4, 0, 8, 4], "texture": "#0"}
			}
		},
		{
			"from": [3.999, -0.001, 3.999],
			"to": [12.001, 8.001, 12.001],
			"faces": {
				"north": {"uv": [0, 0, 4, 4], "texture": "#0"},
				"east": {"uv": [8, 0, 12, 4], "texture": "#0"},
				"south": {"uv": [0, 0, 4, 4], "texture": "#0"},
				"west": {"uv": [8, 0, 12, 4], "texture": "#0"},
				"down": {"uv": [4, 0, 8, 4], "texture": "#0"}
			}
		},
		{
			"from": [12, 8, 4],
			"to": [16, 8, 12],
			"rotation": {"angle": 22.5, "axis": "z", "origin": [12, 8, 8]},
			"faces": {
				"north": {"uv": [0, 0, 0, 2], "rotation": 270, "texture": "#missing"},
				"east": {"uv": [0, 0, 0, 4], "rotation": 90, "texture": "#missing"},
				"south": {"uv": [0, 0, 0, 2], "rotation": 90, "texture": "#missing"},
				"west": {"uv": [0, 0, 0, 4], "rotation": 90, "texture": "#missing"},
				"up": {"uv": [4, 0, 8, 2], "rotation": 90, "texture": "#0"},
				"down": {"uv": [4, 2, 8, 4], "rotation": 90, "texture": "#0"}
			}
		},
		{
			"from": [0, 8, 4],
			"to": [4, 8, 12],
			"rotation": {"angle": -22.5, "axis": "z", "origin": [4, 8, 8]},
			"faces": {
				"north": {"uv": [0, 2, 0, 0], "rotation": 270, "texture": "#missing"},
				"east": {"uv": [0, 4, 0, 0], "rotation": 90, "texture": "#missing"},
				"south": {"uv": [0, 2, 0, 0], "rotation": 90, "texture": "#missing"},
				"west": {"uv": [0, 4, 0, 0], "rotation": 90, "texture": "#missing"},
				"up": {"uv": [4, 2, 8, 4], "rotation": 90, "texture": "#0"},
				"down": {"uv": [4, 0, 8, 2], "rotation": 90, "texture": "#0"}
			}
		},
		{
			"from": [4, 0.7, 4],
			"to": [12, 0.7, 12],
			"rotation": {"angle": 0, "axis": "y", "origin": [4, 0, 4]},
			"faces": {
				"up": {"uv": [4, 0, 8, 4], "texture": "#0"}
			}
		}
	],
	"display": {
		"thirdperson_righthand": {
			"rotation": [75, 45, 0],
			"translation": [0, 1.5, 0],
			"scale": [0.375, 0.375, 0.375]
		},
		"thirdperson_lefthand": {
			"rotation": [75, 45, 0],
			"translation": [0, 1.5, 0],
			"scale": [0.375, 0.375, 0.375]
		},
		"firstperson_righthand": {
			"rotation": [0, 45, 0],
			"scale": [0.4, 0.4, 0.4]
		},
		"firstperson_lefthand": {
			"rotation": [0, 45, 0],
			"scale": [0.4, 0.4, 0.4]
		},
		"ground": {
			"translation": [0, 3, 0],
			"scale": [0.25, 0.25, 0.25]
		},
		"gui": {
			"rotation": [30, 225, 0],
			"scale": [0.625, 0.625, 0.625]
		},
		"head": {
			"translation": [0, 7.75, 0],
			"scale": [1.81, 1.81, 1.81]
		},
		"fixed": {
			"rotation": [-90, 0, 0],
			"translation": [0, 0, -22],
			"scale": [3.01, 3.01, 3.01]
		}
	}
}