{
	"credit": "Made with Blockbench",
	"textures": {
		"0": "item/mc_rail",
		"1": "item/stone_baseplate",
		"3": "item/slow_sign_back",
		"4": "item/slow_sign_text",
		"5": "item/slow_sign",
		"particle": "item/stone_baseplate"
	},
	"elements": [
		{
			"name": "post",
			"from": [7, 0, 7],
			"to": [9, 16, 9],
			"rotation": {"angle": 0, "axis": "y", "origin": [2, 14, 0]},
			"faces": {
				"north": {"uv": [2, 0, 4, 16], "texture": "#0"},
				"east": {"uv": [4, 0, 2, 16], "texture": "#0"},
				"south": {"uv": [2, 0, 4, 16], "texture": "#0"},
				"west": {"uv": [4, 0, 2, 16], "texture": "#0"},
				"up": {"uv": [2, 14, 4, 16], "texture": "#0"},
				"down": {"uv": [2, 14, 4, 16], "texture": "#0"}
			}
		},
		{
			"name": "post",
			"from": [7, 16, 7],
			"to": [9, 32, 9],
			"rotation": {"angle": 0, "axis": "y", "origin": [2, 14, 0]},
			"faces": {
				"north": {"uv": [2, 0, 4, 16], "texture": "#0"},
				"east": {"uv": [4, 0, 2, 16], "texture": "#0"},
				"south": {"uv": [2, 0, 4, 16], "texture": "#0"},
				"west": {"uv": [4, 0, 2, 16], "texture": "#0"},
				"up": {"uv": [2, 14, 4, 16], "texture": "#0"},
				"down": {"uv": [2, 14, 4, 16], "texture": "#0"}
			}
		},
		{
			"name": "edge",
			"from": [10.25, 17.91726, 6.5],
			"to": [11.25, 29.91726, 7.5],
			"rotation": {"angle": 45, "axis": "z", "origin": [8, 26.66726, 7]},
			"faces": {
				"north": {"uv": [8, 0.5, 7.5, 1], "rotation": 90, "texture": "#5"},
				"east": {"uv": [8, 0.5, 7.5, 1], "rotation": 90, "texture": "#5"},
				"south": {"uv": [8, 0.5, 7.5, 1], "rotation": 90, "texture": "#3"},
				"west": {"uv": [8, 0.5, 7.5, 1], "rotation": 90, "texture": "#5"},
				"up": {"uv": [8, 0.5, 7.5, 1], "rotation": 90, "texture": "#5"},
				"down": {"uv": [8, 0.5, 7.5, 1], "rotation": 90, "texture": "#5"}
			}
		},
		{
			"name": "edge",
			"from": [4.75, 17.91726, 6.5],
			"to": [5.75, 29.91726, 7.5],
			"rotation": {"angle": -45, "axis": "z", "origin": [8, 26.66726, 7]},
			"faces": {
				"north": {"uv": [8, 1, 7.5, 0.5], "rotation": 90, "texture": "#5"},
				"east": {"uv": [8, 1, 7.5, 0.5], "rotation": 90, "texture": "#5"},
				"south": {"uv": [8, 1, 7.5, 0.5], "rotation": 90, "texture": "#3"},
				"west": {"uv": [8, 1, 7.5, 0.5], "rotation": 90, "texture": "#5"},
				"up": {"uv": [8, 1, 7.5, 0.5], "rotation": 90, "texture": "#5"},
				"down": {"uv": [8, 1, 7.5, 0.5], "rotation": 90, "texture": "#5"}
			}
		},
		{
			"name": "edge",
			"from": [4.75, 15.63909, 6.5],
			"to": [5.75, 27.63909, 7.5],
			"rotation": {"angle": 45, "axis": "z", "origin": [8, 18.88909, 7]},
			"faces": {
				"north": {"uv": [7.5, 1, 8, 0.5], "rotation": 90, "texture": "#5"},
				"east": {"uv": [7.5, 1, 8, 0.5], "rotation": 90, "texture": "#5"},
				"south": {"uv": [7.5, 1, 8, 0.5], "rotation": 90, "texture": "#3"},
				"west": {"uv": [7.5, 1, 8, 0.5], "rotation": 90, "texture": "#5"},
				"up": {"uv": [7.5, 1, 8, 0.5], "rotation": 90, "texture": "#5"},
				"down": {"uv": [7.5, 1, 8, 0.5], "rotation": 90, "texture": "#5"}
			}
		},
		{
			"name": "edge",
			"from": [10.25, 15.63909, 6.5],
			"to": [11.25, 27.63909, 7.5],
			"rotation": {"angle": -45, "axis": "z", "origin": [8, 18.88909, 7]},
			"faces": {
				"north": {"uv": [7.5, 0.5, 8, 1], "rotation": 90, "texture": "#5"},
				"east": {"uv": [7.5, 0.5, 8, 1], "rotation": 90, "texture": "#5"},
				"south": {"uv": [7.5, 0.5, 8, 1], "rotation": 90, "texture": "#3"},
				"west": {"uv": [7.5, 0.5, 8, 1], "rotation": 90, "texture": "#5"},
				"up": {"uv": [7.5, 0.5, 8, 1], "rotation": 90, "texture": "#5"},
				"down": {"uv": [7.5, 0.5, 8, 1], "rotation": 90, "texture": "#5"}
			}
		},
		{
			"name": "sign",
			"from": [0.01, 15.01, 6.51],
			"to": [15.99, 30.99, 7.49],
			"rotation": {"angle": 0, "axis": "y", "origin": [14, 9, 7.5]},
			"faces": {
				"north": {"uv": [0, 0, 16, 16], "texture": "#5"},
				"south": {"uv": [0, 0, 16, 16], "texture": "#3"}
			}
		},
		{
			"name": "text",
			"from": [3.01, 20.76, 6.46],
			"to": [12.99, 24.74, 6.44],
			"rotation": {"angle": 0, "axis": "y", "origin": [14, 9, 7.5]},
			"faces": {
				"north": {"uv": [1.5, 5.5, 15, 11], "texture": "#4"}
			}
		},
		{
			"name": "baseplate",
			"from": [2, 0, 2],
			"to": [14, 1, 14],
			"rotation": {"angle": 0, "axis": "y", "origin": [2, 0, 2]},
			"faces": {
				"north": {"uv": [6, 3, 9, 3.25], "texture": "#1"},
				"east": {"uv": [3, 3, 6, 3.25], "texture": "#1"},
				"south": {"uv": [0, 3, 3, 3.25], "texture": "#1"},
				"west": {"uv": [9, 3, 12, 3.25], "texture": "#1"},
				"up": {"uv": [0, 0, 3, 3], "texture": "#1"},
				"down": {"uv": [3, 0, 6, 3], "texture": "#1"}
			}
		}
	],
	"display": {
		"thirdperson_righthand": {
			"rotation": [75, 0, 0],
			"translation": [0, 0.25, 0],
			"scale": [0.375, 0.375, 0.375]
		},
		"thirdperson_lefthand": {
			"rotation": [75, 0, 0],
			"translation": [0, 0.25, 0],
			"scale": [0.375, 0.375, 0.375]
		},
		"firstperson_righthand": {
			"rotation": [0, 90, 0],
			"scale": [0.4, 0.4, 0.4]
		},
		"firstperson_lefthand": {
			"rotation": [0, 90, 0],
			"scale": [0.4, 0.4, 0.4]
		},
		"ground": {
			"translation": [0, 3, 0],
			"scale": [0.25, 0.25, 0.25]
		},
		"gui": {
			"rotation": [30, 144.5, 0],
			"translation": [0, -2.5, 0],
			"scale": [0.45, 0.45, 0.45]
		},
		"head": {
			"translation": [0, 13.25, 0.75]
		},
		"fixed": {
			"rotation": [-90, 0, 0],
			"translation": [0, 0, -14.08],
			"scale": [2.01, 2.01, 2.01]
		}
	},
	"groups": [
		0,
		1,
		2,
		3,
		4,
		5,
		6,
		7,
		8,
		{
			"name": "root",
			"origin": [-0.5, 0, 0],
			"color": 0,
			"children": [
				{
					"name": "body",
					"origin": [-0.5, 5, -0.0125],
					"color": 1,
					"children": [
						{
							"name": "head",
							"origin": [-0.5, 6, 0],
							"color": 2,
							"children": [
								{
									"name": "hat",
									"origin": [0, -0.5, -0.5],
									"color": 3,
									"children": []
								}
							]
						}
					]
				},
				{
					"name": "leftArm",
					"origin": [5.75, 4.75, -0.25],
					"color": 4,
					"children": []
				},
				{
					"name": "rightArm",
					"origin": [-6.75, 4.75, -0.25],
					"color": 5,
					"children": []
				},
				{
					"name": "leftLeg",
					"origin": [1.9, 3.5, 0],
					"color": 6,
					"children": []
				},
				{
					"name": "rightLeg",
					"origin": [-2.9, 3.5, 0],
					"color": 7,
					"children": []
				}
			]
		}
	]
}