{
	"credit": "Made with Blockbench",
	"texture_size": [32, 32],
	"textures": {
		"0": "item/exit_mask",
		"particle": "item/exit_mask"
	},
	"elements": [
		{
			"from": [4, 0, 4],
			"to": [12, 8, 4.5],
			"faces": {
				"north": {"uv": [0, 0, 8, 8], "texture": "#0"},
				"east": {"uv": [0, 0, 0.5, 8], "texture": "#0"},
				"south": {"uv": [0, 0, 8, 8], "texture": "#0"},
				"west": {"uv": [7.5, 0, 8, 8], "texture": "#0"},
				"up": {"uv": [0, 0, 8, 0.5], "texture": "#0"},
				"down": {"uv": [0, 7.5, 8, 8], "texture": "#0"}
			}
		},
		{
			"from": [4.25, 0, 3.95],
			"to": [12.25, 8, 3.95],
			"faces": {
				"north": {"uv": [8, 0, 16, 8], "texture": "#0"},
				"south": {"uv": [0, 0, 8, 8], "texture": "#0"}
			}
		},
		{
			"from": [11.5, 0, 4.5],
			"to": [12, 8, 5],
			"faces": {
				"east": {"uv": [0, 0, 0.5, 8], "texture": "#0"},
				"south": {"uv": [0, 0, 0.5, 8], "texture": "#0"},
				"west": {"uv": [0, 0, 0.5, 8], "texture": "#0"},
				"up": {"uv": [0, 0, 0.5, 0.5], "texture": "#0"},
				"down": {"uv": [0, 7.5, 0.5, 8], "texture": "#0"}
			}
		},
		{
			"from": [4, 0, 4.5],
			"to": [4.5, 8, 5],
			"rotation": {"angle": 0, "axis": "y", "origin": [16, 0, 0]},
			"faces": {
				"east": {"uv": [7.5, 0, 8, 8], "texture": "#0"},
				"south": {"uv": [7.5, 0, 8, 8], "texture": "#0"},
				"west": {"uv": [7.5, 0, 8, 8], "texture": "#0"},
				"up": {"uv": [7.5, 7.5, 8, 8], "texture": "#0"},
				"down": {"uv": [0, 0, 0.5, 0.5], "texture": "#0"}
			}
		},
		{
			"from": [4.5, 7.5, 4.5],
			"to": [11.5, 8, 5],
			"rotation": {"angle": 0, "axis": "y", "origin": [12, -4, 0]},
			"faces": {
				"south": {"uv": [0.5, 0, 7.5, 0.5], "texture": "#0"},
				"up": {"uv": [0.5, 0, 7.5, 0.5], "texture": "#0"},
				"down": {"uv": [0.5, 0, 7.5, 0.5], "texture": "#0"}
			}
		},
		{
			"from": [4.5, 0, 4.5],
			"to": [11.5, 0.5, 5],
			"rotation": {"angle": 0, "axis": "y", "origin": [12, 20, 0]},
			"faces": {
				"south": {"uv": [0.5, 0.5, 7.5, 0], "texture": "#0"},
				"up": {"uv": [0.5, 0.5, 7.5, 0], "texture": "#0"},
				"down": {"uv": [0.5, 0.5, 7.5, 0], "texture": "#0"}
			}
		}
	],
	"display": {
		"thirdperson_righthand": {
			"rotation": [75, 45, 0],
			"translation": [0, 0.25, 0.5],
			"scale": [0.375, 0.375, 0.375]
		},
		"thirdperson_lefthand": {
			"rotation": [75, 45, 0],
			"translation": [0, 0.25, 0.5],
			"scale": [0.375, 0.375, 0.375]
		},
		"firstperson_righthand": {
			"rotation": [0, 45, 0],
			"scale": [0.4, 0.4, 0.4]
		},
		"firstperson_lefthand": {
			"rotation": [0, 45, 0],
			"scale": [0.4, 0.4, 0.4]
		},
		"ground": {
			"translation": [0, 3, 0],
			"scale": [0.25, 0.25, 0.25]
		},
		"gui": {
			"rotation": [30, 225, 0],
			"scale": [0.625, 0.625, 0.625]
		},
		"head": {
			"translation": [0, 7.25, 0],
			"scale": [1.81, 1.81, 1.81]
		},
		"fixed": {
			"translation": [0, 12.05, 11],
			"scale": [3.01, 3.01, 3.01]
		}
	}
}