{
	"credit": "Made with Blockbench",
	"texture_size": [32, 32],
	"textures": {
		"0": "item/computer_monitor",
		"1": "item/pc_programs",
		"particle": "item/computer_monitor"
	},
	"elements": [
		{
			"from": [4, 2, 4.5],
			"to": [12, 10, 11.95],
			"faces": {
				"north": {"uv": [6.5, 0, 10.5, 4], "texture": "#0"},
				"east": {"uv": [2, 0, 5.75, 4], "texture": "#0"},
				"south": {"uv": [2, 0, 6, 4], "texture": "#0"},
				"west": {"uv": [5.75, 0, 2, 4], "texture": "#0"},
				"up": {"uv": [5.75, 0, 2, 4], "texture": "#0"},
				"down": {"uv": [5.75, 0, 2, 4], "texture": "#0"}
			}
		},
		{
			"name": "display",
			"from": [4, 2, 3.25],
			"to": [12, 10, 3.25],
			"faces": {
				"north": {"uv": [0, 0, 16, 16], "texture": "#1"},
				"south": {"uv": [2, 0, 6, 4], "texture": "#0"}
			}
		},
		{
			"from": [5, 1, 7],
			"to": [11, 2, 11],
			"faces": {
				"east": {"uv": [0, 0, 2, 0.5], "texture": "#0"},
				"south": {"uv": [2.5, 0, 5.5, 0.5], "texture": "#0"},
				"west": {"uv": [2, 0, 0, 0.5], "texture": "#0"}
			}
		},
		{
			"from": [4, 0, 4],
			"to": [12, 1, 12],
			"faces": {
				"north": {"uv": [2.25, 0, 5.75, 0.5], "texture": "#0"},
				"east": {"uv": [2.25, 0, 5.75, 0.5], "texture": "#0"},
				"south": {"uv": [2.25, 0, 5.75, 0.5], "texture": "#0"},
				"west": {"uv": [2.25, 0, 5.75, 0.5], "texture": "#0"},
				"up": {"uv": [2, 0.5, 6, 4], "texture": "#0"},
				"down": {"uv": [2, 0, 6, 4], "texture": "#0"}
			}
		},
		{
			"from": [12, 1, 3],
			"to": [13, 11, 7],
			"faces": {
				"north": {"uv": [6.5, 0, 6, 5], "texture": "#0"},
				"east": {"uv": [0, 0, 2, 5], "texture": "#0"},
				"south": {"uv": [6, 0, 6.5, 5], "texture": "#0"},
				"west": {"uv": [2, 0, 0, 5], "texture": "#0"},
				"up": {"uv": [2, 0, 0, 0.5], "rotation": 90, "texture": "#0"},
				"down": {"uv": [0, 0, 2, 0.5], "rotation": 90, "texture": "#0"}
			}
		},
		{
			"from": [3, 1, 3],
			"to": [4, 11, 7],
			"rotation": {"angle": 0, "axis": "y", "origin": [16, 0, 0]},
			"faces": {
				"north": {"uv": [6, 0, 6.5, 5], "texture": "#0"},
				"east": {"uv": [0, 0, 2, 5], "texture": "#0"},
				"south": {"uv": [6.5, 0, 6, 5], "texture": "#0"},
				"west": {"uv": [2, 0, 0, 5], "texture": "#0"},
				"up": {"uv": [2, 0.5, 0, 0], "rotation": 90, "texture": "#0"},
				"down": {"uv": [0, 0.5, 2, 0], "rotation": 90, "texture": "#0"}
			}
		},
		{
			"from": [4, 10, 3],
			"to": [12, 11, 7],
			"faces": {
				"north": {"uv": [6.5, 0.5, 6, 4.5], "rotation": 90, "texture": "#0"},
				"south": {"uv": [6, 0.5, 6.5, 4.5], "rotation": 90, "texture": "#0"},
				"up": {"uv": [2, 0.5, 0, 4.5], "rotation": 90, "texture": "#0"},
				"down": {"uv": [0, 0.5, 2, 4.5], "rotation": 90, "texture": "#0"}
			}
		},
		{
			"from": [4, 1, 3],
			"to": [12, 2, 7],
			"rotation": {"angle": 0, "axis": "y", "origin": [0, 16, 0]},
			"faces": {
				"north": {"uv": [6, 0.5, 6.5, 4.5], "rotation": 90, "texture": "#0"},
				"south": {"uv": [6.5, 0.5, 6, 4.5], "rotation": 90, "texture": "#0"},
				"up": {"uv": [2, 0.5, 0, 4.5], "rotation": 90, "texture": "#0"},
				"down": {"uv": [0, 0.5, 2, 4.5], "rotation": 90, "texture": "#0"}
			}
		}
	],
	"display": {
		"thirdperson_righthand": {
			"rotation": [75, 45, 0],
			"translation": [0, 1.5, 0],
			"scale": [0.375, 0.375, 0.375]
		},
		"thirdperson_lefthand": {
			"rotation": [75, 45, 0],
			"translation": [0, 1.5, 0],
			"scale": [0.375, 0.375, 0.375]
		},
		"firstperson_righthand": {
			"rotation": [0, 45, 0],
			"scale": [0.4, 0.4, 0.4]
		},
		"firstperson_lefthand": {
			"rotation": [0, 45, 0],
			"scale": [0.4, 0.4, 0.4]
		},
		"ground": {
			"translation": [0, 3, 0],
			"scale": [0.25, 0.25, 0.25]
		},
		"gui": {
			"rotation": [30, 225, 0],
			"scale": [0.625, 0.625, 0.625]
		},
		"head": {
			"translation": [0, 3.6, 0.25],
			"scale": [1.81, 1.81, 1.81]
		},
		"fixed": {
			"rotation": [-90, 0, 0],
			"translation": [0, 0, -22],
			"scale": [3.01, 3.01, 3.01]
		}
	}
}