{
	"credit": "Made with Blockbench",
	"texture_size": [64, 64],
	"textures": {
		"0": "item/mailbox",
		"particle": "item/mailbox"
	},
	"elements": [
		{
			"from": [7.5, 0, 7.5],
			"to": [8.5, 14, 8.5],
			"faces": {
				"north": {"uv": [2, 7.5, 2.25, 11], "texture": "#0"},
				"east": {"uv": [7.5, 2, 7.75, 5.5], "texture": "#0"},
				"south": {"uv": [2.25, 7.5, 2.5, 11], "texture": "#0"},
				"west": {"uv": [2.5, 7.5, 2.75, 11], "texture": "#0"},
				"up": {"uv": [7.5, 3.5, 7.25, 3.25], "texture": "#0"},
				"down": {"uv": [9, 8, 8.75, 8.25], "texture": "#0"}
			}
		},
		{
			"from": [1.5, 0, 1.5],
			"to": [14.5, 1, 14.5],
			"faces": {
				"north": {"uv": [2.75, 7.5, 6, 7.75], "texture": "#0"},
				"east": {"uv": [7.5, 5.5, 10.75, 5.75], "texture": "#0"},
				"south": {"uv": [7.5, 5.75, 10.75, 6], "texture": "#0"},
				"west": {"uv": [6, 7.5, 9.25, 7.75], "texture": "#0"},
				"up": {"uv": [3.25, 3.25, 0, 0], "texture": "#0"},
				"down": {"uv": [3.25, 3.25, 0, 6.5], "texture": "#0"}
			}
		},
		{
			"from": [3, 14, 5.25],
			"to": [13, 15, 10.75],
			"faces": {
				"north": {"uv": [7.5, 6, 10, 6.25], "texture": "#0"},
				"east": {"uv": [7.75, 4.75, 9.25, 5], "texture": "#0"},
				"south": {"uv": [7.5, 6.25, 10, 6.5], "texture": "#0"},
				"west": {"uv": [7.75, 5, 9.25, 5.25], "texture": "#0"},
				"up": {"uv": [5.75, 1.5, 3.25, 0], "texture": "#0"},
				"down": {"uv": [5.75, 1.5, 3.25, 3], "texture": "#0"}
			}
		},
		{
			"from": [13, 14, 5.25],
			"to": [13, 19, 10.75],
			"rotation": {"angle": 0, "axis": "y", "origin": [10, 0, 0]},
			"faces": {
				"north": {"uv": [0, 0, 0, 1.25], "texture": "#0"},
				"east": {"uv": [5.75, 1, 7.25, 2.25], "texture": "#0"},
				"south": {"uv": [0, 0, 0, 1.25], "texture": "#0"},
				"west": {"uv": [5.75, 2.25, 7.25, 3.5], "texture": "#0"},
				"up": {"uv": [0, 1.5, 0, 0], "texture": "#0"},
				"down": {"uv": [0, 0, 0, 1.5], "texture": "#0"}
			}
		},
		{
			"from": [13, 19, 6.25],
			"to": [13, 20, 9.75],
			"rotation": {"angle": 0, "axis": "y", "origin": [10, 5, 0]},
			"faces": {
				"north": {"uv": [0, 0, 0, 0.25], "texture": "#0"},
				"east": {"uv": [2, 6.5, 3, 6.75], "texture": "#0"},
				"south": {"uv": [0, 0, 0, 0.25], "texture": "#0"},
				"west": {"uv": [2, 6.75, 3, 7], "texture": "#0"},
				"up": {"uv": [0, 1, 0, 0], "texture": "#0"},
				"down": {"uv": [0, 0, 0, 1], "texture": "#0"}
			}
		},
		{
			"from": [3, 19.8, 6.9],
			"to": [13, 20.8, 9.15],
			"rotation": {"angle": 0, "axis": "y", "origin": [0, -2.2, 0]},
			"faces": {
				"north": {"uv": [7.5, 6.5, 10, 6.75], "texture": "#0"},
				"east": {"uv": [6.5, 8.25, 7, 8.5], "texture": "#0"},
				"south": {"uv": [7.5, 6.75, 10, 7], "texture": "#0"},
				"west": {"uv": [8, 8.25, 8.5, 8.5], "texture": "#0"},
				"up": {"uv": [7.5, 7, 5, 6.5], "texture": "#0"},
				"down": {"uv": [4.5, 7, 2, 7.5], "texture": "#0"}
			}
		},
		{
			"from": [3, 20.75, 4.6],
			"to": [13, 21.75, 6.85],
			"rotation": {"angle": -45, "axis": "x", "origin": [8, 21.25, 8.1]},
			"faces": {
				"north": {"uv": [7.75, 2, 10.25, 2.25], "texture": "#0"},
				"east": {"uv": [8.5, 0.25, 9, 0.5], "texture": "#0"},
				"south": {"uv": [7.75, 2.25, 10.25, 2.5], "texture": "#0"},
				"west": {"uv": [8.5, 0.5, 9, 0.75], "texture": "#0"},
				"up": {"uv": [7, 7.5, 4.5, 7], "texture": "#0"},
				"down": {"uv": [9.5, 7, 7, 7.5], "texture": "#0"}
			}
		},
		{
			"from": [3, 18, 8],
			"to": [13, 19, 10.25],
			"rotation": {"angle": 45, "axis": "x", "origin": [8, 18.5, 10.75]},
			"faces": {
				"north": {"uv": [7.75, 2.5, 10.25, 2.75], "texture": "#0"},
				"east": {"uv": [8.5, 0.75, 9, 1], "texture": "#0"},
				"south": {"uv": [2.75, 7.75, 5.25, 8], "texture": "#0"},
				"west": {"uv": [4.75, 8.5, 5.25, 8.75], "texture": "#0"},
				"up": {"uv": [9.75, 1.5, 7.25, 1], "texture": "#0"},
				"down": {"uv": [9.75, 1.5, 7.25, 2], "texture": "#0"}
			}
		},
		{
			"from": [3, 15, 5.25],
			"to": [13, 19.1, 6.25],
			"rotation": {"angle": 0, "axis": "x", "origin": [8, 14.5, 8]},
			"faces": {
				"north": {"uv": [3.25, 3, 5.75, 4], "texture": "#0"},
				"east": {"uv": [0.5, 8, 0.75, 9], "texture": "#0"},
				"south": {"uv": [3.25, 4, 5.75, 5], "texture": "#0"},
				"west": {"uv": [0.75, 8, 1, 9], "texture": "#0"},
				"up": {"uv": [10.25, 3, 7.75, 2.75], "texture": "#0"},
				"down": {"uv": [10.25, 3, 7.75, 3.25], "texture": "#0"}
			}
		},
		{
			"from": [3.5, 15, 7],
			"to": [10.5, 18.6, 7.25],
			"rotation": {"angle": -22.5, "axis": "x", "origin": [8.5, 16.8, 7.125]},
			"faces": {
				"north": {"uv": [5.75, 3.5, 7.5, 4.5], "texture": "#0"},
				"east": {"uv": [1, 8, 1.25, 9], "texture": "#0"},
				"south": {"uv": [5.75, 4.5, 7.5, 5.5], "texture": "#0"},
				"west": {"uv": [1.25, 8, 1.5, 9], "texture": "#0"},
				"up": {"uv": [9.5, 4, 7.75, 3.75], "texture": "#0"},
				"down": {"uv": [9.5, 4, 7.75, 4.25], "texture": "#0"}
			}
		},
		{
			"from": [2, 16.375, 6.575],
			"to": [9, 16.625, 10.175],
			"rotation": {"angle": 45, "axis": "x", "origin": [7, 16.5, 8.375]},
			"faces": {
				"north": {"uv": [7.75, 4.25, 9.5, 4.5], "texture": "#0"},
				"east": {"uv": [2.75, 8, 3.75, 8.25], "texture": "#0"},
				"south": {"uv": [7.75, 4.5, 9.5, 4.75], "texture": "#0"},
				"west": {"uv": [3.75, 8, 4.75, 8.25], "texture": "#0"},
				"up": {"uv": [7.5, 6.5, 5.75, 5.5], "texture": "#0"},
				"down": {"uv": [5, 6, 3.25, 7], "texture": "#0"}
			}
		},
		{
			"from": [3, 15, 9.75],
			"to": [13, 19.25, 10.75],
			"rotation": {"angle": 0, "axis": "x", "origin": [8, 14.5, 8]},
			"faces": {
				"north": {"uv": [3.25, 5, 5.75, 6], "texture": "#0"},
				"east": {"uv": [1.5, 8, 1.75, 9], "texture": "#0"},
				"south": {"uv": [5.75, 0, 8.25, 1], "texture": "#0"},
				"west": {"uv": [1.75, 8, 2, 9], "texture": "#0"},
				"up": {"uv": [10.25, 3.5, 7.75, 3.25], "texture": "#0"},
				"down": {"uv": [10.25, 3.5, 7.75, 3.75], "texture": "#0"}
			}
		},
		{
			"from": [6.25, 17, 10.75],
			"to": [7.25, 22, 11],
			"rotation": {"angle": -22.5, "axis": "z", "origin": [6.5, 19.5, 10.875]},
			"faces": {
				"north": {"uv": [7.25, 2, 7.5, 3.25], "texture": "#0"},
				"east": {"uv": [7.75, 7.75, 8, 9], "texture": "#0"},
				"south": {"uv": [0, 8, 0.25, 9.25], "texture": "#0"},
				"west": {"uv": [0.25, 8, 0.5, 9.25], "texture": "#0"},
				"up": {"uv": [9.25, 8, 9, 7.75], "texture": "#0"},
				"down": {"uv": [9.25, 8, 9, 8.25], "texture": "#0"}
			}
		},
		{
			"from": [6.25, 22, 10.75],
			"to": [8.25, 24, 11],
			"rotation": {"angle": -22.5, "axis": "z", "origin": [6.5, 19.5, 10.875]},
			"faces": {
				"north": {"uv": [5, 6, 5.5, 6.5], "texture": "#0"},
				"east": {"uv": [5.5, 6, 5.75, 6.5], "texture": "#0"},
				"south": {"uv": [4.75, 8, 5.25, 8.5], "texture": "#0"},
				"west": {"uv": [3, 6.5, 3.25, 7], "texture": "#0"},
				"up": {"uv": [5.75, 8.75, 5.25, 8.5], "texture": "#0"},
				"down": {"uv": [6.25, 8.5, 5.75, 8.75], "texture": "#0"}
			}
		},
		{
			"from": [-2, 14.25, 6.75],
			"to": [-0.5, 14.75, 9.25],
			"rotation": {"angle": 0, "axis": "y", "origin": [3, 0.25, 0]},
			"faces": {
				"north": {"uv": [6.5, 8.5, 7, 8.75], "texture": "#0"},
				"east": {"uv": [8, 8, 8.75, 8.25], "texture": "#0"},
				"south": {"uv": [8, 8.5, 8.5, 8.75], "texture": "#0"},
				"west": {"uv": [8.25, 0, 9, 0.25], "texture": "#0"},
				"up": {"uv": [5.75, 8.5, 5.25, 7.75], "texture": "#0"},
				"down": {"uv": [6.25, 7.75, 5.75, 8.5], "texture": "#0"}
			}
		},
		{
			"from": [-1, 14.25, 8.5],
			"to": [0, 14.75, 10.5],
			"rotation": {"angle": 45, "axis": "y", "origin": [-0.5, 14.75, 10]},
			"faces": {
				"north": {"uv": [9, 8.25, 9.25, 8.5], "texture": "#0"},
				"east": {"uv": [8.5, 8.25, 9, 8.5], "texture": "#0"},
				"south": {"uv": [9, 8.5, 9.25, 8.75], "texture": "#0"},
				"west": {"uv": [8.5, 8.5, 9, 8.75], "texture": "#0"},
				"up": {"uv": [7.25, 8.75, 7, 8.25], "texture": "#0"},
				"down": {"uv": [5, 8.75, 4.75, 9.25], "texture": "#0"}
			}
		},
		{
			"from": [-2, 14.25, 5.5],
			"to": [0, 14.75, 6.5],
			"rotation": {"angle": 45, "axis": "y", "origin": [-0.5, 14.75, 6]},
			"faces": {
				"north": {"uv": [5, 8.75, 5.5, 9], "texture": "#0"},
				"east": {"uv": [9, 8.75, 9.25, 9], "texture": "#0"},
				"south": {"uv": [5.5, 8.75, 6, 9], "texture": "#0"},
				"west": {"uv": [9, 9, 9.25, 9.25], "texture": "#0"},
				"up": {"uv": [7, 9, 6.5, 8.75], "texture": "#0"},
				"down": {"uv": [7.5, 8.75, 7, 9], "texture": "#0"}
			}
		},
		{
			"from": [-0.5, 14.25, 5.25],
			"to": [3, 14.75, 10.75],
			"rotation": {"angle": 0, "axis": "y", "origin": [0, 0.25, 0]},
			"faces": {
				"north": {"uv": [6.25, 8, 7.25, 8.25], "texture": "#0"},
				"east": {"uv": [7.75, 5.25, 9.25, 5.5], "texture": "#0"},
				"south": {"uv": [8, 7.75, 9, 8], "texture": "#0"},
				"west": {"uv": [6.25, 7.75, 7.75, 8], "texture": "#0"},
				"up": {"uv": [1, 8, 0, 6.5], "texture": "#0"},
				"down": {"uv": [2, 6.5, 1, 8], "texture": "#0"}
			}
		},
		{
			"from": [10, 9, 4],
			"to": [10, 11, 5],
			"rotation": {"angle": -45, "axis": "y", "origin": [10.5, 0.5, 5.5]},
			"faces": {
				"north": {"uv": [0, 0, 0, 0.5], "texture": "#0"},
				"east": {"uv": [6, 8.75, 6.25, 9.25], "texture": "#0"},
				"south": {"uv": [0, 0, 0, 0.5], "texture": "#0"},
				"west": {"uv": [7.5, 8.75, 7.75, 9.25], "texture": "#0"},
				"up": {"uv": [0, 0.25, 0, 0], "texture": "#0"},
				"down": {"uv": [0, 0, 0, 0.25], "texture": "#0"}
			}
		},
		{
			"from": [10, 8, 5],
			"to": [10, 9, 6],
			"rotation": {"angle": -45, "axis": "y", "origin": [10.5, 0.5, 5.5]},
			"faces": {
				"north": {"uv": [0, 0, 0, 0.25], "texture": "#0"},
				"east": {"uv": [0, 9.25, 0.25, 9.5], "texture": "#0"},
				"south": {"uv": [0, 0, 0, 0.25], "texture": "#0"},
				"west": {"uv": [9.25, 0, 9.5, 0.25], "texture": "#0"},
				"up": {"uv": [0, 0.25, 0, 0], "texture": "#0"},
				"down": {"uv": [0, 0, 0, 0.25], "texture": "#0"}
			}
		},
		{
			"from": [10, 6, 6],
			"to": [10, 8, 7],
			"rotation": {"angle": -45, "axis": "y", "origin": [10.5, 0.5, 5.5]},
			"faces": {
				"north": {"uv": [0, 0, 0, 0.5], "texture": "#0"},
				"east": {"uv": [8, 8.75, 8.25, 9.25], "texture": "#0"},
				"south": {"uv": [0, 0, 0, 0.5], "texture": "#0"},
				"west": {"uv": [8.25, 8.75, 8.5, 9.25], "texture": "#0"},
				"up": {"uv": [0, 0.25, 0, 0], "texture": "#0"},
				"down": {"uv": [0, 0, 0, 0.25], "texture": "#0"}
			}
		},
		{
			"from": [10, 5, 7],
			"to": [10, 6, 8],
			"rotation": {"angle": -45, "axis": "y", "origin": [10.5, 0.5, 5.5]},
			"faces": {
				"north": {"uv": [0, 0, 0, 0.25], "texture": "#0"},
				"east": {"uv": [0.25, 9.25, 0.5, 9.5], "texture": "#0"},
				"south": {"uv": [0, 0, 0, 0.25], "texture": "#0"},
				"west": {"uv": [9.25, 0.25, 9.5, 0.5], "texture": "#0"},
				"up": {"uv": [0, 0.25, 0, 0], "texture": "#0"},
				"down": {"uv": [0, 0, 0, 0.25], "texture": "#0"}
			}
		},
		{
			"from": [10, 2, 8],
			"to": [10, 5, 9],
			"rotation": {"angle": -45, "axis": "y", "origin": [10.5, 0.5, 5.5]},
			"faces": {
				"north": {"uv": [0, 0, 0, 0.75], "texture": "#0"},
				"east": {"uv": [7.25, 8, 7.5, 8.75], "texture": "#0"},
				"south": {"uv": [0, 0, 0, 0.75], "texture": "#0"},
				"west": {"uv": [7.5, 8, 7.75, 8.75], "texture": "#0"},
				"up": {"uv": [0, 0.25, 0, 0], "texture": "#0"},
				"down": {"uv": [0, 0, 0, 0.25], "texture": "#0"}
			}
		},
		{
			"from": [10, 10, 14],
			"to": [10, 11, 15],
			"rotation": {"angle": -45, "axis": "y", "origin": [10.5, 0.5, 5.5]},
			"faces": {
				"north": {"uv": [0, 0, 0, 0.25], "texture": "#0"},
				"east": {"uv": [9.25, 0.5, 9.5, 0.75], "texture": "#0"},
				"south": {"uv": [0, 0, 0, 0.25], "texture": "#0"},
				"west": {"uv": [9.25, 0.75, 9.5, 1], "texture": "#0"},
				"up": {"uv": [0, 0.25, 0, 0], "texture": "#0"},
				"down": {"uv": [0, 0, 0, 0.25], "texture": "#0"}
			}
		},
		{
			"from": [10, 8, 13],
			"to": [10, 10, 14],
			"rotation": {"angle": -45, "axis": "y", "origin": [10.5, 0.5, 5.5]},
			"faces": {
				"north": {"uv": [0, 0, 0, 0.5], "texture": "#0"},
				"east": {"uv": [8.5, 8.75, 8.75, 9.25], "texture": "#0"},
				"south": {"uv": [0, 0, 0, 0.5], "texture": "#0"},
				"west": {"uv": [8.75, 8.75, 9, 9.25], "texture": "#0"},
				"up": {"uv": [0, 0.25, 0, 0], "texture": "#0"},
				"down": {"uv": [0, 0, 0, 0.25], "texture": "#0"}
			}
		},
		{
			"from": [10, 7, 12],
			"to": [10, 8, 13],
			"rotation": {"angle": -45, "axis": "y", "origin": [10.5, 0.5, 5.5]},
			"faces": {
				"north": {"uv": [0, 0, 0, 0.25], "texture": "#0"},
				"east": {"uv": [4.75, 9.25, 5, 9.5], "texture": "#0"},
				"south": {"uv": [0, 0, 0, 0.25], "texture": "#0"},
				"west": {"uv": [9.25, 4.75, 9.5, 5], "texture": "#0"},
				"up": {"uv": [0, 0.25, 0, 0], "texture": "#0"},
				"down": {"uv": [0, 0, 0, 0.25], "texture": "#0"}
			}
		},
		{
			"from": [11, 1, 4],
			"to": [11, 2, 5],
			"rotation": {"angle": -45, "axis": "y", "origin": [10.5, 0.5, 5.5]},
			"faces": {
				"north": {"uv": [0, 0, 0, 0.25], "texture": "#0"},
				"east": {"uv": [9.25, 5, 9.5, 5.25], "texture": "#0"},
				"south": {"uv": [0, 0, 0, 0.25], "texture": "#0"},
				"west": {"uv": [9.25, 5.25, 9.5, 5.5], "texture": "#0"},
				"up": {"uv": [0, 0.25, 0, 0], "texture": "#0"},
				"down": {"uv": [0, 0, 0, 0.25], "texture": "#0"}
			}
		},
		{
			"from": [11, 2, 3],
			"to": [11, 4, 4],
			"rotation": {"angle": -45, "axis": "y", "origin": [10.5, 0.5, 5.5]},
			"faces": {
				"north": {"uv": [0, 0, 0, 0.5], "texture": "#0"},
				"east": {"uv": [9, 0, 9.25, 0.5], "texture": "#0"},
				"south": {"uv": [0, 0, 0, 0.5], "texture": "#0"},
				"west": {"uv": [0.5, 9, 0.75, 9.5], "texture": "#0"},
				"up": {"uv": [0, 0.25, 0, 0], "texture": "#0"},
				"down": {"uv": [0, 0, 0, 0.25], "texture": "#0"}
			}
		},
		{
			"from": [10, 5, 11],
			"to": [10, 7, 12],
			"rotation": {"angle": -45, "axis": "y", "origin": [10.5, 0.5, 5.5]},
			"faces": {
				"north": {"uv": [0, 0, 0, 0.5], "texture": "#0"},
				"east": {"uv": [9, 0.5, 9.25, 1], "texture": "#0"},
				"south": {"uv": [0, 0, 0, 0.5], "texture": "#0"},
				"west": {"uv": [0.75, 9, 1, 9.5], "texture": "#0"},
				"up": {"uv": [0, 0.25, 0, 0], "texture": "#0"},
				"down": {"uv": [0, 0, 0, 0.25], "texture": "#0"}
			}
		},
		{
			"from": [10, 3, 10],
			"to": [10, 5, 11],
			"rotation": {"angle": -45, "axis": "y", "origin": [10.5, 0.5, 5.5]},
			"faces": {
				"north": {"uv": [0, 0, 0, 0.5], "texture": "#0"},
				"east": {"uv": [1, 9, 1.25, 9.5], "texture": "#0"},
				"south": {"uv": [0, 0, 0, 0.5], "texture": "#0"},
				"west": {"uv": [1.25, 9, 1.5, 9.5], "texture": "#0"},
				"up": {"uv": [0, 0.25, 0, 0], "texture": "#0"},
				"down": {"uv": [0, 0, 0, 0.25], "texture": "#0"}
			}
		},
		{
			"from": [10, 0, 9],
			"to": [10, 3, 10],
			"rotation": {"angle": -45, "axis": "y", "origin": [10.5, 0.5, 5.5]},
			"faces": {
				"north": {"uv": [0, 0, 0, 0.75], "texture": "#0"},
				"east": {"uv": [8.25, 0.25, 8.5, 1], "texture": "#0"},
				"south": {"uv": [0, 0, 0, 0.75], "texture": "#0"},
				"west": {"uv": [2.75, 8.25, 3, 9], "texture": "#0"},
				"up": {"uv": [0, 0.25, 0, 0], "texture": "#0"},
				"down": {"uv": [0, 0, 0, 0.25], "texture": "#0"}
			}
		},
		{
			"from": [3.98959, 0, 10.8033],
			"to": [4.98959, 3, 10.8033],
			"rotation": {"angle": 22.5, "axis": "y", "origin": [4.48959, 1.5, 10.8033]},
			"faces": {
				"north": {"uv": [3, 8.25, 3.25, 9], "texture": "#0"},
				"east": {"uv": [0, 0, 0, 0.75], "texture": "#0"},
				"south": {"uv": [3.25, 8.25, 3.5, 9], "texture": "#0"},
				"west": {"uv": [0, 0, 0, 0.75], "texture": "#0"},
				"up": {"uv": [0.25, 0, 0, 0], "texture": "#0"},
				"down": {"uv": [0.25, 0, 0, 0], "texture": "#0"}
			}
		},
		{
			"from": [2.98959, 3, 10.8033],
			"to": [3.98959, 4, 10.8033],
			"rotation": {"angle": 22.5, "axis": "y", "origin": [4.48959, 1.5, 10.8033]},
			"faces": {
				"north": {"uv": [6, 9.25, 6.25, 9.5], "texture": "#0"},
				"east": {"uv": [0, 0, 0, 0.25], "texture": "#0"},
				"south": {"uv": [7.5, 9.25, 7.75, 9.5], "texture": "#0"},
				"west": {"uv": [0, 0, 0, 0.25], "texture": "#0"},
				"up": {"uv": [0.25, 0, 0, 0], "texture": "#0"},
				"down": {"uv": [0.25, 0, 0, 0], "texture": "#0"}
			}
		},
		{
			"from": [1.67157, 11, 7.62132],
			"to": [2.67157, 12, 7.62132],
			"rotation": {"angle": -45, "axis": "y", "origin": [7.67157, 5, 7.62132]},
			"faces": {
				"north": {"uv": [9.25, 7.5, 9.5, 7.75], "texture": "#0"},
				"east": {"uv": [0, 0, 0, 0.25], "texture": "#0"},
				"south": {"uv": [9.25, 7.75, 9.5, 8], "texture": "#0"},
				"west": {"uv": [0, 0, 0, 0.25], "texture": "#0"},
				"up": {"uv": [0.25, 0, 0, 0], "texture": "#0"},
				"down": {"uv": [0.25, 0, 0, 0], "texture": "#0"}
			}
		},
		{
			"from": [2.67157, 9, 7.62132],
			"to": [3.67157, 11, 7.62132],
			"rotation": {"angle": -45, "axis": "y", "origin": [7.67157, 5, 7.62132]},
			"faces": {
				"north": {"uv": [1.5, 9, 1.75, 9.5], "texture": "#0"},
				"east": {"uv": [0, 0, 0, 0.5], "texture": "#0"},
				"south": {"uv": [1.75, 9, 2, 9.5], "texture": "#0"},
				"west": {"uv": [0, 0, 0, 0.5], "texture": "#0"},
				"up": {"uv": [0.25, 0, 0, 0], "texture": "#0"},
				"down": {"uv": [0.25, 0, 0, 0], "texture": "#0"}
			}
		},
		{
			"from": [3.67157, 6, 7.62132],
			"to": [4.67157, 9, 7.62132],
			"rotation": {"angle": -45, "axis": "y", "origin": [7.67157, 5, 7.62132]},
			"faces": {
				"north": {"uv": [3.5, 8.25, 3.75, 9], "texture": "#0"},
				"east": {"uv": [0, 0, 0, 0.75], "texture": "#0"},
				"south": {"uv": [3.75, 8.25, 4, 9], "texture": "#0"},
				"west": {"uv": [0, 0, 0, 0.75], "texture": "#0"},
				"up": {"uv": [0.25, 0, 0, 0], "texture": "#0"},
				"down": {"uv": [0.25, 0, 0, 0], "texture": "#0"}
			}
		},
		{
			"from": [4.67157, 4, 7.62132],
			"to": [5.67157, 6, 7.62132],
			"rotation": {"angle": -45, "axis": "y", "origin": [7.67157, 5, 7.62132]},
			"faces": {
				"north": {"uv": [2.75, 9, 3, 9.5], "texture": "#0"},
				"east": {"uv": [0, 0, 0, 0.5], "texture": "#0"},
				"south": {"uv": [3, 9, 3.25, 9.5], "texture": "#0"},
				"west": {"uv": [0, 0, 0, 0.5], "texture": "#0"},
				"up": {"uv": [0.25, 0, 0, 0], "texture": "#0"},
				"down": {"uv": [0.25, 0, 0, 0], "texture": "#0"}
			}
		},
		{
			"from": [5.67157, 2, 7.62132],
			"to": [6.67157, 4, 7.62132],
			"rotation": {"angle": -45, "axis": "y", "origin": [7.67157, 5, 7.62132]},
			"faces": {
				"north": {"uv": [3.25, 9, 3.5, 9.5], "texture": "#0"},
				"east": {"uv": [0, 0, 0, 0.5], "texture": "#0"},
				"south": {"uv": [3.5, 9, 3.75, 9.5], "texture": "#0"},
				"west": {"uv": [0, 0, 0, 0.5], "texture": "#0"},
				"up": {"uv": [0.25, 0, 0, 0], "texture": "#0"},
				"down": {"uv": [0.25, 0, 0, 0], "texture": "#0"}
			}
		},
		{
			"from": [2.67157, 1, 5.62132],
			"to": [3.67157, 3, 5.62132],
			"rotation": {"angle": -45, "axis": "y", "origin": [7.67157, 5, 7.62132]},
			"faces": {
				"north": {"uv": [3.75, 9, 4, 9.5], "texture": "#0"},
				"east": {"uv": [0, 0, 0, 0.5], "texture": "#0"},
				"south": {"uv": [4, 9, 4.25, 9.5], "texture": "#0"},
				"west": {"uv": [0, 0, 0, 0.5], "texture": "#0"},
				"up": {"uv": [0.25, 0, 0, 0], "texture": "#0"},
				"down": {"uv": [0.25, 0, 0, 0], "texture": "#0"}
			}
		},
		{
			"from": [1.67157, 3, 5.62132],
			"to": [2.67157, 5, 5.62132],
			"rotation": {"angle": -45, "axis": "y", "origin": [7.67157, 5, 7.62132]},
			"faces": {
				"north": {"uv": [4.25, 9, 4.5, 9.5], "texture": "#0"},
				"east": {"uv": [0, 0, 0, 0.5], "texture": "#0"},
				"south": {"uv": [4.5, 9, 4.75, 9.5], "texture": "#0"},
				"west": {"uv": [0, 0, 0, 0.5], "texture": "#0"},
				"up": {"uv": [0.25, 0, 0, 0], "texture": "#0"},
				"down": {"uv": [0.25, 0, 0, 0], "texture": "#0"}
			}
		},
		{
			"from": [6.67157, 0, 7.62132],
			"to": [7.67157, 2, 7.62132],
			"rotation": {"angle": -45, "axis": "y", "origin": [7.67157, 5, 7.62132]},
			"faces": {
				"north": {"uv": [5, 9, 5.25, 9.5], "texture": "#0"},
				"east": {"uv": [0, 0, 0, 0.5], "texture": "#0"},
				"south": {"uv": [5.25, 9, 5.5, 9.5], "texture": "#0"},
				"west": {"uv": [0, 0, 0, 0.5], "texture": "#0"},
				"up": {"uv": [0.25, 0, 0, 0], "texture": "#0"},
				"down": {"uv": [0.25, 0, 0, 0], "texture": "#0"}
			}
		},
		{
			"from": [11.67157, 8, 7.62132],
			"to": [12.67157, 10, 7.62132],
			"rotation": {"angle": -45, "axis": "y", "origin": [7.67157, 5, 7.62132]},
			"faces": {
				"north": {"uv": [5.5, 9, 5.75, 9.5], "texture": "#0"},
				"east": {"uv": [0, 0, 0, 0.5], "texture": "#0"},
				"south": {"uv": [5.75, 9, 6, 9.5], "texture": "#0"},
				"west": {"uv": [0, 0, 0, 0.5], "texture": "#0"},
				"up": {"uv": [0.25, 0, 0, 0], "texture": "#0"},
				"down": {"uv": [0.25, 0, 0, 0], "texture": "#0"}
			}
		},
		{
			"from": [10.67157, 6, 7.62132],
			"to": [11.67157, 8, 7.62132],
			"rotation": {"angle": -45, "axis": "y", "origin": [7.67157, 5, 7.62132]},
			"faces": {
				"north": {"uv": [6.25, 9, 6.5, 9.5], "texture": "#0"},
				"east": {"uv": [0, 0, 0, 0.5], "texture": "#0"},
				"south": {"uv": [6.5, 9, 6.75, 9.5], "texture": "#0"},
				"west": {"uv": [0, 0, 0, 0.5], "texture": "#0"},
				"up": {"uv": [0.25, 0, 0, 0], "texture": "#0"},
				"down": {"uv": [0.25, 0, 0, 0], "texture": "#0"}
			}
		},
		{
			"from": [9.67157, 5, 7.62132],
			"to": [10.67157, 6, 7.62132],
			"rotation": {"angle": -45, "axis": "y", "origin": [7.67157, 5, 7.62132]},
			"faces": {
				"north": {"uv": [8, 9.25, 8.25, 9.5], "texture": "#0"},
				"east": {"uv": [0, 0, 0, 0.25], "texture": "#0"},
				"south": {"uv": [9.25, 8, 9.5, 8.25], "texture": "#0"},
				"west": {"uv": [0, 0, 0, 0.25], "texture": "#0"},
				"up": {"uv": [0.25, 0, 0, 0], "texture": "#0"},
				"down": {"uv": [0.25, 0, 0, 0], "texture": "#0"}
			}
		},
		{
			"from": [8.67157, 2, 7.62132],
			"to": [9.67157, 5, 7.62132],
			"rotation": {"angle": -45, "axis": "y", "origin": [7.67157, 5, 7.62132]},
			"faces": {
				"north": {"uv": [4, 8.25, 4.25, 9], "texture": "#0"},
				"east": {"uv": [0, 0, 0, 0.75], "texture": "#0"},
				"south": {"uv": [4.25, 8.25, 4.5, 9], "texture": "#0"},
				"west": {"uv": [0, 0, 0, 0.75], "texture": "#0"},
				"up": {"uv": [0.25, 0, 0, 0], "texture": "#0"},
				"down": {"uv": [0.25, 0, 0, 0], "texture": "#0"}
			}
		},
		{
			"from": [12.67157, 1, 5.62132],
			"to": [13.67157, 4, 5.62132],
			"rotation": {"angle": -45, "axis": "y", "origin": [7.67157, 5, 7.62132]},
			"faces": {
				"north": {"uv": [4.5, 8.25, 4.75, 9], "texture": "#0"},
				"east": {"uv": [0, 0, 0, 0.75], "texture": "#0"},
				"south": {"uv": [6.25, 8.25, 6.5, 9], "texture": "#0"},
				"west": {"uv": [0, 0, 0, 0.75], "texture": "#0"},
				"up": {"uv": [0.25, 0, 0, 0], "texture": "#0"},
				"down": {"uv": [0.25, 0, 0, 0], "texture": "#0"}
			}
		},
		{
			"from": [13.67157, 4, 5.62132],
			"to": [14.67157, 6, 5.62132],
			"rotation": {"angle": -45, "axis": "y", "origin": [7.67157, 5, 7.62132]},
			"faces": {
				"north": {"uv": [6.75, 9, 7, 9.5], "texture": "#0"},
				"east": {"uv": [0, 0, 0, 0.5], "texture": "#0"},
				"south": {"uv": [7, 9, 7.25, 9.5], "texture": "#0"},
				"west": {"uv": [0, 0, 0, 0.5], "texture": "#0"},
				"up": {"uv": [0.25, 0, 0, 0], "texture": "#0"},
				"down": {"uv": [0.25, 0, 0, 0], "texture": "#0"}
			}
		},
		{
			"from": [12.67157, 10, 7.62132],
			"to": [13.67157, 12, 7.62132],
			"rotation": {"angle": -45, "axis": "y", "origin": [7.67157, 5, 7.62132]},
			"faces": {
				"north": {"uv": [7.25, 9, 7.5, 9.5], "texture": "#0"},
				"east": {"uv": [0, 0, 0, 0.5], "texture": "#0"},
				"south": {"uv": [7.75, 9, 8, 9.5], "texture": "#0"},
				"west": {"uv": [0, 0, 0, 0.5], "texture": "#0"},
				"up": {"uv": [0.25, 0, 0, 0], "texture": "#0"},
				"down": {"uv": [0.25, 0, 0, 0], "texture": "#0"}
			}
		}
	],
	"display": {
		"thirdperson_righthand": {
			"rotation": [0, -90, 0],
			"translation": [0, 3, 1.5],
			"scale": [0.35, 0.35, 0.35]
		},
		"thirdperson_lefthand": {
			"rotation": [0, 90, 0],
			"translation": [0, 3, 1.5],
			"scale": [0.35, 0.35, 0.35]
		},
		"firstperson_righthand": {
			"rotation": [0, -90, 0],
			"translation": [6.75, -7, 0]
		},
		"firstperson_lefthand": {
			"rotation": [0, 90, 0],
			"translation": [6.75, -7, 0]
		},
		"ground": {
			"translation": [0, 4.25, 0]
		},
		"gui": {
			"rotation": [0, 56.5, 0],
			"translation": [0, -2.25, 0],
			"scale": [0.89, 0.89, 0.89]
		},
		"head": {
			"rotation": [0, -90, 0],
			"translation": [0, 12, 0],
			"scale": [0.95, 0.95, 0.95]
		},
		"fixed": {
			"rotation": [0, -90, 90],
			"translation": [0, 0, -17],
			"scale": [2.25, 2.25, 2.25]
		}
	},
	"groups": [
		{
			"name": "group",
			"origin": [8, 8, 8],
			"color": 0,
			"children": [
				0,
				1,
				2,
				3,
				4,
				5,
				6,
				7,
				8,
				9,
				10,
				11,
				12,
				13,
				{
					"name": "group",
					"origin": [2.5, 0, 0],
					"color": 0,
					"children": [14, 15, 16, 17]
				},
				{
					"name": "grass",
					"origin": [8, 8, 8],
					"color": 0,
					"children": [18, 19, 20, 21, 22, 23, 24, 25, 26, 27, 28, 29, 30, 31, 32, 33, 34, 35, 36, 37, 38, 39, 40, 41, 42, 43, 44, 45, 46, 47]
				}
			]
		}
	]
}