{
	"credit": "Made with Blockbench",
	"texture_size": [64, 64],
	"textures": {
		"0": "item/heart_circle_cloud",
		"particle": "item/heart_circle_cloud"
	},
	"elements": [
		{
			"from": [12, 0.5, 4],
			"to": [12, 4.5, 12],
			"rotation": {"angle": 45, "axis": "y", "origin": [8, 4, 8]},
			"faces": {
				"east": {"uv": [0, 0, 16, 8], "texture": "#0"}
			}
		},
		{
			"from": [12, 0, 4],
			"to": [12, 4, 12],
			"rotation": {"angle": 45, "axis": "y", "origin": [8, 4, 8]},
			"faces": {
				"east": {"uv": [0, 8, 16, 16], "texture": "#0"},
				"west": {"uv": [16, 8, 0, 16], "texture": "#0"}
			}
		},
		{
			"from": [4, 0.5, 4],
			"to": [4, 4.5, 12],
			"rotation": {"angle": 45, "axis": "y", "origin": [8, 4, 8]},
			"faces": {
				"west": {"uv": [0, 0, 16, 8], "texture": "#0"}
			}
		},
		{
			"from": [4, 0, 4],
			"to": [4, 4, 12],
			"rotation": {"angle": 45, "axis": "y", "origin": [8, 4, 8]},
			"faces": {
				"east": {"uv": [16, 8, 0, 16], "texture": "#0"},
				"west": {"uv": [0, 8, 16, 16], "texture": "#0"}
			}
		},
		{
			"from": [4, 0, 4],
			"to": [12, 4, 4],
			"rotation": {"angle": 45, "axis": "y", "origin": [8, 4, 8]},
			"faces": {
				"north": {"uv": [0, 8, 16, 16], "texture": "#0"}
			}
		},
		{
			"from": [4, 0.5, 4],
			"to": [12, 4.5, 4],
			"rotation": {"angle": 45, "axis": "y", "origin": [8, 4, 8]},
			"faces": {
				"north": {"uv": [0, 0, 16, 8], "texture": "#0"},
				"south": {"uv": [16, 0, 0, 8], "texture": "#0"}
			}
		},
		{
			"from": [4, 0.5, 12],
			"to": [12, 4.5, 12],
			"rotation": {"angle": 45, "axis": "y", "origin": [8, 4, 8]},
			"faces": {
				"north": {"uv": [16, 0, 0, 8], "texture": "#0"},
				"south": {"uv": [0, 0, 16, 8], "texture": "#0"}
			}
		},
		{
			"from": [4, 0, 12],
			"to": [12, 4, 12],
			"rotation": {"angle": 45, "axis": "y", "origin": [8, 4, 8]},
			"faces": {
				"south": {"uv": [0, 8, 16, 16], "texture": "#0"}
			}
		}
	],
	"display": {
		"thirdperson_righthand": {
			"rotation": [75, 45, 0],
			"translation": [0, 1.5, 0],
			"scale": [0.375, 0.375, 0.375]
		},
		"thirdperson_lefthand": {
			"rotation": [75, 45, 0],
			"translation": [0, 1.5, 0],
			"scale": [0.375, 0.375, 0.375]
		},
		"firstperson_righthand": {
			"rotation": [0, 45, 0],
			"scale": [0.4, 0.4, 0.4]
		},
		"firstperson_lefthand": {
			"rotation": [0, 225, 0],
			"scale": [0.4, 0.4, 0.4]
		},
		"ground": {
			"translation": [0, 3, 0],
			"scale": [0.25, 0.25, 0.25]
		},
		"gui": {
			"rotation": [0, -180, 0],
			"translation": [0, 7, 0],
			"scale": [1.75, 1.75, 1.75]
		},
		"head": {
			"translation": [0, 24.5, 0],
			"scale": [2.12, 2.12, 2.12]
		},
		"fixed": {
			"translation": [0, 8, -0.5],
			"scale": [2, 2, 2]
		}
	}
}