{
	"credit": "Made with Blockbench",
	"texture_size": [64, 64],
	"textures": {
		"0": "laxhats/hats/gargoyle_hood",
		"particle": "laxhats/hats/gargoyle_hood"
	},
	"elements": [
		{
			"from": [4, 0, 4],
			"to": [12, 8, 12],
			"color": 2,
			"faces": {
				"north": {"uv": [0, 0, 2, 2], "texture": "#missing"},
				"east": {"uv": [0, 0, 2, 2], "texture": "#missing"},
				"south": {"uv": [0, 0, 2, 2], "texture": "#missing"},
				"west": {"uv": [0, 0, 2, 2], "texture": "#missing"},
				"up": {"uv": [0, 0, 2, 2], "texture": "#missing"},
				"down": {"uv": [0, 0, 2, 2], "texture": "#missing"}
			}
		},
		{
			"from": [7.96339, 3, 3.15381],
			"to": [8.21339, 4, 3.65381],
			"rotation": {"angle": 45, "axis": "y", "origin": [8.08839, 3.5, 3.40381]},
			"faces": {
				"north": {"uv": [1, 0, 1.5, 3], "texture": "#0"},
				"east": {"uv": [1, 0, 1.5, 3], "texture": "#0"},
				"south": {"uv": [1, 0, 1.5, 3], "texture": "#0"},
				"west": {"uv": [1, 0, 1.5, 3], "texture": "#0"},
				"up": {"uv": [1, 0, 1.5, 3], "texture": "#0"},
				"down": {"uv": [1, 0, 1.5, 3], "texture": "#0"}
			}
		},
		{
			"from": [7.78661, 3, 3.15381],
			"to": [8.03661, 4, 3.65381],
			"rotation": {"angle": -45, "axis": "y", "origin": [7.91161, 3.5, 3.40381]},
			"faces": {
				"north": {"uv": [1, 0, 1.5, 3], "texture": "#0"},
				"east": {"uv": [1, 0, 1.5, 3], "texture": "#0"},
				"south": {"uv": [1, 0, 1.5, 3], "texture": "#0"},
				"west": {"uv": [1, 0, 1.5, 3], "texture": "#0"},
				"up": {"uv": [1, 0, 1.5, 3], "texture": "#0"},
				"down": {"uv": [1, 0, 1.5, 3], "texture": "#0"}
			}
		},
		{
			"from": [10.20224, 3.74805, 3.475],
			"to": [10.52724, 4.24805, 3.975],
			"rotation": {"angle": 0, "axis": "z", "origin": [9.70224, 3.64805, 3.475]},
			"faces": {
				"north": {"uv": [15.75, 0, 16, 0.25], "texture": "#0"},
				"east": {"uv": [15.75, 0, 16, 0.25], "texture": "#0"},
				"south": {"uv": [15.75, 0, 16, 0.25], "texture": "#0"},
				"west": {"uv": [15.75, 0, 16, 0.25], "texture": "#0"},
				"up": {"uv": [15.75, 0, 16, 0.25], "texture": "#0"},
				"down": {"uv": [15.75, 0, 16, 0.25], "texture": "#0"}
			}
		},
		{
			"from": [10.24262, 2.07556, 3.475],
			"to": [10.51762, 3.35056, 3.975],
			"rotation": {"angle": 45, "axis": "z", "origin": [9.74262, 3.50056, 3.475]},
			"faces": {
				"north": {"uv": [15.75, 0, 16, 0.25], "texture": "#0"},
				"east": {"uv": [15.75, 0, 16, 0.25], "texture": "#0"},
				"south": {"uv": [15.75, 0, 16, 0.25], "texture": "#0"},
				"west": {"uv": [15.75, 0, 16, 0.25], "texture": "#0"},
				"up": {"uv": [15.75, 0, 16, 0.25], "texture": "#0"},
				"down": {"uv": [15.75, 0, 16, 0.25], "texture": "#0"}
			}
		},
		{
			"from": [5.47276, 3.74805, 3.475],
			"to": [5.79776, 4.24805, 3.975],
			"rotation": {"angle": 0, "axis": "z", "origin": [6.29776, 3.64805, 3.475]},
			"faces": {
				"north": {"uv": [16, 0, 15.75, 0.25], "texture": "#0"},
				"east": {"uv": [16, 0, 15.75, 0.25], "texture": "#0"},
				"south": {"uv": [16, 0, 15.75, 0.25], "texture": "#0"},
				"west": {"uv": [16, 0, 15.75, 0.25], "texture": "#0"},
				"up": {"uv": [16, 0, 15.75, 0.25], "texture": "#0"},
				"down": {"uv": [16, 0, 15.75, 0.25], "texture": "#0"}
			}
		},
		{
			"from": [5.48238, 2.07556, 3.475],
			"to": [5.75738, 3.35056, 3.975],
			"rotation": {"angle": -45, "axis": "z", "origin": [6.25738, 3.50056, 3.475]},
			"faces": {
				"north": {"uv": [16, 0, 15.75, 0.25], "texture": "#0"},
				"east": {"uv": [16, 0, 15.75, 0.25], "texture": "#0"},
				"south": {"uv": [16, 0, 15.75, 0.25], "texture": "#0"},
				"west": {"uv": [16, 0, 15.75, 0.25], "texture": "#0"},
				"up": {"uv": [16, 0, 15.75, 0.25], "texture": "#0"},
				"down": {"uv": [16, 0, 15.75, 0.25], "texture": "#0"}
			}
		},
		{
			"from": [8.48132, 4.96662, 3.475],
			"to": [10.25632, 5.44162, 3.975],
			"rotation": {"angle": 0, "axis": "y", "origin": [6.20632, 3.19162, 3.475]},
			"faces": {
				"north": {"uv": [15.75, 0, 16, 0.25], "texture": "#0"},
				"east": {"uv": [15.75, 0, 15.81875, 0.06875], "texture": "#0"},
				"south": {"uv": [15.75, 0, 15.81875, 0.06875], "texture": "#0"},
				"west": {"uv": [15.75, 0, 15.81875, 0.06875], "texture": "#0"},
				"up": {"uv": [15.75, 0, 15.81875, 0.06875], "texture": "#0"},
				"down": {"uv": [15.75, 0, 15.81875, 0.06875], "texture": "#0"}
			}
		},
		{
			"from": [9.76445, 4.19385, 3.475],
			"to": [10.76445, 5.21885, 3.975],
			"rotation": {"angle": 0, "axis": "y", "origin": [10.76445, 3.44385, 3.475]},
			"faces": {
				"north": {"uv": [16, 0.25, 15.75, 0], "rotation": 90, "texture": "#0"},
				"east": {"uv": [16, 0.25, 15.75, 0], "rotation": 90, "texture": "#0"},
				"south": {"uv": [16, 0.25, 15.75, 0], "rotation": 90, "texture": "#0"},
				"west": {"uv": [16, 0.25, 15.75, 0], "rotation": 90, "texture": "#0"},
				"up": {"uv": [16, 0.25, 15.75, 0], "rotation": 90, "texture": "#0"},
				"down": {"uv": [16, 0.25, 15.75, 0], "rotation": 90, "texture": "#0"}
			}
		},
		{
			"from": [9.66569, 4.44732, 3.475],
			"to": [11.01569, 4.97232, 3.975],
			"rotation": {"angle": -22.5, "axis": "z", "origin": [11.14069, 3.72232, 3.475]},
			"faces": {
				"north": {"uv": [15.75, 0, 16, 0.25], "texture": "#0"},
				"east": {"uv": [15.75, 0, 16, 0.25], "texture": "#0"},
				"south": {"uv": [15.75, 0, 16, 0.25], "texture": "#0"},
				"west": {"uv": [15.75, 0, 16, 0.25], "texture": "#0"},
				"up": {"uv": [15.75, 0, 16, 0.25], "texture": "#0"},
				"down": {"uv": [15.75, 0, 16, 0.25], "texture": "#0"}
			}
		},
		{
			"from": [11.22856, 4.5, 3.475],
			"to": [11.50356, 4.925, 3.975],
			"rotation": {"angle": 0, "axis": "y", "origin": [11.25356, 4.425, 3.475]},
			"faces": {
				"north": {"uv": [15.75, 0, 16, 0.25], "texture": "#0"},
				"east": {"uv": [15.75, 0, 16, 0.25], "texture": "#0"},
				"south": {"uv": [15.75, 0, 16, 0.25], "texture": "#0"},
				"west": {"uv": [15.75, 0, 16, 0.25], "texture": "#0"},
				"up": {"uv": [15.75, 0, 16, 0.25], "texture": "#0"},
				"down": {"uv": [15.75, 0, 16, 0.25], "texture": "#0"}
			}
		},
		{
			"from": [10.69471, 4.26949, 3.475],
			"to": [11.49471, 4.79449, 3.975],
			"rotation": {"angle": 22.5, "axis": "z", "origin": [10.91971, 4.40699, 3.475]},
			"faces": {
				"north": {"uv": [16, 0.25, 15.75, 0], "rotation": 90, "texture": "#0"},
				"east": {"uv": [16, 0.25, 15.75, 0], "rotation": 90, "texture": "#0"},
				"south": {"uv": [16, 0.25, 15.75, 0], "rotation": 90, "texture": "#0"},
				"west": {"uv": [16, 0.25, 15.75, 0], "rotation": 90, "texture": "#0"},
				"up": {"uv": [16, 0.25, 15.75, 0], "rotation": 90, "texture": "#0"},
				"down": {"uv": [16, 0.25, 15.75, 0], "rotation": 90, "texture": "#0"}
			}
		},
		{
			"from": [8.87416, 4.4704, 3.475],
			"to": [9.87416, 5.2454, 3.975],
			"rotation": {"angle": -22.5, "axis": "z", "origin": [9.12416, 4.6079, 3.475]},
			"faces": {
				"north": {"uv": [16, 0.25, 15.75, 0], "rotation": 90, "texture": "#0"},
				"east": {"uv": [16, 0.25, 15.75, 0], "rotation": 90, "texture": "#0"},
				"south": {"uv": [16, 0.25, 15.75, 0], "rotation": 90, "texture": "#0"},
				"west": {"uv": [16, 0.25, 15.75, 0], "rotation": 90, "texture": "#0"},
				"up": {"uv": [16, 0.25, 15.75, 0], "rotation": 90, "texture": "#0"},
				"down": {"uv": [16, 0.25, 15.75, 0], "rotation": 90, "texture": "#0"}
			}
		},
		{
			"from": [8.56102, 4.71304, 3.475],
			"to": [9.01102, 5.23804, 3.975],
			"rotation": {"angle": -45, "axis": "z", "origin": [8.76102, 4.85054, 3.475]},
			"faces": {
				"north": {"uv": [16, 0.25, 15.75, 0], "rotation": 90, "texture": "#0"},
				"east": {"uv": [16, 0.25, 15.75, 0], "rotation": 90, "texture": "#0"},
				"south": {"uv": [16, 0.25, 15.75, 0], "rotation": 90, "texture": "#0"},
				"west": {"uv": [16, 0.25, 15.75, 0], "rotation": 90, "texture": "#0"},
				"up": {"uv": [16, 0.25, 15.75, 0], "rotation": 90, "texture": "#0"},
				"down": {"uv": [16, 0.25, 15.75, 0], "rotation": 90, "texture": "#0"}
			}
		},
		{
			"from": [8.06102, 4.71304, 3.475],
			"to": [8.76102, 4.98804, 3.975],
			"rotation": {"angle": -45, "axis": "z", "origin": [8.76102, 4.85054, 3.475]},
			"faces": {
				"north": {"uv": [16, 0.25, 15.75, 0], "rotation": 90, "texture": "#0"},
				"east": {"uv": [16, 0.25, 15.75, 0], "rotation": 90, "texture": "#0"},
				"south": {"uv": [16, 0.25, 15.75, 0], "rotation": 90, "texture": "#0"},
				"west": {"uv": [16, 0.25, 15.75, 0], "rotation": 90, "texture": "#0"},
				"up": {"uv": [16, 0.25, 15.75, 0], "rotation": 90, "texture": "#0"},
				"down": {"uv": [16, 0.25, 15.75, 0], "rotation": 90, "texture": "#0"}
			}
		},
		{
			"from": [5.74368, 4.96662, 3.475],
			"to": [7.51868, 5.44162, 3.975],
			"rotation": {"angle": 0, "axis": "y", "origin": [9.79368, 3.19162, 3.475]},
			"faces": {
				"north": {"uv": [16, 0, 15.75, 0.25], "texture": "#0"},
				"east": {"uv": [15.81875, 0, 15.75, 0.06875], "texture": "#0"},
				"south": {"uv": [15.81875, 0, 15.75, 0.06875], "texture": "#0"},
				"west": {"uv": [15.81875, 0, 15.75, 0.06875], "texture": "#0"},
				"up": {"uv": [15.81875, 0, 15.75, 0.06875], "texture": "#0"},
				"down": {"uv": [15.81875, 0, 15.75, 0.06875], "texture": "#0"}
			}
		},
		{
			"from": [5.23555, 4.19385, 3.475],
			"to": [6.23555, 5.21885, 3.975],
			"rotation": {"angle": 0, "axis": "y", "origin": [5.23555, 3.44385, 3.475]},
			"faces": {
				"north": {"uv": [16, 0, 15.75, 0.25], "rotation": 90, "texture": "#0"},
				"east": {"uv": [16, 0, 15.75, 0.25], "rotation": 90, "texture": "#0"},
				"south": {"uv": [16, 0, 15.75, 0.25], "rotation": 90, "texture": "#0"},
				"west": {"uv": [16, 0, 15.75, 0.25], "rotation": 90, "texture": "#0"},
				"up": {"uv": [16, 0, 15.75, 0.25], "rotation": 90, "texture": "#0"},
				"down": {"uv": [16, 0, 15.75, 0.25], "rotation": 90, "texture": "#0"}
			}
		},
		{
			"from": [4.98431, 4.44732, 3.475],
			"to": [6.33431, 4.97232, 3.975],
			"rotation": {"angle": 22.5, "axis": "z", "origin": [4.85931, 3.72232, 3.475]},
			"faces": {
				"north": {"uv": [16, 0, 15.75, 0.25], "texture": "#0"},
				"east": {"uv": [16, 0, 15.75, 0.25], "texture": "#0"},
				"south": {"uv": [16, 0, 15.75, 0.25], "texture": "#0"},
				"west": {"uv": [16, 0, 15.75, 0.25], "texture": "#0"},
				"up": {"uv": [16, 0, 15.75, 0.25], "texture": "#0"},
				"down": {"uv": [16, 0, 15.75, 0.25], "texture": "#0"}
			}
		},
		{
			"from": [4.49644, 4.5, 3.475],
			"to": [4.77144, 4.925, 3.975],
			"rotation": {"angle": 0, "axis": "y", "origin": [4.74644, 4.425, 3.475]},
			"faces": {
				"north": {"uv": [16, 0, 15.75, 0.25], "texture": "#0"},
				"east": {"uv": [16, 0, 15.75, 0.25], "texture": "#0"},
				"south": {"uv": [16, 0, 15.75, 0.25], "texture": "#0"},
				"west": {"uv": [16, 0, 15.75, 0.25], "texture": "#0"},
				"up": {"uv": [16, 0, 15.75, 0.25], "texture": "#0"},
				"down": {"uv": [16, 0, 15.75, 0.25], "texture": "#0"}
			}
		},
		{
			"from": [4.50529, 4.26949, 3.475],
			"to": [5.30529, 4.79449, 3.975],
			"rotation": {"angle": -22.5, "axis": "z", "origin": [5.08029, 4.40699, 3.475]},
			"faces": {
				"north": {"uv": [16, 0, 15.75, 0.25], "rotation": 90, "texture": "#0"},
				"east": {"uv": [16, 0, 15.75, 0.25], "rotation": 90, "texture": "#0"},
				"south": {"uv": [16, 0, 15.75, 0.25], "rotation": 90, "texture": "#0"},
				"west": {"uv": [16, 0, 15.75, 0.25], "rotation": 90, "texture": "#0"},
				"up": {"uv": [16, 0, 15.75, 0.25], "rotation": 90, "texture": "#0"},
				"down": {"uv": [16, 0, 15.75, 0.25], "rotation": 90, "texture": "#0"}
			}
		},
		{
			"from": [6.12584, 4.4704, 3.475],
			"to": [7.12584, 5.2454, 3.975],
			"rotation": {"angle": 22.5, "axis": "z", "origin": [6.87584, 4.6079, 3.475]},
			"faces": {
				"north": {"uv": [16, 0, 15.75, 0.25], "rotation": 90, "texture": "#0"},
				"east": {"uv": [16, 0, 15.75, 0.25], "rotation": 90, "texture": "#0"},
				"south": {"uv": [16, 0, 15.75, 0.25], "rotation": 90, "texture": "#0"},
				"west": {"uv": [16, 0, 15.75, 0.25], "rotation": 90, "texture": "#0"},
				"up": {"uv": [16, 0, 15.75, 0.25], "rotation": 90, "texture": "#0"},
				"down": {"uv": [16, 0, 15.75, 0.25], "rotation": 90, "texture": "#0"}
			}
		},
		{
			"from": [6.98898, 4.71304, 3.475],
			"to": [7.43898, 5.23804, 3.975],
			"rotation": {"angle": 45, "axis": "z", "origin": [7.23898, 4.85054, 3.475]},
			"faces": {
				"north": {"uv": [16, 0, 15.75, 0.25], "rotation": 90, "texture": "#0"},
				"east": {"uv": [16, 0, 15.75, 0.25], "rotation": 90, "texture": "#0"},
				"south": {"uv": [16, 0, 15.75, 0.25], "rotation": 90, "texture": "#0"},
				"west": {"uv": [16, 0, 15.75, 0.25], "rotation": 90, "texture": "#0"},
				"up": {"uv": [16, 0, 15.75, 0.25], "rotation": 90, "texture": "#0"},
				"down": {"uv": [16, 0, 15.75, 0.25], "rotation": 90, "texture": "#0"}
			}
		},
		{
			"from": [7.23898, 4.71304, 3.475],
			"to": [7.93898, 4.98804, 3.975],
			"rotation": {"angle": 45, "axis": "z", "origin": [7.23898, 4.85054, 3.475]},
			"faces": {
				"north": {"uv": [16, 0, 15.75, 0.25], "rotation": 90, "texture": "#0"},
				"east": {"uv": [16, 0, 15.75, 0.25], "rotation": 90, "texture": "#0"},
				"south": {"uv": [16, 0, 15.75, 0.25], "rotation": 90, "texture": "#0"},
				"west": {"uv": [16, 0, 15.75, 0.25], "rotation": 90, "texture": "#0"},
				"up": {"uv": [16, 0, 15.75, 0.25], "rotation": 90, "texture": "#0"},
				"down": {"uv": [16, 0, 15.75, 0.25], "rotation": 90, "texture": "#0"}
			}
		},
		{
			"from": [7.51868, 5.24162, 3.475],
			"to": [8.49368, 5.44162, 3.975],
			"rotation": {"angle": 0, "axis": "y", "origin": [7.51868, 5.30412, 3.475]},
			"faces": {
				"north": {"uv": [16, 0, 15.75, 0.25], "rotation": 90, "texture": "#0"},
				"east": {"uv": [16, 0, 15.75, 0.25], "rotation": 90, "texture": "#0"},
				"south": {"uv": [16, 0, 15.75, 0.25], "rotation": 90, "texture": "#0"},
				"west": {"uv": [16, 0, 15.75, 0.25], "rotation": 90, "texture": "#0"},
				"up": {"uv": [16, 0, 15.75, 0.25], "rotation": 90, "texture": "#0"},
				"down": {"uv": [16, 0, 15.75, 0.25], "rotation": 90, "texture": "#0"}
			}
		},
		{
			"from": [7.96485, 2.02556, 3.475],
			"to": [8.23985, 2.30056, 3.975],
			"rotation": {"angle": 45, "axis": "z", "origin": [9.71485, 3.45056, 3.475]},
			"faces": {
				"north": {"uv": [15.75, 0, 16, 0.25], "texture": "#0"},
				"east": {"uv": [15.75, 0, 15.81875, 0.06875], "texture": "#0"},
				"south": {"uv": [15.75, 0, 15.81875, 0.06875], "texture": "#0"},
				"west": {"uv": [15.75, 0, 15.81875, 0.06875], "texture": "#0"},
				"up": {"uv": [15.75, 0, 15.81875, 0.06875], "texture": "#0"},
				"down": {"uv": [15.75, 0, 15.81875, 0.06875], "texture": "#0"}
			}
		},
		{
			"from": [9.61394, 1.65678, 3.475],
			"to": [10.13894, 1.93178, 3.975],
			"rotation": {"angle": -22.5, "axis": "z", "origin": [8.96394, 3.40678, 3.475]},
			"faces": {
				"north": {"uv": [15.75, 0, 16, 0.25], "texture": "#0"},
				"east": {"uv": [15.75, 0, 15.88125, 0.06875], "texture": "#0"},
				"south": {"uv": [15.75, 0, 15.88125, 0.06875], "texture": "#0"},
				"west": {"uv": [15.75, 0, 15.88125, 0.06875], "texture": "#0"},
				"up": {"uv": [15.75, 0, 15.88125, 0.06875], "texture": "#0"},
				"down": {"uv": [15.75, 0, 15.88125, 0.06875], "texture": "#0"}
			}
		},
		{
			"from": [5.86106, 1.65678, 3.475],
			"to": [6.38606, 1.93178, 3.975],
			"rotation": {"angle": 22.5, "axis": "z", "origin": [7.03606, 3.40678, 3.475]},
			"faces": {
				"north": {"uv": [15.75, 0, 16, 0.25], "texture": "#0"},
				"east": {"uv": [15.75, 0, 15.88125, 0.06875], "texture": "#0"},
				"south": {"uv": [15.75, 0, 15.88125, 0.06875], "texture": "#0"},
				"west": {"uv": [15.75, 0, 15.88125, 0.06875], "texture": "#0"},
				"up": {"uv": [15.75, 0, 15.88125, 0.06875], "texture": "#0"},
				"down": {"uv": [15.75, 0, 15.88125, 0.06875], "texture": "#0"}
			}
		},
		{
			"from": [7.76015, 2.02556, 3.475],
			"to": [8.03515, 2.30056, 3.975],
			"rotation": {"angle": -45, "axis": "z", "origin": [6.28515, 3.45056, 3.475]},
			"faces": {
				"north": {"uv": [15.75, 0, 16, 0.25], "texture": "#0"},
				"east": {"uv": [15.93125, 0, 16, 0.06875], "texture": "#0"},
				"south": {"uv": [15.93125, 0, 16, 0.06875], "texture": "#0"},
				"west": {"uv": [15.93125, 0, 16, 0.06875], "texture": "#0"},
				"up": {"uv": [15.93125, 0, 16, 0.06875], "texture": "#0"},
				"down": {"uv": [15.93125, 0, 16, 0.06875], "texture": "#0"}
			}
		},
		{
			"from": [7, 1.52032, 3.475],
			"to": [9, 1.79532, 3.975],
			"rotation": {"angle": 0, "axis": "y", "origin": [8.85, 3.52032, 3.475]},
			"faces": {
				"north": {"uv": [15.75, 0, 16, 0.25], "texture": "#0"},
				"east": {"uv": [15.5, 0, 16, 0.06875], "texture": "#0"},
				"south": {"uv": [15.5, 0, 16, 0.06875], "texture": "#0"},
				"west": {"uv": [15.5, 0, 16, 0.06875], "texture": "#0"},
				"up": {"uv": [15.5, 0, 16, 0.06875], "texture": "#0"},
				"down": {"uv": [15.5, 0, 16, 0.06875], "texture": "#0"}
			}
		},
		{
			"from": [7.5, 0.25, 3.5],
			"to": [8.5, 7.25, 4],
			"rotation": {"angle": 0, "axis": "y", "origin": [0, 0.25, 0.75]},
			"faces": {
				"north": {"uv": [1.5, 0, 2, 3.5], "texture": "#0"},
				"east": {"uv": [1.5, 0, 2, 3.5], "texture": "#0"},
				"south": {"uv": [0, 0, 0.25, 1.75], "texture": "#missing"},
				"west": {"uv": [1.5, 0, 2, 3.5], "texture": "#0"},
				"up": {"uv": [1.5, 0, 2, 3.5], "texture": "#0"},
				"down": {"uv": [1.5, 0, 2, 3.5], "texture": "#0"}
			}
		},
		{
			"from": [4.87968, -0.42057, 3.501],
			"to": [5.87768, 3.82743, 3.999],
			"rotation": {"angle": 45, "axis": "z", "origin": [5.37868, 3.07843, 3.875]},
			"faces": {
				"north": {"uv": [0.5, 2, 0, 4.125], "texture": "#0"},
				"east": {"uv": [0.0625, 0, 0, 1.0625], "texture": "#missing"},
				"south": {"uv": [0.25, 0, 0, 1.0625], "texture": "#missing"},
				"west": {"uv": [0.5, 2, 0, 4.125], "texture": "#0"},
				"up": {"uv": [0.25, 0, 0, 0.0625], "texture": "#missing"},
				"down": {"uv": [0.25, 0, 0, 0.0625], "texture": "#missing"}
			}
		},
		{
			"from": [10.12232, -0.42057, 3.501],
			"to": [11.12032, 3.82743, 3.999],
			"rotation": {"angle": -45, "axis": "z", "origin": [10.62132, 3.07843, 3.875]},
			"faces": {
				"north": {"uv": [0, 2, 0.5, 4.125], "texture": "#0"},
				"east": {"uv": [0, 2, 0.5, 4.125], "texture": "#0"},
				"south": {"uv": [0, 0, 0.25, 1.0625], "texture": "#missing"},
				"west": {"uv": [0, 0, 0.0625, 1.0625], "texture": "#missing"},
				"up": {"uv": [0, 0, 0.25, 0.0625], "texture": "#missing"},
				"down": {"uv": [0, 0, 0.25, 0.0625], "texture": "#missing"}
			}
		},
		{
			"from": [8.5, 1.25, 3.5],
			"to": [9.5, 7.25, 4],
			"rotation": {"angle": 0, "axis": "y", "origin": [0, 0.25, 0.75]},
			"faces": {
				"north": {"uv": [1, 0, 1.5, 3], "texture": "#0"},
				"east": {"uv": [1, 0, 1.5, 3], "texture": "#0"},
				"south": {"uv": [0, 0, 0.25, 1.5], "texture": "#missing"},
				"west": {"uv": [0, 0, 0.0625, 1.5], "texture": "#missing"},
				"up": {"uv": [1, 0, 1.5, 3], "texture": "#0"},
				"down": {"uv": [0, 0, 0.25, 0.0625], "texture": "#missing"}
			}
		},
		{
			"from": [10.5, 3.25, 3.5],
			"to": [11.5, 7.25, 4],
			"rotation": {"angle": 0, "axis": "y", "origin": [0, 0.25, 0.75]},
			"faces": {
				"north": {"uv": [0, 0, 0.5, 2], "texture": "#0"},
				"east": {"uv": [0, 0, 0.5, 2], "texture": "#0"},
				"south": {"uv": [0, 0, 0.25, 1], "texture": "#missing"},
				"west": {"uv": [0, 0, 0.0625, 1], "texture": "#missing"},
				"up": {"uv": [0, 0, 0.5, 2], "texture": "#0"},
				"down": {"uv": [0, 0, 0.25, 0.0625], "texture": "#missing"}
			}
		},
		{
			"from": [9.5, 2.25, 3.5],
			"to": [10.5, 7.25, 4],
			"rotation": {"angle": 0, "axis": "y", "origin": [0, 0.25, 0.75]},
			"faces": {
				"north": {"uv": [0.5, 0, 1, 2.5], "texture": "#0"},
				"east": {"uv": [0, 0, 0.5, 2], "texture": "#0"},
				"south": {"uv": [0, 0, 0.25, 1.25], "texture": "#missing"},
				"west": {"uv": [0, 0, 0.0625, 1.25], "texture": "#missing"},
				"up": {"uv": [0.5, 0, 1, 2.5], "texture": "#0"},
				"down": {"uv": [0, 0, 0.25, 0.0625], "texture": "#missing"}
			}
		},
		{
			"from": [4.5, 3.25, 3.5],
			"to": [5.5, 7.25, 4],
			"rotation": {"angle": 0, "axis": "y", "origin": [16, 0.25, 0.75]},
			"faces": {
				"north": {"uv": [0.5, 0, 0, 2], "texture": "#0"},
				"east": {"uv": [0.0625, 0, 0, 1], "texture": "#missing"},
				"south": {"uv": [0.25, 0, 0, 1], "texture": "#missing"},
				"west": {"uv": [0.5, 0, 0, 2], "texture": "#0"},
				"up": {"uv": [0.5, 0, 0, 2], "texture": "#0"},
				"down": {"uv": [0.25, 0, 0, 0.0625], "texture": "#missing"}
			}
		},
		{
			"from": [6.5, 1.25, 3.5],
			"to": [7.5, 7.25, 4],
			"rotation": {"angle": 0, "axis": "y", "origin": [16, 0.25, 0.75]},
			"faces": {
				"north": {"uv": [1.5, 0, 1, 3], "texture": "#0"},
				"east": {"uv": [0.0625, 0, 0.125, 1.5], "texture": "#missing"},
				"south": {"uv": [0.25, 0, 0.5, 1.5], "texture": "#missing"},
				"west": {"uv": [1.5, 0, 1, 3], "texture": "#0"},
				"up": {"uv": [1.5, 0, 1, 3], "texture": "#0"},
				"down": {"uv": [0.25, 0, 0.5, 0.0625], "texture": "#missing"}
			}
		},
		{
			"from": [5.5, 2.25, 3.5],
			"to": [6.5, 7.25, 4],
			"rotation": {"angle": 0, "axis": "y", "origin": [16, 0.25, 0.75]},
			"faces": {
				"north": {"uv": [1, 0, 0.5, 2.5], "texture": "#0"},
				"east": {"uv": [0.0625, 0, 0.125, 1.25], "texture": "#missing"},
				"south": {"uv": [0.25, 0, 0.5, 1.25], "texture": "#missing"},
				"west": {"uv": [1, 0, 0.5, 2.5], "texture": "#0"},
				"up": {"uv": [1, 0, 0.5, 2.5], "texture": "#0"},
				"down": {"uv": [0.25, 0, 0.5, 0.0625], "texture": "#missing"}
			}
		}
	],
	"display": {
		"head": {
			"translation": [0, 23.3, 0],
			"scale": [2.11, 2.11, 2.11]
		}
	},
	"groups": [
		0,
		1,
		2,
		{
			"name": "tears",
			"origin": [11.26194, 4.44134, 0],
			"color": 0,
			"children": [
				3,
				4,
				5,
				6,
				{
					"name": "group",
					"origin": [4.73806, 4.44134, 0],
					"color": 0,
					"children": []
				}
			]
		},
		{
			"name": "eyes",
			"origin": [8, 8, 8],
			"color": 0,
			"children": [7, 8, 9, 10, 11, 12, 13, 14, 15, 16, 17, 18, 19, 20, 21, 22, 23]
		},
		{
			"name": "mouth",
			"origin": [8.85, 3.27032, 0],
			"color": 0,
			"children": [24, 25, 26, 27, 28]
		},
		{
			"name": "mask",
			"origin": [16, 0, 0],
			"color": 0,
			"children": [29, 30, 31, 32, 33, 34, 35, 36, 37]
		}
	]
}