{
	"credit": "Made with Blockbench",
	"texture_size": [32, 32],
	"textures": {
		"0": "item/krusty_krab_hat",
		"particle": "item/krusty_krab_hat"
	},
	"elements": [
		{
			"from": [6.5, 1, 7.202],
			"to": [9.5, 5.75, 10.202],
			"rotation": {"angle": 0, "axis": "y", "origin": [0, 0, 0.702]},
			"faces": {
				"north": {"uv": [0, 0, 5.5, 10], "texture": "#0"},
				"east": {"uv": [5.5, 0, 11, 10], "texture": "#0"},
				"south": {"uv": [0, 0, 5.5, 10], "texture": "#0"},
				"west": {"uv": [5.5, 0, 11, 10], "texture": "#0"},
				"up": {"uv": [10.5, 0, 16, 5.5], "rotation": 90, "texture": "#0"}
			}
		},
		{
			"from": [6.5, 0, 7.202],
			"to": [9.5, 1, 10.202],
			"rotation": {"angle": 0, "axis": "y", "origin": [0, 0, 0.702]},
			"faces": {
				"north": {"uv": [5.5, 10, 11, 12], "texture": "#0"},
				"east": {"uv": [5.5, 10, 11, 12], "texture": "#0"},
				"south": {"uv": [5.5, 10, 11, 12], "texture": "#0"},
				"west": {"uv": [5.5, 10, 11, 12], "texture": "#0"},
				"down": {"uv": [6, 11.5, 5.5, 12], "texture": "#0"}
			}
		},
		{
			"from": [7, 5.75, 7.702],
			"to": [9, 6.5, 9.702],
			"rotation": {"angle": 0, "axis": "y", "origin": [0, 0, 0.702]},
			"faces": {
				"north": {"uv": [0.925, 0, 4.575, 2], "texture": "#0"},
				"east": {"uv": [6.425, 0, 10.075, 2], "texture": "#0"},
				"south": {"uv": [0.925, 0, 4.575, 2], "texture": "#0"},
				"west": {"uv": [6.425, 0, 10.075, 2], "texture": "#0"},
				"up": {"uv": [6.425, 1.9, 10.075, 5.55], "rotation": 90, "texture": "#0"}
			}
		},
		{
			"from": [7.5, 6.5, 8.202],
			"to": [8.5, 6.75, 9.202],
			"rotation": {"angle": 0, "axis": "y", "origin": [0, 0, 0.702]},
			"faces": {
				"north": {"uv": [0.5, 12.5, 0, 12], "texture": "#0"},
				"east": {"uv": [0.5, 12.5, 0, 12], "texture": "#0"},
				"south": {"uv": [0.5, 12.5, 0, 12], "texture": "#0"},
				"west": {"uv": [0.5, 12.5, 0, 12], "texture": "#0"},
				"up": {"uv": [0.5, 12.5, 0, 12], "texture": "#0"}
			}
		},
		{
			"from": [6.5, 0, 6.202],
			"to": [9.5, 0.5, 7.202],
			"rotation": {"angle": 0, "axis": "y", "origin": [0, 0, 0.702]},
			"faces": {
				"east": {"uv": [2.5, 10.75, 3.5, 11.25], "texture": "#0"},
				"west": {"uv": [2.5, 10.75, 3.5, 11.25], "texture": "#0"},
				"up": {"uv": [1, 10.5, 4.5, 10], "texture": "#0"},
				"down": {"uv": [1, 10.5, 4.5, 10], "texture": "#0"}
			}
		},
		{
			"from": [6.5, 0.63388, 5.17167],
			"to": [9.5, 1.13388, 6.67167],
			"rotation": {"angle": 45, "axis": "x", "origin": [8, 0.88388, 5.67167]},
			"faces": {
				"east": {"uv": [2.5, 10.75, 3.5, 11.25], "texture": "#0"},
				"west": {"uv": [2.5, 10.75, 3.5, 11.25], "texture": "#0"},
				"up": {"uv": [1, 10.5, 4.5, 10], "texture": "#0"},
				"down": {"uv": [1, 10.5, 4.5, 10], "texture": "#0"}
			}
		},
		{
			"from": [6.5, 0.63388, 4.67167],
			"to": [9.5, 1.13388, 5.17167],
			"rotation": {"angle": 45, "axis": "x", "origin": [8, 0.88388, 5.67167]},
			"faces": {
				"north": {"uv": [2.5, 10.75, 3.5, 11.25], "texture": "#0"},
				"east": {"uv": [2.5, 10.75, 3.5, 11.25], "texture": "#0"},
				"west": {"uv": [2.5, 10.75, 3.5, 11.25], "texture": "#0"},
				"up": {"uv": [1, 11.5, 4.5, 10], "texture": "#0"},
				"down": {"uv": [1, 10, 4.5, 11.5], "texture": "#0"}
			}
		},
		{
			"from": [6.5, 1, 7.192],
			"to": [9.5, 5.75, 7.192],
			"rotation": {"angle": 0, "axis": "y", "origin": [0, 0, 0.702]},
			"faces": {
				"north": {"uv": [11.5, 7.5, 16, 15], "texture": "#0"}
			}
		}
	],
	"display": {
		"thirdperson_righthand": {
			"rotation": [75, 45, 0],
			"translation": [0, 1.5, 1.5],
			"scale": [0.375, 0.375, 0.375]
		},
		"thirdperson_lefthand": {
			"rotation": [75, 45, 0],
			"translation": [0, 1.5, 1.5],
			"scale": [0.375, 0.375, 0.375]
		},
		"firstperson_righthand": {
			"rotation": [0, 45, 0],
			"scale": [0.4, 0.4, 0.4]
		},
		"firstperson_lefthand": {
			"rotation": [0, 45, 0],
			"scale": [0.4, 0.4, 0.4]
		},
		"ground": {
			"translation": [0, 7.5, 0],
			"scale": [1.25, 1.25, 1.25]
		},
		"gui": {
			"rotation": [30, 145, 0],
			"translation": [0, 7, 0],
			"scale": [1.75, 1.75, 1.75]
		},
		"head": {
			"translation": [0, 23.25, 0],
			"scale": [2.12, 2.12, 2.12]
		},
		"fixed": {
			"rotation": [-90, 0, 0],
			"translation": [0, 0, -24],
			"scale": [3, 3, 3]
		}
	},
	"groups": [
		0,
		1,
		2,
		3,
		4,
		5,
		6,
		7,
		{
			"name": "Head Template",
			"origin": [8, 8, 8],
			"color": 0,
			"children": []
		}
	]
}