{
	"credit": "Made with Blockbench",
	"texture_size": [32, 32],
	"textures": {
		"0": "item/atelier_witch_hat_nolnoa",
		"particle": "item/atelier_witch_hat_nolnoa"
	},
	"elements": [
		{
			"from": [4.9999, 0.0099, 4.9999],
			"to": [11.0001, 1.5001, 11.0001],
			"rotation": {"angle": 0, "axis": "x", "origin": [6.5, 4.25, 6.5]},
			"faces": {
				"north": {"uv": [0, 6, 6, 7.5], "texture": "#0"},
				"east": {"uv": [0, 6, 6, 7.5], "texture": "#0"},
				"south": {"uv": [0, 6, 6, 7.5], "texture": "#0"},
				"west": {"uv": [0, 6, 6, 7.5], "texture": "#0"},
				"up": {"uv": [0, 0, 6, 6], "texture": "#0"},
				"down": {"uv": [6, 0, 12, 6], "texture": "#0"}
			}
		},
		{
			"from": [5.5, 1.5, 5.5],
			"to": [10.5, 3, 10.5],
			"rotation": {"angle": 0, "axis": "x", "origin": [6.5, 4.25, 6.5]},
			"faces": {
				"north": {"uv": [0, 7.5, 5, 9], "texture": "#0"},
				"east": {"uv": [0, 7.5, 5, 9], "texture": "#0"},
				"south": {"uv": [0, 7.5, 5, 9], "texture": "#0"},
				"west": {"uv": [0, 7.5, 5, 9], "texture": "#0"},
				"up": {"uv": [0.5, 0.5, 5.5, 5.5], "texture": "#0"}
			}
		},
		{
			"from": [6, 3, 6],
			"to": [10, 4.5, 10],
			"rotation": {"angle": 0, "axis": "x", "origin": [6.5, 4.25, 6.5]},
			"faces": {
				"north": {"uv": [0, 9, 4, 10.5], "texture": "#0"},
				"east": {"uv": [0, 9, 4, 10.5], "texture": "#0"},
				"south": {"uv": [0, 9, 4, 10.5], "texture": "#0"},
				"west": {"uv": [0, 9, 4, 10.5], "texture": "#0"},
				"up": {"uv": [1, 1, 5, 5], "texture": "#0"}
			}
		},
		{
			"from": [6.5, 4.5, 6.5],
			"to": [9.5, 6, 9.5],
			"rotation": {"angle": 0, "axis": "x", "origin": [6.5, 4.25, 6.5]},
			"faces": {
				"north": {"uv": [0, 10.5, 3, 12], "texture": "#0"},
				"east": {"uv": [0, 10.5, 3, 12], "texture": "#0"},
				"south": {"uv": [0, 10.5, 3, 12], "texture": "#0"},
				"west": {"uv": [0, 10.5, 3, 12], "texture": "#0"},
				"up": {"uv": [1.5, 1.5, 4.5, 4.5], "texture": "#0"}
			}
		},
		{
			"from": [7, 6, 7],
			"to": [9, 7.5, 9],
			"rotation": {"angle": 0, "axis": "x", "origin": [6.5, 4.25, 6.5]},
			"faces": {
				"north": {"uv": [0, 12, 2, 13.5], "texture": "#0"},
				"east": {"uv": [0, 12, 2, 13.5], "texture": "#0"},
				"south": {"uv": [0, 12, 2, 13.5], "texture": "#0"},
				"west": {"uv": [0, 12, 2, 13.5], "texture": "#0"},
				"up": {"uv": [2, 2, 4, 4], "texture": "#0"}
			}
		},
		{
			"from": [7.5, 7.5, 7.5],
			"to": [8.5, 8.25, 8.5],
			"rotation": {"angle": 0, "axis": "x", "origin": [6.5, 4.25, 6.5]},
			"faces": {
				"north": {"uv": [0, 13.5, 1, 15], "texture": "#0"},
				"east": {"uv": [0, 13.5, 1, 15], "texture": "#0"},
				"south": {"uv": [0, 13.5, 1, 15], "texture": "#0"},
				"west": {"uv": [0, 13.5, 1, 15], "texture": "#0"}
			}
		},
		{
			"from": [7.5, 8.25, 7.5],
			"to": [8.5, 8.75, 8.5],
			"rotation": {"angle": 0, "axis": "x", "origin": [6.5, 4.25, 6.5]},
			"faces": {
				"north": {"uv": [6, 6.5, 7, 7], "texture": "#0"},
				"east": {"uv": [6, 6.5, 7, 7], "texture": "#0"},
				"south": {"uv": [6, 6.5, 7, 7], "texture": "#0"},
				"west": {"uv": [6, 6.5, 7, 7], "texture": "#0"},
				"up": {"uv": [6, 6, 7, 7], "texture": "#0"}
			}
		},
		{
			"from": [6.5, 8.75, 7.875],
			"to": [9.5, 9.25, 8.125],
			"rotation": {"angle": 0, "axis": "x", "origin": [6.5, 4.25, 6.375]},
			"faces": {
				"north": {"uv": [5, 10, 8.5, 10.5], "texture": "#0"},
				"east": {"uv": [5, 10, 5.5, 10.5], "texture": "#0"},
				"south": {"uv": [5, 10, 8.5, 10.5], "texture": "#0"},
				"west": {"uv": [5, 10, 5.5, 10.5], "texture": "#0"},
				"up": {"uv": [5, 10, 8.5, 10.5], "texture": "#0"},
				"down": {"uv": [5, 10, 8.5, 10.5], "texture": "#0"}
			}
		},
		{
			"from": [6.925, 9.25, 7.875],
			"to": [9.075, 9.75, 8.125],
			"rotation": {"angle": 0, "axis": "x", "origin": [6.5, 4.25, 6.375]},
			"faces": {
				"north": {"uv": [5.5, 9.5, 8, 10], "texture": "#0"},
				"east": {"uv": [5, 10, 5.5, 10.5], "texture": "#0"},
				"south": {"uv": [5.5, 9.5, 8, 10], "texture": "#0"},
				"west": {"uv": [5, 10, 5.5, 10.5], "texture": "#0"},
				"up": {"uv": [5.5, 9.5, 8, 10], "texture": "#0"},
				"down": {"uv": [5, 10, 8.5, 10.5], "texture": "#0"}
			}
		},
		{
			"from": [7.35, 9.75, 7.875],
			"to": [8.65, 10.25, 8.125],
			"rotation": {"angle": 0, "axis": "x", "origin": [6.5, 4.25, 6.375]},
			"faces": {
				"north": {"uv": [6, 9, 7.5, 9.5], "texture": "#0"},
				"east": {"uv": [5, 10, 5.5, 10.5], "texture": "#0"},
				"south": {"uv": [6, 9, 7.5, 9.5], "texture": "#0"},
				"west": {"uv": [5, 10, 5.5, 10.5], "texture": "#0"},
				"up": {"uv": [6, 9, 7.5, 9.5], "texture": "#0"},
				"down": {"uv": [5, 10, 8.5, 10.5], "texture": "#0"}
			}
		},
		{
			"from": [6.5, 9.75, 7.875],
			"to": [6.925, 10.25, 8.125],
			"rotation": {"angle": 0, "axis": "x", "origin": [6.5, 4.25, 6.375]},
			"faces": {
				"north": {"uv": [5, 9, 5.5, 9.5], "texture": "#0"},
				"east": {"uv": [5, 10, 5.5, 10.5], "texture": "#0"},
				"south": {"uv": [5, 9, 5.5, 9.5], "texture": "#0"},
				"west": {"uv": [5, 10, 5.5, 10.5], "texture": "#0"},
				"up": {"uv": [5, 9, 5.5, 9.5], "texture": "#0"},
				"down": {"uv": [5, 10, 8.5, 10.5], "texture": "#0"}
			}
		},
		{
			"from": [9.075, 9.75, 7.875],
			"to": [9.5, 10.25, 8.125],
			"rotation": {"angle": 0, "axis": "x", "origin": [6.5, 4.25, 6.375]},
			"faces": {
				"north": {"uv": [5, 9, 5.5, 9.5], "texture": "#0"},
				"east": {"uv": [5, 10, 5.5, 10.5], "texture": "#0"},
				"south": {"uv": [5, 9, 5.5, 9.5], "texture": "#0"},
				"west": {"uv": [5, 10, 5.5, 10.5], "texture": "#0"},
				"up": {"uv": [5, 9, 5.5, 9.5], "texture": "#0"},
				"down": {"uv": [5, 10, 8.5, 10.5], "texture": "#0"}
			}
		},
		{
			"from": [8.225, 10.25, 7.875],
			"to": [8.65, 10.75, 8.125],
			"rotation": {"angle": 0, "axis": "x", "origin": [6.5, 4.25, 6.375]},
			"faces": {
				"north": {"uv": [5, 9, 5.5, 9.5], "texture": "#0"},
				"east": {"uv": [5, 10, 5.5, 10.5], "texture": "#0"},
				"south": {"uv": [5, 9, 5.5, 9.5], "texture": "#0"},
				"west": {"uv": [5, 10, 5.5, 10.5], "texture": "#0"},
				"up": {"uv": [5, 9, 5.5, 9.5], "texture": "#0"},
				"down": {"uv": [5, 10, 8.5, 10.5], "texture": "#0"}
			}
		},
		{
			"from": [7.35, 10.25, 7.875],
			"to": [7.775, 10.75, 8.125],
			"rotation": {"angle": 0, "axis": "x", "origin": [6.5, 4.25, 6.375]},
			"faces": {
				"north": {"uv": [5, 9, 5.5, 9.5], "texture": "#0"},
				"east": {"uv": [5, 10, 5.5, 10.5], "texture": "#0"},
				"south": {"uv": [5, 9, 5.5, 9.5], "texture": "#0"},
				"west": {"uv": [5, 10, 5.5, 10.5], "texture": "#0"},
				"up": {"uv": [5, 9, 5.5, 9.5], "texture": "#0"},
				"down": {"uv": [5, 10, 8.5, 10.5], "texture": "#0"}
			}
		},
		{
			"from": [4.75, 2.85385, -0.19374],
			"to": [11.25, 4.35385, 0.05626],
			"rotation": {"angle": -22.5, "axis": "x", "origin": [8, 14.60385, 5.93126]},
			"faces": {
				"north": {"uv": [14.5, 9.5, 16, 16], "rotation": 90, "texture": "#0"},
				"east": {"uv": [14.5, 9.5, 16, 10], "rotation": 90, "texture": "#0"},
				"south": {"uv": [14.5, 9.5, 16, 16], "rotation": 90, "texture": "#0"},
				"west": {"uv": [14.5, 9.5, 16, 10], "rotation": 90, "texture": "#0"},
				"up": {"uv": [15, 9.5, 14.5, 16], "rotation": 90, "texture": "#0"}
			}
		},
		{
			"from": [4.75, -0.50612, 5.54443],
			"to": [11.25, 0.99388, 5.79443],
			"rotation": {"angle": 22.5, "axis": "x", "origin": [8, 3.24388, 6.66943]},
			"faces": {
				"north": {"uv": [16, 9.5, 14.5, 16], "rotation": 90, "texture": "#0"},
				"east": {"uv": [16, 9.5, 14.5, 10], "rotation": 90, "texture": "#0"},
				"south": {"uv": [16, 9.5, 14.5, 16], "rotation": 90, "texture": "#0"},
				"west": {"uv": [16, 9.5, 14.5, 10], "rotation": 90, "texture": "#0"},
				"down": {"uv": [14.5, 9.5, 15, 16], "rotation": 90, "texture": "#0"}
			}
		},
		{
			"from": [4.75, 2.85385, 15.94374],
			"to": [11.25, 4.35385, 16.19374],
			"rotation": {"angle": 22.5, "axis": "x", "origin": [8, 14.60385, 10.06874]},
			"faces": {
				"north": {"uv": [14.5, 16, 16, 9.5], "rotation": 90, "texture": "#0"},
				"east": {"uv": [14.5, 10, 16, 9.5], "rotation": 90, "texture": "#0"},
				"south": {"uv": [14.5, 16, 16, 9.5], "rotation": 90, "texture": "#0"},
				"west": {"uv": [14.5, 10, 16, 9.5], "rotation": 90, "texture": "#0"},
				"up": {"uv": [14.5, 9.5, 15, 16], "rotation": 90, "texture": "#0"}
			}
		},
		{
			"from": [4.75, -0.50612, 10.20557],
			"to": [11.25, 0.99388, 10.45557],
			"rotation": {"angle": -22.5, "axis": "x", "origin": [8, 3.24388, 9.33057]},
			"faces": {
				"north": {"uv": [16, 16, 14.5, 9.5], "rotation": 90, "texture": "#0"},
				"east": {"uv": [16, 10, 14.5, 9.5], "rotation": 90, "texture": "#0"},
				"south": {"uv": [16, 16, 14.5, 9.5], "rotation": 90, "texture": "#0"},
				"west": {"uv": [16, 10, 14.5, 9.5], "rotation": 90, "texture": "#0"},
				"down": {"uv": [15, 9.5, 14.5, 16], "rotation": 90, "texture": "#0"}
			}
		},
		{
			"from": [4.97836, 2.64805, 4.75],
			"to": [5.22836, 4.14805, 11.25],
			"rotation": {"angle": 22.5, "axis": "z", "origin": [8, 1.5, 8]},
			"faces": {
				"north": {"uv": [14.5, 10, 16, 9.5], "rotation": 90, "texture": "#0"},
				"east": {"uv": [14.5, 16, 16, 9.5], "rotation": 90, "texture": "#0"},
				"south": {"uv": [14.5, 10, 16, 9.5], "rotation": 90, "texture": "#0"},
				"west": {"uv": [14.5, 16, 16, 9.5], "rotation": 90, "texture": "#0"},
				"up": {"uv": [14.5, 9.5, 15, 16], "rotation": 180, "texture": "#0"}
			}
		},
		{
			"from": [4.97836, -1.14805, 4.75],
			"to": [5.22836, 0.35195, 11.25],
			"rotation": {"angle": -22.5, "axis": "z", "origin": [8, 1.5, 8]},
			"faces": {
				"north": {"uv": [16, 10, 14.5, 9.5], "rotation": 90, "texture": "#0"},
				"east": {"uv": [16, 16, 14.5, 9.5], "rotation": 90, "texture": "#0"},
				"south": {"uv": [16, 10, 14.5, 9.5], "rotation": 90, "texture": "#0"},
				"west": {"uv": [16, 16, 14.5, 9.5], "rotation": 90, "texture": "#0"},
				"down": {"uv": [15, 9.5, 14.5, 16], "texture": "#0"}
			}
		},
		{
			"from": [10.77164, 2.64805, 4.75],
			"to": [11.02164, 4.14805, 11.25],
			"rotation": {"angle": -22.5, "axis": "z", "origin": [8, 1.5, 8]},
			"faces": {
				"north": {"uv": [14.5, 9.5, 16, 10], "rotation": 90, "texture": "#0"},
				"east": {"uv": [14.5, 9.5, 16, 16], "rotation": 90, "texture": "#0"},
				"south": {"uv": [14.5, 9.5, 16, 10], "rotation": 90, "texture": "#0"},
				"west": {"uv": [14.5, 9.5, 16, 16], "rotation": 90, "texture": "#0"},
				"up": {"uv": [15, 9.5, 14.5, 16], "rotation": 180, "texture": "#0"}
			}
		},
		{
			"from": [10.77164, -1.14805, 4.75],
			"to": [11.02164, 0.35195, 11.25],
			"rotation": {"angle": 22.5, "axis": "z", "origin": [8, 1.5, 8]},
			"faces": {
				"north": {"uv": [16, 9.5, 14.5, 10], "rotation": 90, "texture": "#0"},
				"east": {"uv": [16, 9.5, 14.5, 16], "rotation": 90, "texture": "#0"},
				"south": {"uv": [16, 9.5, 14.5, 10], "rotation": 90, "texture": "#0"},
				"west": {"uv": [16, 9.5, 14.5, 16], "rotation": 90, "texture": "#0"},
				"down": {"uv": [14.5, 9.5, 15, 16], "texture": "#0"}
			}
		},
		{
			"from": [7.48611, 1.25, 4.5],
			"to": [7.73611, 1.5, 4.875],
			"rotation": {"angle": 0, "axis": "z", "origin": [10.98611, 8.25, 9.375]},
			"faces": {
				"north": {"uv": [10.5, 6, 11, 6.5], "rotation": 270, "texture": "#0"},
				"east": {"uv": [10.5, 6, 11, 6.5], "rotation": 270, "texture": "#0"},
				"west": {"uv": [10.5, 6, 11, 6.5], "rotation": 270, "texture": "#0"},
				"down": {"uv": [10.5, 6, 11, 6.5], "rotation": 270, "texture": "#0"}
			}
		},
		{
			"from": [8.3961, 1.375, 4.675],
			"to": [11.3261, 1.625, 4.675],
			"rotation": {"angle": 0, "axis": "z", "origin": [10.73611, 8.5, 10.375]},
			"faces": {
				"north": {"uv": [11.5, 6, 12, 6.5], "rotation": 270, "texture": "#0"},
				"south": {"uv": [0, 0, 3.34, 0.125], "rotation": 180, "texture": "#missing"}
			}
		},
		{
			"from": [4.6461, 1.375, 4.675],
			"to": [7.5761, 1.625, 4.675],
			"rotation": {"angle": 0, "axis": "z", "origin": [10.73611, 8.5, 10.375]},
			"faces": {
				"north": {"uv": [11.5, 6, 12, 6.5], "rotation": 270, "texture": "#0"},
				"south": {"uv": [0, 0, 3.34, 0.125], "rotation": 180, "texture": "#missing"}
			}
		},
		{
			"from": [4.6461, 1.375, 11.354],
			"to": [11.3261, 1.625, 11.354],
			"rotation": {"angle": 0, "axis": "z", "origin": [10.73611, 8.5, 5.654]},
			"faces": {
				"north": {"uv": [3.34, 0, 6.68, 0.125], "rotation": 180, "texture": "#missing"},
				"south": {"uv": [11.5, 6, 12, 6.5], "rotation": 270, "texture": "#0"}
			}
		},
		{
			"from": [4.6461, 1.375, 4.675],
			"to": [4.6461, 1.625, 11.355],
			"rotation": {"angle": 0, "axis": "z", "origin": [10.3461, 8.5, 10.76501]},
			"faces": {
				"east": {"uv": [3.34, 0, 6.68, 0.125], "rotation": 180, "texture": "#missing"},
				"west": {"uv": [11.5, 6, 12, 6.5], "rotation": 270, "texture": "#0"}
			}
		},
		{
			"from": [11.3251, 1.375, 4.675],
			"to": [11.3251, 1.625, 11.355],
			"rotation": {"angle": 0, "axis": "z", "origin": [5.6251, 8.5, 10.76501]},
			"faces": {
				"east": {"uv": [11.5, 6, 12, 6.5], "rotation": 270, "texture": "#0"},
				"west": {"uv": [0, 0, 3.34, 0.125], "rotation": 180, "texture": "#missing"}
			}
		},
		{
			"from": [5.03611, 1.375, 4.75],
			"to": [5.03611, 1.625, 11.25],
			"rotation": {"angle": 0, "axis": "z", "origin": [10.73611, 8.5, 5.75]},
			"color": 0,
			"faces": {
				"east": {"uv": [3.25, 0, 6.5, 0.125], "rotation": 180, "texture": "#missing"},
				"west": {"uv": [3.25, 0, 6.5, 0.125], "rotation": 180, "texture": "#missing"}
			}
		},
		{
			"from": [7.73611, 1, 4.5],
			"to": [7.98611, 1.25, 4.625],
			"rotation": {"angle": 0, "axis": "z", "origin": [10.98611, 8.25, 9.375]},
			"faces": {
				"north": {"uv": [10.5, 6, 11, 6.5], "rotation": 270, "texture": "#0"},
				"south": {"uv": [10.5, 6, 11, 6.5], "rotation": 270, "texture": "#0"},
				"west": {"uv": [10.5, 6, 11, 6.5], "rotation": 270, "texture": "#0"},
				"up": {"uv": [10.5, 6, 11, 6.5], "rotation": 270, "texture": "#0"},
				"down": {"uv": [10.5, 6, 11, 6.5], "rotation": 270, "texture": "#0"}
			}
		},
		{
			"from": [7.98611, 1, 4.5],
			"to": [8.23611, 1.25, 4.625],
			"rotation": {"angle": 0, "axis": "z", "origin": [10.98611, 8.25, 9.375]},
			"faces": {
				"north": {"uv": [10.5, 6, 11, 6.5], "rotation": 270, "texture": "#0"},
				"east": {"uv": [10.5, 6, 11, 6.5], "rotation": 270, "texture": "#0"},
				"south": {"uv": [10.5, 6, 11, 6.5], "rotation": 270, "texture": "#0"},
				"up": {"uv": [10.5, 6, 11, 6.5], "rotation": 270, "texture": "#0"},
				"down": {"uv": [10.5, 6, 11, 6.5], "rotation": 270, "texture": "#0"}
			}
		},
		{
			"from": [8.23611, 1.25, 4.5],
			"to": [8.48611, 1.5, 4.875],
			"rotation": {"angle": 0, "axis": "z", "origin": [10.98611, 8.25, 9.375]},
			"faces": {
				"north": {"uv": [10.5, 6, 11, 6.5], "rotation": 270, "texture": "#0"},
				"east": {"uv": [10.5, 6, 11, 6.5], "rotation": 270, "texture": "#0"},
				"west": {"uv": [10.5, 6, 11, 6.5], "rotation": 270, "texture": "#0"},
				"down": {"uv": [10.5, 6, 11, 6.5], "rotation": 270, "texture": "#0"}
			}
		},
		{
			"from": [8.23611, 1.5, 4.5],
			"to": [8.48611, 1.75, 4.875],
			"rotation": {"angle": 0, "axis": "y", "origin": [2.98611, 6.75, 7]},
			"faces": {
				"north": {"uv": [11, 6, 11.5, 6.5], "rotation": 270, "texture": "#0"},
				"east": {"uv": [11, 6, 11.5, 6.5], "rotation": 270, "texture": "#0"},
				"west": {"uv": [11, 6, 11.5, 6.5], "rotation": 270, "texture": "#0"},
				"up": {"uv": [11, 6, 11.5, 6.5], "rotation": 270, "texture": "#0"}
			}
		},
		{
			"from": [7.73611, 1.75, 4.5],
			"to": [7.98611, 2, 4.625],
			"rotation": {"angle": 0, "axis": "z", "origin": [11.23611, 8.25, 9.375]},
			"faces": {
				"north": {"uv": [10, 6, 10.5, 6.5], "rotation": 270, "texture": "#0"},
				"south": {"uv": [10, 6, 10.5, 6.5], "rotation": 270, "texture": "#0"},
				"west": {"uv": [10, 6, 10.5, 6.5], "rotation": 270, "texture": "#0"},
				"up": {"uv": [10, 6, 10.5, 6.5], "rotation": 270, "texture": "#0"},
				"down": {"uv": [10, 6, 10.5, 6.5], "rotation": 270, "texture": "#0"}
			}
		},
		{
			"from": [7.48611, 1.5, 4.5],
			"to": [7.73611, 1.75, 4.875],
			"rotation": {"angle": 0, "axis": "z", "origin": [11.23611, 8.25, 9.375]},
			"faces": {
				"north": {"uv": [11, 6, 11.5, 6.5], "rotation": 270, "texture": "#0"},
				"east": {"uv": [11, 6, 11.5, 6.5], "rotation": 270, "texture": "#0"},
				"west": {"uv": [11, 6, 11.5, 6.5], "rotation": 270, "texture": "#0"},
				"up": {"uv": [11, 6, 11.5, 6.5], "rotation": 270, "texture": "#0"}
			}
		},
		{
			"from": [7.98611, 1.75, 4.5],
			"to": [8.23611, 2, 4.625],
			"rotation": {"angle": 0, "axis": "y", "origin": [2.98611, 6.75, 7]},
			"faces": {
				"north": {"uv": [10, 6, 10.5, 6.5], "rotation": 270, "texture": "#0"},
				"east": {"uv": [10, 6, 10.5, 6.5], "rotation": 270, "texture": "#0"},
				"south": {"uv": [10, 6, 10.5, 6.5], "rotation": 270, "texture": "#0"},
				"up": {"uv": [10, 6, 10.5, 6.5], "rotation": 270, "texture": "#0"},
				"down": {"uv": [10, 6, 10.5, 6.5], "rotation": 270, "texture": "#0"}
			}
		}
	],
	"display": {
		"thirdperson_righthand": {
			"rotation": [75, 45, 0],
			"translation": [0, 1.5, 1],
			"scale": [0.375, 0.375, 0.375]
		},
		"thirdperson_lefthand": {
			"rotation": [75, 45, 0],
			"translation": [0, 2.5, 0.75],
			"scale": [0.375, 0.375, 0.375]
		},
		"firstperson_righthand": {
			"rotation": [0, 45, 0],
			"scale": [0.4, 0.4, 0.4]
		},
		"firstperson_lefthand": {
			"rotation": [0, 225, 0],
			"scale": [0.4, 0.4, 0.4]
		},
		"ground": {
			"translation": [0, 3, 0],
			"scale": [0.25, 0.25, 0.25]
		},
		"gui": {
			"rotation": [30, 225, 0],
			"translation": [0, 2, 0],
			"scale": [0.625, 0.625, 0.625]
		},
		"head": {
			"rotation": [7.5, 0, 0],
			"translation": [0, 26.25, 3],
			"scale": [2.8, 2.8, 2.8]
		},
		"fixed": {
			"rotation": [-90, 0, 0],
			"translation": [0, 0.25, -30],
			"scale": [4, 4, 4]
		}
	},
	"groups": [
		0,
		1,
		2,
		3,
		4,
		5,
		6,
		7,
		8,
		9,
		10,
		11,
		12,
		13,
		14,
		15,
		16,
		17,
		18,
		19,
		20,
		21,
		{
			"name": "ring",
			"origin": [0, 0, 0],
			"color": 0,
			"children": [
				22,
				23,
				24,
				25,
				26,
				27,
				{
					"name": "group",
					"origin": [8.2225, 8.5, 7.33361],
					"color": 0,
					"children": []
				},
				28,
				29,
				30,
				31,
				32,
				33,
				34,
				35
			]
		}
	]
}