{
	"credit": "Made with Blockbench",
	"ambientocclusion": false,
	"texture_size": [128, 128],
	"textures": {
		"1": "item/party_hat_basic"
	},
	"elements": [
		{
			"from": [2, 0, 2],
			"to": [14, 2, 3],
			"faces": {
				"north": {"uv": [14, 13, 2, 15], "texture": "#1"},
				"east": {"uv": [2, 13, 3, 15], "texture": "#1"},
				"south": {"uv": [14, 13, 2, 15], "texture": "#1"},
				"west": {"uv": [13, 13, 14, 15], "texture": "#1"},
				"up": {"uv": [2, 13, 12, 14], "texture": "#1"},
				"down": {"uv": [14, 14, 2, 15], "texture": "#1"}
			}
		},
		{
			"from": [3, 2, 3],
			"to": [13, 5, 4],
			"faces": {
				"north": {"uv": [3, 10, 13, 13], "texture": "#1"},
				"east": {"uv": [3, 10, 4, 13], "texture": "#1"},
				"south": {"uv": [14, 13, 2, 15], "texture": "#1"},
				"west": {"uv": [12, 10, 13, 13], "texture": "#1"},
				"up": {"uv": [3, 10, 12, 11], "texture": "#1"}
			}
		},
		{
			"from": [4, 5, 4],
			"to": [12, 7, 5],
			"faces": {
				"north": {"uv": [4, 8, 12, 10], "texture": "#1"},
				"east": {"uv": [4, 8, 5, 10], "texture": "#1"},
				"south": {"uv": [14, 13, 2, 15], "texture": "#1"},
				"west": {"uv": [11, 8, 12, 10], "texture": "#1"},
				"up": {"uv": [12, 8, 4, 9], "texture": "#1"},
				"down": {"uv": [14, 14, 2, 15], "texture": "#1"}
			}
		},
		{
			"from": [5, 7, 5],
			"to": [11, 10, 6],
			"faces": {
				"north": {"uv": [5, 5, 11, 8], "texture": "#1"},
				"east": {"uv": [5, 5, 6, 8], "texture": "#1"},
				"south": {"uv": [14, 13, 2, 15], "texture": "#1"},
				"west": {"uv": [10, 5, 11, 8], "texture": "#1"},
				"up": {"uv": [11, 5, 5, 6], "texture": "#1"},
				"down": {"uv": [14, 14, 2, 15], "texture": "#1"}
			}
		},
		{
			"from": [6, 10, 6],
			"to": [10, 12, 7],
			"faces": {
				"north": {"uv": [6, 3, 10, 5], "texture": "#1"},
				"east": {"uv": [6, 3, 7, 5], "texture": "#1"},
				"south": {"uv": [14, 13, 2, 15], "texture": "#1"},
				"west": {"uv": [9, 3, 10, 5], "texture": "#1"},
				"up": {"uv": [6, 3, 10, 4], "texture": "#1"},
				"down": {"uv": [14, 14, 2, 15], "texture": "#1"}
			}
		},
		{
			"from": [7, 12, 7],
			"to": [9, 14, 8],
			"faces": {
				"north": {"uv": [7, 1, 8, 3], "texture": "#1"},
				"east": {"uv": [7, 1, 8, 3], "texture": "#1"},
				"west": {"uv": [7, 1, 8, 3], "texture": "#1"},
				"up": {"uv": [7, 1, 9, 2], "texture": "#1"},
				"down": {"uv": [14, 14, 2, 15], "texture": "#1"}
			}
		},
		{
			"from": [9, 10, 7],
			"to": [10, 12, 10],
			"faces": {
				"east": {"uv": [6, 3, 10, 5], "texture": "#1"},
				"south": {"uv": [6, 3, 7, 5], "texture": "#1"},
				"west": {"uv": [10, 3, 6, 5], "texture": "#missing"},
				"up": {"uv": [6, 3, 10, 4], "rotation": 90, "texture": "#1"},
				"down": {"uv": [14, 14, 2, 15], "rotation": 270, "texture": "#1"}
			}
		},
		{
			"from": [10, 7, 6],
			"to": [11, 10, 11],
			"faces": {
				"east": {"uv": [11, 5, 5, 8], "texture": "#1"},
				"south": {"uv": [10, 5, 11, 8], "texture": "#1"},
				"west": {"uv": [11, 5, 5, 8], "texture": "#missing"},
				"up": {"uv": [5, 5, 11, 6], "rotation": 90, "texture": "#1"},
				"down": {"uv": [14, 14, 2, 15], "rotation": 270, "texture": "#1"}
			}
		},
		{
			"from": [11, 5, 5],
			"to": [12, 7, 12],
			"faces": {
				"east": {"uv": [12, 8, 4, 10], "texture": "#1"},
				"south": {"uv": [11, 8, 12, 10], "texture": "#1"},
				"west": {"uv": [12, 8, 4, 10], "texture": "#missing"},
				"up": {"uv": [4, 8, 12, 9], "rotation": 90, "texture": "#1"},
				"down": {"uv": [14, 14, 2, 15], "rotation": 270, "texture": "#1"}
			}
		},
		{
			"from": [12, 2, 4],
			"to": [13, 5, 13],
			"faces": {
				"east": {"uv": [13, 10, 3, 13], "texture": "#1"},
				"south": {"uv": [12, 10, 13, 13], "texture": "#1"},
				"west": {"uv": [1, 0, 0, 1], "texture": "#1", "cullface": "south"},
				"up": {"uv": [3, 10, 12, 11], "rotation": 90, "texture": "#1"}
			}
		},
		{
			"from": [3, 1, 3],
			"to": [13, 3, 13],
			"faces": {
				"up": {"uv": [2, 13, 14, 14], "rotation": 90, "texture": "#1"},
				"down": {"uv": [1, 15, 0, 16], "rotation": 270, "texture": "#1"}
			}
		},
		{
			"from": [13, 0, 3],
			"to": [14, 2, 14],
			"faces": {
				"east": {"uv": [14, 13, 2, 15], "texture": "#1"},
				"south": {"uv": [13, 13, 14, 15], "texture": "#1"},
				"west": {"uv": [14, 13, 2, 15], "texture": "#1"},
				"up": {"uv": [2, 13, 14, 14], "rotation": 90, "texture": "#1"},
				"down": {"uv": [14, 14, 2, 15], "rotation": 270, "texture": "#1"}
			}
		},
		{
			"from": [2, 0, 3],
			"to": [3, 2, 14],
			"rotation": {"angle": 0, "axis": "y", "origin": [0, 0, 16]},
			"faces": {
				"east": {"uv": [2, 13, 14, 15], "texture": "#1"},
				"south": {"uv": [3, 13, 2, 15], "texture": "#1"},
				"west": {"uv": [14, 13, 2, 15], "texture": "#1"},
				"up": {"uv": [12, 13, 2, 14], "rotation": 270, "texture": "#1"},
				"down": {"uv": [2, 14, 14, 15], "rotation": 90, "texture": "#1"}
			}
		},
		{
			"from": [4, 5, 5],
			"to": [5, 7, 12],
			"rotation": {"angle": 0, "axis": "y", "origin": [0, 0, 16]},
			"faces": {
				"east": {"uv": [14, 13, 2, 15], "texture": "#1"},
				"south": {"uv": [5, 8, 4, 10], "texture": "#1"},
				"west": {"uv": [12, 8, 4, 10], "texture": "#1"},
				"up": {"uv": [4, 8, 12, 9], "rotation": 270, "texture": "#1"},
				"down": {"uv": [2, 14, 14, 15], "rotation": 90, "texture": "#1"}
			}
		},
		{
			"from": [5, 7, 6],
			"to": [6, 10, 11],
			"rotation": {"angle": 0, "axis": "y", "origin": [0, 0, 16]},
			"faces": {
				"east": {"uv": [5, 5, 11, 8], "texture": "#missing"},
				"south": {"uv": [6, 5, 5, 8], "texture": "#1"},
				"west": {"uv": [11, 5, 5, 8], "texture": "#1"},
				"up": {"uv": [5, 5, 11, 6], "rotation": 270, "texture": "#1"},
				"down": {"uv": [2, 14, 14, 15], "rotation": 90, "texture": "#1"}
			}
		},
		{
			"from": [6, 10, 7],
			"to": [7, 12, 10],
			"rotation": {"angle": 0, "axis": "y", "origin": [0, 0, 16]},
			"faces": {
				"east": {"uv": [6, 3, 10, 5], "texture": "#missing"},
				"south": {"uv": [7, 3, 6, 5], "texture": "#1"},
				"west": {"uv": [10, 3, 6, 5], "texture": "#1"},
				"up": {"uv": [10, 3, 6, 4], "rotation": 270, "texture": "#1"},
				"down": {"uv": [2, 14, 14, 15], "rotation": 90, "texture": "#1"}
			}
		},
		{
			"from": [7, 12, 8],
			"to": [9, 14, 9],
			"rotation": {"angle": 0, "axis": "y", "origin": [0, 0, 16]},
			"faces": {
				"east": {"uv": [7, 1, 8, 3], "texture": "#1"},
				"south": {"uv": [8, 1, 7, 3], "texture": "#1"},
				"west": {"uv": [8, 1, 7, 3], "texture": "#1"},
				"up": {"uv": [9, 1, 7, 2], "rotation": 270, "texture": "#1"},
				"down": {"uv": [14, 14, 2, 15], "rotation": 270, "texture": "#1"}
			}
		},
		{
			"from": [3, 2, 4],
			"to": [4, 5, 13],
			"rotation": {"angle": 0, "axis": "y", "origin": [0, 0, 16]},
			"faces": {
				"east": {"uv": [14, 13, 2, 15], "texture": "#1"},
				"south": {"uv": [4, 10, 3, 13], "texture": "#1"},
				"west": {"uv": [13, 10, 3, 13], "texture": "#1"},
				"up": {"uv": [11, 10, 3, 11], "rotation": 270, "texture": "#1"}
			}
		},
		{
			"from": [7, 10, 9],
			"to": [9, 12, 10],
			"rotation": {"angle": 0, "axis": "y", "origin": [0, 0, 16]},
			"faces": {
				"north": {"uv": [6, 3, 10, 5], "texture": "#missing"},
				"south": {"uv": [10, 3, 6, 5], "texture": "#1"},
				"up": {"uv": [10, 3, 6, 4], "rotation": 180, "texture": "#1"},
				"down": {"uv": [14, 14, 2, 15], "texture": "#1"}
			}
		},
		{
			"from": [6, 7, 10],
			"to": [10, 10, 11],
			"rotation": {"angle": 0, "axis": "y", "origin": [0, 0, 16]},
			"faces": {
				"north": {"uv": [5, 5, 11, 8], "texture": "#missing"},
				"south": {"uv": [5, 5, 11, 8], "texture": "#1"},
				"up": {"uv": [11, 5, 5, 6], "rotation": 180, "texture": "#1"},
				"down": {"uv": [14, 14, 2, 15], "texture": "#1"}
			}
		},
		{
			"from": [5, 5, 11],
			"to": [11, 7, 12],
			"rotation": {"angle": 0, "axis": "y", "origin": [0, 0, 16]},
			"faces": {
				"north": {"uv": [2, 13, 14, 15], "texture": "#1"},
				"south": {"uv": [4, 8, 12, 10], "texture": "#1"},
				"up": {"uv": [12, 8, 4, 9], "rotation": 180, "texture": "#1"},
				"down": {"uv": [14, 14, 2, 15], "texture": "#1"}
			}
		},
		{
			"from": [4, 2, 12],
			"to": [12, 5, 13],
			"rotation": {"angle": 0, "axis": "y", "origin": [0, 0, 16]},
			"faces": {
				"north": {"uv": [2, 13, 14, 15], "texture": "#1"},
				"south": {"uv": [3, 10, 13, 13], "texture": "#1"},
				"up": {"uv": [11, 10, 3, 11], "rotation": 180, "texture": "#1"}
			}
		},
		{
			"from": [3, 0, 13],
			"to": [13, 2, 14],
			"rotation": {"angle": 0, "axis": "y", "origin": [0, 0, 16]},
			"faces": {
				"north": {"uv": [2, 13, 14, 15], "texture": "#1"},
				"south": {"uv": [2, 13, 14, 15], "texture": "#1"},
				"up": {"uv": [2, 13, 11, 14], "rotation": 180, "texture": "#1"},
				"down": {"uv": [2, 14, 14, 15], "rotation": 180, "texture": "#1"}
			}
		},
		{
			"from": [7.5, 13.75, 7.5],
			"to": [8.5, 17.75, 8.5],
			"rotation": {"angle": -22.5, "axis": "z", "origin": [8, 13.75, 8]},
			"faces": {
				"north": {"uv": [4, 9, 4.875, 11.875], "texture": "#1"},
				"east": {"uv": [4, 9, 4.875, 11.875], "texture": "#1"},
				"south": {"uv": [4, 9, 4.875, 11.875], "texture": "#1"},
				"west": {"uv": [4, 9, 4.875, 11.875], "texture": "#1"},
				"up": {"uv": [4, 9, 4.875, 11.875], "rotation": 270, "texture": "#1"}
			}
		},
		{
			"from": [7.5, 13.75, 7.5],
			"to": [8.5, 17.75, 8.5],
			"rotation": {"angle": -45, "axis": "z", "origin": [8, 13.75, 8]},
			"faces": {
				"north": {"uv": [4, 9, 4.875, 11.875], "texture": "#1"},
				"east": {"uv": [4, 9, 4.875, 11.875], "texture": "#1"},
				"south": {"uv": [4, 9, 4.875, 11.875], "texture": "#1"},
				"west": {"uv": [4, 9, 4.875, 11.875], "texture": "#1"},
				"up": {"uv": [4, 9, 4.875, 11.875], "rotation": 270, "texture": "#1"}
			}
		},
		{
			"from": [8, 13.25, 7.5],
			"to": [12, 14.25, 8.5],
			"rotation": {"angle": 22.5, "axis": "z", "origin": [8, 13.75, 8]},
			"faces": {
				"north": {"uv": [4, 9, 4.875, 11.875], "rotation": 270, "texture": "#1"},
				"east": {"uv": [4, 9, 4.875, 11.875], "texture": "#1"},
				"south": {"uv": [4, 9, 4.875, 11.875], "rotation": 90, "texture": "#1"},
				"up": {"uv": [4, 9, 4.875, 11.875], "rotation": 90, "texture": "#1"},
				"down": {"uv": [4, 9, 4.875, 11.875], "rotation": 90, "texture": "#1"}
			}
		},
		{
			"from": [7.5, 13.25, 4],
			"to": [8.5, 14.25, 8],
			"rotation": {"angle": 22.5, "axis": "x", "origin": [8, 13.75, 8]},
			"faces": {
				"north": {"uv": [4, 9, 4.875, 11.875], "rotation": 90, "texture": "#1"},
				"east": {"uv": [4, 9, 4.875, 11.875], "rotation": 90, "texture": "#1"},
				"west": {"uv": [4, 9, 4.875, 11.875], "rotation": 270, "texture": "#1"},
				"up": {"uv": [4, 9, 4.875, 11.875], "texture": "#1"},
				"down": {"uv": [4, 9, 4.875, 11.875], "rotation": 180, "texture": "#1"}
			}
		},
		{
			"from": [7.5, 13.75, 7.5],
			"to": [8.5, 17.75, 8.5],
			"rotation": {"angle": -22.5, "axis": "x", "origin": [8, 13.75, 8]},
			"faces": {
				"north": {"uv": [4, 9, 4.875, 11.875], "texture": "#1"},
				"east": {"uv": [4, 9, 4.875, 11.875], "texture": "#1"},
				"south": {"uv": [4, 9, 4.875, 11.875], "texture": "#1"},
				"west": {"uv": [4, 9, 4.875, 11.875], "texture": "#1"},
				"up": {"uv": [4, 9, 4.875, 11.875], "rotation": 270, "texture": "#1"}
			}
		},
		{
			"from": [7.5, 13.75, 7.5],
			"to": [8.5, 17.75, 8.5],
			"rotation": {"angle": -45, "axis": "x", "origin": [8, 13.75, 8]},
			"faces": {
				"north": {"uv": [4, 9, 4.875, 11.875], "texture": "#1"},
				"east": {"uv": [4, 9, 4.875, 11.875], "texture": "#1"},
				"south": {"uv": [4, 9, 4.875, 11.875], "texture": "#1"},
				"west": {"uv": [4, 9, 4.875, 11.875], "texture": "#1"},
				"up": {"uv": [4, 9, 4.875, 11.875], "rotation": 270, "texture": "#1"}
			}
		},
		{
			"from": [4, 13.25, 7.5],
			"to": [8, 14.25, 8.5],
			"rotation": {"angle": -22.5, "axis": "z", "origin": [8, 13.75, 8]},
			"faces": {
				"north": {"uv": [4, 9, 4.875, 11.875], "rotation": 90, "texture": "#1"},
				"south": {"uv": [4, 9, 4.875, 11.875], "rotation": 270, "texture": "#1"},
				"west": {"uv": [4, 9, 4.875, 11.875], "rotation": 180, "texture": "#1"},
				"up": {"uv": [4, 9, 4.875, 11.875], "rotation": 270, "texture": "#1"},
				"down": {"uv": [4, 9, 4.875, 11.875], "rotation": 270, "texture": "#1"}
			}
		},
		{
			"from": [7.5, 13.75, 7.5],
			"to": [8.5, 17.75, 8.5],
			"rotation": {"angle": 22.5, "axis": "z", "origin": [8, 13.75, 8]},
			"faces": {
				"north": {"uv": [4, 9, 4.875, 11.875], "texture": "#1"},
				"east": {"uv": [4, 9, 4.875, 11.875], "texture": "#1"},
				"south": {"uv": [4, 9, 4.875, 11.875], "texture": "#1"},
				"west": {"uv": [4, 9, 4.875, 11.875], "texture": "#1"},
				"up": {"uv": [4, 9, 4.875, 11.875], "rotation": 270, "texture": "#1"}
			}
		},
		{
			"from": [7.5, 13.75, 7.5],
			"to": [8.5, 17.75, 8.5],
			"rotation": {"angle": 45, "axis": "z", "origin": [8, 13.75, 8]},
			"faces": {
				"north": {"uv": [4, 9, 4.875, 11.875], "texture": "#1"},
				"east": {"uv": [4, 9, 4.875, 11.875], "texture": "#1"},
				"south": {"uv": [4, 9, 4.875, 11.875], "texture": "#1"},
				"west": {"uv": [4, 9, 4.875, 11.875], "texture": "#1"},
				"up": {"uv": [4, 9, 4.875, 11.875], "rotation": 270, "texture": "#1"}
			}
		},
		{
			"from": [7.5, 13.25, 8],
			"to": [8.5, 14.25, 12],
			"rotation": {"angle": -22.5, "axis": "x", "origin": [8, 13.75, 8]},
			"faces": {
				"east": {"uv": [4, 9, 4.875, 11.875], "rotation": 270, "texture": "#1"},
				"south": {"uv": [4, 9, 4.875, 11.875], "rotation": 270, "texture": "#1"},
				"west": {"uv": [4, 9, 4.875, 11.875], "rotation": 90, "texture": "#1"},
				"up": {"uv": [4, 9, 4.875, 11.875], "rotation": 180, "texture": "#1"},
				"down": {"uv": [4, 9, 4.875, 11.875], "texture": "#1"}
			}
		},
		{
			"from": [7.5, 13.75, 7.5],
			"to": [8.5, 17.75, 8.5],
			"rotation": {"angle": 22.5, "axis": "x", "origin": [8, 13.75, 8]},
			"faces": {
				"north": {"uv": [4, 9, 4.875, 11.875], "texture": "#1"},
				"east": {"uv": [4, 9, 4.875, 11.875], "texture": "#1"},
				"south": {"uv": [4, 9, 4.875, 11.875], "texture": "#1"},
				"west": {"uv": [4, 9, 4.875, 11.875], "texture": "#1"},
				"up": {"uv": [4, 9, 4.875, 11.875], "rotation": 270, "texture": "#1"}
			}
		},
		{
			"from": [7.5, 13.75, 7.5],
			"to": [8.5, 17.75, 8.5],
			"rotation": {"angle": 45, "axis": "x", "origin": [8, 13.75, 8]},
			"faces": {
				"north": {"uv": [4, 9, 4.875, 11.875], "texture": "#1"},
				"east": {"uv": [4, 9, 4.875, 11.875], "texture": "#1"},
				"south": {"uv": [4, 9, 4.875, 11.875], "texture": "#1"},
				"west": {"uv": [4, 9, 4.875, 11.875], "texture": "#1"},
				"up": {"uv": [4, 9, 4.875, 11.875], "rotation": 270, "texture": "#1"}
			}
		}
	],
	"display": {
		"thirdperson_righthand": {
			"rotation": [75, 45, 0],
			"translation": [0, 1.5, 1],
			"scale": [0.375, 0.375, 0.375]
		},
		"thirdperson_lefthand": {
			"rotation": [75, 45, 0],
			"translation": [0, 2.5, 0.75],
			"scale": [0.375, 0.375, 0.375]
		},
		"firstperson_righthand": {
			"rotation": [0, 45, 0],
			"scale": [0.4, 0.4, 0.4]
		},
		"firstperson_lefthand": {
			"rotation": [0, 225, 0],
			"scale": [0.4, 0.4, 0.4]
		},
		"ground": {
			"translation": [0, 3, 0],
			"scale": [0.25, 0.25, 0.25]
		},
		"gui": {
			"rotation": [30, 225, 0],
			"translation": [0, -0.25, 0],
			"scale": [0.625, 0.625, 0.625]
		},
		"head": {
			"rotation": [7.5, 0, 0],
			"translation": [0, 15.5, 1.25],
			"scale": [1.45, 1.45, 1.45]
		},
		"fixed": {
			"rotation": [-90, 0, 0],
			"translation": [0, 0, -19.25],
			"scale": [2.67, 2.67, 2.67]
		}
	},
	"groups": [
		{
			"name": "3D Sides",
			"origin": [0, 0, 16],
			"color": 0,
			"children": [0, 1, 2, 3, 4, 5, 6, 7, 8, 9, 10, 11, 12, 13, 14, 15, 16, 17, 18, 19, 20, 21, 22]
		},
		{
			"name": "3D topper",
			"origin": [8, 14.5, 7.875],
			"color": 0,
			"children": [
				{
					"name": "1",
					"origin": [8.02447, 13.70869, 8],
					"color": 0,
					"children": [23, 24, 25]
				},
				{
					"name": "2",
					"origin": [8.02447, 13.70869, 8],
					"color": 0,
					"children": [26, 27, 28]
				},
				{
					"name": "3",
					"origin": [8.02447, 13.70869, 8],
					"color": 0,
					"children": [29, 30, 31]
				},
				{
					"name": "4",
					"origin": [8.02447, 13.70869, 8],
					"color": 0,
					"children": [32, 33, 34]
				}
			]
		}
	]
}