{
	"credit": "Made with Blockbench",
	"textures": {
		"0": "item/mc_axolotl_gold"
	},
	"elements": [
		{
			"name": "head",
			"from": [3.999, 3.999, 0.999],
			"to": [12.001, 9.001, 6.001],
			"faces": {
				"north": {"uv": [1.25, 1.5, 3.25, 2.75], "texture": "#0"},
				"east": {"uv": [0, 1.5, 1.25, 2.75], "texture": "#0"},
				"south": {"uv": [4.5, 1.5, 6.5, 2.75], "texture": "#0"},
				"west": {"uv": [3.25, 1.5, 4.5, 2.75], "texture": "#0"},
				"up": {"uv": [3.25, 1.5, 1.25, 0.25], "texture": "#0"},
				"down": {"uv": [5.25, 0.25, 3.25, 1.5], "texture": "#0"}
			}
		},
		{
			"name": "top_gills",
			"from": [4, 9, 5],
			"to": [12, 12, 5],
			"faces": {
				"north": {"uv": [0.75, 9.25, 2.75, 10], "texture": "#0"},
				"south": {"uv": [0.75, 9.25, 2.75, 10], "texture": "#0"}
			}
		},
		{
			"name": "left_gills",
			"from": [12, 4, 5],
			"to": [15, 11, 5],
			"faces": {
				"north": {"uv": [0, 10, 0.75, 11.75], "texture": "#0"},
				"south": {"uv": [2.75, 10, 3.5, 11.75], "texture": "#0"}
			}
		},
		{
			"name": "right_gills",
			"from": [1, 4, 5],
			"to": [4, 11, 5],
			"faces": {
				"north": {"uv": [2.75, 10, 3.5, 11.75], "texture": "#0"},
				"south": {"uv": [3.5, 10, 2.75, 11.75], "texture": "#0"}
			}
		},
		{
			"name": "body",
			"from": [4, 4, 4],
			"to": [12, 8, 14],
			"faces": {
				"east": {"uv": [0, 5.25, 2.5, 6.25], "texture": "#0"},
				"south": {"uv": [7, 5.25, 9, 6.25], "texture": "#0"},
				"west": {"uv": [4.5, 5.25, 7, 6.25], "texture": "#0"},
				"up": {"uv": [4.5, 5.25, 2.5, 2.75], "texture": "#0"},
				"down": {"uv": [6.5, 2.75, 4.5, 5.25], "texture": "#0"}
			}
		},
		{
			"name": "body",
			"from": [8, 4, 5],
			"to": [8, 9, 14],
			"faces": {
				"east": {"uv": [0.5, 6.5, 2.75, 7.75], "texture": "#0"},
				"west": {"uv": [0.5, 6.5, 2.75, 7.75], "texture": "#0"}
			}
		},
		{
			"name": "leg4",
			"from": [2.5, 0, 4],
			"to": [5.5, 5, 4],
			"faces": {
				"north": {"uv": [0.5, 3.25, 1.25, 4.5], "texture": "#0"},
				"south": {"uv": [0.5, 3.25, 1.25, 4.5], "texture": "#0"}
			}
		},
		{
			"name": "leg2",
			"from": [2.5, 0, 12],
			"to": [5.5, 5, 12],
			"faces": {
				"north": {"uv": [0.5, 3.25, 1.25, 4.5], "texture": "#0"},
				"south": {"uv": [0.5, 3.25, 1.25, 4.5], "texture": "#0"}
			}
		},
		{
			"name": "leg3",
			"from": [10.5, 0, 4],
			"to": [13.5, 5, 4],
			"faces": {
				"north": {"uv": [0.5, 3.25, 1.25, 4.5], "texture": "#0"},
				"south": {"uv": [0.5, 3.25, 1.25, 4.5], "texture": "#0"}
			}
		},
		{
			"name": "leg1",
			"from": [10.5, 0, 12],
			"to": [13.5, 5, 12],
			"faces": {
				"north": {"uv": [0.5, 3.25, 1.25, 4.5], "texture": "#0"},
				"south": {"uv": [0.5, 3.25, 1.25, 4.5], "texture": "#0"}
			}
		},
		{
			"name": "tail",
			"from": [8, 4, 14],
			"to": [8, 9, 21],
			"faces": {
				"east": {"uv": [0.5, 7.75, 2.25, 9], "texture": "#0"},
				"west": {"uv": [2.25, 7.75, 0.5, 9], "texture": "#0"}
			}
		}
	],
	"display": {
		"thirdperson_righthand": {
			"rotation": [75, 45, 0],
			"translation": [0, 1.5, 0],
			"scale": [0.375, 0.375, 0.375]
		},
		"thirdperson_lefthand": {
			"rotation": [75, 45, 0],
			"translation": [0, 1.5, 0],
			"scale": [0.375, 0.375, 0.375]
		},
		"firstperson_righthand": {
			"rotation": [0, 45, 0],
			"scale": [0.4, 0.4, 0.4]
		},
		"firstperson_lefthand": {
			"rotation": [0, 45, 0],
			"scale": [0.4, 0.4, 0.4]
		},
		"ground": {
			"translation": [0, 3, 0],
			"scale": [0.25, 0.25, 0.25]
		},
		"gui": {
			"rotation": [30, 225, 0],
			"translation": [0, 1, 0],
			"scale": [0.625, 0.625, 0.625]
		},
		"head": {
			"rotation": [7.5, 0, 0],
			"translation": [0, 13.25, 1],
			"scale": [1.83, 1.83, 1.83]
		},
		"fixed": {
			"rotation": [-90, 0, 0],
			"translation": [0, 0, -7],
			"scale": [2.29, 2.29, 2.29]
		}
	},
	"groups": [
		{
			"name": "head",
			"origin": [0, 6, -5],
			"color": 0,
			"children": [0]
		},
		{
			"name": "top_gills",
			"origin": [0, 9, -6],
			"color": 0,
			"children": [1]
		},
		{
			"name": "left_gills",
			"origin": [-4, 6, -6],
			"color": 0,
			"children": [2]
		},
		{
			"name": "right_gills",
			"origin": [4, 6, -6],
			"color": 0,
			"children": [3]
		},
		{
			"name": "body",
			"origin": [0, 6, 4],
			"color": 0,
			"children": [4, 5]
		},
		{
			"name": "leg4",
			"origin": [3.5, 5, -4],
			"color": 0,
			"children": [6]
		},
		{
			"name": "leg2",
			"origin": [3.5, 5, 3],
			"color": 0,
			"children": [7]
		},
		{
			"name": "leg3",
			"origin": [-3.5, 5, -4],
			"color": 0,
			"children": [8]
		},
		{
			"name": "leg1",
			"origin": [-3.5, 5, 3],
			"color": 0,
			"children": [9]
		},
		{
			"name": "tail",
			"origin": [0, 6, 5],
			"color": 0,
			"children": [10]
		}
	]
}