{
	"credit": "Made with Blockbench",
	"texture_size": [64, 64],
	"textures": {
		"0": "item/pirate_hat",
		"particle": "item/pirate_hat"
	},
	"elements": [
		{
			"from": [4.5, 0, 12.29],
			"to": [11.5, 5, 12.79],
			"rotation": {"angle": 0, "axis": "y", "origin": [0, 0.01, 15.79]},
			"faces": {
				"north": {"uv": [0.25, 5, 3.75, 7.5], "texture": "#0"},
				"east": {"uv": [0.25, 5, 0.5, 7.5], "texture": "#0"},
				"south": {"uv": [0.25, 5, 3.75, 7.5], "texture": "#0"},
				"west": {"uv": [0.25, 5, 0.5, 7.5], "texture": "#0"},
				"up": {"uv": [0.25, 5, 3.75, 5.25], "texture": "#0"},
				"down": {"uv": [0.25, 7.25, 3.75, 7.5], "texture": "#0"}
			}
		},
		{
			"from": [4, 0.025, 4.29],
			"to": [12, 2.025, 12.29],
			"rotation": {"angle": 0, "axis": "y", "origin": [0, 0.01, 0.29]},
			"faces": {
				"east": {"uv": [5.75, 0, 9.75, 1], "texture": "#0"},
				"west": {"uv": [5.75, 0, 9.75, 1], "texture": "#0"},
				"up": {"uv": [5.75, 0, 9.75, 4], "texture": "#0"},
				"down": {"uv": [5.25, 0, 5.5, 0.25], "texture": "#0"}
			}
		},
		{
			"from": [4.5, 2, 5.29],
			"to": [11.5, 3, 11.29],
			"rotation": {"angle": 0, "axis": "y", "origin": [0, 0.01, 0.29]},
			"faces": {
				"north": {"uv": [3.75, 5, 7.25, 5.5], "texture": "#0"},
				"east": {"uv": [3.75, 5, 4.25, 8], "rotation": 90, "texture": "#0"},
				"south": {"uv": [3.75, 5, 7.25, 5.5], "texture": "#0"},
				"west": {"uv": [3.75, 5, 4.25, 8], "rotation": 90, "texture": "#0"},
				"up": {"uv": [3.75, 5, 7.25, 8], "texture": "#0"}
			}
		},
		{
			"from": [3.5, -0.001, 4.99],
			"to": [12.5, 0.999, 11.59],
			"rotation": {"angle": 0, "axis": "y", "origin": [0, 0.01, 0.29]},
			"faces": {
				"north": {"uv": [5.75, 0, 8, 1.625], "texture": "#0"},
				"east": {"uv": [5.75, 0, 8, 1.625], "texture": "#0"},
				"south": {"uv": [5.75, 0, 8, 1.625], "texture": "#0"},
				"west": {"uv": [5.75, 0, 8, 1.625], "texture": "#0"},
				"up": {"uv": [9.75, 0, 14.25, 3.25], "texture": "#0"},
				"down": {"uv": [10, 0.3125, 12.25, 1.9375], "texture": "#0"}
			}
		},
		{
			"from": [5.5, 3, 6.29],
			"to": [10.5, 4, 10.29],
			"rotation": {"angle": 0, "axis": "y", "origin": [0, 0.01, 0.29]},
			"faces": {
				"north": {"uv": [3, 0, 5.5, 0.5], "texture": "#0"},
				"east": {"uv": [5.25, 0, 5.75, 2], "rotation": 90, "texture": "#0"},
				"south": {"uv": [3, 0, 5.5, 0.5], "texture": "#0"},
				"west": {"uv": [5.25, 0, 5.75, 2], "rotation": 90, "texture": "#0"},
				"up": {"uv": [3, 0, 5.5, 2], "texture": "#0"}
			}
		},
		{
			"from": [10.70711, 0, 4.70421],
			"to": [13.70711, 4, 5.20421],
			"rotation": {"angle": -45, "axis": "y", "origin": [12.20711, 2.51, 5.20421]},
			"faces": {
				"north": {"uv": [5.25, 3, 3.75, 5], "texture": "#0"},
				"east": {"uv": [5, 3, 5.25, 5], "texture": "#0"},
				"south": {"uv": [3.75, 3, 5.25, 5], "texture": "#0"},
				"up": {"uv": [3.75, 3, 5.25, 3.25], "texture": "#0"},
				"down": {"uv": [3.75, 4.75, 5.25, 5], "texture": "#0"}
			}
		},
		{
			"from": [12.58536, 0, 6.21684],
			"to": [13.08536, 2, 8.34184],
			"rotation": {"angle": 22.5, "axis": "y", "origin": [12.58536, 2.51, 4.71684]},
			"faces": {
				"east": {"uv": [6.25, 4, 5.25, 5], "texture": "#0"},
				"south": {"uv": [6, 4, 6.25, 5], "texture": "#0"},
				"west": {"uv": [5.25, 4, 6.25, 5], "texture": "#0"},
				"up": {"uv": [5.25, 4, 6.25, 4.25], "rotation": 90, "texture": "#0"},
				"down": {"uv": [5.25, 4.75, 6.25, 5], "rotation": 270, "texture": "#0"}
			}
		},
		{
			"from": [2.91464, 0, 6.21684],
			"to": [3.41464, 2, 8.34184],
			"rotation": {"angle": -22.5, "axis": "y", "origin": [3.41464, 2.51, 4.71684]},
			"faces": {
				"east": {"uv": [6.25, 4, 5.25, 5], "texture": "#0"},
				"south": {"uv": [6.25, 4, 6, 5], "texture": "#0"},
				"west": {"uv": [5.25, 4, 6.25, 5], "texture": "#0"},
				"up": {"uv": [5.25, 4.25, 6.25, 4], "rotation": 90, "texture": "#0"},
				"down": {"uv": [5.25, 5, 6.25, 4.75], "rotation": 270, "texture": "#0"}
			}
		},
		{
			"from": [2.29289, 0, 4.70421],
			"to": [5.29289, 4, 5.20421],
			"rotation": {"angle": 45, "axis": "y", "origin": [3.79289, 2.51, 5.20421]},
			"faces": {
				"north": {"uv": [3.75, 3, 5.25, 5], "texture": "#0"},
				"south": {"uv": [5.25, 3, 3.75, 5], "texture": "#0"},
				"west": {"uv": [5.25, 3, 5, 5], "texture": "#0"},
				"up": {"uv": [5.25, 3, 3.75, 3.25], "texture": "#0"},
				"down": {"uv": [5.25, 4.75, 3.75, 5], "texture": "#0"}
			}
		},
		{
			"from": [2.91464, 0, 8.23816],
			"to": [3.41464, 2, 10.36316],
			"rotation": {"angle": 22.5, "axis": "y", "origin": [3.41464, 2.51, 11.86316]},
			"faces": {
				"north": {"uv": [6, 4, 6.25, 5], "texture": "#0"},
				"east": {"uv": [5.25, 4, 6.25, 5], "texture": "#0"},
				"west": {"uv": [6.25, 4, 5.25, 5], "texture": "#0"},
				"up": {"uv": [6.25, 4.25, 5.25, 4], "rotation": 90, "texture": "#0"},
				"down": {"uv": [6.25, 5, 5.25, 4.75], "rotation": 270, "texture": "#0"}
			}
		},
		{
			"from": [2.29289, 0, 11.37579],
			"to": [5.29289, 4, 11.87579],
			"rotation": {"angle": -45, "axis": "y", "origin": [3.79289, 2.51, 11.37579]},
			"faces": {
				"north": {"uv": [3.75, 3, 5.25, 5], "texture": "#0"},
				"south": {"uv": [5.25, 3, 3.75, 5], "texture": "#0"},
				"west": {"uv": [5, 3, 5.25, 5], "texture": "#0"},
				"up": {"uv": [5.25, 3.25, 3.75, 3], "texture": "#0"},
				"down": {"uv": [5.25, 5, 3.75, 4.75], "texture": "#0"}
			}
		},
		{
			"from": [10.70711, 0, 11.37579],
			"to": [13.70711, 4, 11.87579],
			"rotation": {"angle": 45, "axis": "y", "origin": [12.20711, 2.51, 11.37579]},
			"faces": {
				"north": {"uv": [5.25, 3, 3.75, 5], "texture": "#0"},
				"east": {"uv": [5.25, 3, 5, 5], "texture": "#0"},
				"south": {"uv": [3.75, 3, 5.25, 5], "texture": "#0"},
				"up": {"uv": [3.75, 3.25, 5.25, 3], "texture": "#0"},
				"down": {"uv": [3.75, 5, 5.25, 4.75], "texture": "#0"}
			}
		},
		{
			"from": [12.58536, 0, 8.23816],
			"to": [13.08536, 2, 10.36316],
			"rotation": {"angle": -22.5, "axis": "y", "origin": [12.58536, 2.51, 11.86316]},
			"faces": {
				"north": {"uv": [6.25, 4, 6, 5], "texture": "#0"},
				"east": {"uv": [5.25, 4, 6.25, 5], "texture": "#0"},
				"west": {"uv": [6.25, 4, 5.25, 5], "texture": "#0"},
				"up": {"uv": [6.25, 4, 5.25, 4.25], "rotation": 90, "texture": "#0"},
				"down": {"uv": [6.25, 4.75, 5.25, 5], "rotation": 270, "texture": "#0"}
			}
		},
		{
			"from": [4.5, 0, 3.79],
			"to": [11.5, 6, 4.29],
			"rotation": {"angle": 0, "axis": "y", "origin": [0, 0.01, 0.79]},
			"faces": {
				"north": {"uv": [0.25, 2, 3.75, 5], "texture": "#0"},
				"east": {"uv": [0.25, 2, 0.5, 5], "texture": "#0"},
				"south": {"uv": [0.25, 2, 3.75, 5], "texture": "#0"},
				"west": {"uv": [0.25, 2, 0.5, 5], "texture": "#0"},
				"up": {"uv": [0.25, 2, 3.75, 2.25], "texture": "#0"},
				"down": {"uv": [0.25, 4.75, 3.75, 5], "texture": "#0"}
			}
		},
		{
			"name": "emblem",
			"from": [5.5, 1, 3.69],
			"to": [10.5, 4, 4.19],
			"rotation": {"angle": 0, "axis": "y", "origin": [1, 0.01, 0.79]},
			"faces": {
				"north": {"uv": [0, 0, 2.75, 1.75], "texture": "#0"},
				"east": {"uv": [0, 0, 0.25, 0.25], "texture": "#0"},
				"west": {"uv": [0, 0, 0.25, 0.25], "texture": "#0"},
				"up": {"uv": [0, 0, 0.25, 0.25], "texture": "#0"},
				"down": {"uv": [0, 0, 0.25, 0.25], "texture": "#0"}
			}
		}
	],
	"display": {
		"thirdperson_righthand": {
			"rotation": [75, 45, 0],
			"translation": [0, 1.5, 1],
			"scale": [0.375, 0.375, 0.375]
		},
		"thirdperson_lefthand": {
			"rotation": [75, 45, 0],
			"translation": [0, 2, 1.5],
			"scale": [0.375, 0.375, 0.375]
		},
		"firstperson_righthand": {
			"rotation": [0, 45, 0],
			"scale": [0.4, 0.4, 0.4]
		},
		"firstperson_lefthand": {
			"rotation": [0, 225, 0],
			"scale": [0.4, 0.4, 0.4]
		},
		"ground": {
			"translation": [0, 3, 0],
			"scale": [0.25, 0.25, 0.25]
		},
		"gui": {
			"rotation": [30, 225, 0],
			"translation": [0, 3, 0],
			"scale": [0.625, 0.625, 0.625]
		},
		"head": {
			"rotation": [7.5, 0, 0],
			"translation": [0, 19.5, 1.7],
			"scale": [1.89, 1.89, 1.89]
		},
		"fixed": {
			"rotation": [-90, 0, 0],
			"translation": [0, 4, -22],
			"scale": [3.01, 3.01, 3.01]
		}
	}
}