{
	"credit": "Made with Blockbench",
	"texture_size": [32, 32],
	"textures": {
		"0": "item/candy_antlers",
		"particle": "item/candy_antlers"
	},
	"elements": [
		{
			"from": [10, -1.82986, 8.64484],
			"to": [11, 2.17014, 9.64484],
			"rotation": {"angle": 45, "axis": "x", "origin": [12.5, 3.00347, 9.14484]},
			"faces": {
				"north": {"uv": [0, 4, 1, 8], "texture": "#0"},
				"east": {"uv": [3, 8, 2, 4], "texture": "#0"},
				"south": {"uv": [0, 5, 1, 9], "texture": "#0"},
				"west": {"uv": [1, 4.5, 2, 8.5], "texture": "#0"},
				"up": {"uv": [1, 10, 0, 9], "texture": "#0"},
				"down": {"uv": [1, 9, 0, 10], "rotation": 90, "texture": "#0"}
			}
		},
		{
			"from": [5, -1.82986, 8.64484],
			"to": [6, 2.17014, 9.64484],
			"rotation": {"angle": 45, "axis": "x", "origin": [3.5, 3.00347, 9.14484]},
			"faces": {
				"north": {"uv": [1, 4, 0, 8], "texture": "#0"},
				"east": {"uv": [2, 4.5, 1, 8.5], "texture": "#0"},
				"south": {"uv": [1, 5, 0, 9], "texture": "#0"},
				"west": {"uv": [2, 8, 3, 4], "texture": "#0"},
				"up": {"uv": [0, 10, 1, 9], "texture": "#0"},
				"down": {"uv": [1, 10, 0, 9], "rotation": 90, "texture": "#0"}
			}
		},
		{
			"from": [6, 0.5, 5.14137],
			"to": [10, 1.5, 6.14137],
			"rotation": {"angle": -45, "axis": "x", "origin": [10.5, 1, 7.14137]},
			"faces": {
				"north": {"uv": [1, 4.5, 2, 8.5], "rotation": 90, "texture": "#0"},
				"east": {"uv": [1, 10, 0, 9], "rotation": 270, "texture": "#0"},
				"south": {"uv": [3, 8, 2, 4], "rotation": 270, "texture": "#0"},
				"west": {"uv": [1, 10, 0, 9], "texture": "#0"},
				"up": {"uv": [0, 4, 1, 8], "rotation": 270, "texture": "#0"},
				"down": {"uv": [0, 5, 1, 9], "rotation": 270, "texture": "#0"}
			}
		},
		{
			"from": [9.997, 1.997, 6.63837],
			"to": [14.003, 3.003, 7.64437],
			"rotation": {"angle": 45, "axis": "x", "origin": [11.5, 1, 7.14137]},
			"faces": {
				"north": {"uv": [0, 4, 1, 8], "rotation": 270, "texture": "#0"},
				"east": {"uv": [1, 10, 0, 9], "rotation": 90, "texture": "#0"},
				"south": {"uv": [0, 5, 1, 9], "rotation": 90, "texture": "#0"},
				"up": {"uv": [1, 4.5, 2, 8.5], "rotation": 90, "texture": "#0"},
				"down": {"uv": [3, 8, 2, 4], "rotation": 90, "texture": "#0"}
			}
		},
		{
			"from": [10.001, 2.17014, 7.7],
			"to": [11.001, 6.17014, 8.7],
			"rotation": {"angle": 0, "axis": "y", "origin": [10.501, 2.17014, 8.2]},
			"faces": {
				"north": {"uv": [0, 3.5, 1, 7.5], "texture": "#0"},
				"east": {"uv": [3, 8.5, 2, 4.5], "texture": "#0"},
				"south": {"uv": [0, 4.5, 1, 8.5], "texture": "#0"},
				"west": {"uv": [1, 4, 2, 8], "texture": "#0"},
				"up": {"uv": [0, 10, 1, 9], "rotation": 90, "texture": "#0"}
			}
		},
		{
			"from": [11.6342, 1.59663, 7.7],
			"to": [12.6342, 4.59663, 8.7],
			"rotation": {"angle": -22.5, "axis": "z", "origin": [13.1342, 2.84663, 8.2]},
			"faces": {
				"north": {"uv": [0, 3.5, 1, 6.5], "texture": "#0"},
				"east": {"uv": [3, 6.5, 2, 3.5], "texture": "#0"},
				"south": {"uv": [0, 4.5, 1, 7.5], "texture": "#0"},
				"west": {"uv": [1, 4, 2, 7], "texture": "#0"},
				"up": {"uv": [0, 10, 1, 9], "rotation": 90, "texture": "#0"}
			}
		},
		{
			"from": [14.251, 1.8379, 7.7],
			"to": [15.251, 3.8379, 8.7],
			"rotation": {"angle": -45, "axis": "z", "origin": [14.001, 3.9379, 8.2]},
			"faces": {
				"north": {"uv": [6.5, 6, 7.5, 8], "texture": "#0"},
				"east": {"uv": [7.5, 10, 6.5, 8], "texture": "#0"},
				"south": {"uv": [7.5, 6, 8.5, 8], "texture": "#0"},
				"west": {"uv": [7.5, 8, 8.5, 10], "texture": "#0"},
				"up": {"uv": [0, 10, 1, 9], "rotation": 90, "texture": "#0"}
			}
		},
		{
			"from": [4.999, 2.17014, 7.7],
			"to": [5.999, 6.17014, 8.7],
			"rotation": {"angle": 0, "axis": "y", "origin": [3.5, 3.00347, 8.89484]},
			"faces": {
				"north": {"uv": [1, 3.5, 0, 7.5], "texture": "#0"},
				"east": {"uv": [2, 4, 1, 8], "texture": "#0"},
				"south": {"uv": [1, 4.5, 0, 8.5], "texture": "#0"},
				"west": {"uv": [2, 8.5, 3, 4.5], "texture": "#0"},
				"up": {"uv": [0, 9, 1, 10], "rotation": 90, "texture": "#0"}
			}
		},
		{
			"from": [1.997, 1.997, 6.63837],
			"to": [6.003, 3.003, 7.64437],
			"rotation": {"angle": 45, "axis": "x", "origin": [4.5, 1, 7.14137]},
			"faces": {
				"north": {"uv": [0, 8, 1, 4], "rotation": 270, "texture": "#0"},
				"south": {"uv": [0, 9, 1, 5], "rotation": 90, "texture": "#0"},
				"west": {"uv": [1, 9, 0, 10], "rotation": 90, "texture": "#0"},
				"up": {"uv": [1, 8.5, 2, 4.5], "rotation": 90, "texture": "#0"},
				"down": {"uv": [3, 4, 2, 8], "rotation": 90, "texture": "#0"}
			}
		},
		{
			"from": [0.749, 1.8379, 7.7],
			"to": [1.749, 3.8379, 8.7],
			"rotation": {"angle": 45, "axis": "z", "origin": [1.999, 3.9379, 8.2]},
			"faces": {
				"north": {"uv": [7.5, 6, 6.5, 8], "texture": "#0"},
				"east": {"uv": [8.5, 8, 7.5, 10], "texture": "#0"},
				"south": {"uv": [8.5, 6, 7.5, 8], "texture": "#0"},
				"west": {"uv": [6.5, 10, 7.5, 8], "texture": "#0"},
				"up": {"uv": [0, 9, 1, 10], "rotation": 90, "texture": "#0"}
			}
		},
		{
			"from": [3.3658, 1.59663, 7.7],
			"to": [4.3658, 4.59663, 8.7],
			"rotation": {"angle": 22.5, "axis": "z", "origin": [2.8658, 2.84663, 8.2]},
			"faces": {
				"north": {"uv": [1, 3.5, 0, 6.5], "texture": "#0"},
				"east": {"uv": [2, 4, 1, 7], "texture": "#0"},
				"south": {"uv": [1, 4.5, 0, 7.5], "texture": "#0"},
				"west": {"uv": [2, 6.5, 3, 3.5], "texture": "#0"},
				"up": {"uv": [0, 9, 1, 10], "rotation": 90, "texture": "#0"}
			}
		}
	],
	"display": {
		"thirdperson_righthand": {
			"rotation": [75, 45, 0],
			"translation": [0, 1.5, 1],
			"scale": [0.375, 0.375, 0.375]
		},
		"thirdperson_lefthand": {
			"rotation": [75, 45, 0],
			"translation": [0, 1.5, 1],
			"scale": [0.375, 0.375, 0.375]
		},
		"firstperson_righthand": {
			"rotation": [0, 45, 0],
			"scale": [0.4, 0.4, 0.4]
		},
		"firstperson_lefthand": {
			"rotation": [0, 225, 0],
			"scale": [0.4, 0.4, 0.4]
		},
		"ground": {
			"translation": [0, 3, 0],
			"scale": [0.25, 0.25, 0.25]
		},
		"gui": {
			"rotation": [30, 225, 0],
			"translation": [0, 3, 0],
			"scale": [0.625, 0.625, 0.625]
		},
		"head": {
			"translation": [0, 22, 0],
			"scale": [2.12, 2.12, 2.12]
		},
		"fixed": {
			"rotation": [-90, 0, 0],
			"translation": [0, 0, -16],
			"scale": [2, 2, 2]
		}
	}
}