{
	"credit": "Made with Blockbench",
	"texture_size": [32, 32],
	"textures": {
		"0": "item/chef_hat",
		"particle": "item/chef_hat"
	},
	"elements": [
		{
			"from": [4, 0, 4],
			"to": [12, 6, 12],
			"rotation": {"angle": 0, "axis": "y", "origin": [0, -2, 0]},
			"faces": {
				"north": {"uv": [0, 0, 8, 6], "texture": "#0"},
				"east": {"uv": [0, 0, 8, 6], "texture": "#0"},
				"south": {"uv": [0, 0, 8, 6], "texture": "#0"},
				"west": {"uv": [0, 0, 8, 6], "texture": "#0"},
				"up": {"uv": [0, 8, 8, 16], "texture": "#0"},
				"down": {"uv": [8, 0, 16, 8], "texture": "#0"}
			}
		},
		{
			"from": [4, 4, 11.41421],
			"to": [6, 6, 13.41421],
			"rotation": {"angle": 45, "axis": "x", "origin": [8, 6, 13.41421]},
			"faces": {
				"north": {"uv": [2, 6.5, 4, 8.5], "rotation": 90, "texture": "#0"},
				"east": {"uv": [2, 6.5, 4, 8.5], "rotation": 90, "texture": "#0"},
				"south": {"uv": [2, 6.5, 4, 8.5], "rotation": 90, "texture": "#0"},
				"west": {"uv": [2, 6.5, 4, 8.5], "rotation": 90, "texture": "#0"},
				"up": {"uv": [0, 6.5, 2, 8.5], "rotation": 90, "texture": "#0"}
			}
		},
		{
			"from": [6, 4, 11.41421],
			"to": [7, 5, 13.41421],
			"rotation": {"angle": 45, "axis": "x", "origin": [8, 6, 13.41421]},
			"faces": {
				"north": {"uv": [5, 6.5, 6, 7.5], "rotation": 90, "texture": "#0"},
				"south": {"uv": [5, 6.5, 6, 7.5], "rotation": 90, "texture": "#0"},
				"up": {"uv": [4, 6.5, 6, 7.5], "rotation": 90, "texture": "#0"}
			}
		},
		{
			"from": [9, 4, 11.41421],
			"to": [10, 5, 13.41421],
			"rotation": {"angle": 45, "axis": "x", "origin": [8, 6, 13.41421]},
			"faces": {
				"north": {"uv": [5, 6.5, 6, 7.5], "rotation": 90, "texture": "#0"},
				"south": {"uv": [5, 6.5, 6, 7.5], "rotation": 90, "texture": "#0"},
				"up": {"uv": [4, 6.5, 6, 7.5], "rotation": 90, "texture": "#0"}
			}
		},
		{
			"from": [7, 4, 11.41421],
			"to": [9, 6, 13.41421],
			"rotation": {"angle": 45, "axis": "x", "origin": [8, 6, 13.41421]},
			"faces": {
				"north": {"uv": [2, 6.5, 4, 8.5], "rotation": 90, "texture": "#0"},
				"east": {"uv": [2, 6.5, 4, 8.5], "rotation": 90, "texture": "#0"},
				"south": {"uv": [2, 6.5, 4, 8.5], "rotation": 90, "texture": "#0"},
				"west": {"uv": [2, 6.5, 4, 8.5], "rotation": 90, "texture": "#0"},
				"up": {"uv": [0, 6.5, 2, 8.5], "rotation": 90, "texture": "#0"}
			}
		},
		{
			"from": [10, 4, 11.41421],
			"to": [12, 6, 13.41421],
			"rotation": {"angle": 45, "axis": "x", "origin": [8, 6, 13.41421]},
			"faces": {
				"north": {"uv": [2, 6.5, 4, 8.5], "rotation": 90, "texture": "#0"},
				"east": {"uv": [2, 6.5, 4, 8.5], "rotation": 90, "texture": "#0"},
				"south": {"uv": [2, 6.5, 4, 8.5], "rotation": 90, "texture": "#0"},
				"west": {"uv": [2, 6.5, 4, 8.5], "rotation": 90, "texture": "#0"},
				"up": {"uv": [0, 6.5, 2, 8.5], "rotation": 90, "texture": "#0"}
			}
		},
		{
			"from": [10, 4, 2.58579],
			"to": [12, 6, 4.58579],
			"rotation": {"angle": -45, "axis": "x", "origin": [8, 6, 2.58579]},
			"faces": {
				"north": {"uv": [2, 8.5, 4, 6.5], "rotation": 90, "texture": "#0"},
				"east": {"uv": [2, 8.5, 4, 6.5], "rotation": 90, "texture": "#0"},
				"south": {"uv": [2, 8.5, 4, 6.5], "rotation": 90, "texture": "#0"},
				"west": {"uv": [2, 8.5, 4, 6.5], "rotation": 90, "texture": "#0"},
				"up": {"uv": [2, 6.5, 0, 8.5], "rotation": 90, "texture": "#0"}
			}
		},
		{
			"from": [9, 4, 2.58579],
			"to": [10, 5, 4.58579],
			"rotation": {"angle": -45, "axis": "x", "origin": [8, 6, 2.58579]},
			"faces": {
				"north": {"uv": [5, 7.5, 6, 6.5], "rotation": 90, "texture": "#0"},
				"south": {"uv": [5, 7.5, 6, 6.5], "rotation": 90, "texture": "#0"},
				"up": {"uv": [6, 6.5, 4, 7.5], "rotation": 90, "texture": "#0"}
			}
		},
		{
			"from": [7, 4, 2.58579],
			"to": [9, 6, 4.58579],
			"rotation": {"angle": -45, "axis": "x", "origin": [8, 6, 2.58579]},
			"faces": {
				"north": {"uv": [2, 8.5, 4, 6.5], "rotation": 90, "texture": "#0"},
				"east": {"uv": [2, 8.5, 4, 6.5], "rotation": 90, "texture": "#0"},
				"south": {"uv": [2, 8.5, 4, 6.5], "rotation": 90, "texture": "#0"},
				"west": {"uv": [2, 8.5, 4, 6.5], "rotation": 90, "texture": "#0"},
				"up": {"uv": [2, 6.5, 0, 8.5], "rotation": 90, "texture": "#0"}
			}
		},
		{
			"from": [6, 4, 2.58579],
			"to": [7, 5, 4.58579],
			"rotation": {"angle": -45, "axis": "x", "origin": [8, 6, 2.58579]},
			"faces": {
				"north": {"uv": [5, 7.5, 6, 6.5], "rotation": 90, "texture": "#0"},
				"south": {"uv": [5, 7.5, 6, 6.5], "rotation": 90, "texture": "#0"},
				"up": {"uv": [6, 6.5, 4, 7.5], "rotation": 90, "texture": "#0"}
			}
		},
		{
			"from": [4, 4, 2.58579],
			"to": [6, 6, 4.58579],
			"rotation": {"angle": -45, "axis": "x", "origin": [8, 6, 2.58579]},
			"faces": {
				"north": {"uv": [2, 8.5, 4, 6.5], "rotation": 90, "texture": "#0"},
				"east": {"uv": [2, 8.5, 4, 6.5], "rotation": 90, "texture": "#0"},
				"south": {"uv": [2, 8.5, 4, 6.5], "rotation": 90, "texture": "#0"},
				"west": {"uv": [2, 8.5, 4, 6.5], "rotation": 90, "texture": "#0"},
				"up": {"uv": [2, 6.5, 0, 8.5], "rotation": 90, "texture": "#0"}
			}
		},
		{
			"from": [9.70342, 7.77665, 10],
			"to": [11.70342, 9.77665, 12],
			"rotation": {"angle": -45, "axis": "z", "origin": [8, 5.82322, 8]},
			"faces": {
				"north": {"uv": [2, 8.5, 4, 6.5], "rotation": 90, "texture": "#0"},
				"east": {"uv": [2, 8.5, 4, 6.5], "rotation": 90, "texture": "#0"},
				"south": {"uv": [2, 8.5, 4, 6.5], "rotation": 90, "texture": "#0"},
				"west": {"uv": [2, 8.5, 4, 6.5], "rotation": 90, "texture": "#0"},
				"up": {"uv": [2, 6.5, 0, 8.5], "rotation": 180, "texture": "#0"}
			}
		},
		{
			"from": [9.70342, 7.77665, 9],
			"to": [11.70342, 8.77665, 10],
			"rotation": {"angle": -45, "axis": "z", "origin": [8, 5.82322, 8]},
			"faces": {
				"east": {"uv": [5, 7.5, 6, 6.5], "rotation": 90, "texture": "#0"},
				"west": {"uv": [5, 7.5, 6, 6.5], "rotation": 90, "texture": "#0"},
				"up": {"uv": [6, 6.5, 4, 7.5], "rotation": 180, "texture": "#0"}
			}
		},
		{
			"from": [9.70342, 7.77665, 7],
			"to": [11.70342, 9.77665, 9],
			"rotation": {"angle": -45, "axis": "z", "origin": [8, 5.82322, 8]},
			"faces": {
				"north": {"uv": [2, 8.5, 4, 6.5], "rotation": 90, "texture": "#0"},
				"east": {"uv": [2, 8.5, 4, 6.5], "rotation": 90, "texture": "#0"},
				"south": {"uv": [2, 8.5, 4, 6.5], "rotation": 90, "texture": "#0"},
				"west": {"uv": [2, 8.5, 4, 6.5], "rotation": 90, "texture": "#0"},
				"up": {"uv": [2, 6.5, 0, 8.5], "rotation": 180, "texture": "#0"}
			}
		},
		{
			"from": [9.70342, 7.77665, 6],
			"to": [11.70342, 8.77665, 7],
			"rotation": {"angle": -45, "axis": "z", "origin": [8, 5.82322, 8]},
			"faces": {
				"east": {"uv": [5, 7.5, 6, 6.5], "rotation": 90, "texture": "#0"},
				"west": {"uv": [5, 7.5, 6, 6.5], "rotation": 90, "texture": "#0"},
				"up": {"uv": [6, 6.5, 4, 7.5], "rotation": 180, "texture": "#0"}
			}
		},
		{
			"from": [9.70342, 7.77665, 4],
			"to": [11.70342, 9.77665, 6],
			"rotation": {"angle": -45, "axis": "z", "origin": [8, 5.82322, 8]},
			"faces": {
				"north": {"uv": [2, 8.5, 4, 6.5], "rotation": 90, "texture": "#0"},
				"east": {"uv": [2, 8.5, 4, 6.5], "rotation": 90, "texture": "#0"},
				"south": {"uv": [2, 8.5, 4, 6.5], "rotation": 90, "texture": "#0"},
				"west": {"uv": [2, 8.5, 4, 6.5], "rotation": 90, "texture": "#0"},
				"up": {"uv": [2, 6.5, 0, 8.5], "rotation": 180, "texture": "#0"}
			}
		},
		{
			"from": [4.29658, 7.77665, 10],
			"to": [6.29658, 9.77665, 12],
			"rotation": {"angle": 45, "axis": "z", "origin": [8, 5.82322, 8]},
			"faces": {
				"north": {"uv": [2, 6.5, 4, 8.5], "rotation": 90, "texture": "#0"},
				"east": {"uv": [2, 6.5, 4, 8.5], "rotation": 90, "texture": "#0"},
				"south": {"uv": [2, 6.5, 4, 8.5], "rotation": 90, "texture": "#0"},
				"west": {"uv": [2, 6.5, 4, 8.5], "rotation": 90, "texture": "#0"},
				"up": {"uv": [0, 6.5, 2, 8.5], "rotation": 180, "texture": "#0"}
			}
		},
		{
			"from": [4.29658, 7.77665, 9],
			"to": [6.29658, 8.77665, 10],
			"rotation": {"angle": 45, "axis": "z", "origin": [8, 5.82322, 8]},
			"faces": {
				"east": {"uv": [5, 6.5, 6, 7.5], "rotation": 90, "texture": "#0"},
				"west": {"uv": [5, 6.5, 6, 7.5], "rotation": 90, "texture": "#0"},
				"up": {"uv": [4, 6.5, 6, 7.5], "rotation": 180, "texture": "#0"}
			}
		},
		{
			"from": [4.29658, 7.77665, 7],
			"to": [6.29658, 9.77665, 9],
			"rotation": {"angle": 45, "axis": "z", "origin": [8, 5.82322, 8]},
			"faces": {
				"north": {"uv": [2, 6.5, 4, 8.5], "rotation": 90, "texture": "#0"},
				"east": {"uv": [2, 6.5, 4, 8.5], "rotation": 90, "texture": "#0"},
				"south": {"uv": [2, 6.5, 4, 8.5], "rotation": 90, "texture": "#0"},
				"west": {"uv": [2, 6.5, 4, 8.5], "rotation": 90, "texture": "#0"},
				"up": {"uv": [0, 6.5, 2, 8.5], "rotation": 180, "texture": "#0"}
			}
		},
		{
			"from": [4.29658, 7.77665, 6],
			"to": [6.29658, 8.77665, 7],
			"rotation": {"angle": 45, "axis": "z", "origin": [8, 5.82322, 8]},
			"faces": {
				"east": {"uv": [5, 6.5, 6, 7.5], "rotation": 90, "texture": "#0"},
				"west": {"uv": [5, 6.5, 6, 7.5], "rotation": 90, "texture": "#0"},
				"up": {"uv": [4, 6.5, 6, 7.5], "rotation": 180, "texture": "#0"}
			}
		},
		{
			"from": [4.29658, 7.77665, 4],
			"to": [6.29658, 9.77665, 6],
			"rotation": {"angle": 45, "axis": "z", "origin": [8, 5.82322, 8]},
			"faces": {
				"north": {"uv": [2, 6.5, 4, 8.5], "rotation": 90, "texture": "#0"},
				"east": {"uv": [2, 6.5, 4, 8.5], "rotation": 90, "texture": "#0"},
				"south": {"uv": [2, 6.5, 4, 8.5], "rotation": 90, "texture": "#0"},
				"west": {"uv": [2, 6.5, 4, 8.5], "rotation": 90, "texture": "#0"},
				"up": {"uv": [0, 6.5, 2, 8.5], "rotation": 180, "texture": "#0"}
			}
		}
	],
	"display": {
		"thirdperson_righthand": {
			"rotation": [75, 45, 0],
			"translation": [0, 1.5, 1],
			"scale": [0.375, 0.375, 0.375]
		},
		"thirdperson_lefthand": {
			"rotation": [75, 45, 0],
			"translation": [0, 2.5, 0.75],
			"scale": [0.375, 0.375, 0.375]
		},
		"firstperson_righthand": {
			"rotation": [0, 45, 0],
			"scale": [0.4, 0.4, 0.4]
		},
		"firstperson_lefthand": {
			"rotation": [0, 225, 0],
			"scale": [0.4, 0.4, 0.4]
		},
		"ground": {
			"translation": [0, 3, 0],
			"scale": [0.25, 0.25, 0.25]
		},
		"gui": {
			"rotation": [30, 225, 0],
			"translation": [0, 3, 0],
			"scale": [0.625, 0.625, 0.625]
		},
		"head": {
			"rotation": [7.5, 0, 0],
			"translation": [0, 18, 2],
			"scale": [1.95, 1.95, 1.95]
		},
		"fixed": {
			"rotation": [-90, 0, 0],
			"translation": [0, 0, -22],
			"scale": [3.01, 3.01, 3.01]
		}
	}
}