{
	"credit": "Made with Blockbench",
	"ambientocclusion": false,
	"texture_size": [8, 2],
	"textures": {
		"0": "item/halo",
		"particle": "item/halo"
	},
	"elements": [
		{
			"from": [11, 0, 12],
			"to": [13, 1, 14],
			"faces": {
				"north": {"uv": [1, 0, 3, 0.5], "texture": "#0"},
				"east": {"uv": [1, 0, 2, 0.5], "texture": "#0"},
				"south": {"uv": [1, 0, 3, 0.5], "texture": "#0"},
				"west": {"uv": [1, 0, 2, 0.5], "texture": "#0"},
				"up": {"uv": [4, 0, 8, 16], "rotation": 270, "texture": "#0"},
				"down": {"uv": [4, 0, 8, 16], "rotation": 90, "texture": "#0"}
			}
		},
		{
			"from": [5, 0, 13],
			"to": [11, 1, 15],
			"rotation": {"angle": 0, "axis": "y", "origin": [8, 0.5, 8]},
			"faces": {
				"north": {"uv": [1, 0, 7, 0.5], "texture": "#0"},
				"east": {"uv": [1, 0, 2, 0.5], "texture": "#0"},
				"south": {"uv": [1, 0, 7, 0.5], "texture": "#0"},
				"west": {"uv": [1, 0, 2, 0.5], "texture": "#0"},
				"up": {"uv": [2, 0, 14, 8], "rotation": 180, "texture": "#0"},
				"down": {"uv": [2, 0, 14, 8], "rotation": 180, "texture": "#0"}
			}
		},
		{
			"from": [3, 0, 12],
			"to": [5, 1, 14],
			"rotation": {"angle": 0, "axis": "y", "origin": [4, 0.5, 13.5]},
			"faces": {
				"north": {"uv": [1, 0, 3, 0.5], "texture": "#0"},
				"east": {"uv": [1, 0, 2, 0.5], "texture": "#0"},
				"south": {"uv": [1, 0, 2, 1], "rotation": 90, "texture": "#0"},
				"west": {"uv": [1, 0, 2, 0.5], "texture": "#0"},
				"up": {"uv": [4, 0, 8, 16], "rotation": 270, "texture": "#0"},
				"down": {"uv": [4, 0, 8, 16], "rotation": 90, "texture": "#0"}
			}
		},
		{
			"from": [11, 0, 2],
			"to": [13, 1, 4],
			"rotation": {"angle": 0, "axis": "y", "origin": [8, 0.5, 1.75]},
			"faces": {
				"north": {"uv": [1, 0, 2, 1], "rotation": 90, "texture": "#0"},
				"east": {"uv": [1, 0, 2, 0.5], "texture": "#0"},
				"south": {"uv": [1, 0, 3, 0.5], "texture": "#0"},
				"west": {"uv": [1, 0, 2, 0.5], "texture": "#0"},
				"up": {"uv": [4, 0, 8, 16], "rotation": 90, "texture": "#0"},
				"down": {"uv": [4, 0, 8, 16], "rotation": 270, "texture": "#0"}
			}
		},
		{
			"from": [5, 0, 1],
			"to": [11, 1, 3],
			"rotation": {"angle": 0, "axis": "y", "origin": [8, 0.5, 1.75]},
			"faces": {
				"north": {"uv": [2, 0, 14, 8], "rotation": 90, "texture": "#0"},
				"east": {"uv": [2, 0, 14, 8], "rotation": 90, "texture": "#0"},
				"south": {"uv": [2, 0, 14, 8], "rotation": 90, "texture": "#0"},
				"west": {"uv": [2, 0, 14, 8], "rotation": 90, "texture": "#0"},
				"up": {"uv": [2, 0, 14, 8], "rotation": 180, "texture": "#0"},
				"down": {"uv": [2, 0, 14, 8], "rotation": 180, "texture": "#0"}
			}
		},
		{
			"from": [3, 0, 2],
			"to": [5, 1, 4],
			"rotation": {"angle": 0, "axis": "y", "origin": [8, 0.5, 1.75]},
			"faces": {
				"north": {"uv": [1, 0, 3, 0.5], "texture": "#0"},
				"east": {"uv": [1, 0, 2, 0.5], "texture": "#0"},
				"south": {"uv": [1, 0, 3, 0.5], "texture": "#0"},
				"west": {"uv": [1, 0, 2, 0.5], "texture": "#0"},
				"up": {"uv": [4, 0, 8, 16], "rotation": 90, "texture": "#0"},
				"down": {"uv": [4, 0, 8, 16], "rotation": 270, "texture": "#0"}
			}
		},
		{
			"from": [12, 0, 11],
			"to": [14, 1, 13],
			"rotation": {"angle": 0, "axis": "y", "origin": [8, 0.5, 8]},
			"faces": {
				"north": {"uv": [1, 0, 2, 0.5], "texture": "#0"},
				"east": {"uv": [1, 0, 2, 1], "rotation": 90, "texture": "#0"},
				"south": {"uv": [1, 0, 2, 0.5], "texture": "#0"},
				"west": {"uv": [1, 0, 3, 0.5], "texture": "#0"},
				"up": {"uv": [4, 0, 8, 16], "rotation": 180, "texture": "#0"},
				"down": {"uv": [4, 0, 8, 16], "rotation": 180, "texture": "#0"}
			}
		},
		{
			"from": [13, 0, 5],
			"to": [15, 1, 11],
			"rotation": {"angle": 0, "axis": "y", "origin": [8, 0.5, 8]},
			"faces": {
				"north": {"uv": [1, 0, 2, 0.5], "texture": "#0"},
				"east": {"uv": [1, 0, 7, 0.5], "texture": "#0"},
				"south": {"uv": [1, 0, 2, 0.5], "texture": "#0"},
				"west": {"uv": [1, 0, 7, 0.5], "texture": "#0"},
				"up": {"uv": [2, 0, 14, 8], "rotation": 90, "texture": "#0"},
				"down": {"uv": [2, 0, 14, 8], "rotation": 90, "texture": "#0"}
			}
		},
		{
			"from": [12, 0, 3],
			"to": [14, 1, 5],
			"rotation": {"angle": 0, "axis": "y", "origin": [8, 0.5, 8]},
			"faces": {
				"north": {"uv": [1, 0, 2, 0.5], "texture": "#0"},
				"east": {"uv": [1, 0, 3, 0.5], "texture": "#0"},
				"south": {"uv": [1, 0, 2, 0.5], "texture": "#0"},
				"west": {"uv": [1, 0, 3, 0.5], "texture": "#0"},
				"up": {"uv": [4, 0, 8, 16], "rotation": 180, "texture": "#0"},
				"down": {"uv": [4, 0, 8, 16], "rotation": 180, "texture": "#0"}
			}
		},
		{
			"from": [2, 0, 11],
			"to": [4, 1, 13],
			"rotation": {"angle": 0, "axis": "y", "origin": [8, 0.5, 8]},
			"faces": {
				"north": {"uv": [1, 0, 2, 0.5], "texture": "#0"},
				"east": {"uv": [1, 0, 3, 0.5], "texture": "#0"},
				"south": {"uv": [1, 0, 2, 0.5], "texture": "#0"},
				"west": {"uv": [1, 0, 3, 0.5], "texture": "#0"},
				"up": {"uv": [4, 0, 8, 16], "texture": "#0"},
				"down": {"uv": [4, 0, 8, 16], "texture": "#0"}
			}
		},
		{
			"from": [1, 0, 5],
			"to": [3, 1, 11],
			"rotation": {"angle": 0, "axis": "y", "origin": [8, 0.5, 8]},
			"faces": {
				"north": {"uv": [2, 0, 14, 8], "rotation": 90, "texture": "#0"},
				"east": {"uv": [2, 0, 14, 8], "rotation": 90, "texture": "#0"},
				"south": {"uv": [2, 0, 14, 8], "rotation": 90, "texture": "#0"},
				"west": {"uv": [2, 0, 14, 8], "rotation": 90, "texture": "#0"},
				"up": {"uv": [2, 0, 14, 8], "rotation": 90, "texture": "#0"},
				"down": {"uv": [2, 0, 14, 8], "rotation": 90, "texture": "#0"}
			}
		},
		{
			"from": [2, 0, 3],
			"to": [4, 1, 5],
			"rotation": {"angle": 0, "axis": "y", "origin": [8, 0.5, 8]},
			"faces": {
				"north": {"uv": [2, 0, 14, 8], "rotation": 90, "texture": "#0"},
				"east": {"uv": [2, 0, 14, 8], "rotation": 90, "texture": "#0"},
				"south": {"uv": [2, 0, 14, 8], "rotation": 90, "texture": "#0"},
				"west": {"uv": [2, 0, 14, 8], "rotation": 90, "texture": "#0"},
				"up": {"uv": [4, 0, 8, 16], "texture": "#0"},
				"down": {"uv": [4, 0, 8, 16], "texture": "#0"}
			}
		}
	],
	"display": {
		"thirdperson_righthand": {
			"rotation": [75, 45, 0],
			"translation": [0, 1.5, 1],
			"scale": [0.375, 0.375, 0.375]
		},
		"thirdperson_lefthand": {
			"rotation": [75, 45, 0],
			"translation": [0, 2.5, 0.75],
			"scale": [0.375, 0.375, 0.375]
		},
		"firstperson_righthand": {
			"rotation": [0, 45, 0],
			"scale": [0.4, 0.4, 0.4]
		},
		"firstperson_lefthand": {
			"rotation": [0, 225, 0],
			"scale": [0.4, 0.4, 0.4]
		},
		"ground": {
			"translation": [0, 3, 0],
			"scale": [0.25, 0.25, 0.25]
		},
		"gui": {
			"rotation": [30, 225, 0],
			"translation": [0, 3, 0],
			"scale": [0.625, 0.625, 0.625]
		},
		"head": {
			"rotation": [7.5, 0, 0],
			"translation": [0, 25, 1.25],
			"scale": [1.45, 1.45, 1.45]
		},
		"fixed": {
			"rotation": [-90, 0, 0],
			"translation": [0, 0, -80],
			"scale": [2.67, 2.67, 2.67]
		}
	}
}