{
	"credit": "Made with Blockbench",
	"texture_size": [32, 32],
	"textures": {
		"0": "item/atelier_witch_hat_tetia",
		"particle": "item/atelier_witch_hat_tetia"
	},
	"elements": [
		{
			"from": [4.5, 0, 4.78029],
			"to": [11.5, 0.5, 5.03029],
			"rotation": {"angle": 0, "axis": "y", "origin": [10.75, 3.84216, 5.16529]},
			"faces": {
				"north": {"uv": [15.5, 9, 16, 16], "rotation": 90, "texture": "#0"},
				"east": {"uv": [27, 20, 32, 32], "rotation": 90, "texture": "#0"},
				"south": {"uv": [27, 20, 32, 32], "rotation": 90, "texture": "#0"},
				"west": {"uv": [27, 20, 32, 32], "rotation": 90, "texture": "#0"},
				"up": {"uv": [27, 20, 32, 32], "rotation": 90, "texture": "#0"},
				"down": {"uv": [27, 20, 32, 32], "rotation": 90, "texture": "#0"}
			}
		},
		{
			"from": [5, 0.5, 4.78029],
			"to": [11, 1, 5.03029],
			"rotation": {"angle": 0, "axis": "y", "origin": [10.75, 3.84216, 5.16529]},
			"faces": {
				"north": {"uv": [15, 10, 15.5, 16], "rotation": 90, "texture": "#0"},
				"east": {"uv": [27, 20, 32, 32], "rotation": 90, "texture": "#0"},
				"west": {"uv": [27, 20, 32, 32], "rotation": 90, "texture": "#0"},
				"up": {"uv": [27, 20, 32, 32], "rotation": 90, "texture": "#0"}
			}
		},
		{
			"from": [5.5, 1, 4.78029],
			"to": [10.5, 1.5, 5.03029],
			"rotation": {"angle": 0, "axis": "y", "origin": [10.75, 3.84216, 5.16529]},
			"faces": {
				"north": {"uv": [14.5, 11, 15, 16], "rotation": 90, "texture": "#0"},
				"east": {"uv": [27, 20, 32, 32], "rotation": 90, "texture": "#0"},
				"west": {"uv": [27, 20, 32, 32], "rotation": 90, "texture": "#0"},
				"up": {"uv": [27, 20, 32, 32], "rotation": 90, "texture": "#0"}
			}
		},
		{
			"from": [6, 1.5, 4.78029],
			"to": [10, 2, 5.03029],
			"rotation": {"angle": 0, "axis": "y", "origin": [10.75, 3.84216, 5.16529]},
			"faces": {
				"north": {"uv": [14, 12, 14.5, 16], "rotation": 90, "texture": "#0"},
				"east": {"uv": [27, 20, 32, 32], "rotation": 90, "texture": "#0"},
				"west": {"uv": [27, 20, 32, 32], "rotation": 90, "texture": "#0"},
				"up": {"uv": [27, 20, 32, 32], "rotation": 90, "texture": "#0"}
			}
		},
		{
			"from": [6.5, 2, 4.78029],
			"to": [9.5, 2.5, 5.03029],
			"rotation": {"angle": 0, "axis": "y", "origin": [10.75, 3.84216, 5.16529]},
			"faces": {
				"north": {"uv": [13.5, 13, 14, 16], "rotation": 90, "texture": "#0"},
				"east": {"uv": [27, 20, 32, 32], "rotation": 90, "texture": "#0"},
				"south": {"uv": [27, 20, 32, 32], "rotation": 90, "texture": "#0"},
				"west": {"uv": [27, 20, 32, 32], "rotation": 90, "texture": "#0"},
				"up": {"uv": [27, 20, 32, 32], "rotation": 90, "texture": "#0"}
			}
		},
		{
			"from": [7, 2.5, 4.78029],
			"to": [9, 3, 5.03029],
			"rotation": {"angle": 0, "axis": "y", "origin": [10.75, 3.84216, 5.16529]},
			"faces": {
				"north": {"uv": [13, 14, 13.5, 16], "rotation": 90, "texture": "#0"},
				"east": {"uv": [27, 20, 32, 32], "rotation": 90, "texture": "#0"},
				"south": {"uv": [27, 20, 32, 32], "rotation": 90, "texture": "#0"},
				"west": {"uv": [27, 20, 32, 32], "rotation": 90, "texture": "#0"},
				"up": {"uv": [27, 20, 32, 32], "rotation": 90, "texture": "#0"}
			}
		},
		{
			"from": [7.5, 3, 4.78029],
			"to": [8.5, 3.5, 5.03029],
			"rotation": {"angle": 0, "axis": "y", "origin": [10.75, 3.84216, 5.16529]},
			"faces": {
				"north": {"uv": [12.5, 15, 13, 16], "rotation": 90, "texture": "#0"},
				"east": {"uv": [27, 20, 32, 32], "rotation": 90, "texture": "#0"},
				"south": {"uv": [27, 20, 32, 32], "rotation": 90, "texture": "#0"},
				"west": {"uv": [27, 20, 32, 32], "rotation": 90, "texture": "#0"},
				"up": {"uv": [27, 20, 32, 32], "rotation": 90, "texture": "#0"}
			}
		},
		{
			"from": [9.65901, 13.09216, 7.75],
			"to": [10.15901, 13.34216, 8.25],
			"rotation": {"angle": -45, "axis": "z", "origin": [6.40901, 4.59216, 6.5]},
			"faces": {
				"north": {"uv": [6, 6, 7, 6.5], "texture": "#0"},
				"east": {"uv": [6, 6, 7, 6.5], "texture": "#0"},
				"south": {"uv": [6, 6, 7, 6.5], "texture": "#0"},
				"west": {"uv": [6, 6, 7, 6.5], "texture": "#0"},
				"up": {"uv": [6, 6, 7, 7], "texture": "#0"},
				"down": {"uv": [0, 0, 0, 0], "texture": "#0"}
			}
		},
		{
			"from": [5.84099, 13.09216, 7.75],
			"to": [6.34099, 13.34216, 8.25],
			"rotation": {"angle": 45, "axis": "z", "origin": [9.59099, 4.59216, 6.5]},
			"faces": {
				"north": {"uv": [7, 6, 6, 6.5], "texture": "#0"},
				"east": {"uv": [7, 6, 6, 6.5], "texture": "#0"},
				"south": {"uv": [7, 6, 6, 6.5], "texture": "#0"},
				"west": {"uv": [7, 6, 6, 6.5], "texture": "#0"},
				"up": {"uv": [7, 6, 6, 7], "texture": "#0"},
				"down": {"uv": [0, 0, 0, 0], "texture": "#0"}
			}
		},
		{
			"from": [-0.42444, 2.85899, 8],
			"to": [0.32556, 7.85899, 8],
			"rotation": {"angle": -22.5, "axis": "z", "origin": [-0.04944, 4.85899, 8]},
			"faces": {
				"north": {"uv": [8, 6, 11, 6.5], "rotation": 90, "texture": "#0"},
				"south": {"uv": [8, 6, 11, 6.5], "rotation": 90, "texture": "#0"}
			}
		},
		{
			"from": [0.75216, 1.77414, 8],
			"to": [1.50216, 7.77414, 8],
			"rotation": {"angle": 0, "axis": "z", "origin": [1.12716, 4.77414, 8]},
			"faces": {
				"north": {"uv": [8, 6, 11, 6.5], "rotation": 90, "texture": "#0"},
				"south": {"uv": [8, 6, 11, 6.5], "rotation": 90, "texture": "#0"}
			}
		},
		{
			"from": [15.67444, 2.85899, 8],
			"to": [16.42444, 7.85899, 8],
			"rotation": {"angle": 22.5, "axis": "z", "origin": [16.04944, 4.85899, 8]},
			"faces": {
				"north": {"uv": [8, 6.5, 11, 6], "rotation": 90, "texture": "#0"},
				"south": {"uv": [8, 6.5, 11, 6], "rotation": 90, "texture": "#0"}
			}
		},
		{
			"from": [14.49784, 1.77414, 8],
			"to": [15.24784, 7.77414, 8],
			"rotation": {"angle": 0, "axis": "z", "origin": [14.87284, 4.77414, 8]},
			"faces": {
				"north": {"uv": [8, 6.5, 11, 6], "rotation": 90, "texture": "#0"},
				"south": {"uv": [8, 6.5, 11, 6], "rotation": 90, "texture": "#0"}
			}
		},
		{
			"from": [5.01, 0.01, 5.01],
			"to": [10.99, 1.99, 10.99],
			"rotation": {"angle": 0, "axis": "y", "origin": [0.25, 0, -1]},
			"faces": {
				"north": {"uv": [0, 0, 6.35, 2], "texture": "#0"},
				"east": {"uv": [1, 14, 7, 16], "texture": "#0"},
				"south": {"uv": [12, 0, 14, 6], "rotation": 90, "texture": "#0"},
				"west": {"uv": [1, 14, 7, 16], "texture": "#0"},
				"down": {"uv": [6, 0, 12, 6], "texture": "#0"}
			}
		},
		{
			"from": [3.14124, 4.75596, 5],
			"to": [9.14124, 6.24596, 11],
			"rotation": {"angle": -45, "axis": "z", "origin": [4.64124, -0.00404, 6.5]},
			"faces": {
				"north": {"uv": [0, 6, 6, 7.5], "texture": "#0"},
				"east": {"uv": [1, 14.5, 7, 16], "texture": "#0"},
				"south": {"uv": [0, 6, 6, 7.5], "texture": "#0"},
				"up": {"uv": [0, 0, 6, 6], "texture": "#0"},
				"down": {"uv": [6, 0, 12, 6], "texture": "#0"}
			}
		},
		{
			"from": [5.30529, 0.42034, 5],
			"to": [7.29529, 2.41034, 11],
			"rotation": {"angle": -45, "axis": "z", "origin": [7.83029, -0.36466, 6.5]},
			"faces": {
				"north": {"uv": [0, 6, 6, 7.5], "texture": "#0"},
				"south": {"uv": [7, 14, 9, 16], "texture": "#0"}
			}
		},
		{
			"from": [3.64124, 6.24596, 5.5],
			"to": [8.64124, 7.74596, 10.5],
			"rotation": {"angle": -45, "axis": "z", "origin": [4.64124, -0.00404, 6.5]},
			"faces": {
				"north": {"uv": [0, 7.5, 5, 9], "texture": "#0"},
				"east": {"uv": [2, 13, 7, 14.5], "texture": "#0"},
				"south": {"uv": [0, 7.5, 5, 9], "texture": "#0"},
				"west": {"uv": [2, 13, 7, 14.5], "texture": "#0"},
				"up": {"uv": [0.5, 0.5, 5.5, 5.5], "texture": "#0"}
			}
		},
		{
			"from": [4.14124, 7.74596, 6],
			"to": [8.14124, 9.24596, 10],
			"rotation": {"angle": -45, "axis": "z", "origin": [4.64124, -0.00404, 6.5]},
			"faces": {
				"north": {"uv": [0, 9, 4, 10.5], "texture": "#0"},
				"east": {"uv": [3, 11.5, 7, 13], "texture": "#0"},
				"south": {"uv": [0, 9, 4, 10.5], "texture": "#0"},
				"west": {"uv": [3, 11.5, 7, 13], "texture": "#0"},
				"up": {"uv": [1, 1, 5, 5], "texture": "#0"}
			}
		},
		{
			"from": [4.64124, 9.24596, 6.5],
			"to": [7.64124, 10.74596, 9.5],
			"rotation": {"angle": -45, "axis": "z", "origin": [4.64124, -0.00404, 6.5]},
			"faces": {
				"north": {"uv": [0, 10.5, 3, 12], "texture": "#0"},
				"east": {"uv": [4, 10, 7, 11.5], "texture": "#0"},
				"south": {"uv": [0, 10.5, 3, 12], "texture": "#0"},
				"west": {"uv": [4, 10, 7, 11.5], "texture": "#0"},
				"up": {"uv": [1.5, 1.5, 4.5, 4.5], "texture": "#0"}
			}
		},
		{
			"from": [5.14124, 10.74596, 7],
			"to": [7.14124, 12.24596, 9],
			"rotation": {"angle": -45, "axis": "z", "origin": [4.64124, -0.00404, 6.5]},
			"faces": {
				"north": {"uv": [0, 12, 2, 13.5], "texture": "#0"},
				"east": {"uv": [7, 12.5, 9, 14], "texture": "#0"},
				"south": {"uv": [0, 12, 2, 13.5], "texture": "#0"},
				"west": {"uv": [7, 12.5, 9, 14], "texture": "#0"},
				"up": {"uv": [2, 2, 4, 4], "texture": "#0"}
			}
		},
		{
			"from": [6.34835, 11.95293, 7.5001],
			"to": [7.34835, 12.70293, 8.5001],
			"rotation": {"angle": -45, "axis": "z", "origin": [5.34835, 0.70293, 6.5001]},
			"faces": {
				"north": {"uv": [6, 6, 7, 7], "texture": "#0"},
				"east": {"uv": [6, 6, 7, 7], "texture": "#0"},
				"south": {"uv": [6, 6, 7, 7], "texture": "#0"},
				"west": {"uv": [6, 6, 7, 7], "texture": "#0"},
				"up": {"uv": [6, 6, 7, 7], "texture": "#0"}
			}
		},
		{
			"from": [8.65165, 11.95293, 7.5001],
			"to": [9.65165, 12.70293, 8.5001],
			"rotation": {"angle": 45, "axis": "z", "origin": [10.65165, 0.70293, 6.5001]},
			"faces": {
				"north": {"uv": [7, 6, 6, 7], "texture": "#0"},
				"east": {"uv": [7, 6, 6, 7], "texture": "#0"},
				"south": {"uv": [7, 6, 6, 7], "texture": "#0"},
				"west": {"uv": [7, 6, 6, 7], "texture": "#0"},
				"up": {"uv": [7, 6, 6, 7], "texture": "#0"}
			}
		},
		{
			"from": [8.85876, 10.74596, 7],
			"to": [10.85876, 12.24596, 9],
			"rotation": {"angle": 45, "axis": "z", "origin": [11.35876, -0.00404, 6.5]},
			"faces": {
				"north": {"uv": [2, 12, 0, 13.5], "texture": "#0"},
				"east": {"uv": [9, 12.5, 7, 14], "texture": "#0"},
				"south": {"uv": [2, 12, 0, 13.5], "texture": "#0"},
				"west": {"uv": [9, 12.5, 7, 14], "texture": "#0"},
				"up": {"uv": [2, 2, 4, 4], "texture": "#0"}
			}
		},
		{
			"from": [8.35876, 9.24596, 6.5],
			"to": [11.35876, 10.74596, 9.5],
			"rotation": {"angle": 45, "axis": "z", "origin": [11.35876, -0.00404, 6.5]},
			"faces": {
				"north": {"uv": [3, 10.5, 0, 12], "texture": "#0"},
				"east": {"uv": [4, 10, 7, 11.5], "texture": "#0"},
				"south": {"uv": [3, 10.5, 0, 12], "texture": "#0"},
				"west": {"uv": [4, 10, 7, 11.5], "texture": "#0"},
				"up": {"uv": [4.5, 1.5, 1.5, 4.5], "texture": "#0"}
			}
		},
		{
			"from": [7.85876, 7.74596, 6],
			"to": [11.85876, 9.24596, 10],
			"rotation": {"angle": 45, "axis": "z", "origin": [11.35876, -0.00404, 6.5]},
			"faces": {
				"north": {"uv": [4, 9, 0, 10.5], "texture": "#0"},
				"east": {"uv": [3, 11.5, 7, 13], "texture": "#0"},
				"south": {"uv": [4, 9, 0, 10.5], "texture": "#0"},
				"west": {"uv": [3, 11.5, 7, 13], "texture": "#0"},
				"up": {"uv": [5, 1, 1, 5], "texture": "#0"}
			}
		},
		{
			"from": [7.35876, 6.24596, 5.5],
			"to": [12.35876, 7.74596, 10.5],
			"rotation": {"angle": 45, "axis": "z", "origin": [11.35876, -0.00404, 6.5]},
			"faces": {
				"north": {"uv": [5, 7.5, 0, 9], "texture": "#0"},
				"east": {"uv": [2, 13, 7, 14.5], "texture": "#0"},
				"south": {"uv": [5, 7.5, 0, 9], "texture": "#0"},
				"west": {"uv": [2, 13, 7, 14.5], "texture": "#0"},
				"up": {"uv": [5.5, 0.5, 0.5, 5.5], "texture": "#0"}
			}
		},
		{
			"from": [6.85976, 4.75696, 5.001],
			"to": [12.85776, 6.24496, 10.999],
			"rotation": {"angle": 45, "axis": "z", "origin": [11.35876, -0.00404, 6.5]},
			"faces": {
				"north": {"uv": [6, 6, 0, 7.5], "texture": "#0"},
				"south": {"uv": [6, 6, 0, 7.5], "texture": "#0"},
				"west": {"uv": [7, 14.5, 1, 16], "texture": "#0"},
				"up": {"uv": [6, 0, 0, 6], "texture": "#0"},
				"down": {"uv": [12, 0, 6, 6], "texture": "#0"}
			}
		},
		{
			"from": [11, 0.5, 4.9],
			"to": [12, 1.5, 4.9],
			"faces": {
				"north": {"uv": [7, 7, 8, 8], "texture": "#0"},
				"east": {"uv": [7, 7, 8, 8], "texture": "#0"},
				"south": {"uv": [0, 0, 0.5, 0.5], "texture": "#0"},
				"west": {"uv": [0, 0, 0, 0.5], "texture": "#0"},
				"up": {"uv": [0, 0, 0.5, 0], "texture": "#0"},
				"down": {"uv": [0, 0, 0.5, 0], "texture": "#0"}
			}
		},
		{
			"from": [10.5, 1, 4.9],
			"to": [11.5, 2, 4.9],
			"faces": {
				"north": {"uv": [7, 7, 8, 8], "texture": "#0"},
				"east": {"uv": [7, 7, 8, 8], "texture": "#0"},
				"south": {"uv": [0, 0, 0.5, 0.5], "texture": "#0"},
				"west": {"uv": [0, 0, 0, 0.5], "texture": "#0"},
				"up": {"uv": [0, 0, 0.5, 0], "texture": "#0"},
				"down": {"uv": [0, 0, 0.5, 0], "texture": "#0"}
			}
		},
		{
			"from": [9.5, 2, 4.9],
			"to": [10.5, 3, 4.9],
			"faces": {
				"north": {"uv": [7, 7, 8, 8], "texture": "#0"},
				"east": {"uv": [7, 7, 8, 8], "texture": "#0"},
				"south": {"uv": [0, 0, 0.5, 0.5], "texture": "#0"},
				"west": {"uv": [0, 0, 0, 0.5], "texture": "#0"},
				"up": {"uv": [0, 0, 0.5, 0], "texture": "#0"},
				"down": {"uv": [0, 0, 0.5, 0], "texture": "#0"}
			}
		},
		{
			"from": [10, 1.5, 4.9],
			"to": [11, 2.5, 4.9],
			"faces": {
				"north": {"uv": [7, 7, 8, 8], "texture": "#0"},
				"east": {"uv": [7, 7, 8, 8], "texture": "#0"},
				"south": {"uv": [0, 0, 0.5, 0.5], "texture": "#0"},
				"west": {"uv": [0, 0, 0, 0.5], "texture": "#0"},
				"up": {"uv": [0, 0, 0.5, 0], "texture": "#0"},
				"down": {"uv": [0, 0, 0.5, 0], "texture": "#0"}
			}
		},
		{
			"from": [8.5, 3, 4.9],
			"to": [9.5, 4, 4.9],
			"faces": {
				"north": {"uv": [7, 7, 8, 8], "texture": "#0"},
				"east": {"uv": [7, 7, 8, 8], "texture": "#0"},
				"south": {"uv": [0, 0, 0.5, 0.5], "texture": "#0"},
				"west": {"uv": [0, 0, 0, 0.5], "texture": "#0"},
				"up": {"uv": [0, 0, 0.5, 0], "texture": "#0"},
				"down": {"uv": [0, 0, 0.5, 0], "texture": "#0"}
			}
		},
		{
			"from": [9, 2.5, 4.9],
			"to": [10, 3.5, 4.9],
			"faces": {
				"north": {"uv": [7, 7, 8, 8], "texture": "#0"},
				"east": {"uv": [7, 7, 8, 8], "texture": "#0"},
				"south": {"uv": [0, 0, 0.5, 0.5], "texture": "#0"},
				"west": {"uv": [0, 0, 0, 0.5], "texture": "#0"},
				"up": {"uv": [0, 0, 0.5, 0], "texture": "#0"},
				"down": {"uv": [0, 0, 0.5, 0], "texture": "#0"}
			}
		},
		{
			"from": [4, 0.5, 4.9],
			"to": [5, 1.5, 4.9],
			"rotation": {"angle": 0, "axis": "y", "origin": [16, 0, 0]},
			"faces": {
				"north": {"uv": [8, 7, 7, 8], "texture": "#0"},
				"east": {"uv": [0, 0, 0, 0.5], "texture": "#0"},
				"south": {"uv": [0.5, 0, 0, 0.5], "texture": "#0"},
				"west": {"uv": [8, 7, 7, 8], "texture": "#0"},
				"up": {"uv": [0.5, 0, 0, 0], "texture": "#0"},
				"down": {"uv": [0.5, 0, 0, 0], "texture": "#0"}
			}
		},
		{
			"from": [4.5, 1, 4.9],
			"to": [5.5, 2, 4.9],
			"rotation": {"angle": 0, "axis": "y", "origin": [16, 0, 0]},
			"faces": {
				"north": {"uv": [8, 7, 7, 8], "texture": "#0"},
				"east": {"uv": [0, 0, 0, 0.5], "texture": "#0"},
				"south": {"uv": [0.5, 0, 0, 0.5], "texture": "#0"},
				"west": {"uv": [8, 7, 7, 8], "texture": "#0"},
				"up": {"uv": [0.5, 0, 0, 0], "texture": "#0"},
				"down": {"uv": [0.5, 0, 0, 0], "texture": "#0"}
			}
		},
		{
			"from": [5, 1.5, 4.9],
			"to": [6, 2.5, 4.9],
			"rotation": {"angle": 0, "axis": "y", "origin": [16, 0, 0]},
			"faces": {
				"north": {"uv": [8, 7, 7, 8], "texture": "#0"},
				"east": {"uv": [0, 0, 0, 0.5], "texture": "#0"},
				"south": {"uv": [0.5, 0, 0, 0.5], "texture": "#0"},
				"west": {"uv": [8, 7, 7, 8], "texture": "#0"},
				"up": {"uv": [0.5, 0, 0, 0], "texture": "#0"},
				"down": {"uv": [0.5, 0, 0, 0], "texture": "#0"}
			}
		},
		{
			"from": [5.5, 2, 4.9],
			"to": [6.5, 3, 4.9],
			"rotation": {"angle": 0, "axis": "y", "origin": [16, 0, 0]},
			"faces": {
				"north": {"uv": [8, 7, 7, 8], "texture": "#0"},
				"east": {"uv": [0, 0, 0, 0.5], "texture": "#0"},
				"south": {"uv": [0.5, 0, 0, 0.5], "texture": "#0"},
				"west": {"uv": [8, 7, 7, 8], "texture": "#0"},
				"up": {"uv": [0.5, 0, 0, 0], "texture": "#0"},
				"down": {"uv": [0.5, 0, 0, 0], "texture": "#0"}
			}
		},
		{
			"from": [6, 2.5, 4.9],
			"to": [7, 3.5, 4.9],
			"rotation": {"angle": 0, "axis": "y", "origin": [16, 0, 0]},
			"faces": {
				"north": {"uv": [8, 7, 7, 8], "texture": "#0"},
				"east": {"uv": [0, 0, 0, 0.5], "texture": "#0"},
				"south": {"uv": [0.5, 0, 0, 0.5], "texture": "#0"},
				"west": {"uv": [8, 7, 7, 8], "texture": "#0"},
				"up": {"uv": [0.5, 0, 0, 0], "texture": "#0"},
				"down": {"uv": [0.5, 0, 0, 0], "texture": "#0"}
			}
		},
		{
			"from": [6.5, 3, 4.9],
			"to": [7.5, 4, 4.9],
			"rotation": {"angle": 0, "axis": "y", "origin": [16, 0, 0]},
			"faces": {
				"north": {"uv": [8, 7, 7, 8], "texture": "#0"},
				"east": {"uv": [0, 0, 0, 0.5], "texture": "#0"},
				"south": {"uv": [0.5, 0, 0, 0.5], "texture": "#0"},
				"west": {"uv": [8, 7, 7, 8], "texture": "#0"},
				"up": {"uv": [0.5, 0, 0, 0], "texture": "#0"},
				"down": {"uv": [0.5, 0, 0, 0], "texture": "#0"}
			}
		}
	],
	"display": {
		"thirdperson_righthand": {
			"rotation": [75, 45, 0],
			"translation": [0, 1.5, 1],
			"scale": [0.375, 0.375, 0.375]
		},
		"thirdperson_lefthand": {
			"rotation": [75, 45, 0],
			"translation": [0, 2.5, 0.75],
			"scale": [0.375, 0.375, 0.375]
		},
		"firstperson_righthand": {
			"rotation": [0, 45, 0],
			"scale": [0.4, 0.4, 0.4]
		},
		"firstperson_lefthand": {
			"rotation": [0, 225, 0],
			"scale": [0.4, 0.4, 0.4]
		},
		"ground": {
			"translation": [0, 3, 0],
			"scale": [0.25, 0.25, 0.25]
		},
		"gui": {
			"rotation": [30, 225, 0],
			"translation": [0, 2, 0],
			"scale": [0.625, 0.625, 0.625]
		},
		"head": {
			"rotation": [7.5, 0, 0],
			"translation": [0, 23.75, 2.5],
			"scale": [2.65, 2.65, 2.65]
		},
		"fixed": {
			"rotation": [-90, 0, 0],
			"translation": [0, 0.25, -30],
			"scale": [4, 4, 4]
		}
	},
	"groups": [
		{
			"name": "front",
			"origin": [10.75, 3.5, 5.125],
			"color": 0,
			"children": [0, 1, 2, 3, 4, 5, 6]
		},
		{
			"name": "point",
			"origin": [6.5, 4.25, 6.5],
			"color": 0,
			"children": [7, 8, 9, 10, 11, 12]
		},
		13,
		14,
		15,
		16,
		17,
		18,
		19,
		20,
		21,
		22,
		23,
		24,
		25,
		26,
		27,
		28,
		29,
		30,
		31,
		32,
		33,
		34,
		35,
		36,
		37,
		38
	]
}