{
	"credit": "Made with Blockbench",
	"texture_size": [64, 64],
	"textures": {
		"0": "item/parappa_hat",
		"particle": "item/parappa_hat"
	},
	"elements": [
		{
			"from": [4, 2, 4],
			"to": [12, 4, 12],
			"rotation": {"angle": 0, "axis": "y", "origin": [0, 0, -0.25]},
			"faces": {
				"north": {"uv": [9, 0, 13, 1], "texture": "#0"},
				"east": {"uv": [9, 1, 13, 2], "texture": "#0"},
				"south": {"uv": [9, 3, 13, 4], "texture": "#0"},
				"west": {"uv": [9, 2, 13, 3], "texture": "#0"},
				"up": {"uv": [0.25, 0.25, 4.25, 4.25], "texture": "#0"}
			}
		},
		{
			"from": [4.5, 4, 4.5],
			"to": [11.5, 5, 11.5],
			"rotation": {"angle": 0, "axis": "y", "origin": [0, 0, -0.5]},
			"faces": {
				"north": {"uv": [4.5, 4, 8, 4.5], "texture": "#0"},
				"east": {"uv": [4.5, 4.5, 8, 5], "texture": "#0"},
				"south": {"uv": [4.5, 5, 8, 5.5], "texture": "#0"},
				"west": {"uv": [4.5, 5.5, 8, 6], "texture": "#0"},
				"up": {"uv": [0.5, 0.5, 4, 4], "texture": "#0"}
			}
		},
		{
			"from": [5.5, 6, 5.5],
			"to": [10.5, 6.5, 10.5],
			"rotation": {"angle": 0, "axis": "y", "origin": [0, 0, -0.5]},
			"faces": {
				"north": {"uv": [11, 4, 13.5, 4.25], "texture": "#0"},
				"east": {"uv": [11, 4.25, 13.5, 4.5], "texture": "#0"},
				"south": {"uv": [11, 4.5, 13.5, 4.75], "texture": "#0"},
				"west": {"uv": [11, 4.75, 13.5, 5], "texture": "#0"},
				"up": {"uv": [1, 1, 3.5, 3.5], "texture": "#0"}
			}
		},
		{
			"from": [5, 5, 5],
			"to": [11, 6, 11],
			"rotation": {"angle": 0, "axis": "y", "origin": [0, 0, -0.5]},
			"faces": {
				"north": {"uv": [8, 4, 11, 4.5], "texture": "#0"},
				"east": {"uv": [8, 4.5, 11, 5], "texture": "#0"},
				"south": {"uv": [8, 5, 11, 5.5], "texture": "#0"},
				"west": {"uv": [8, 5.5, 11, 6], "texture": "#0"},
				"up": {"uv": [0.75, 0.75, 3.75, 3.75], "texture": "#0"}
			}
		},
		{
			"from": [6.5, 6.5, 6.5],
			"to": [9.5, 7, 9.5],
			"rotation": {"angle": 0, "axis": "y", "origin": [0, 0, -0.5]},
			"faces": {
				"north": {"uv": [11, 5, 12.5, 5.25], "texture": "#0"},
				"east": {"uv": [11, 5.25, 12.5, 5.5], "texture": "#0"},
				"south": {"uv": [11, 5.5, 12.5, 5.75], "texture": "#0"},
				"west": {"uv": [11, 5.75, 12.5, 6], "texture": "#0"},
				"up": {"uv": [1.5, 1.5, 3, 3], "texture": "#0"}
			}
		},
		{
			"from": [3.5, 0, 3.5],
			"to": [12.5, 2, 12.5],
			"faces": {
				"north": {"uv": [4.5, 0, 9, 1], "texture": "#0"},
				"east": {"uv": [4.5, 1, 9, 2], "texture": "#0"},
				"south": {"uv": [4.5, 2, 9, 3], "texture": "#0"},
				"west": {"uv": [4.5, 3, 9, 4], "texture": "#0"},
				"up": {"uv": [0, 0, 4.5, 4.5], "texture": "#0"},
				"down": {"uv": [0, 4.5, 4.5, 9], "texture": "#0"}
			}
		},
		{
			"from": [0.92678, -4.31586, 7.625],
			"to": [2.92678, 0.68414, 8.375],
			"rotation": {"angle": -45, "axis": "z", "origin": [3.92678, -4.06586, 8]},
			"faces": {
				"north": {"uv": [15.75, 0.25, 16, 0], "rotation": 270, "texture": "#0"},
				"east": {"uv": [15.75, 0.25, 16, 0], "rotation": 270, "texture": "#0"},
				"south": {"uv": [15.75, 0.25, 16, 0], "rotation": 270, "texture": "#0"},
				"west": {"uv": [15.75, 0.25, 16, 0], "rotation": 270, "texture": "#0"},
				"up": {"uv": [15.75, 0.25, 16, 0], "rotation": 270, "texture": "#0"},
				"down": {"uv": [15.75, 0.25, 16, 0], "rotation": 270, "texture": "#0"}
			}
		},
		{
			"from": [1.04289, -3.53553, 7.625],
			"to": [3.04289, -1.53553, 8.375],
			"rotation": {"angle": 0, "axis": "z", "origin": [4.29289, -3.53553, 10]},
			"faces": {
				"north": {"uv": [15.75, 0.25, 16, 0], "rotation": 270, "texture": "#0"},
				"east": {"uv": [15.75, 0.25, 16, 0], "rotation": 270, "texture": "#0"},
				"south": {"uv": [15.75, 0.25, 16, 0], "rotation": 270, "texture": "#0"},
				"west": {"uv": [15.75, 0.25, 16, 0], "rotation": 270, "texture": "#0"},
				"up": {"uv": [15.75, 0.25, 16, 0], "rotation": 270, "texture": "#0"},
				"down": {"uv": [15.75, 0.25, 16, 0], "rotation": 270, "texture": "#0"}
			}
		},
		{
			"from": [1.94355, -2.06345, 7.625],
			"to": [4.19355, -0.06345, 8.375],
			"rotation": {"angle": 22.5, "axis": "z", "origin": [5.19355, -3.06345, 8]},
			"faces": {
				"north": {"uv": [15.75, 0.25, 16, 0], "rotation": 270, "texture": "#0"},
				"east": {"uv": [15.75, 0.25, 16, 0], "rotation": 270, "texture": "#0"},
				"south": {"uv": [15.75, 0.25, 16, 0], "rotation": 270, "texture": "#0"},
				"west": {"uv": [15.75, 0.25, 16, 0], "rotation": 270, "texture": "#0"},
				"up": {"uv": [15.75, 0.25, 16, 0], "rotation": 270, "texture": "#0"},
				"down": {"uv": [15.75, 0.25, 16, 0], "rotation": 270, "texture": "#0"}
			}
		},
		{
			"from": [11.80645, -2.06345, 7.625],
			"to": [14.05645, -0.06345, 8.375],
			"rotation": {"angle": -22.5, "axis": "z", "origin": [10.80645, -3.06345, 8]},
			"faces": {
				"north": {"uv": [15.75, 0, 16, 0.25], "rotation": 270, "texture": "#0"},
				"east": {"uv": [15.75, 0, 16, 0.25], "rotation": 270, "texture": "#0"},
				"south": {"uv": [15.75, 0, 16, 0.25], "rotation": 270, "texture": "#0"},
				"west": {"uv": [15.75, 0, 16, 0.25], "rotation": 270, "texture": "#0"},
				"up": {"uv": [15.75, 0, 16, 0.25], "rotation": 270, "texture": "#0"},
				"down": {"uv": [15.75, 0, 16, 0.25], "rotation": 270, "texture": "#0"}
			}
		},
		{
			"from": [12.95711, -3.53553, 7.625],
			"to": [14.95711, -1.53553, 8.375],
			"rotation": {"angle": 0, "axis": "z", "origin": [11.70711, -3.53553, 10]},
			"faces": {
				"north": {"uv": [15.75, 0, 16, 0.25], "rotation": 270, "texture": "#0"},
				"east": {"uv": [15.75, 0, 16, 0.25], "rotation": 270, "texture": "#0"},
				"south": {"uv": [15.75, 0, 16, 0.25], "rotation": 270, "texture": "#0"},
				"west": {"uv": [15.75, 0, 16, 0.25], "rotation": 270, "texture": "#0"},
				"up": {"uv": [15.75, 0, 16, 0.25], "rotation": 270, "texture": "#0"},
				"down": {"uv": [15.75, 0, 16, 0.25], "rotation": 270, "texture": "#0"}
			}
		},
		{
			"from": [13.07322, -4.31586, 7.625],
			"to": [15.07322, 0.68414, 8.375],
			"rotation": {"angle": 45, "axis": "z", "origin": [12.07322, -4.06586, 8]},
			"faces": {
				"north": {"uv": [15.75, 0, 16, 0.25], "rotation": 270, "texture": "#0"},
				"east": {"uv": [15.75, 0, 16, 0.25], "rotation": 270, "texture": "#0"},
				"south": {"uv": [15.75, 0, 16, 0.25], "rotation": 270, "texture": "#0"},
				"west": {"uv": [15.75, 0, 16, 0.25], "rotation": 270, "texture": "#0"},
				"up": {"uv": [15.75, 0, 16, 0.25], "rotation": 270, "texture": "#0"},
				"down": {"uv": [15.75, 0, 16, 0.25], "rotation": 270, "texture": "#0"}
			}
		},
		{
			"from": [6.75, 0.25, 3.475],
			"to": [9.25, 1.75, 3.475],
			"faces": {
				"north": {"uv": [0, 13, 5, 16], "texture": "#0"},
				"east": {"uv": [0, 0, 0.0625, 0.375], "texture": "#missing"},
				"west": {"uv": [0, 0, 0.0625, 0.375], "texture": "#missing"},
				"up": {"uv": [0, 0, 0.625, 0.0625], "texture": "#missing"},
				"down": {"uv": [0, 0, 0.625, 0.0625], "texture": "#missing"}
			}
		}
	],
	"display": {
		"thirdperson_righthand": {
			"rotation": [75, 45, 0],
			"translation": [0, 1.5, 1],
			"scale": [0.375, 0.375, 0.375]
		},
		"thirdperson_lefthand": {
			"rotation": [75, 45, 0],
			"translation": [0, 2.5, 0.75],
			"scale": [0.375, 0.375, 0.375]
		},
		"firstperson_righthand": {
			"rotation": [0, 45, 0],
			"scale": [0.4, 0.4, 0.4]
		},
		"firstperson_lefthand": {
			"rotation": [0, 225, 0],
			"scale": [0.4, 0.4, 0.4]
		},
		"ground": {
			"translation": [0, 3, 0],
			"scale": [0.25, 0.25, 0.25]
		},
		"gui": {
			"rotation": [30, 225, 0],
			"translation": [0, 3, 0],
			"scale": [0.625, 0.625, 0.625]
		},
		"head": {
			"rotation": [7.5, 0, 0],
			"translation": [0, 17.25, 1.75],
			"scale": [1.83, 1.83, 1.83]
		},
		"fixed": {
			"rotation": [-90, 0, 0],
			"translation": [0, 0, -19.25],
			"scale": [2.67, 2.67, 2.67]
		}
	},
	"groups": [
		{
			"name": "1st try",
			"origin": [0, 0, -0.0625],
			"color": 0,
			"children": [0, 1, 2, 3, 4, 5, 6, 7, 8, 9, 10, 11]
		},
		12
	]
}