{
	"credit": "Made with Blockbench",
	"texture_size": [32, 32],
	"textures": {
		"0": "item/atelier_witch_hat_kukrow",
		"particle": "item/atelier_witch_hat_kukrow"
	},
	"elements": [
		{
			"from": [4.9999, 0.0099, 4.9999],
			"to": [11.0001, 1.5001, 11.0001],
			"rotation": {"angle": 0, "axis": "x", "origin": [6.5, 4.25, 6.5]},
			"faces": {
				"east": {"uv": [0, 6, 6, 7.5], "texture": "#0"},
				"south": {"uv": [0, 6, 6, 7.5], "texture": "#0"},
				"west": {"uv": [0, 6, 6, 7.5], "texture": "#0"},
				"up": {"uv": [0, 0, 6, 6], "texture": "#0"},
				"down": {"uv": [6, 0, 12, 6], "texture": "#0"}
			}
		},
		{
			"from": [5.5, 1.5, 5.5],
			"to": [10.5, 3, 10.5],
			"rotation": {"angle": 0, "axis": "x", "origin": [6.5, 4.25, 6.5]},
			"faces": {
				"north": {"uv": [0, 7.5, 5, 9], "texture": "#0"},
				"east": {"uv": [0, 7.5, 5, 9], "texture": "#0"},
				"south": {"uv": [0, 7.5, 5, 9], "texture": "#0"},
				"west": {"uv": [0, 7.5, 5, 9], "texture": "#0"},
				"up": {"uv": [0.5, 0.5, 5.5, 5.5], "texture": "#0"}
			}
		},
		{
			"from": [6, 3, 6],
			"to": [10, 4.5, 10],
			"rotation": {"angle": 0, "axis": "x", "origin": [6.5, 4.25, 6.5]},
			"faces": {
				"north": {"uv": [0, 9, 4, 10.5], "texture": "#0"},
				"east": {"uv": [0, 9, 4, 10.5], "texture": "#0"},
				"south": {"uv": [0, 9, 4, 10.5], "texture": "#0"},
				"west": {"uv": [0, 9, 4, 10.5], "texture": "#0"},
				"up": {"uv": [1, 1, 5, 5], "texture": "#0"}
			}
		},
		{
			"from": [6.5, 4.5, 6.5],
			"to": [9.5, 6, 9.5],
			"rotation": {"angle": 0, "axis": "x", "origin": [6.5, 4.25, 6.5]},
			"faces": {
				"north": {"uv": [0, 10.5, 3, 12], "texture": "#0"},
				"east": {"uv": [0, 10.5, 3, 12], "texture": "#0"},
				"south": {"uv": [0, 10.5, 3, 12], "texture": "#0"},
				"west": {"uv": [0, 10.5, 3, 12], "texture": "#0"},
				"up": {"uv": [1.5, 1.5, 4.5, 4.5], "texture": "#0"}
			}
		},
		{
			"from": [7, 6, 7],
			"to": [9, 7.5, 9],
			"rotation": {"angle": 0, "axis": "x", "origin": [6.5, 4.25, 6.5]},
			"faces": {
				"north": {"uv": [0, 12, 2, 13.5], "texture": "#0"},
				"east": {"uv": [0, 12, 2, 13.5], "texture": "#0"},
				"south": {"uv": [0, 12, 2, 13.5], "texture": "#0"},
				"west": {"uv": [0, 12, 2, 13.5], "texture": "#0"},
				"up": {"uv": [2, 2, 4, 4], "texture": "#0"}
			}
		},
		{
			"from": [7.5, 7.5, 7.5],
			"to": [8.5, 8.25, 8.5],
			"rotation": {"angle": 0, "axis": "x", "origin": [6.5, 4.25, 6.5]},
			"faces": {
				"north": {"uv": [0, 13.5, 1, 15], "texture": "#0"},
				"east": {"uv": [0, 13.5, 1, 15], "texture": "#0"},
				"south": {"uv": [0, 13.5, 1, 15], "texture": "#0"},
				"west": {"uv": [0, 13.5, 1, 15], "texture": "#0"},
				"up": {"uv": [2.5, 2.5, 3.5, 3.5], "texture": "#0"}
			}
		},
		{
			"from": [7.5, 8.25, 7.5],
			"to": [8.5, 8.75, 8.5],
			"rotation": {"angle": 0, "axis": "x", "origin": [6.5, 4.25, 6.5]},
			"faces": {
				"north": {"uv": [6, 6.5, 7, 7], "texture": "#0"},
				"east": {"uv": [6, 6.5, 7, 7], "texture": "#0"},
				"south": {"uv": [6, 6.5, 7, 7], "texture": "#0"},
				"west": {"uv": [6, 6.5, 7, 7], "texture": "#0"},
				"up": {"uv": [6, 6, 7, 7], "texture": "#0"}
			}
		},
		{
			"from": [7.499, 0.39531, 11.9162],
			"to": [8.5012, 0.89751, 12.1684],
			"rotation": {"angle": -45, "axis": "x", "origin": [-0.5, 0.39631, 0.85369]},
			"faces": {
				"north": {"uv": [5, 7.5, 7, 8.5], "texture": "#0"},
				"east": {"uv": [7, 6.5, 6, 7], "rotation": 270, "texture": "#0"},
				"south": {"uv": [5, 7.5, 7, 8.5], "texture": "#0"},
				"west": {"uv": [6, 6.5, 7, 7], "rotation": 90, "texture": "#0"},
				"up": {"uv": [6, 6.5, 7, 7], "rotation": 180, "texture": "#0"},
				"down": {"uv": [5, 8, 7, 8.5], "texture": "#0"}
			}
		},
		{
			"from": [8.5, 7.39621, 8.60345],
			"to": [9.0002, 8.39641, 8.85365],
			"rotation": {"angle": -45, "axis": "x", "origin": [8.0001, 8.39631, 8.85355]},
			"faces": {
				"north": {"uv": [5, 7.5, 7, 8.5], "rotation": 270, "texture": "#0"},
				"east": {"uv": [5, 7.5, 7, 8], "rotation": 90, "texture": "#0"},
				"south": {"uv": [5, 7.5, 7, 8.5], "rotation": 90, "texture": "#0"},
				"west": {"uv": [5, 8, 7, 8.5], "rotation": 90, "texture": "#0"},
				"up": {"uv": [6, 6.5, 7, 7], "rotation": 180, "texture": "#0"},
				"down": {"uv": [7, 6.5, 6, 7], "texture": "#0"}
			}
		},
		{
			"from": [7, 7.51738, 7.48227],
			"to": [7.5002, 8.51758, 7.73247],
			"rotation": {"angle": -45, "axis": "x", "origin": [8.5001, 9.81038, 8.43948]},
			"faces": {
				"north": {"uv": [5, 7.5, 7, 8.5], "rotation": 90, "texture": "#0"},
				"east": {"uv": [5, 8, 7, 8.5], "rotation": 90, "texture": "#0"},
				"south": {"uv": [5, 7.5, 7, 8.5], "rotation": 270, "texture": "#0"},
				"west": {"uv": [5, 7.5, 7, 8], "rotation": 90, "texture": "#0"},
				"up": {"uv": [6, 6.5, 7, 7], "texture": "#0"},
				"down": {"uv": [6, 6.5, 7, 7], "texture": "#0"}
			}
		},
		{
			"from": [7.5, 7.01738, 7.48227],
			"to": [8.5002, 7.51758, 7.73247],
			"rotation": {"angle": -45, "axis": "x", "origin": [8.5001, 9.81038, 8.43948]},
			"faces": {
				"north": {"uv": [5, 7.5, 7, 8.5], "rotation": 180, "texture": "#0"},
				"east": {"uv": [7, 6.5, 6, 7], "rotation": 90, "texture": "#0"},
				"south": {"uv": [5, 7.5, 7, 8.5], "rotation": 180, "texture": "#0"},
				"west": {"uv": [7, 6.5, 6, 7], "rotation": 90, "texture": "#0"},
				"up": {"uv": [5, 8, 7, 8.5], "texture": "#0"},
				"down": {"uv": [5, 7.5, 7, 8], "texture": "#0"}
			}
		},
		{
			"from": [5, 0, 4.99],
			"to": [11, 2.5, 5.24],
			"rotation": {"angle": 0, "axis": "y", "origin": [10.75, 3.5, 5.125]},
			"faces": {
				"north": {"uv": [13.5, 10, 16, 16], "rotation": 90, "texture": "#0"},
				"east": {"uv": [13.5, 10, 14, 12.5], "texture": "#0"},
				"south": {"uv": [13.5, 10, 16, 16], "rotation": 90, "texture": "#0"},
				"west": {"uv": [13.5, 10, 14, 12.5], "texture": "#0"},
				"up": {"uv": [13.5, 10, 14, 16], "rotation": 90, "texture": "#0"},
				"down": {"uv": [6, 11, 11.5, 11.5], "texture": "#0"}
			}
		},
		{
			"from": [5.5, 2.5, 5.24],
			"to": [10.5, 3.5, 5.49],
			"rotation": {"angle": 0, "axis": "y", "origin": [9.75, 2.5, 5.275]},
			"faces": {
				"north": {"uv": [12, 11, 13, 16], "rotation": 90, "texture": "#0"},
				"east": {"uv": [12, 15.5, 13.5, 16], "rotation": 90, "texture": "#0"},
				"south": {"uv": [12, 11, 13, 16], "rotation": 90, "texture": "#0"},
				"west": {"uv": [12, 15.5, 13.5, 16], "rotation": 90, "texture": "#0"},
				"up": {"uv": [12, 11, 12.5, 16], "rotation": 90, "texture": "#0"},
				"down": {"uv": [0, 0, 0.125, 2.5], "rotation": 270, "texture": "#0"}
			}
		},
		{
			"from": [6, 3.5, 5.24],
			"to": [10, 4, 5.49],
			"rotation": {"angle": 0, "axis": "y", "origin": [9.75, 2.5, 5.275]},
			"faces": {
				"north": {"uv": [11.5, 11.5, 12, 15.5], "rotation": 90, "texture": "#0"},
				"east": {"uv": [11.5, 15, 12, 15.5], "rotation": 90, "texture": "#0"},
				"south": {"uv": [11.5, 11.5, 12, 15.5], "rotation": 90, "texture": "#0"},
				"west": {"uv": [11.5, 11.5, 12, 12], "rotation": 90, "texture": "#0"},
				"up": {"uv": [11.5, 11.5, 12, 15.5], "rotation": 90, "texture": "#0"}
			}
		},
		{
			"from": [6.5, 4, 5.49],
			"to": [9.5, 5, 5.74],
			"rotation": {"angle": 0, "axis": "y", "origin": [10, 2.5, 5.275]},
			"faces": {
				"north": {"uv": [10.5, 13, 11.5, 16], "rotation": 90, "texture": "#0"},
				"east": {"uv": [10.5, 15.5, 11.5, 16], "rotation": 90, "texture": "#0"},
				"south": {"uv": [10.5, 13, 11.5, 16], "rotation": 90, "texture": "#0"},
				"west": {"uv": [10.5, 15.5, 11.5, 16], "rotation": 90, "texture": "#0"},
				"up": {"uv": [10, 12, 10.5, 15], "rotation": 90, "texture": "#0"},
				"down": {"uv": [0, 0, 0.125, 1.5], "rotation": 270, "texture": "#0"}
			}
		},
		{
			"from": [7.5, 5, 5.74],
			"to": [8.5, 6, 5.99],
			"rotation": {"angle": 0, "axis": "y", "origin": [10, 2.5, 5.275]},
			"faces": {
				"north": {"uv": [9.5, 15, 10.5, 16], "rotation": 90, "texture": "#0"},
				"east": {"uv": [10.5, 15, 11, 16], "rotation": 90, "texture": "#0"},
				"south": {"uv": [9.5, 15, 10.5, 16], "rotation": 90, "texture": "#0"},
				"west": {"uv": [10.5, 15, 11, 16], "rotation": 90, "texture": "#0"},
				"up": {"uv": [10.5, 15, 11, 16], "rotation": 90, "texture": "#0"},
				"down": {"uv": [0, 0, 0.125, 0.5], "rotation": 270, "texture": "#0"}
			}
		},
		{
			"from": [11, 1, 4.99],
			"to": [11.25, 1.5, 7.49],
			"rotation": {"angle": 0, "axis": "x", "origin": [11.125, 3.5, 4.9]},
			"faces": {
				"north": {"uv": [15, 10, 15.5, 9.5], "rotation": 90, "texture": "#0"},
				"east": {"uv": [15, 6, 15.5, 3.5], "rotation": 90, "texture": "#0"},
				"south": {"uv": [15, 8, 15.5, 7.5], "rotation": 90, "texture": "#0"},
				"up": {"uv": [15, 6, 15.5, 3.5], "texture": "#0"}
			}
		},
		{
			"from": [10.751, 1.501, 4.991],
			"to": [10.999, 1.999, 6.489],
			"rotation": {"angle": 0, "axis": "x", "origin": [10.625, 3.5, 5.15]},
			"faces": {
				"east": {"uv": [14, 10, 14.5, 8.5], "rotation": 90, "texture": "#0"},
				"south": {"uv": [14, 9, 14.5, 8.5], "rotation": 90, "texture": "#0"},
				"west": {"uv": [0, 0, 0.5, 0.75], "rotation": 270, "texture": "#missing"},
				"up": {"uv": [14, 10, 14.5, 9.5], "rotation": 90, "texture": "#0"}
			}
		},
		{
			"from": [11, 0, 4.99],
			"to": [11.25, 1, 8.99],
			"rotation": {"angle": 0, "axis": "x", "origin": [11.125, 3.5, 4.9]},
			"faces": {
				"north": {"uv": [15, 10, 16, 9.5], "rotation": 90, "texture": "#0"},
				"east": {"uv": [15, 10, 16, 6], "rotation": 90, "texture": "#0"},
				"south": {"uv": [15, 6.5, 16, 6], "rotation": 90, "texture": "#0"},
				"west": {"uv": [0, 0, 0.5, 2], "rotation": 270, "texture": "#0"},
				"up": {"uv": [15, 10, 15.5, 6], "texture": "#0"},
				"down": {"uv": [9, 8.5, 13, 9], "rotation": 90, "texture": "#0"}
			}
		},
		{
			"from": [4.75, 0, 4.99],
			"to": [5, 1, 8.99],
			"rotation": {"angle": 0, "axis": "x", "origin": [4.875, 3.5, 4.9]},
			"faces": {
				"north": {"uv": [15, 9.5, 16, 10], "rotation": 90, "texture": "#0"},
				"east": {"uv": [0, 2, 0.5, 0], "rotation": 270, "texture": "#0"},
				"south": {"uv": [15, 6, 16, 6.5], "rotation": 90, "texture": "#0"},
				"west": {"uv": [15, 6, 15.5, 10], "rotation": 90, "texture": "#0"},
				"up": {"uv": [15.5, 10, 15, 6], "texture": "#0"},
				"down": {"uv": [9, 8.5, 13, 9], "rotation": 90, "texture": "#0"}
			}
		},
		{
			"from": [4.75, 1, 4.99],
			"to": [5, 1.5, 7.49],
			"rotation": {"angle": 0, "axis": "x", "origin": [4.875, 3.5, 4.9]},
			"faces": {
				"north": {"uv": [15, 9.5, 15.5, 10], "rotation": 90, "texture": "#0"},
				"south": {"uv": [15, 7.5, 15.5, 8], "rotation": 90, "texture": "#0"},
				"west": {"uv": [15, 7.5, 15.5, 10], "rotation": 90, "texture": "#0"},
				"up": {"uv": [15.5, 10, 15, 7.5], "texture": "#0"}
			}
		},
		{
			"from": [5.001, 1.501, 4.991],
			"to": [5.249, 2.499, 6.489],
			"rotation": {"angle": 0, "axis": "x", "origin": [5.375, 3.5, 5.15]},
			"faces": {
				"east": {"uv": [0, 0.75, 0.5, 0], "rotation": 270, "texture": "#missing"},
				"south": {"uv": [14, 8.5, 15, 9], "rotation": 90, "texture": "#0"},
				"west": {"uv": [14, 8.5, 15, 10], "rotation": 90, "texture": "#0"},
				"up": {"uv": [14, 8.5, 14.5, 10], "rotation": 90, "texture": "#0"}
			}
		},
		{
			"from": [5.249, 0, 4.97],
			"to": [10.751, 2.492, 4.972],
			"rotation": {"angle": 0, "axis": "y", "origin": [6.75, 4.25, 6.5]},
			"faces": {
				"north": {"uv": [6, 9, 11.5, 11.5], "texture": "#0"},
				"east": {"uv": [0, 0, 0, 0], "texture": "#0"},
				"south": {"uv": [0, 0, 0, 0], "texture": "#0"},
				"west": {"uv": [0, 0, 0, 0], "texture": "#0"},
				"up": {"uv": [0, 0, 0, 0], "texture": "#0"},
				"down": {"uv": [0, 0, 0, 0], "texture": "#0"}
			}
		},
		{
			"from": [4.738, -0.01, 4.98],
			"to": [11.26, 1.502, 11.002],
			"rotation": {"angle": 0, "axis": "y", "origin": [6.499, 4.241, 6.516]},
			"faces": {
				"north": {"uv": [7, 6, 13, 7.5], "texture": "#0"},
				"east": {"uv": [7, 7.5, 13, 9], "texture": "#0"},
				"west": {"uv": [13, 7.5, 7, 9], "texture": "#0"},
				"down": {"uv": [6, 0, 12, 6], "texture": "#0"}
			}
		}
	],
	"display": {
		"thirdperson_righthand": {
			"rotation": [75, 45, 0],
			"translation": [0, 1.5, 1],
			"scale": [0.375, 0.375, 0.375]
		},
		"thirdperson_lefthand": {
			"rotation": [75, 45, 0],
			"translation": [0, 2.5, 0.75],
			"scale": [0.375, 0.375, 0.375]
		},
		"firstperson_righthand": {
			"rotation": [0, 45, 0],
			"scale": [0.4, 0.4, 0.4]
		},
		"firstperson_lefthand": {
			"rotation": [0, 225, 0],
			"scale": [0.4, 0.4, 0.4]
		},
		"ground": {
			"translation": [0, 3, 0],
			"scale": [0.25, 0.25, 0.25]
		},
		"gui": {
			"rotation": [30, 225, 0],
			"translation": [0, 2, 0],
			"scale": [0.625, 0.625, 0.625]
		},
		"head": {
			"rotation": [7.5, 0, 0],
			"translation": [0, 26.25, 3],
			"scale": [2.8, 2.8, 2.8]
		},
		"fixed": {
			"rotation": [-90, 0, 0],
			"translation": [0, 0.25, -30],
			"scale": [4, 4, 4]
		}
	}
}