{
	"credit": "Made with Blockbench",
	"texture_size": [64, 64],
	"textures": {
		"0": "item/atelier_witch_hat_olruggio",
		"particle": "item/atelier_witch_hat_olruggio"
	},
	"elements": [
		{
			"from": [4.998, 0.008, 4.998],
			"to": [11.002, 1.502, 11.002],
			"rotation": {"angle": 0, "axis": "x", "origin": [6.5, 4.25, 6.5]},
			"faces": {
				"north": {"uv": [6, 0, 9, 0.75], "texture": "#0"},
				"east": {"uv": [6, 0.75, 9, 1.5], "texture": "#0"},
				"south": {"uv": [6, 1.5, 9, 2.25], "texture": "#0"},
				"west": {"uv": [9, 0.75, 6, 1.5], "texture": "#0"},
				"up": {"uv": [5.5, 8.25, 8.5, 11.25], "texture": "#0"},
				"down": {"uv": [8.5, 8.25, 11.5, 11.25], "texture": "#0"}
			}
		},
		{
			"from": [5.249, 0.01, 4.979],
			"to": [10.751, 1.502, 4.981],
			"rotation": {"angle": 0, "axis": "x", "origin": [6.75, 4.25, 6.5]},
			"faces": {
				"north": {"uv": [9, 0, 11.75, 0.75], "texture": "#0"}
			}
		},
		{
			"from": [5.249, 1.502, 5.479],
			"to": [10.751, 2.994, 5.481],
			"rotation": {"angle": 0, "axis": "x", "origin": [6.75, 4.243, 5.98]},
			"faces": {
				"north": {"uv": [9, 0.75, 11.75, 1.5], "texture": "#0"}
			}
		},
		{
			"from": [5.249, 3.0081, 5.979],
			"to": [10.751, 4.5001, 5.981],
			"rotation": {"angle": 0, "axis": "x", "origin": [6.75, 4.2491, 5.98]},
			"faces": {
				"north": {"uv": [9, 1.75, 11.75, 2.5], "texture": "#0"}
			}
		},
		{
			"from": [5.249, 4.002, 6.479],
			"to": [10.751, 5.494, 6.481],
			"rotation": {"angle": 0, "axis": "x", "origin": [6.75, 4.243, 5.98]},
			"faces": {
				"north": {"uv": [9, 3.25, 11.75, 2.5], "texture": "#0"}
			}
		},
		{
			"from": [5.249, 4.4981, 5.979],
			"to": [10.751, 4.5001, 7.471],
			"rotation": {"angle": 0, "axis": "x", "origin": [6.75, 5.968, 7.22]},
			"faces": {
				"up": {"uv": [9, 3.5, 11.75, 2.75], "rotation": 180, "texture": "#0"}
			}
		},
		{
			"from": [5.249, 1.5, 4.979],
			"to": [10.751, 1.502, 6.721],
			"rotation": {"angle": 0, "axis": "x", "origin": [8, 1.501, 6.225]},
			"faces": {
				"up": {"uv": [9, 2.25, 11.5, 1.5], "rotation": 180, "texture": "#0"}
			}
		},
		{
			"from": [5.5, 1.5, 5.5],
			"to": [10.5, 3, 10.5],
			"rotation": {"angle": 0, "axis": "x", "origin": [6.5, 4.25, 6.5]},
			"faces": {
				"north": {"uv": [0, 3.75, 2.5, 4.5], "texture": "#0"},
				"east": {"uv": [0, 3.75, 2.5, 4.5], "texture": "#0"},
				"south": {"uv": [0, 3.75, 2.5, 4.5], "texture": "#0"},
				"west": {"uv": [0, 3.75, 2.5, 4.5], "texture": "#0"},
				"up": {"uv": [0.25, 0.25, 2.75, 2.75], "texture": "#0"}
			}
		},
		{
			"from": [6, 3, 6],
			"to": [10, 4.5, 10],
			"rotation": {"angle": 0, "axis": "x", "origin": [6.5, 4.25, 6.5]},
			"faces": {
				"north": {"uv": [0, 4.5, 2, 5.25], "texture": "#0"},
				"east": {"uv": [0, 4.5, 2, 5.25], "texture": "#0"},
				"south": {"uv": [0, 4.5, 2, 5.25], "texture": "#0"},
				"west": {"uv": [0, 4.5, 2, 5.25], "texture": "#0"},
				"up": {"uv": [0.5, 0.5, 2.5, 2.5], "texture": "#0"}
			}
		},
		{
			"from": [6.5, 4.5, 6.5],
			"to": [9.5, 6, 9.5],
			"rotation": {"angle": 0, "axis": "x", "origin": [6.5, 4.25, 6.5]},
			"faces": {
				"north": {"uv": [0, 5.25, 1.5, 6], "texture": "#0"},
				"east": {"uv": [0, 5.25, 1.5, 6], "texture": "#0"},
				"south": {"uv": [0, 5.25, 1.5, 6], "texture": "#0"},
				"west": {"uv": [0, 5.25, 1.5, 6], "texture": "#0"},
				"up": {"uv": [0.75, 0.75, 2.25, 2.25], "texture": "#0"}
			}
		},
		{
			"from": [7, 6, 7],
			"to": [9, 7.5, 9],
			"rotation": {"angle": 0, "axis": "x", "origin": [6.5, 4.25, 6.5]},
			"faces": {
				"north": {"uv": [0, 6, 1, 6.75], "texture": "#0"},
				"east": {"uv": [0, 6, 1, 6.75], "texture": "#0"},
				"south": {"uv": [0, 6, 1, 6.75], "texture": "#0"},
				"west": {"uv": [0, 6, 1, 6.75], "texture": "#0"},
				"up": {"uv": [1, 1, 2, 2], "texture": "#0"}
			}
		},
		{
			"from": [7.5, 7.5, 7.5],
			"to": [8.5, 8.25, 8.5],
			"rotation": {"angle": 0, "axis": "x", "origin": [6.5, 4.25, 6.5]},
			"faces": {
				"north": {"uv": [0, 6.75, 0.5, 7.5], "texture": "#0"},
				"east": {"uv": [0, 6.75, 0.5, 7.5], "texture": "#0"},
				"south": {"uv": [0, 6.75, 0.5, 7.5], "texture": "#0"},
				"west": {"uv": [0, 6.75, 0.5, 7.5], "texture": "#0"},
				"up": {"uv": [1.25, 1.25, 1.75, 1.75], "texture": "#0"}
			}
		},
		{
			"from": [7.5, 8.25, 7.5],
			"to": [8.5, 8.75, 8.5],
			"rotation": {"angle": 0, "axis": "x", "origin": [6.5, 4.25, 6.5]},
			"faces": {
				"north": {"uv": [3, 3.25, 3.5, 3.5], "texture": "#0"},
				"east": {"uv": [3, 3.25, 3.5, 3.5], "texture": "#0"},
				"south": {"uv": [3, 3.25, 3.5, 3.5], "texture": "#0"},
				"west": {"uv": [3, 3.25, 3.5, 3.5], "texture": "#0"},
				"up": {"uv": [3, 3, 3.5, 3.5], "texture": "#0"}
			}
		},
		{
			"from": [7.4999, 8.28796, 8.44124],
			"to": [8.5001, 8.78816, 8.69144],
			"rotation": {"angle": -22.5, "axis": "x", "origin": [8, 8.28806, 8.69134]},
			"faces": {
				"north": {"uv": [2.5, 3.75, 3.5, 4.25], "texture": "#0"},
				"east": {"uv": [3, 3.25, 3.5, 3.5], "rotation": 270, "texture": "#0"},
				"south": {"uv": [2.5, 3.75, 3.5, 4.25], "texture": "#0"},
				"west": {"uv": [3, 3.25, 3.5, 3.5], "rotation": 90, "texture": "#0"},
				"up": {"uv": [3, 3.25, 3.5, 3.5], "rotation": 180, "texture": "#0"},
				"down": {"uv": [3, 3.25, 3.5, 3.5], "texture": "#0"}
			}
		},
		{
			"from": [7.5, 7.53806, 8.44134],
			"to": [8.5, 8.28806, 8.69134],
			"rotation": {"angle": -22.5, "axis": "x", "origin": [8, 8.28806, 8.69134]},
			"faces": {
				"north": {"uv": [4, 3, 5, 3.75], "texture": "#0"},
				"east": {"uv": [3, 3.25, 3.5, 3.5], "rotation": 270, "texture": "#0"},
				"south": {"uv": [4, 3, 5, 3.75], "texture": "#0"},
				"west": {"uv": [3, 3.25, 3.5, 3.5], "rotation": 90, "texture": "#0"},
				"up": {"uv": [3, 3.25, 3.5, 3.5], "rotation": 180, "texture": "#0"},
				"down": {"uv": [3.75, 3, 4.25, 3.25], "texture": "#0"}
			}
		},
		{
			"from": [7.25, 6.78806, 8.44134],
			"to": [8.75, 7.53806, 8.69134],
			"rotation": {"angle": -22.5, "axis": "x", "origin": [8, 8.28806, 8.69134]},
			"faces": {
				"north": {"uv": [3.75, 3.75, 5.25, 4.5], "texture": "#0"},
				"east": {"uv": [3, 3.25, 3.5, 3.5], "rotation": 270, "texture": "#0"},
				"south": {"uv": [3.75, 3.75, 5.25, 4.5], "texture": "#0"},
				"west": {"uv": [3, 3.25, 3.5, 3.5], "rotation": 90, "texture": "#0"},
				"up": {"uv": [3, 3.25, 3.5, 3.5], "rotation": 180, "texture": "#0"},
				"down": {"uv": [3.75, 3, 4.25, 3.25], "texture": "#0"}
			}
		},
		{
			"from": [7, 5.28806, 8.44134],
			"to": [9, 6.78806, 8.69134],
			"rotation": {"angle": -22.5, "axis": "x", "origin": [8, 8.28806, 8.69134]},
			"faces": {
				"north": {"uv": [3.5, 4.5, 5.5, 6], "texture": "#0"},
				"east": {"uv": [3, 3.25, 3.5, 3.5], "rotation": 270, "texture": "#0"},
				"south": {"uv": [3.5, 4.5, 5.5, 6], "texture": "#0"},
				"west": {"uv": [3, 3.25, 3.5, 3.5], "rotation": 90, "texture": "#0"},
				"up": {"uv": [3, 3.25, 3.5, 3.5], "rotation": 180, "texture": "#0"},
				"down": {"uv": [4.75, 6.75, 5, 7], "texture": "#0"}
			}
		},
		{
			"from": [7.25, 5.03806, 8.44134],
			"to": [8.75, 5.28806, 8.69134],
			"rotation": {"angle": -22.5, "axis": "x", "origin": [8, 8.28806, 8.69134]},
			"faces": {
				"north": {"uv": [3.75, 6, 5.25, 6.25], "texture": "#0"},
				"east": {"uv": [4.75, 6.75, 5, 7], "texture": "#0"},
				"south": {"uv": [3.75, 6, 5.25, 6.25], "texture": "#0"},
				"west": {"uv": [4.75, 6.75, 5, 7], "texture": "#0"},
				"up": {"uv": [3, 3.25, 3.5, 3.5], "rotation": 180, "texture": "#0"},
				"down": {"uv": [4.75, 6.75, 5, 7], "texture": "#0"}
			}
		},
		{
			"from": [7.75, 4.78806, 8.44134],
			"to": [8.75, 5.03806, 8.69134],
			"rotation": {"angle": -22.5, "axis": "x", "origin": [8, 8.28806, 8.69134]},
			"faces": {
				"north": {"uv": [4.25, 6.25, 5.25, 6.5], "texture": "#0"},
				"east": {"uv": [4.75, 6.75, 5, 7], "texture": "#0"},
				"south": {"uv": [4.25, 6.25, 5.25, 6.5], "texture": "#0"},
				"west": {"uv": [3, 3.25, 3.5, 3.5], "rotation": 90, "texture": "#0"},
				"up": {"uv": [3, 3.25, 3.5, 3.5], "rotation": 180, "texture": "#0"},
				"down": {"uv": [4.75, 6.75, 5, 7], "texture": "#0"}
			}
		},
		{
			"from": [7.75, 4.53806, 8.44134],
			"to": [8, 4.78806, 8.69134],
			"rotation": {"angle": -22.5, "axis": "x", "origin": [8, 8.28806, 8.69134]},
			"faces": {
				"north": {"uv": [4.25, 6.5, 4.5, 6.75], "texture": "#0"},
				"east": {"uv": [4.75, 6.75, 5, 7], "texture": "#0"},
				"south": {"uv": [4.25, 6.5, 4.5, 6.75], "texture": "#0"},
				"west": {"uv": [4.75, 6.75, 5, 7], "texture": "#0"},
				"up": {"uv": [3, 3.25, 3.5, 3.5], "rotation": 180, "texture": "#0"},
				"down": {"uv": [4.75, 6.75, 5, 7], "texture": "#0"}
			}
		},
		{
			"from": [8.25, 4.53806, 8.44134],
			"to": [8.75, 4.78806, 8.69134],
			"rotation": {"angle": -22.5, "axis": "x", "origin": [8, 8.28806, 8.69134]},
			"faces": {
				"north": {"uv": [4.75, 6.5, 5.25, 6.75], "texture": "#0"},
				"east": {"uv": [4.75, 6.75, 5, 7], "texture": "#0"},
				"south": {"uv": [4.75, 6.5, 5.25, 6.75], "texture": "#0"},
				"west": {"uv": [3, 3.25, 3.5, 3.5], "rotation": 90, "texture": "#0"},
				"up": {"uv": [3, 3.25, 3.5, 3.5], "rotation": 180, "texture": "#0"},
				"down": {"uv": [3.75, 3, 4.25, 3.25], "texture": "#0"}
			}
		},
		{
			"from": [8.25, 4.28806, 8.44134],
			"to": [8.5, 4.53806, 8.69134],
			"rotation": {"angle": -22.5, "axis": "x", "origin": [8, 8.28806, 8.69134]},
			"faces": {
				"north": {"uv": [4.75, 6.75, 5, 7], "texture": "#0"},
				"east": {"uv": [4.75, 6.75, 5, 7], "texture": "#0"},
				"south": {"uv": [4.75, 6.75, 5, 7], "texture": "#0"},
				"west": {"uv": [4.75, 6.75, 5, 7], "texture": "#0"},
				"up": {"uv": [3, 3.25, 3.5, 3.5], "rotation": 180, "texture": "#0"},
				"down": {"uv": [4.75, 6.75, 5, 7], "texture": "#0"}
			}
		},
		{
			"from": [7.25, 4.78806, 8.44134],
			"to": [7.5, 5.03806, 8.69134],
			"rotation": {"angle": -22.5, "axis": "x", "origin": [8, 8.28806, 8.69134]},
			"faces": {
				"north": {"uv": [3.75, 6.25, 4, 6.5], "texture": "#0"},
				"east": {"uv": [4.75, 6.75, 5, 7], "texture": "#0"},
				"south": {"uv": [3.75, 6.25, 4, 6.5], "texture": "#0"},
				"west": {"uv": [4.75, 6.75, 5, 7], "texture": "#0"},
				"up": {"uv": [3, 3.25, 3.5, 3.5], "rotation": 180, "texture": "#0"},
				"down": {"uv": [4.75, 6.75, 5, 7], "texture": "#0"}
			}
		},
		{
			"from": [4.999, 0.009, 4.999],
			"to": [11.001, 1.501, 11.001],
			"rotation": {"angle": 0, "axis": "x", "origin": [6.5, 4.25, 6.5]},
			"faces": {
				"north": {"uv": [0, 3, 3, 3.75], "texture": "#0"},
				"east": {"uv": [0, 3, 3, 3.75], "texture": "#0"},
				"south": {"uv": [0, 3, 3, 3.75], "texture": "#0"},
				"west": {"uv": [0, 3, 3, 3.75], "texture": "#0"},
				"up": {"uv": [0, 0, 3, 3], "texture": "#0"},
				"down": {"uv": [3, 0, 6, 3], "texture": "#0"}
			}
		}
	],
	"display": {
		"thirdperson_righthand": {
			"rotation": [75, 45, 0],
			"translation": [0, 1.5, 1],
			"scale": [0.375, 0.375, 0.375]
		},
		"thirdperson_lefthand": {
			"rotation": [75, 45, 0],
			"translation": [0, 2.5, 0.75],
			"scale": [0.375, 0.375, 0.375]
		},
		"firstperson_righthand": {
			"rotation": [0, 45, 0],
			"scale": [0.4, 0.4, 0.4]
		},
		"firstperson_lefthand": {
			"rotation": [0, 225, 0],
			"scale": [0.4, 0.4, 0.4]
		},
		"ground": {
			"translation": [0, 3, 0],
			"scale": [0.25, 0.25, 0.25]
		},
		"gui": {
			"rotation": [30, 225, 0],
			"translation": [0, 2, 0],
			"scale": [0.625, 0.625, 0.625]
		},
		"head": {
			"rotation": [7.5, 0, 0],
			"translation": [0, 26.25, 3],
			"scale": [2.8, 2.8, 2.8]
		},
		"fixed": {
			"rotation": [-90, 0, 0],
			"translation": [0, 0.25, -30],
			"scale": [4, 4, 4]
		}
	}
}