{
	"credit": "Made with Blockbench",
	"texture_size": [32, 32],
	"elements": [
		{
			"from": [7, 0.75, 2],
			"to": [9, 2.25, 3.5],
			"rotation": {"angle": 0, "axis": "y", "origin": [0, -10.75, -2]},
			"color": 8,
			"faces": {
				"north": {"uv": [0, 0, 1, 0.75], "texture": "#missing"},
				"east": {"uv": [0, 0, 0.75, 0.75], "texture": "#missing"},
				"south": {"uv": [0, 0, 1, 0.75], "texture": "#missing"},
				"west": {"uv": [0, 0, 0.75, 0.75], "texture": "#missing"},
				"up": {"uv": [0, 0, 1, 0.75], "texture": "#missing"},
				"down": {"uv": [0, 0, 1, 0.75], "texture": "#missing"}
			}
		},
		{
			"from": [7, 1.5, 0.5],
			"to": [9, 1.5, 2],
			"rotation": {"angle": 22.5, "axis": "x", "origin": [8, 1.5, 2]},
			"color": 8,
			"faces": {
				"north": {"uv": [0, 0, 1, 0], "texture": "#missing"},
				"east": {"uv": [0, 0, 0.75, 0], "texture": "#missing"},
				"south": {"uv": [0, 0, 1, 0], "texture": "#missing"},
				"west": {"uv": [0, 0, 0.75, 0], "texture": "#missing"},
				"up": {"uv": [0, 0, 1, 0.75], "texture": "#missing"},
				"down": {"uv": [0, 0, 1, 0.75], "texture": "#missing"}
			}
		},
		{
			"from": [7, 1.5, 0.5],
			"to": [9, 1.5, 2],
			"rotation": {"angle": -22.5, "axis": "x", "origin": [8, 1.5, 2]},
			"color": 8,
			"faces": {
				"north": {"uv": [0, 0, 1, 0], "texture": "#missing"},
				"east": {"uv": [0, 0, 0.75, 0], "texture": "#missing"},
				"south": {"uv": [0, 0, 1, 0], "texture": "#missing"},
				"west": {"uv": [0, 0, 0.75, 0], "texture": "#missing"},
				"up": {"uv": [0, 0.75, 1, 1.5], "texture": "#missing"},
				"down": {"uv": [0, 0.75, 1, 1.5], "texture": "#missing"}
			}
		},
		{
			"from": [7, 1.5, 3.5],
			"to": [9, 1.5, 5],
			"rotation": {"angle": -22.5, "axis": "x", "origin": [8, 1.5, 3.5]},
			"color": 8,
			"faces": {
				"north": {"uv": [1, 0, 2, 0], "texture": "#missing"},
				"east": {"uv": [0.75, 0, 1.5, 0], "texture": "#missing"},
				"south": {"uv": [1, 0, 2, 0], "texture": "#missing"},
				"west": {"uv": [0.75, 0, 1.5, 0], "texture": "#missing"},
				"up": {"uv": [0, 0.75, 1, 1.5], "texture": "#missing"},
				"down": {"uv": [0, 0.75, 1, 1.5], "texture": "#missing"}
			}
		},
		{
			"from": [7, 1.5, 3.5],
			"to": [9, 1.5, 5],
			"rotation": {"angle": 22.5, "axis": "x", "origin": [8, 1.5, 3.5]},
			"color": 8,
			"faces": {
				"north": {"uv": [1, 0, 2, 0], "texture": "#missing"},
				"east": {"uv": [0.75, 0, 1.5, 0], "texture": "#missing"},
				"south": {"uv": [1, 0, 2, 0], "texture": "#missing"},
				"west": {"uv": [0.75, 0, 1.5, 0], "texture": "#missing"},
				"up": {"uv": [0, 1.5, 1, 2.25], "texture": "#missing"},
				"down": {"uv": [0, 1.5, 1, 2.25], "texture": "#missing"}
			}
		},
		{
			"from": [7, 0.75, 12.5],
			"to": [9, 2.25, 14],
			"rotation": {"angle": 0, "axis": "y", "origin": [16, -10.75, 18]},
			"color": 8,
			"faces": {
				"north": {"uv": [0, 0, 1, 0.75], "texture": "#missing"},
				"east": {"uv": [0, 0, 0.75, 0.75], "texture": "#missing"},
				"south": {"uv": [0, 0, 1, 0.75], "texture": "#missing"},
				"west": {"uv": [0, 0, 0.75, 0.75], "texture": "#missing"},
				"up": {"uv": [1, 0.75, 2, 1.5], "texture": "#missing"},
				"down": {"uv": [1, 0.75, 2, 1.5], "texture": "#missing"}
			}
		},
		{
			"from": [7, 1.5, 14],
			"to": [9, 1.5, 15.5],
			"rotation": {"angle": -22.5, "axis": "x", "origin": [8, 1.5, 14]},
			"color": 8,
			"faces": {
				"north": {"uv": [0, 0, 1, 0], "texture": "#missing"},
				"east": {"uv": [0, 0, 0.75, 0], "texture": "#missing"},
				"south": {"uv": [0, 0, 1, 0], "texture": "#missing"},
				"west": {"uv": [0, 0, 0.75, 0], "texture": "#missing"},
				"up": {"uv": [1, 0.75, 2, 1.5], "texture": "#missing"},
				"down": {"uv": [1, 0.75, 2, 1.5], "texture": "#missing"}
			}
		},
		{
			"from": [7, 1.5, 14],
			"to": [9, 1.5, 15.5],
			"rotation": {"angle": 22.5, "axis": "x", "origin": [8, 1.5, 14]},
			"color": 8,
			"faces": {
				"north": {"uv": [0, 0, 1, 0], "texture": "#missing"},
				"east": {"uv": [0, 0, 0.75, 0], "texture": "#missing"},
				"south": {"uv": [0, 0, 1, 0], "texture": "#missing"},
				"west": {"uv": [0, 0, 0.75, 0], "texture": "#missing"},
				"up": {"uv": [1, 1.5, 2, 2.25], "texture": "#missing"},
				"down": {"uv": [1, 1.5, 2, 2.25], "texture": "#missing"}
			}
		},
		{
			"from": [7, 1.5, 11],
			"to": [9, 1.5, 12.5],
			"rotation": {"angle": -22.5, "axis": "x", "origin": [8, 1.5, 12.5]},
			"color": 8,
			"faces": {
				"north": {"uv": [1, 0, 2, 0], "texture": "#missing"},
				"east": {"uv": [0.75, 0, 1.5, 0], "texture": "#missing"},
				"south": {"uv": [1, 0, 2, 0], "texture": "#missing"},
				"west": {"uv": [0.75, 0, 1.5, 0], "texture": "#missing"},
				"up": {"uv": [1, 2.25, 2, 3], "texture": "#missing"},
				"down": {"uv": [1, 2.25, 2, 3], "texture": "#missing"}
			}
		},
		{
			"from": [7, 1.5, 11],
			"to": [9, 1.5, 12.5],
			"rotation": {"angle": 22.5, "axis": "x", "origin": [8, 1.5, 12.5]},
			"color": 8,
			"faces": {
				"north": {"uv": [1, 0, 2, 0], "texture": "#missing"},
				"east": {"uv": [0.75, 0, 1.5, 0], "texture": "#missing"},
				"south": {"uv": [1, 0, 2, 0], "texture": "#missing"},
				"west": {"uv": [0.75, 0, 1.5, 0], "texture": "#missing"},
				"up": {"uv": [1, 1.5, 2, 2.25], "texture": "#missing"},
				"down": {"uv": [1, 1.5, 2, 2.25], "texture": "#missing"}
			}
		},
		{
			"from": [12.5, 0.75, 7],
			"to": [14, 2.25, 9],
			"rotation": {"angle": 0, "axis": "y", "origin": [8, 1.5, 8]},
			"color": 8,
			"faces": {
				"north": {"uv": [0, 0, 0.75, 0.75], "texture": "#missing"},
				"east": {"uv": [0, 0, 1, 0.75], "texture": "#missing"},
				"south": {"uv": [0, 0, 0.75, 0.75], "texture": "#missing"},
				"west": {"uv": [0, 0, 1, 0.75], "texture": "#missing"},
				"up": {"uv": [0, 0, 1, 0.75], "rotation": 90, "texture": "#missing"},
				"down": {"uv": [0, 0, 1, 0.75], "rotation": 270, "texture": "#missing"}
			}
		},
		{
			"from": [10.65746, -0.22208, 7],
			"to": [12.15746, -0.22208, 9],
			"rotation": {"angle": 22.5, "axis": "z", "origin": [8, 1.5, 8]},
			"color": 8,
			"faces": {
				"north": {"uv": [0.75, 0, 1.5, 0], "texture": "#missing"},
				"east": {"uv": [1, 0, 2, 0], "texture": "#missing"},
				"south": {"uv": [0.75, 0, 1.5, 0], "texture": "#missing"},
				"west": {"uv": [1, 0, 2, 0], "texture": "#missing"},
				"up": {"uv": [0, 1.5, 1, 2.25], "rotation": 90, "texture": "#missing"},
				"down": {"uv": [0, 1.5, 1, 2.25], "rotation": 270, "texture": "#missing"}
			}
		},
		{
			"from": [10.65746, 3.22208, 7],
			"to": [12.15746, 3.22208, 9],
			"rotation": {"angle": -22.5, "axis": "z", "origin": [8, 1.5, 8]},
			"color": 8,
			"faces": {
				"north": {"uv": [0.75, 0, 1.5, 0], "texture": "#missing"},
				"east": {"uv": [1, 0, 2, 0], "texture": "#missing"},
				"south": {"uv": [0.75, 0, 1.5, 0], "texture": "#missing"},
				"west": {"uv": [1, 0, 2, 0], "texture": "#missing"},
				"up": {"uv": [0, 0.75, 1, 1.5], "rotation": 90, "texture": "#missing"},
				"down": {"uv": [0, 0.75, 1, 1.5], "rotation": 270, "texture": "#missing"}
			}
		},
		{
			"from": [3.84254, 3.22208, 7],
			"to": [5.34254, 3.22208, 9],
			"rotation": {"angle": 22.5, "axis": "z", "origin": [8, 1.5, 8]},
			"color": 8,
			"faces": {
				"north": {"uv": [0.75, 0, 1.5, 0], "texture": "#missing"},
				"east": {"uv": [1, 0, 2, 0], "texture": "#missing"},
				"south": {"uv": [0.75, 0, 1.5, 0], "texture": "#missing"},
				"west": {"uv": [1, 0, 2, 0], "texture": "#missing"},
				"up": {"uv": [1, 1.5, 2, 2.25], "rotation": 90, "texture": "#missing"},
				"down": {"uv": [1, 1.5, 2, 2.25], "rotation": 270, "texture": "#missing"}
			}
		},
		{
			"from": [3.84254, -0.22208, 7],
			"to": [5.34254, -0.22208, 9],
			"rotation": {"angle": -22.5, "axis": "z", "origin": [8, 1.5, 8]},
			"color": 8,
			"faces": {
				"north": {"uv": [0.75, 0, 1.5, 0], "texture": "#missing"},
				"east": {"uv": [1, 0, 2, 0], "texture": "#missing"},
				"south": {"uv": [0.75, 0, 1.5, 0], "texture": "#missing"},
				"west": {"uv": [1, 0, 2, 0], "texture": "#missing"},
				"up": {"uv": [1, 2.25, 2, 3], "rotation": 90, "texture": "#missing"},
				"down": {"uv": [1, 2.25, 2, 3], "rotation": 270, "texture": "#missing"}
			}
		},
		{
			"from": [0.95672, 3.7961, 7],
			"to": [2.45672, 3.7961, 9],
			"rotation": {"angle": 22.5, "axis": "z", "origin": [8, 1.5, 8]},
			"color": 8,
			"faces": {
				"north": {"uv": [0, 0, 0.75, 0], "texture": "#missing"},
				"east": {"uv": [0, 0, 1, 0], "texture": "#missing"},
				"south": {"uv": [0, 0, 0.75, 0], "texture": "#missing"},
				"west": {"uv": [0, 0, 1, 0], "texture": "#missing"},
				"up": {"uv": [1, 1.5, 2, 2.25], "rotation": 90, "texture": "#missing"},
				"down": {"uv": [1, 1.5, 2, 2.25], "rotation": 270, "texture": "#missing"}
			}
		},
		{
			"from": [0.95672, -0.7961, 7],
			"to": [2.45672, -0.7961, 9],
			"rotation": {"angle": -22.5, "axis": "z", "origin": [8, 1.5, 8]},
			"color": 8,
			"faces": {
				"north": {"uv": [0, 0, 0.75, 0], "texture": "#missing"},
				"east": {"uv": [0, 0, 1, 0], "texture": "#missing"},
				"south": {"uv": [0, 0, 0.75, 0], "texture": "#missing"},
				"west": {"uv": [0, 0, 1, 0], "texture": "#missing"},
				"up": {"uv": [1, 0.75, 2, 1.5], "rotation": 90, "texture": "#missing"},
				"down": {"uv": [1, 0.75, 2, 1.5], "rotation": 270, "texture": "#missing"}
			}
		},
		{
			"from": [0.5, 1.5, 7],
			"to": [2, 1.5, 9],
			"rotation": {"angle": -45, "axis": "y", "origin": [8, 1.5, 8]},
			"color": 8,
			"faces": {
				"north": {"uv": [0, 0, 0.75, 0], "texture": "#missing"},
				"east": {"uv": [0, 0, 1, 0], "texture": "#missing"},
				"south": {"uv": [0, 0, 0.75, 0], "texture": "#missing"},
				"west": {"uv": [0, 0, 1, 0], "texture": "#missing"},
				"up": {"uv": [1, 0.75, 2, 1.5], "rotation": 90, "texture": "#missing"},
				"down": {"uv": [1, 0.75, 2, 1.5], "rotation": 270, "texture": "#missing"}
			}
		},
		{
			"from": [3.5, 1.5, 7],
			"to": [5, 1.5, 9],
			"rotation": {"angle": -45, "axis": "y", "origin": [8, 1.5, 8]},
			"color": 8,
			"faces": {
				"north": {"uv": [0.75, 0, 1.5, 0], "texture": "#missing"},
				"east": {"uv": [1, 0, 2, 0], "texture": "#missing"},
				"south": {"uv": [0.75, 0, 1.5, 0], "texture": "#missing"},
				"west": {"uv": [1, 0, 2, 0], "texture": "#missing"},
				"up": {"uv": [1, 1.5, 2, 2.25], "rotation": 90, "texture": "#missing"},
				"down": {"uv": [1, 1.5, 2, 2.25], "rotation": 270, "texture": "#missing"}
			}
		},
		{
			"from": [7, 1.5, 0.5],
			"to": [9, 1.5, 2],
			"rotation": {"angle": -45, "axis": "y", "origin": [8, 1.5, 8]},
			"color": 8,
			"faces": {
				"north": {"uv": [0, 0, 1, 0], "texture": "#missing"},
				"east": {"uv": [0, 0, 0.75, 0], "texture": "#missing"},
				"south": {"uv": [0, 0, 1, 0], "texture": "#missing"},
				"west": {"uv": [0, 0, 0.75, 0], "texture": "#missing"},
				"up": {"uv": [0, 0, 1, 0.75], "texture": "#missing"},
				"down": {"uv": [0, 0, 1, 0.75], "texture": "#missing"}
			}
		},
		{
			"from": [7, 1.5, 3.5],
			"to": [9, 1.5, 5],
			"rotation": {"angle": -45, "axis": "y", "origin": [8, 1.5, 8]},
			"color": 8,
			"faces": {
				"north": {"uv": [1, 0, 2, 0], "texture": "#missing"},
				"east": {"uv": [0.75, 0, 1.5, 0], "texture": "#missing"},
				"south": {"uv": [1, 0, 2, 0], "texture": "#missing"},
				"west": {"uv": [0.75, 0, 1.5, 0], "texture": "#missing"},
				"up": {"uv": [0, 0.75, 1, 1.5], "texture": "#missing"},
				"down": {"uv": [0, 0.75, 1, 1.5], "texture": "#missing"}
			}
		},
		{
			"from": [14, 1.5, 7],
			"to": [15.5, 1.5, 9],
			"rotation": {"angle": -45, "axis": "y", "origin": [8, 1.5, 8]},
			"color": 8,
			"faces": {
				"north": {"uv": [0.75, 0, 1.5, 0], "texture": "#missing"},
				"east": {"uv": [1, 0, 2, 0], "texture": "#missing"},
				"south": {"uv": [0.75, 0, 1.5, 0], "texture": "#missing"},
				"west": {"uv": [1, 0, 2, 0], "texture": "#missing"},
				"up": {"uv": [1, 1.5, 2, 2.25], "rotation": 90, "texture": "#missing"},
				"down": {"uv": [1, 1.5, 2, 2.25], "rotation": 270, "texture": "#missing"}
			}
		},
		{
			"from": [11, 1.5, 7],
			"to": [12.5, 1.5, 9],
			"rotation": {"angle": -45, "axis": "y", "origin": [8, 1.5, 8]},
			"color": 8,
			"faces": {
				"north": {"uv": [0.75, 0, 1.5, 0], "texture": "#missing"},
				"east": {"uv": [1, 0, 2, 0], "texture": "#missing"},
				"south": {"uv": [0.75, 0, 1.5, 0], "texture": "#missing"},
				"west": {"uv": [1, 0, 2, 0], "texture": "#missing"},
				"up": {"uv": [0, 0.75, 1, 1.5], "rotation": 90, "texture": "#missing"},
				"down": {"uv": [0, 0.75, 1, 1.5], "rotation": 270, "texture": "#missing"}
			}
		},
		{
			"from": [7, 1.5, 14],
			"to": [9, 1.5, 15.5],
			"rotation": {"angle": -45, "axis": "y", "origin": [8, 1.5, 8]},
			"color": 8,
			"faces": {
				"north": {"uv": [0, 0, 1, 0], "texture": "#missing"},
				"east": {"uv": [0, 0, 0.75, 0], "texture": "#missing"},
				"south": {"uv": [0, 0, 1, 0], "texture": "#missing"},
				"west": {"uv": [0, 0, 0.75, 0], "texture": "#missing"},
				"up": {"uv": [1, 0.75, 2, 1.5], "texture": "#missing"},
				"down": {"uv": [1, 0.75, 2, 1.5], "texture": "#missing"}
			}
		},
		{
			"from": [7, 1.5, 11],
			"to": [9, 1.5, 12.5],
			"rotation": {"angle": -45, "axis": "y", "origin": [8, 1.5, 8]},
			"color": 8,
			"faces": {
				"north": {"uv": [1, 0, 2, 0], "texture": "#missing"},
				"east": {"uv": [0.75, 0, 1.5, 0], "texture": "#missing"},
				"south": {"uv": [1, 0, 2, 0], "texture": "#missing"},
				"west": {"uv": [0.75, 0, 1.5, 0], "texture": "#missing"},
				"up": {"uv": [1, 1.5, 2, 2.25], "texture": "#missing"},
				"down": {"uv": [1, 1.5, 2, 2.25], "texture": "#missing"}
			}
		},
		{
			"from": [13.54328, -0.7961, 7],
			"to": [15.04328, -0.7961, 9],
			"rotation": {"angle": 22.5, "axis": "z", "origin": [8, 1.5, 8]},
			"color": 8,
			"faces": {
				"north": {"uv": [0.75, 0, 0, 0], "texture": "#missing"},
				"east": {"uv": [1, 0, 0, 0], "texture": "#missing"},
				"south": {"uv": [0.75, 0, 0, 0], "texture": "#missing"},
				"west": {"uv": [1, 0, 0, 0], "texture": "#missing"},
				"up": {"uv": [1, 1.5, 2, 0.75], "rotation": 90, "texture": "#missing"},
				"down": {"uv": [1, 1.5, 2, 0.75], "rotation": 270, "texture": "#missing"}
			}
		},
		{
			"from": [13.54328, 3.7961, 7],
			"to": [15.04328, 3.7961, 9],
			"rotation": {"angle": -22.5, "axis": "z", "origin": [8, 1.5, 8]},
			"color": 8,
			"faces": {
				"north": {"uv": [0.75, 0, 0, 0], "texture": "#missing"},
				"east": {"uv": [1, 0, 0, 0], "texture": "#missing"},
				"south": {"uv": [0.75, 0, 0, 0], "texture": "#missing"},
				"west": {"uv": [1, 0, 0, 0], "texture": "#missing"},
				"up": {"uv": [1, 2.25, 2, 1.5], "rotation": 90, "texture": "#missing"},
				"down": {"uv": [1, 2.25, 2, 1.5], "rotation": 270, "texture": "#missing"}
			}
		},
		{
			"from": [4.74657, 1.25, 3.32881],
			"to": [5.24657, 1.5, 3.82881],
			"rotation": {"angle": 0, "axis": "y", "origin": [8, 1.25, 8]},
			"color": 8,
			"faces": {
				"north": {"uv": [0, 0, 0.25, 0.125], "texture": "#missing"},
				"east": {"uv": [0, 0, 0.25, 0.125], "texture": "#missing"},
				"south": {"uv": [0, 0, 0.25, 0.125], "texture": "#missing"},
				"west": {"uv": [0, 0, 0.25, 0.125], "texture": "#missing"},
				"up": {"uv": [0, 0, 0.25, 0.25], "rotation": 180, "texture": "#missing"},
				"down": {"uv": [0, 0, 0.25, 0.25], "rotation": 180, "texture": "#missing"}
			}
		},
		{
			"from": [4.69657, 1, 3.37881],
			"to": [5.19657, 1.25, 3.87881],
			"rotation": {"angle": 0, "axis": "y", "origin": [8, 1.25, 8]},
			"color": 8,
			"faces": {
				"north": {"uv": [0, 0, 0.25, 0.125], "texture": "#missing"},
				"east": {"uv": [0, 0, 0.25, 0.125], "texture": "#missing"},
				"south": {"uv": [0, 0, 0.25, 0.125], "texture": "#missing"},
				"west": {"uv": [0, 0, 0.25, 0.125], "texture": "#missing"},
				"up": {"uv": [0, 0, 0.25, 0.25], "rotation": 180, "texture": "#missing"},
				"down": {"uv": [0, 0, 0.25, 0.25], "rotation": 180, "texture": "#missing"}
			}
		},
		{
			"from": [10.75343, 1.25, 12.17119],
			"to": [11.25343, 1.5, 12.67119],
			"rotation": {"angle": 0, "axis": "y", "origin": [8, 1.25, 8]},
			"color": 8,
			"faces": {
				"north": {"uv": [0, 0, 0.25, 0.125], "texture": "#missing"},
				"east": {"uv": [0, 0, 0.25, 0.125], "texture": "#missing"},
				"south": {"uv": [0, 0, 0.25, 0.125], "texture": "#missing"},
				"west": {"uv": [0, 0, 0.25, 0.125], "texture": "#missing"},
				"up": {"uv": [0.25, 0.25, 0.5, 0.5], "rotation": 180, "texture": "#missing"},
				"down": {"uv": [0.25, 0.25, 0.5, 0.5], "rotation": 180, "texture": "#missing"}
			}
		},
		{
			"from": [10.80343, 1, 12.12119],
			"to": [11.30343, 1.25, 12.62119],
			"rotation": {"angle": 0, "axis": "y", "origin": [8, 1.25, 8]},
			"color": 8,
			"faces": {
				"north": {"uv": [0, 0, 0.25, 0.125], "texture": "#missing"},
				"east": {"uv": [0, 0, 0.25, 0.125], "texture": "#missing"},
				"south": {"uv": [0, 0, 0.25, 0.125], "texture": "#missing"},
				"west": {"uv": [0, 0, 0.25, 0.125], "texture": "#missing"},
				"up": {"uv": [0.25, 0.25, 0.5, 0.5], "rotation": 180, "texture": "#missing"},
				"down": {"uv": [0.25, 0.25, 0.5, 0.5], "rotation": 180, "texture": "#missing"}
			}
		},
		{
			"from": [12.17119, 1.25, 4.74657],
			"to": [12.67119, 1.5, 5.24657],
			"rotation": {"angle": 0, "axis": "y", "origin": [8, 1.25, 8]},
			"color": 8,
			"faces": {
				"north": {"uv": [0, 0, 0.25, 0.125], "texture": "#missing"},
				"east": {"uv": [0, 0, 0.25, 0.125], "texture": "#missing"},
				"south": {"uv": [0, 0, 0.25, 0.125], "texture": "#missing"},
				"west": {"uv": [0, 0, 0.25, 0.125], "texture": "#missing"},
				"up": {"uv": [0, 0, 0.25, 0.25], "rotation": 270, "texture": "#missing"},
				"down": {"uv": [0, 0, 0.25, 0.25], "rotation": 90, "texture": "#missing"}
			}
		},
		{
			"from": [12.12119, 1, 4.69657],
			"to": [12.62119, 1.25, 5.19657],
			"rotation": {"angle": 0, "axis": "y", "origin": [8, 1.25, 8]},
			"color": 8,
			"faces": {
				"north": {"uv": [0, 0, 0.25, 0.125], "texture": "#missing"},
				"east": {"uv": [0, 0, 0.25, 0.125], "texture": "#missing"},
				"south": {"uv": [0, 0, 0.25, 0.125], "texture": "#missing"},
				"west": {"uv": [0, 0, 0.25, 0.125], "texture": "#missing"},
				"up": {"uv": [0, 0, 0.25, 0.25], "rotation": 270, "texture": "#missing"},
				"down": {"uv": [0, 0, 0.25, 0.25], "rotation": 90, "texture": "#missing"}
			}
		},
		{
			"from": [3.32881, 1.25, 10.75343],
			"to": [3.82881, 1.5, 11.25343],
			"rotation": {"angle": 0, "axis": "y", "origin": [8, 1.25, 8]},
			"color": 8,
			"faces": {
				"north": {"uv": [0, 0, 0.25, 0.125], "texture": "#missing"},
				"east": {"uv": [0, 0, 0.25, 0.125], "texture": "#missing"},
				"south": {"uv": [0, 0, 0.25, 0.125], "texture": "#missing"},
				"west": {"uv": [0, 0, 0.25, 0.125], "texture": "#missing"},
				"up": {"uv": [0.25, 0.25, 0.5, 0.5], "rotation": 270, "texture": "#missing"},
				"down": {"uv": [0.25, 0.25, 0.5, 0.5], "rotation": 90, "texture": "#missing"}
			}
		},
		{
			"from": [3.37881, 1, 10.80343],
			"to": [3.87881, 1.25, 11.30343],
			"rotation": {"angle": 0, "axis": "y", "origin": [8, 1.25, 8]},
			"color": 8,
			"faces": {
				"north": {"uv": [0, 0, 0.25, 0.125], "texture": "#missing"},
				"east": {"uv": [0, 0, 0.25, 0.125], "texture": "#missing"},
				"south": {"uv": [0, 0, 0.25, 0.125], "texture": "#missing"},
				"west": {"uv": [0, 0, 0.25, 0.125], "texture": "#missing"},
				"up": {"uv": [0.25, 0.25, 0.5, 0.5], "rotation": 270, "texture": "#missing"},
				"down": {"uv": [0.25, 0.25, 0.5, 0.5], "rotation": 90, "texture": "#missing"}
			}
		},
		{
			"from": [12.17119, 1.25, 4.74657],
			"to": [12.67119, 1.5, 5.24657],
			"rotation": {"angle": -45, "axis": "y", "origin": [8, 1.25, 8]},
			"color": 8,
			"faces": {
				"north": {"uv": [0, 0, 0.25, 0.125], "texture": "#missing"},
				"east": {"uv": [0, 0, 0.25, 0.125], "texture": "#missing"},
				"south": {"uv": [0, 0, 0.25, 0.125], "texture": "#missing"},
				"west": {"uv": [0, 0, 0.25, 0.125], "texture": "#missing"},
				"up": {"uv": [0, 0, 0.25, 0.25], "rotation": 270, "texture": "#missing"},
				"down": {"uv": [0, 0, 0.25, 0.25], "rotation": 90, "texture": "#missing"}
			}
		},
		{
			"from": [12.12119, 1, 4.69657],
			"to": [12.62119, 1.25, 5.19657],
			"rotation": {"angle": -45, "axis": "y", "origin": [8, 1.25, 8]},
			"color": 8,
			"faces": {
				"north": {"uv": [0, 0, 0.25, 0.125], "texture": "#missing"},
				"east": {"uv": [0, 0, 0.25, 0.125], "texture": "#missing"},
				"south": {"uv": [0, 0, 0.25, 0.125], "texture": "#missing"},
				"west": {"uv": [0, 0, 0.25, 0.125], "texture": "#missing"},
				"up": {"uv": [0, 0, 0.25, 0.25], "rotation": 270, "texture": "#missing"},
				"down": {"uv": [0, 0, 0.25, 0.25], "rotation": 90, "texture": "#missing"}
			}
		},
		{
			"from": [3.32881, 1.25, 10.75343],
			"to": [3.82881, 1.5, 11.25343],
			"rotation": {"angle": -45, "axis": "y", "origin": [8, 1.25, 8]},
			"color": 8,
			"faces": {
				"north": {"uv": [0, 0, 0.25, 0.125], "texture": "#missing"},
				"east": {"uv": [0, 0, 0.25, 0.125], "texture": "#missing"},
				"south": {"uv": [0, 0, 0.25, 0.125], "texture": "#missing"},
				"west": {"uv": [0, 0, 0.25, 0.125], "texture": "#missing"},
				"up": {"uv": [0.25, 0.25, 0.5, 0.5], "rotation": 270, "texture": "#missing"},
				"down": {"uv": [0.25, 0.25, 0.5, 0.5], "rotation": 90, "texture": "#missing"}
			}
		},
		{
			"from": [3.37881, 1, 10.80343],
			"to": [3.87881, 1.25, 11.30343],
			"rotation": {"angle": -45, "axis": "y", "origin": [8, 1.25, 8]},
			"color": 8,
			"faces": {
				"north": {"uv": [0, 0, 0.25, 0.125], "texture": "#missing"},
				"east": {"uv": [0, 0, 0.25, 0.125], "texture": "#missing"},
				"south": {"uv": [0, 0, 0.25, 0.125], "texture": "#missing"},
				"west": {"uv": [0, 0, 0.25, 0.125], "texture": "#missing"},
				"up": {"uv": [0.25, 0.25, 0.5, 0.5], "rotation": 270, "texture": "#missing"},
				"down": {"uv": [0.25, 0.25, 0.5, 0.5], "rotation": 90, "texture": "#missing"}
			}
		},
		{
			"from": [10.75343, 1.25, 12.17119],
			"to": [11.25343, 1.5, 12.67119],
			"rotation": {"angle": -45, "axis": "y", "origin": [8, 1.25, 8]},
			"color": 8,
			"faces": {
				"north": {"uv": [0, 0, 0.25, 0.125], "texture": "#missing"},
				"east": {"uv": [0, 0, 0.25, 0.125], "texture": "#missing"},
				"south": {"uv": [0, 0, 0.25, 0.125], "texture": "#missing"},
				"west": {"uv": [0, 0, 0.25, 0.125], "texture": "#missing"},
				"up": {"uv": [0.25, 0.25, 0.5, 0.5], "rotation": 180, "texture": "#missing"},
				"down": {"uv": [0.25, 0.25, 0.5, 0.5], "rotation": 180, "texture": "#missing"}
			}
		},
		{
			"from": [4.74657, 1.25, 3.32881],
			"to": [5.24657, 1.5, 3.82881],
			"rotation": {"angle": -45, "axis": "y", "origin": [8, 1.25, 8]},
			"color": 8,
			"faces": {
				"north": {"uv": [0, 0, 0.25, 0.125], "texture": "#missing"},
				"east": {"uv": [0, 0, 0.25, 0.125], "texture": "#missing"},
				"south": {"uv": [0, 0, 0.25, 0.125], "texture": "#missing"},
				"west": {"uv": [0, 0, 0.25, 0.125], "texture": "#missing"},
				"up": {"uv": [0, 0, 0.25, 0.25], "rotation": 180, "texture": "#missing"},
				"down": {"uv": [0, 0, 0.25, 0.25], "rotation": 180, "texture": "#missing"}
			}
		},
		{
			"from": [4.69657, 1, 3.37881],
			"to": [5.19657, 1.25, 3.87881],
			"rotation": {"angle": -45, "axis": "y", "origin": [8, 1.25, 8]},
			"color": 8,
			"faces": {
				"north": {"uv": [0, 0, 0.25, 0.125], "texture": "#missing"},
				"east": {"uv": [0, 0, 0.25, 0.125], "texture": "#missing"},
				"south": {"uv": [0, 0, 0.25, 0.125], "texture": "#missing"},
				"west": {"uv": [0, 0, 0.25, 0.125], "texture": "#missing"},
				"up": {"uv": [0, 0, 0.25, 0.25], "rotation": 180, "texture": "#missing"},
				"down": {"uv": [0, 0, 0.25, 0.25], "rotation": 180, "texture": "#missing"}
			}
		},
		{
			"from": [10.80343, 1, 12.12119],
			"to": [11.30343, 1.25, 12.62119],
			"rotation": {"angle": -45, "axis": "y", "origin": [8, 1.25, 8]},
			"color": 8,
			"faces": {
				"north": {"uv": [0, 0, 0.25, 0.125], "texture": "#missing"},
				"east": {"uv": [0, 0, 0.25, 0.125], "texture": "#missing"},
				"south": {"uv": [0, 0, 0.25, 0.125], "texture": "#missing"},
				"west": {"uv": [0, 0, 0.25, 0.125], "texture": "#missing"},
				"up": {"uv": [0.25, 0.25, 0.5, 0.5], "rotation": 180, "texture": "#missing"},
				"down": {"uv": [0.25, 0.25, 0.5, 0.5], "rotation": 180, "texture": "#missing"}
			}
		},
		{
			"from": [2, 0.75, 7],
			"to": [3.5, 2.25, 9],
			"rotation": {"angle": 0, "axis": "y", "origin": [8, 1.5, 8]},
			"color": 8,
			"faces": {
				"north": {"uv": [0, 0, 0.75, 0.75], "texture": "#missing"},
				"east": {"uv": [0, 0, 1, 0.75], "texture": "#missing"},
				"south": {"uv": [0, 0, 0.75, 0.75], "texture": "#missing"},
				"west": {"uv": [0, 0, 1, 0.75], "texture": "#missing"},
				"up": {"uv": [1, 0.75, 2, 1.5], "rotation": 90, "texture": "#missing"},
				"down": {"uv": [1, 0.75, 2, 1.5], "rotation": 270, "texture": "#missing"}
			}
		},
		{
			"from": [7, 0.75, 12.5],
			"to": [9, 2.25, 14],
			"rotation": {"angle": -45, "axis": "y", "origin": [8, 1.5, 8]},
			"color": 8,
			"faces": {
				"north": {"uv": [0, 0, 1, 0.75], "texture": "#missing"},
				"east": {"uv": [0, 0, 0.75, 0.75], "texture": "#missing"},
				"south": {"uv": [0, 0, 1, 0.75], "texture": "#missing"},
				"west": {"uv": [0, 0, 0.75, 0.75], "texture": "#missing"},
				"up": {"uv": [0, 0, 1, 0.75], "rotation": 180, "texture": "#missing"},
				"down": {"uv": [0, 0, 1, 0.75], "rotation": 180, "texture": "#missing"}
			}
		},
		{
			"from": [7, 0.75, 2],
			"to": [9, 2.25, 3.5],
			"rotation": {"angle": -45, "axis": "y", "origin": [8, 1.5, 8]},
			"color": 8,
			"faces": {
				"north": {"uv": [0, 0, 1, 0.75], "texture": "#missing"},
				"east": {"uv": [0, 0, 0.75, 0.75], "texture": "#missing"},
				"south": {"uv": [0, 0, 1, 0.75], "texture": "#missing"},
				"west": {"uv": [0, 0, 0.75, 0.75], "texture": "#missing"},
				"up": {"uv": [1, 0.75, 2, 1.5], "rotation": 180, "texture": "#missing"},
				"down": {"uv": [1, 0.75, 2, 1.5], "rotation": 180, "texture": "#missing"}
			}
		},
		{
			"from": [12.5, 0.75, 7],
			"to": [14, 2.25, 9],
			"rotation": {"angle": -45, "axis": "y", "origin": [8, 1.5, 8]},
			"color": 8,
			"faces": {
				"north": {"uv": [0, 0, 0.75, 0.75], "texture": "#missing"},
				"east": {"uv": [0, 0, 1, 0.75], "texture": "#missing"},
				"south": {"uv": [0, 0, 0.75, 0.75], "texture": "#missing"},
				"west": {"uv": [0, 0, 1, 0.75], "texture": "#missing"},
				"up": {"uv": [1, 0.75, 2, 1.5], "rotation": 270, "texture": "#missing"},
				"down": {"uv": [1, 0.75, 2, 1.5], "rotation": 90, "texture": "#missing"}
			}
		},
		{
			"from": [2, 0.75, 7],
			"to": [3.5, 2.25, 9],
			"rotation": {"angle": -45, "axis": "y", "origin": [8, 1.5, 8]},
			"color": 8,
			"faces": {
				"north": {"uv": [0, 0, 0.75, 0.75], "texture": "#missing"},
				"east": {"uv": [0, 0, 1, 0.75], "texture": "#missing"},
				"south": {"uv": [0, 0, 0.75, 0.75], "texture": "#missing"},
				"west": {"uv": [0, 0, 1, 0.75], "texture": "#missing"},
				"up": {"uv": [0, 0, 1, 0.75], "rotation": 270, "texture": "#missing"},
				"down": {"uv": [0, 0, 1, 0.75], "rotation": 90, "texture": "#missing"}
			}
		}
	],
	"display": {
		"thirdperson_righthand": {
			"rotation": [75, 45, 0],
			"translation": [0, 3.75, 2.5],
			"scale": [0.375, 0.375, 0.375]
		},
		"thirdperson_lefthand": {
			"rotation": [75, 45, 0],
			"translation": [0, 3.75, 2.5],
			"scale": [0.375, 0.375, 0.375]
		},
		"firstperson_righthand": {
			"rotation": [0, 45, 0],
			"scale": [0.4, 0.4, 0.4]
		},
		"firstperson_lefthand": {
			"rotation": [0, 225, 0],
			"scale": [0.4, 0.4, 0.4]
		},
		"ground": {
			"translation": [0, 3, 0],
			"scale": [0.25, 0.25, 0.25]
		},
		"gui": {
			"rotation": [30, 225, 0],
			"translation": [0, 3, 0],
			"scale": [0.625, 0.625, 0.625]
		},
		"head": {
			"translation": [0, 27, 0],
			"scale": [2.12, 2.12, 2.12]
		},
		"fixed": {
			"rotation": [-90, 0, 0],
			"translation": [0, 0, -30],
			"scale": [2, 2, 2]
		}
	}
}