{
	"credit": "Made with Blockbench",
	"ambientocclusion": false,
	"textures": {
		"0": "item/mc_black_wool",
		"particle": "item/mc_black_wool"
	},
	"elements": [
		{
			"from": [4, 0, 0],
			"to": [12, 1, 1],
			"rotation": {"angle": 0, "axis": "y", "origin": [8, 0.5, -6]},
			"faces": {
				"north": {"uv": [8, 0, 0, 1], "texture": "#0"},
				"east": {"uv": [1, 0, 0, 1], "texture": "#0"},
				"south": {"uv": [8, 0, 0, 1], "texture": "#0"},
				"west": {"uv": [1, 0, 0, 1], "texture": "#0"},
				"up": {"uv": [0, 1, 8, 0], "texture": "#0"},
				"down": {"uv": [0, 0, 8, 1], "texture": "#0"}
			}
		},
		{
			"from": [3, 0, 1],
			"to": [13, 1, 15],
			"rotation": {"angle": 0, "axis": "y", "origin": [8, 0.5, 8]},
			"faces": {
				"north": {"uv": [0, 0, 10, 1], "texture": "#0"},
				"east": {"uv": [0, 0, 14, 1], "texture": "#0"},
				"south": {"uv": [0, 0, 10, 1], "texture": "#0"},
				"west": {"uv": [0, 0, 14, 1], "texture": "#0"},
				"up": {"uv": [0, 0, 10, 14], "texture": "#0"},
				"down": {"uv": [0, 0, 10, 14], "texture": "#0"}
			}
		},
		{
			"from": [2, 0, 2],
			"to": [3, 1, 14],
			"rotation": {"angle": -22.5, "axis": "z", "origin": [3, 0, 8]},
			"faces": {
				"north": {"uv": [4, 0, 5, 1], "texture": "#0"},
				"east": {"uv": [4, 0, 16, 1], "texture": "#0"},
				"south": {"uv": [4, 0, 5, 1], "texture": "#0"},
				"west": {"uv": [4, 0, 16, 1], "texture": "#0"},
				"up": {"uv": [4, 0, 16, 1], "rotation": 270, "texture": "#0"},
				"down": {"uv": [4, 0, 5, 12], "texture": "#0"}
			}
		},
		{
			"from": [1.1, 0.375, 3],
			"to": [2.1, 1.375, 13],
			"rotation": {"angle": -22.5, "axis": "z", "origin": [2.1, 0.375, 8]},
			"faces": {
				"north": {"uv": [3, 0, 4, 1], "texture": "#0"},
				"east": {"uv": [3, 0, 13, 1], "texture": "#0"},
				"south": {"uv": [3, 0, 4, 1], "texture": "#0"},
				"west": {"uv": [3, 0, 13, 1], "texture": "#0"},
				"up": {"uv": [3, 0, 4, 10], "rotation": 180, "texture": "#0"},
				"down": {"uv": [3, 0, 4, 10], "texture": "#0"}
			}
		},
		{
			"from": [0.175, 0.75, 4],
			"to": [1.175, 1.75, 12],
			"rotation": {"angle": -45, "axis": "z", "origin": [1.175, 0.75, 8]},
			"faces": {
				"north": {"uv": [2, 0, 3, 1], "texture": "#0"},
				"east": {"uv": [2, 0, 10, 1], "texture": "#0"},
				"south": {"uv": [2, 0, 3, 1], "texture": "#0"},
				"west": {"uv": [2, 0, 10, 1], "texture": "#0"},
				"up": {"uv": [2, 0, 10, 1], "rotation": 270, "texture": "#0"},
				"down": {"uv": [2, 0, 3, 8], "texture": "#0"}
			}
		},
		{
			"from": [13, 0, 2],
			"to": [14, 1, 14],
			"rotation": {"angle": 22.5, "axis": "z", "origin": [13, 0, 8]},
			"faces": {
				"north": {"uv": [1, 0, 0, 1], "texture": "#0"},
				"east": {"uv": [12, 0, 0, 1], "texture": "#0"},
				"south": {"uv": [1, 0, 0, 1], "texture": "#0"},
				"west": {"uv": [12, 0, 0, 1], "texture": "#0"},
				"up": {"uv": [0, 1, 12, 0], "rotation": 90, "texture": "#0"},
				"down": {"uv": [0, 0, 1, 12], "texture": "#0"}
			}
		},
		{
			"from": [14.825, 0.75, 4],
			"to": [15.825, 1.75, 12],
			"rotation": {"angle": 45, "axis": "z", "origin": [14.825, 0.75, 8]},
			"faces": {
				"north": {"uv": [5, 0, 4, 1], "texture": "#0"},
				"east": {"uv": [12, 0, 4, 1], "texture": "#0"},
				"south": {"uv": [5, 0, 4, 1], "texture": "#0"},
				"west": {"uv": [12, 0, 4, 1], "texture": "#0"},
				"up": {"uv": [5, 0, 4, 8], "texture": "#0"},
				"down": {"uv": [4, 0, 5, 8], "texture": "#0"}
			}
		},
		{
			"from": [13.9, 0.375, 3],
			"to": [14.9, 1.375, 13],
			"rotation": {"angle": 22.5, "axis": "z", "origin": [13.9, 0.375, 8]},
			"faces": {
				"north": {"uv": [7, 1, 6, 2], "texture": "#0"},
				"east": {"uv": [16, 1, 6, 2], "texture": "#0"},
				"south": {"uv": [7, 1, 6, 2], "texture": "#0"},
				"west": {"uv": [16, 1, 6, 2], "texture": "#0"},
				"up": {"uv": [7, 1, 6, 11], "rotation": 180, "texture": "#0"},
				"down": {"uv": [6, 1, 7, 11], "texture": "#0"}
			}
		},
		{
			"from": [4, 0, 15],
			"to": [12, 1, 16],
			"rotation": {"angle": 0, "axis": "y", "origin": [8, 0.5, 22]},
			"faces": {
				"north": {"uv": [0, 0, 8, 1], "texture": "#0"},
				"east": {"uv": [0, 0, 1, 1], "texture": "#0"},
				"south": {"uv": [0, 0, 8, 1], "texture": "#0"},
				"west": {"uv": [0, 0, 1, 1], "texture": "#0"},
				"up": {"uv": [0, 0, 8, 1], "texture": "#0"},
				"down": {"uv": [0, 0, 8, 1], "texture": "#0"}
			}
		},
		{
			"from": [7, 1, 3],
			"to": [9, 6, 13],
			"rotation": {"angle": 0, "axis": "y", "origin": [8, 1.5, 8]},
			"faces": {
				"north": {"uv": [0, 0, 2, 5], "texture": "#0"},
				"east": {"uv": [0, 0, 10, 5], "texture": "#0"},
				"south": {"uv": [0, 0, 2, 5], "texture": "#0"},
				"west": {"uv": [0, 0, 10, 5], "texture": "#0"},
				"up": {"uv": [0, 0, 2, 10], "texture": "#0"},
				"down": {"uv": [0, 0, 2, 10], "texture": "#0"}
			}
		},
		{
			"from": [7, 1, 3],
			"to": [9, 6, 13],
			"rotation": {"angle": -22.5, "axis": "y", "origin": [8, 1.5, 8]},
			"faces": {
				"north": {"uv": [2, 0, 4, 5], "texture": "#0"},
				"east": {"uv": [2, 0, 12, 5], "texture": "#0"},
				"south": {"uv": [2, 0, 4, 5], "texture": "#0"},
				"west": {"uv": [2, 0, 12, 5], "texture": "#0"},
				"up": {"uv": [2, 0, 4, 10], "texture": "#0"},
				"down": {"uv": [2, 0, 4, 10], "texture": "#0"}
			}
		},
		{
			"from": [3, 1, 7],
			"to": [13, 6, 9],
			"rotation": {"angle": 45, "axis": "y", "origin": [8, 1.5, 8]},
			"faces": {
				"north": {"uv": [4, 0, 14, 5], "texture": "#0"},
				"east": {"uv": [4, 0, 6, 5], "texture": "#0"},
				"south": {"uv": [4, 0, 14, 5], "texture": "#0"},
				"west": {"uv": [4, 0, 6, 5], "texture": "#0"},
				"up": {"uv": [4, 0, 6, 10], "rotation": 90, "texture": "#0"},
				"down": {"uv": [4, 0, 6, 10], "rotation": 270, "texture": "#0"}
			}
		},
		{
			"from": [3, 1, 7],
			"to": [13, 6, 9],
			"rotation": {"angle": 22.5, "axis": "y", "origin": [8, 1.5, 8]},
			"faces": {
				"north": {"uv": [6, 0, 16, 5], "texture": "#0"},
				"east": {"uv": [6, 0, 8, 5], "texture": "#0"},
				"south": {"uv": [6, 0, 16, 5], "texture": "#0"},
				"west": {"uv": [6, 0, 8, 5], "texture": "#0"},
				"up": {"uv": [6, 0, 8, 10], "rotation": 90, "texture": "#0"},
				"down": {"uv": [6, 0, 8, 10], "rotation": 270, "texture": "#0"}
			}
		},
		{
			"from": [3, 1, 7],
			"to": [13, 6, 9],
			"rotation": {"angle": 0, "axis": "y", "origin": [8, 1.5, 8]},
			"faces": {
				"north": {"uv": [0, 0, 10, 5], "texture": "#0"},
				"east": {"uv": [8, 0, 10, 5], "texture": "#0"},
				"south": {"uv": [0, 0, 10, 5], "texture": "#0"},
				"west": {"uv": [8, 0, 10, 5], "texture": "#0"},
				"up": {"uv": [8, 0, 10, 10], "rotation": 90, "texture": "#0"},
				"down": {"uv": [8, 0, 10, 10], "rotation": 270, "texture": "#0"}
			}
		},
		{
			"from": [3, 1, 7],
			"to": [13, 6, 9],
			"rotation": {"angle": -22.5, "axis": "y", "origin": [8, 1.5, 8]},
			"faces": {
				"north": {"uv": [2, 0, 12, 5], "texture": "#0"},
				"east": {"uv": [10, 0, 12, 5], "texture": "#0"},
				"south": {"uv": [2, 0, 12, 5], "texture": "#0"},
				"west": {"uv": [10, 0, 12, 5], "texture": "#0"},
				"up": {"uv": [10, 0, 12, 10], "rotation": 90, "texture": "#0"},
				"down": {"uv": [10, 0, 12, 10], "rotation": 270, "texture": "#0"}
			}
		},
		{
			"from": [3, 1, 7],
			"to": [13, 6, 9],
			"rotation": {"angle": -45, "axis": "y", "origin": [8, 1.5, 8]},
			"faces": {
				"north": {"uv": [4, 0, 14, 5], "texture": "#0"},
				"east": {"uv": [12, 0, 14, 5], "texture": "#0"},
				"south": {"uv": [4, 0, 14, 5], "texture": "#0"},
				"west": {"uv": [12, 0, 14, 5], "texture": "#0"},
				"up": {"uv": [12, 0, 14, 10], "rotation": 90, "texture": "#0"},
				"down": {"uv": [12, 0, 14, 10], "rotation": 270, "texture": "#0"}
			}
		},
		{
			"from": [7, 1, 3],
			"to": [9, 6, 13],
			"rotation": {"angle": 22.5, "axis": "y", "origin": [8, 1.5, 8]},
			"faces": {
				"north": {"uv": [14, 0, 16, 5], "texture": "#0"},
				"east": {"uv": [6, 0, 16, 5], "texture": "#0"},
				"south": {"uv": [14, 0, 16, 5], "texture": "#0"},
				"west": {"uv": [6, 0, 16, 5], "texture": "#0"},
				"up": {"uv": [14, 0, 16, 10], "rotation": 180, "texture": "#0"},
				"down": {"uv": [14, 0, 16, 10], "rotation": 180, "texture": "#0"}
			}
		},
		{
			"from": [7, 6, 3],
			"to": [9, 7, 4],
			"rotation": {"angle": 45, "axis": "x", "origin": [8, 6, 3]},
			"faces": {
				"north": {"uv": [0, 0, 2, 1], "texture": "#0"},
				"east": {"uv": [0, 0, 1, 1], "texture": "#0"},
				"south": {"uv": [0, 0, 2, 1], "texture": "#0"},
				"west": {"uv": [0, 0, 1, 1], "texture": "#0"},
				"up": {"uv": [0, 0, 2, 1], "texture": "#0"},
				"down": {"uv": [0, 0, 1, 2], "rotation": 90, "texture": "#0"}
			}
		},
		{
			"from": [5, 5.775, 4],
			"to": [11, 6.775, 5],
			"rotation": {"angle": -22.5, "axis": "x", "origin": [8, 6, 4]},
			"faces": {
				"north": {"uv": [0, 0, 6, 1], "texture": "#0"},
				"east": {"uv": [0, 0, 1, 1], "texture": "#0"},
				"south": {"uv": [0, 0, 6, 1], "texture": "#0"},
				"west": {"uv": [0, 0, 1, 1], "texture": "#0"},
				"up": {"uv": [0, 0, 1, 6], "rotation": 90, "texture": "#0"},
				"down": {"uv": [0, 0, 1, 6], "rotation": 90, "texture": "#0"}
			}
		},
		{
			"from": [5, 7.30573, 10.69552],
			"to": [11, 8.30573, 11.69552],
			"rotation": {"angle": 22.5, "axis": "x", "origin": [8, 6, 8]},
			"faces": {
				"north": {"uv": [6, 0, 0, 1], "texture": "#0"},
				"east": {"uv": [1, 0, 0, 1], "texture": "#0"},
				"south": {"uv": [6, 0, 0, 1], "texture": "#0"},
				"west": {"uv": [1, 0, 0, 1], "texture": "#0"},
				"up": {"uv": [0, 1, 6, 0], "rotation": 180, "texture": "#0"},
				"down": {"uv": [1, 0, 0, 6], "rotation": 90, "texture": "#0"}
			}
		},
		{
			"from": [7, 2.46447, 10.53553],
			"to": [9, 3.46447, 11.53553],
			"rotation": {"angle": -45, "axis": "x", "origin": [8, 6, 8]},
			"faces": {
				"north": {"uv": [2, 0, 0, 1], "texture": "#0"},
				"east": {"uv": [1, 0, 0, 1], "texture": "#0"},
				"south": {"uv": [0, 2, 1, 0], "rotation": 90, "texture": "#0"},
				"west": {"uv": [1, 0, 0, 1], "texture": "#0"},
				"up": {"uv": [0, 1, 2, 0], "texture": "#0"},
				"down": {"uv": [1, 0, 0, 2], "rotation": 90, "texture": "#0"}
			}
		},
		{
			"from": [4.30448, 7.30573, 5],
			"to": [5.30448, 8.30573, 11],
			"rotation": {"angle": 22.5, "axis": "z", "origin": [8, 6, 8]},
			"faces": {
				"north": {"uv": [1, 0, 0, 1], "texture": "#0"},
				"east": {"uv": [6, 0, 0, 1], "texture": "#0"},
				"south": {"uv": [1, 0, 0, 1], "texture": "#0"},
				"west": {"uv": [6, 0, 0, 1], "texture": "#0"},
				"up": {"uv": [1, 0, 0, 6], "texture": "#0"},
				"down": {"uv": [1, 0, 0, 6], "texture": "#0"}
			}
		},
		{
			"from": [4.46447, 2.46447, 7],
			"to": [5.46447, 3.46447, 9],
			"rotation": {"angle": -45, "axis": "z", "origin": [8, 6, 8]},
			"faces": {
				"north": {"uv": [1, 0, 0, 1], "texture": "#0"},
				"east": {"uv": [2, 0, 0, 1], "texture": "#0"},
				"south": {"uv": [1, 0, 0, 1], "texture": "#0"},
				"west": {"uv": [2, 0, 0, 1], "texture": "#0"},
				"up": {"uv": [0, 1, 2, 0], "rotation": 90, "texture": "#0"},
				"down": {"uv": [1, 0, 0, 2], "texture": "#0"}
			}
		},
		{
			"from": [10.69552, 7.30573, 5],
			"to": [11.69552, 8.30573, 11],
			"rotation": {"angle": -22.5, "axis": "z", "origin": [8, 6, 8]},
			"faces": {
				"north": {"uv": [0, 0, 1, 1], "texture": "#0"},
				"east": {"uv": [0, 0, 6, 1], "texture": "#0"},
				"south": {"uv": [0, 0, 1, 1], "texture": "#0"},
				"west": {"uv": [0, 0, 6, 1], "texture": "#0"},
				"up": {"uv": [0, 0, 1, 6], "texture": "#0"},
				"down": {"uv": [0, 0, 1, 6], "texture": "#0"}
			}
		},
		{
			"from": [10.53553, 2.46447, 7],
			"to": [11.53553, 3.46447, 9],
			"rotation": {"angle": 45, "axis": "z", "origin": [8, 6, 8]},
			"faces": {
				"north": {"uv": [0, 0, 1, 1], "texture": "#0"},
				"east": {"uv": [0, 0, 1, 2], "rotation": 270, "texture": "#0"},
				"south": {"uv": [0, 0, 1, 1], "texture": "#0"},
				"west": {"uv": [0, 0, 2, 1], "texture": "#0"},
				"up": {"uv": [0, 0, 2, 1], "rotation": 90, "texture": "#0"},
				"down": {"uv": [0, 0, 1, 2], "texture": "#0"}
			}
		},
		{
			"from": [4.6, 6, 4.6],
			"to": [11.4, 7.1, 11.4],
			"rotation": {"angle": 0, "axis": "y", "origin": [8, 6.5, 8]},
			"faces": {
				"north": {"uv": [0, 0, 6.8, 1.1], "texture": "#0"},
				"east": {"uv": [0, 0, 6.8, 1.1], "texture": "#0"},
				"south": {"uv": [0, 0, 6.8, 1.1], "texture": "#0"},
				"west": {"uv": [0, 0, 6.8, 1.1], "texture": "#0"},
				"up": {"uv": [0, 0, 6.8, 6.8], "texture": "#0"},
				"down": {"uv": [0, 0, 6.8, 6.8], "texture": "#0"}
			}
		}
	],
	"display": {
		"thirdperson_righthand": {
			"rotation": [75, 45, 0],
			"translation": [0, 1.5, 1],
			"scale": [0.375, 0.375, 0.375]
		},
		"thirdperson_lefthand": {
			"rotation": [75, 45, 0],
			"translation": [0, 2.5, 0.75],
			"scale": [0.375, 0.375, 0.375]
		},
		"firstperson_righthand": {
			"rotation": [0, 45, 0],
			"scale": [0.4, 0.4, 0.4]
		},
		"firstperson_lefthand": {
			"rotation": [0, 225, 0],
			"scale": [0.4, 0.4, 0.4]
		},
		"ground": {
			"translation": [0, 3, 0],
			"scale": [0.25, 0.25, 0.25]
		},
		"gui": {
			"rotation": [30, 225, 0],
			"translation": [0, 3, 0],
			"scale": [0.625, 0.625, 0.625]
		},
		"head": {
			"translation": [0, 19.25, 0],
			"scale": [1.71, 1.71, 1.71]
		},
		"fixed": {
			"rotation": [-90, 0, 0],
			"translation": [0, 0, -19.25],
			"scale": [2.67, 2.67, 2.67]
		}
	},
	"groups": [
		{
			"name": "base",
			"origin": [8, 0.5, 23],
			"color": 0,
			"children": [0, 1, 2, 3, 4, 5, 6, 7, 8]
		},
		{
			"name": "cap",
			"origin": [8, 1.5, 8],
			"color": 0,
			"children": [9, 10, 11, 12, 13, 14, 15, 16]
		},
		{
			"name": "group",
			"origin": [10, 6.5, 8],
			"color": 0,
			"children": [17, 18, 19, 20, 21, 22, 23, 24]
		},
		25
	]
}