{
	"credit": "Made with Blockbench",
	"textures": {
		"0": "item/mc_gold_block",
		"2": "item/crown_gems",
		"particle": "item/mc_gold_block"
	},
	"elements": [
		{
			"from": [3, 0, 2.01],
			"to": [13, 3, 4.01],
			"rotation": {"angle": 0, "axis": "y", "origin": [8, 14.25, 8]},
			"faces": {
				"north": {"uv": [1, 12, 11, 15], "texture": "#0"},
				"east": {"uv": [8, 2, 9, 5], "texture": "#0"},
				"south": {"uv": [1, 12, 11, 15], "texture": "#0"},
				"west": {"uv": [8, 2, 9, 5], "texture": "#0"},
				"up": {"uv": [1, 12, 11, 13], "texture": "#0"},
				"down": {"uv": [1, 14, 11, 15], "texture": "#0"}
			}
		},
		{
			"from": [3, 0, 12],
			"to": [13, 3, 14],
			"rotation": {"angle": 0, "axis": "y", "origin": [8, 14.25, 8]},
			"faces": {
				"north": {"uv": [11, 12, 1, 15], "texture": "#0"},
				"east": {"uv": [9, 2, 8, 5], "texture": "#0"},
				"south": {"uv": [11, 12, 1, 15], "texture": "#0"},
				"west": {"uv": [9, 2, 8, 5], "texture": "#0"},
				"up": {"uv": [1, 13, 11, 12], "texture": "#0"},
				"down": {"uv": [1, 15, 11, 14], "texture": "#0"}
			}
		},
		{
			"from": [7, 3, 13],
			"to": [9, 4, 14],
			"rotation": {"angle": 0, "axis": "y", "origin": [8, 14.25, 8]},
			"faces": {
				"north": {"uv": [9, 4, 7, 5], "texture": "#0"},
				"east": {"uv": [8, 4, 7, 5], "texture": "#0"},
				"south": {"uv": [9, 4, 7, 5], "texture": "#0"},
				"west": {"uv": [8, 4, 7, 5], "texture": "#0"},
				"up": {"uv": [7, 5, 9, 4], "texture": "#0"}
			}
		},
		{
			"from": [7, 3, 2],
			"to": [9, 4, 3],
			"rotation": {"angle": 0, "axis": "y", "origin": [8, 14.25, 8]},
			"faces": {
				"north": {"uv": [7, 4, 9, 5], "texture": "#0"},
				"east": {"uv": [7, 4, 8, 5], "texture": "#0"},
				"south": {"uv": [7, 4, 9, 5], "texture": "#0"},
				"west": {"uv": [7, 4, 8, 5], "texture": "#0"},
				"up": {"uv": [7, 4, 9, 5], "texture": "#0"},
				"down": {"uv": [7, 4, 9, 5], "texture": "#0"}
			}
		},
		{
			"from": [12, 0, 3],
			"to": [14, 3.001, 13],
			"rotation": {"angle": 0, "axis": "y", "origin": [8, 14.25, 8]},
			"faces": {
				"north": {"uv": [8, 2, 9, 5], "texture": "#0"},
				"east": {"uv": [1, 12, 11, 15], "texture": "#0"},
				"south": {"uv": [8, 2, 9, 5], "texture": "#0"},
				"west": {"uv": [1, 12, 11, 15], "texture": "#0"},
				"up": {"uv": [1, 12, 11, 13], "rotation": 90, "texture": "#0"},
				"down": {"uv": [1, 14, 11, 15], "rotation": 270, "texture": "#0"}
			}
		},
		{
			"from": [13, 3, 7],
			"to": [14, 4, 9],
			"rotation": {"angle": 0, "axis": "y", "origin": [8, 14.25, 8]},
			"faces": {
				"north": {"uv": [7, 4, 8, 5], "texture": "#0"},
				"east": {"uv": [7, 4, 9, 5], "texture": "#0"},
				"south": {"uv": [7, 4, 8, 5], "texture": "#0"},
				"west": {"uv": [7, 4, 9, 5], "texture": "#0"},
				"up": {"uv": [7, 4, 9, 5], "rotation": 90, "texture": "#0"}
			}
		},
		{
			"from": [13, 3, 10.4],
			"to": [14, 4.6, 12.4],
			"rotation": {"angle": 0, "axis": "y", "origin": [8, 14.8, 8]},
			"faces": {
				"north": {"uv": [8, 3.4, 9, 5], "texture": "#0"},
				"east": {"uv": [7, 3.4, 9, 5], "texture": "#0"},
				"south": {"uv": [7, 3.4, 8, 5], "texture": "#0"},
				"west": {"uv": [9, 3.4, 7, 5], "texture": "#0"},
				"up": {"uv": [7, 3.4, 9, 5], "texture": "#0"}
			}
		},
		{
			"from": [13, 3, 3.6],
			"to": [14, 4.6, 5.6],
			"rotation": {"angle": 0, "axis": "y", "origin": [8, 14.8, 8]},
			"faces": {
				"north": {"uv": [8, 3.4, 9, 5], "texture": "#0"},
				"east": {"uv": [7, 3.4, 9, 5], "texture": "#0"},
				"south": {"uv": [7, 3.4, 8, 5], "texture": "#0"},
				"west": {"uv": [9, 3.4, 7, 5], "texture": "#0"},
				"up": {"uv": [7, 3.4, 9, 5], "texture": "#0"}
			}
		},
		{
			"from": [2, 3, 3.6],
			"to": [3, 4.6, 5.6],
			"rotation": {"angle": 0, "axis": "y", "origin": [8, 14.8, 8]},
			"faces": {
				"north": {"uv": [9, 3.4, 8, 5], "texture": "#0"},
				"east": {"uv": [7, 3.4, 9, 5], "texture": "#0"},
				"south": {"uv": [8, 3.4, 7, 5], "texture": "#0"},
				"west": {"uv": [9, 3.4, 7, 5], "texture": "#0"},
				"up": {"uv": [9, 3.4, 7, 5], "texture": "#0"}
			}
		},
		{
			"from": [2, 3, 10.4],
			"to": [3, 4.6, 12.4],
			"rotation": {"angle": 0, "axis": "y", "origin": [8, 14.8, 8]},
			"faces": {
				"north": {"uv": [9, 3.4, 8, 5], "texture": "#0"},
				"east": {"uv": [7, 3.4, 9, 5], "texture": "#0"},
				"south": {"uv": [8, 3.4, 7, 5], "texture": "#0"},
				"west": {"uv": [9, 3.4, 7, 5], "texture": "#0"},
				"up": {"uv": [9, 3.4, 7, 5], "texture": "#0"}
			}
		},
		{
			"from": [10.4, 3, 2],
			"to": [12.4, 4.6, 3],
			"rotation": {"angle": 0, "axis": "y", "origin": [8, 14.8, 8]},
			"faces": {
				"north": {"uv": [9, 3.4, 7, 5], "texture": "#0"},
				"east": {"uv": [9, 3.4, 8, 5], "texture": "#0"},
				"south": {"uv": [7, 3.4, 9, 5], "texture": "#0"},
				"west": {"uv": [8, 3.4, 7, 5], "texture": "#0"},
				"up": {"uv": [9, 3.4, 7, 5], "rotation": 90, "texture": "#0"},
				"down": {"uv": [0, 1, 2, 0], "rotation": 180, "texture": "#missing"}
			}
		},
		{
			"from": [3.6, 3, 2],
			"to": [5.6, 4.6, 3],
			"rotation": {"angle": 0, "axis": "y", "origin": [8, 14.8, 8]},
			"faces": {
				"north": {"uv": [9, 3.4, 7, 5], "texture": "#0"},
				"east": {"uv": [9, 3.4, 8, 5], "texture": "#0"},
				"south": {"uv": [7, 3.4, 9, 5], "texture": "#0"},
				"west": {"uv": [8, 3.4, 7, 5], "texture": "#0"},
				"up": {"uv": [9, 3.4, 7, 5], "rotation": 90, "texture": "#0"},
				"down": {"uv": [0, 1, 2, 0], "rotation": 180, "texture": "#missing"}
			}
		},
		{
			"from": [3.6, 3, 13],
			"to": [5.6, 4.6, 14],
			"rotation": {"angle": 0, "axis": "y", "origin": [8, 14.8, 8]},
			"faces": {
				"north": {"uv": [9, 3.4, 7, 5], "texture": "#0"},
				"east": {"uv": [8, 3.4, 9, 5], "texture": "#0"},
				"south": {"uv": [7, 3.4, 9, 5], "texture": "#0"},
				"west": {"uv": [7, 3.4, 8, 5], "texture": "#0"},
				"up": {"uv": [7, 3.4, 9, 5], "rotation": 90, "texture": "#0"}
			}
		},
		{
			"from": [10.4, 3, 13],
			"to": [12.4, 4.6, 14],
			"rotation": {"angle": 0, "axis": "y", "origin": [8, 14.8, 8]},
			"faces": {
				"north": {"uv": [9, 3.4, 7, 5], "texture": "#0"},
				"east": {"uv": [8, 3.4, 9, 5], "texture": "#0"},
				"south": {"uv": [7, 3.4, 9, 5], "texture": "#0"},
				"west": {"uv": [7, 3.4, 8, 5], "texture": "#0"},
				"up": {"uv": [7, 3.4, 9, 5], "rotation": 90, "texture": "#0"}
			}
		},
		{
			"from": [2, 3, 7],
			"to": [3, 4, 9],
			"rotation": {"angle": 0, "axis": "y", "origin": [8, 14.25, 8]},
			"faces": {
				"north": {"uv": [8, 4, 7, 5], "texture": "#0"},
				"east": {"uv": [9, 4, 7, 5], "texture": "#0"},
				"south": {"uv": [8, 4, 7, 5], "texture": "#0"},
				"west": {"uv": [9, 4, 7, 5], "texture": "#0"},
				"up": {"uv": [7, 5, 9, 4], "rotation": 90, "texture": "#0"}
			}
		},
		{
			"from": [2, 0, 3],
			"to": [4, 3.001, 13],
			"rotation": {"angle": 0, "axis": "y", "origin": [8, 14.25, 8]},
			"faces": {
				"north": {"uv": [9, 2, 8, 5], "texture": "#0"},
				"east": {"uv": [11, 12, 1, 15], "texture": "#0"},
				"south": {"uv": [9, 2, 8, 5], "texture": "#0"},
				"west": {"uv": [11, 12, 1, 15], "texture": "#0"},
				"up": {"uv": [1, 13, 11, 12], "rotation": 90, "texture": "#0"},
				"down": {"uv": [1, 15, 11, 14], "rotation": 270, "texture": "#0"}
			}
		},
		{
			"from": [10.5, 4.45, 2.1],
			"to": [12.3, 5.25, 2.9],
			"rotation": {"angle": 0, "axis": "z", "origin": [8, 15.91667, 8]},
			"faces": {
				"north": {"uv": [6, 0, 4, 1], "texture": "#2"},
				"east": {"uv": [4, 0, 5, 2], "texture": "#2"},
				"south": {"uv": [4, 0, 6, 2], "texture": "#2"},
				"west": {"uv": [5, 0, 6, 2], "texture": "#2"},
				"up": {"uv": [4, 0, 6, 1], "texture": "#2"}
			}
		},
		{
			"from": [7.1, 3.85, 2.1],
			"to": [8.9, 4.65, 2.9],
			"rotation": {"angle": 0, "axis": "z", "origin": [8, 15.91667, 8]},
			"faces": {
				"north": {"uv": [6, 0, 4, 1], "texture": "#2"},
				"east": {"uv": [4, 0, 5, 2], "texture": "#2"},
				"south": {"uv": [4, 0, 6, 2], "texture": "#2"},
				"west": {"uv": [5, 0, 6, 2], "texture": "#2"},
				"up": {"uv": [4, 0, 6, 1], "texture": "#2"}
			}
		},
		{
			"from": [3.7, 4.45, 2.1],
			"to": [5.5, 5.25, 2.9],
			"rotation": {"angle": 0, "axis": "z", "origin": [8, 15.91667, 8]},
			"faces": {
				"north": {"uv": [6, 0, 4, 1], "texture": "#2"},
				"east": {"uv": [4, 0, 5, 2], "texture": "#2"},
				"south": {"uv": [4, 0, 6, 2], "texture": "#2"},
				"west": {"uv": [5, 0, 6, 2], "texture": "#2"},
				"up": {"uv": [4, 0, 6, 1], "texture": "#2"}
			}
		},
		{
			"from": [10.5, 4.45, 13.1],
			"to": [12.3, 5.25, 13.9],
			"rotation": {"angle": 0, "axis": "z", "origin": [8, 15.91667, 8]},
			"faces": {
				"north": {"uv": [6, 0, 4, 2], "texture": "#2"},
				"east": {"uv": [5, 0, 4, 2], "texture": "#2"},
				"south": {"uv": [4, 0, 6, 1], "texture": "#2"},
				"west": {"uv": [6, 0, 5, 2], "texture": "#2"},
				"up": {"uv": [4, 1, 6, 0], "texture": "#2"}
			}
		},
		{
			"from": [7.1, 3.85, 13.1],
			"to": [8.9, 4.65, 13.9],
			"rotation": {"angle": 0, "axis": "z", "origin": [8, 15.91667, 8]},
			"faces": {
				"north": {"uv": [6, 0, 4, 2], "texture": "#2"},
				"east": {"uv": [5, 0, 4, 2], "texture": "#2"},
				"south": {"uv": [4, 0, 6, 1], "texture": "#2"},
				"west": {"uv": [6, 0, 5, 2], "texture": "#2"},
				"up": {"uv": [4, 1, 6, 0], "texture": "#2"}
			}
		},
		{
			"from": [3.7, 4.45, 13.1],
			"to": [5.5, 5.25, 13.9],
			"rotation": {"angle": 0, "axis": "z", "origin": [8, 15.91667, 8]},
			"faces": {
				"north": {"uv": [6, 0, 4, 2], "texture": "#2"},
				"east": {"uv": [5, 0, 4, 2], "texture": "#2"},
				"south": {"uv": [4, 0, 6, 1], "texture": "#2"},
				"west": {"uv": [6, 0, 5, 2], "texture": "#2"},
				"up": {"uv": [4, 1, 6, 0], "texture": "#2"}
			}
		},
		{
			"from": [2.1, 4.45, 10.5],
			"to": [2.9, 5.25, 12.3],
			"rotation": {"angle": 0, "axis": "z", "origin": [8, 15.91667, 8]},
			"faces": {
				"north": {"uv": [6, 0, 5, 2], "texture": "#2"},
				"east": {"uv": [6, 0, 4, 2], "texture": "#2"},
				"south": {"uv": [5, 0, 4, 2], "texture": "#2"},
				"west": {"uv": [4, 0, 6, 1], "texture": "#2"},
				"up": {"uv": [4, 1, 6, 0], "rotation": 90, "texture": "#2"}
			}
		},
		{
			"from": [2.1, 3.85, 7.1],
			"to": [2.9, 4.65, 8.9],
			"rotation": {"angle": 0, "axis": "z", "origin": [8, 15.91667, 8]},
			"faces": {
				"north": {"uv": [6, 0, 5, 2], "texture": "#2"},
				"east": {"uv": [6, 0, 4, 2], "texture": "#2"},
				"south": {"uv": [5, 0, 4, 2], "texture": "#2"},
				"west": {"uv": [4, 0, 6, 1], "texture": "#2"},
				"up": {"uv": [4, 1, 6, 0], "rotation": 90, "texture": "#2"}
			}
		},
		{
			"from": [2.1, 4.45, 3.7],
			"to": [2.9, 5.25, 5.5],
			"rotation": {"angle": 0, "axis": "z", "origin": [8, 15.91667, 8]},
			"faces": {
				"north": {"uv": [6, 0, 5, 2], "texture": "#2"},
				"east": {"uv": [6, 0, 4, 2], "texture": "#2"},
				"south": {"uv": [5, 0, 4, 2], "texture": "#2"},
				"west": {"uv": [4, 0, 6, 1], "texture": "#2"},
				"up": {"uv": [4, 1, 6, 0], "rotation": 90, "texture": "#2"}
			}
		},
		{
			"from": [13.1, 4.45, 10.5],
			"to": [13.9, 5.25, 12.3],
			"rotation": {"angle": 0, "axis": "z", "origin": [8, 15.91667, 8]},
			"faces": {
				"north": {"uv": [5, 0, 6, 2], "texture": "#2"},
				"east": {"uv": [6, 0, 4, 1], "texture": "#2"},
				"south": {"uv": [4, 0, 5, 2], "texture": "#2"},
				"west": {"uv": [4, 0, 6, 2], "texture": "#2"},
				"up": {"uv": [4, 0, 6, 1], "rotation": 90, "texture": "#2"}
			}
		},
		{
			"from": [13.1, 3.85, 7.1],
			"to": [13.9, 4.65, 8.9],
			"rotation": {"angle": 0, "axis": "z", "origin": [8, 15.91667, 8]},
			"faces": {
				"north": {"uv": [5, 0, 6, 2], "texture": "#2"},
				"east": {"uv": [6, 0, 4, 1], "texture": "#2"},
				"south": {"uv": [4, 0, 5, 2], "texture": "#2"},
				"west": {"uv": [4, 0, 6, 2], "texture": "#2"},
				"up": {"uv": [4, 0, 6, 1], "rotation": 90, "texture": "#2"}
			}
		},
		{
			"from": [13.1, 4.45, 3.7],
			"to": [13.9, 5.25, 5.5],
			"rotation": {"angle": 0, "axis": "z", "origin": [8, 15.91667, 8]},
			"faces": {
				"north": {"uv": [5, 0, 6, 2], "texture": "#2"},
				"east": {"uv": [6, 0, 4, 1], "texture": "#2"},
				"south": {"uv": [4, 0, 5, 2], "texture": "#2"},
				"west": {"uv": [4, 0, 6, 2], "texture": "#2"},
				"up": {"uv": [4, 0, 6, 1], "rotation": 90, "texture": "#2"}
			}
		},
		{
			"from": [9.725, 0.875, 1.75],
			"to": [10.975, 2.125, 2.75],
			"rotation": {"angle": 0, "axis": "z", "origin": [8, 12.5, 8]},
			"faces": {
				"north": {"uv": [3, 1, 1, 3], "texture": "#2"},
				"east": {"uv": [0, 1, 2, 3], "texture": "#2"},
				"west": {"uv": [2, 1, 4, 3], "texture": "#2"},
				"up": {"uv": [4, 0, 2, 2], "texture": "#2"},
				"down": {"uv": [1, 2, 3, 4], "texture": "#2"}
			}
		},
		{
			"from": [5.225, 0.875, 1.75],
			"to": [6.475, 2.125, 2.75],
			"rotation": {"angle": 0, "axis": "z", "origin": [8, 12.5, 8]},
			"faces": {
				"north": {"uv": [3, 1, 1, 3], "texture": "#2"},
				"east": {"uv": [0, 1, 2, 3], "texture": "#2"},
				"west": {"uv": [2, 1, 4, 3], "texture": "#2"},
				"up": {"uv": [4, 0, 2, 2], "texture": "#2"},
				"down": {"uv": [1, 2, 3, 4], "texture": "#2"}
			}
		},
		{
			"from": [5.225, 0.875, 13.25],
			"to": [6.475, 2.125, 14.25],
			"rotation": {"angle": 0, "axis": "z", "origin": [8, 12.5, 8]},
			"faces": {
				"east": {"uv": [2, 1, 0, 3], "texture": "#2"},
				"south": {"uv": [1, 1, 3, 3], "texture": "#2"},
				"west": {"uv": [4, 1, 2, 3], "texture": "#2"},
				"up": {"uv": [4, 2, 2, 0], "texture": "#2"},
				"down": {"uv": [1, 4, 3, 2], "texture": "#2"}
			}
		},
		{
			"from": [9.525, 0.875, 13.25],
			"to": [10.775, 2.125, 14.25],
			"rotation": {"angle": 0, "axis": "z", "origin": [8, 12.5, 8]},
			"faces": {
				"east": {"uv": [2, 1, 0, 3], "texture": "#2"},
				"south": {"uv": [1, 1, 3, 3], "texture": "#2"},
				"west": {"uv": [4, 1, 2, 3], "texture": "#2"},
				"up": {"uv": [4, 2, 2, 0], "texture": "#2"},
				"down": {"uv": [1, 4, 3, 2], "texture": "#2"}
			}
		},
		{
			"from": [1.75, 0.875, 5.225],
			"to": [2.75, 2.125, 6.475],
			"rotation": {"angle": 0, "axis": "z", "origin": [8, 12.5, 8]},
			"faces": {
				"north": {"uv": [4, 1, 2, 3], "texture": "#2"},
				"south": {"uv": [2, 1, 0, 3], "texture": "#2"},
				"west": {"uv": [1, 1, 3, 3], "texture": "#2"},
				"up": {"uv": [4, 2, 2, 0], "rotation": 90, "texture": "#2"},
				"down": {"uv": [1, 4, 3, 2], "rotation": 270, "texture": "#2"}
			}
		},
		{
			"from": [1.75, 0.875, 9.525],
			"to": [2.75, 2.125, 10.775],
			"rotation": {"angle": 0, "axis": "z", "origin": [8, 12.5, 8]},
			"faces": {
				"north": {"uv": [4, 1, 2, 3], "texture": "#2"},
				"south": {"uv": [2, 1, 0, 3], "texture": "#2"},
				"west": {"uv": [1, 1, 3, 3], "texture": "#2"},
				"up": {"uv": [4, 2, 2, 0], "rotation": 90, "texture": "#2"},
				"down": {"uv": [1, 4, 3, 2], "rotation": 270, "texture": "#2"}
			}
		},
		{
			"from": [13.25, 0.875, 9.525],
			"to": [14.25, 2.125, 10.775],
			"rotation": {"angle": 0, "axis": "z", "origin": [8, 12.5, 8]},
			"faces": {
				"north": {"uv": [2, 1, 4, 3], "texture": "#2"},
				"east": {"uv": [3, 1, 1, 3], "texture": "#2"},
				"south": {"uv": [0, 1, 2, 3], "texture": "#2"},
				"up": {"uv": [4, 0, 2, 2], "rotation": 90, "texture": "#2"},
				"down": {"uv": [1, 2, 3, 4], "rotation": 270, "texture": "#2"}
			}
		},
		{
			"from": [13.25, 0.875, 5.225],
			"to": [14.25, 2.125, 6.475],
			"rotation": {"angle": 0, "axis": "z", "origin": [8, 12.5, 8]},
			"faces": {
				"north": {"uv": [2, 1, 4, 3], "texture": "#2"},
				"east": {"uv": [3, 1, 1, 3], "texture": "#2"},
				"south": {"uv": [0, 1, 2, 3], "texture": "#2"},
				"up": {"uv": [4, 0, 2, 2], "rotation": 90, "texture": "#2"},
				"down": {"uv": [1, 2, 3, 4], "rotation": 270, "texture": "#2"}
			}
		}
	],
	"display": {
		"thirdperson_righthand": {
			"rotation": [75, 45, 0],
			"translation": [0, 1.5, 1],
			"scale": [0.375, 0.375, 0.375]
		},
		"thirdperson_lefthand": {
			"rotation": [75, 45, 0],
			"translation": [0, 2.5, 0.75],
			"scale": [0.375, 0.375, 0.375]
		},
		"firstperson_righthand": {
			"rotation": [0, 45, 0],
			"scale": [0.4, 0.4, 0.4]
		},
		"firstperson_lefthand": {
			"rotation": [0, 225, 0],
			"scale": [0.4, 0.4, 0.4]
		},
		"ground": {
			"translation": [0, 3, 0],
			"scale": [0.25, 0.25, 0.25]
		},
		"gui": {
			"rotation": [30, 225, 0],
			"translation": [0, 3, 0],
			"scale": [0.625, 0.625, 0.625]
		},
		"head": {
			"rotation": [7.5, 0, 0],
			"translation": [0, 15.5, 1.25],
			"scale": [1.45, 1.45, 1.45]
		},
		"fixed": {
			"rotation": [-90, 0, 0],
			"translation": [0, 0, -19.25],
			"scale": [2.67, 2.67, 2.67]
		}
	},
	"groups": [
		0,
		1,
		2,
		3,
		4,
		5,
		6,
		7,
		8,
		9,
		10,
		11,
		12,
		13,
		14,
		15,
		{
			"name": "gems",
			"origin": [8, 14.25, 8],
			"color": 0,
			"children": []
		},
		{
			"name": "toppers",
			"origin": [7.625, 12.625, 1.95],
			"color": 0,
			"children": [16, 17, 18, 19, 20, 21, 22, 23, 24, 25, 26, 27]
		},
		{
			"name": "side gems",
			"origin": [8, 12.5, 2],
			"color": 0,
			"children": [28, 29, 30, 31, 32, 33, 34, 35]
		}
	]
}