{
	"credit": "Made with Blockbench",
	"textures": {
		"0": "item/mc_black_wool",
		"1": "item/copper_bauble",
		"2": "item/mc_purple_wool",
		"particle": "item/mc_black_wool"
	},
	"elements": [
		{
			"from": [-7, 8, 6],
			"to": [-3, 12, 10],
			"rotation": {"angle": 22.5, "axis": "y", "origin": [-5, 10, 8]},
			"faces": {
				"north": {"uv": [0, 0, 16, 16], "texture": "#1"},
				"east": {"uv": [0, 0, 16, 16], "texture": "#1"},
				"south": {"uv": [0, 0, 16, 16], "texture": "#1"},
				"west": {"uv": [0, 0, 16, 16], "texture": "#1"},
				"up": {"uv": [0, 0, 16, 16], "texture": "#1"},
				"down": {"uv": [0, 0, 16, 16], "texture": "#1"}
			}
		},
		{
			"from": [-5.5, 12, 7.5],
			"to": [-4.5, 16, 8.5],
			"rotation": {"angle": 0, "axis": "y", "origin": [-5, 14, 7]},
			"faces": {
				"north": {"uv": [0, 0, 1, 4], "texture": "#0"},
				"east": {"uv": [0, 0, 1, 4], "texture": "#0"},
				"south": {"uv": [0, 0, 1, 4], "texture": "#0"},
				"west": {"uv": [0, 0, 1, 4], "texture": "#0"},
				"up": {"uv": [0, 0, 1, 1], "texture": "#0"},
				"down": {"uv": [0, 0, 1, 1], "texture": "#0"}
			}
		},
		{
			"from": [3, 2, 1],
			"to": [17, 10, 15],
			"rotation": {"angle": 22.5, "axis": "z", "origin": [0, 0, 0]},
			"faces": {
				"north": {"uv": [0, 0, 14, 8], "texture": "#0"},
				"east": {"uv": [0, 0, 14, 8], "texture": "#0"},
				"south": {"uv": [0, 0, 14, 8], "texture": "#0"},
				"west": {"uv": [0, 0, 14, 8], "texture": "#0"},
				"up": {"uv": [0, 0, 14, 14], "texture": "#0"},
				"down": {"uv": [0, 0, 14, 14], "texture": "#0"}
			}
		},
		{
			"from": [-2.35341, 10.91339, 3],
			"to": [7.64659, 18.91339, 13],
			"rotation": {"angle": 45, "axis": "z", "origin": [4.64659, 14.91339, 8]},
			"faces": {
				"north": {"uv": [0, 0, 10, 8], "texture": "#0"},
				"east": {"uv": [0, 0, 10, 8], "texture": "#0"},
				"south": {"uv": [0, 0, 10, 8], "texture": "#0"},
				"west": {"uv": [0, 0, 10, 8], "texture": "#0"},
				"up": {"uv": [0, 0, 10, 10], "texture": "#0"},
				"down": {"uv": [0, 0, 10, 10], "texture": "#0"}
			}
		},
		{
			"from": [-5.42447, 13.98446, 5],
			"to": [0.57553, 19.98446, 11],
			"rotation": {"angle": -22.5, "axis": "z", "origin": [-3.71737, 15.44892, 8]},
			"faces": {
				"north": {"uv": [0, 0, 6, 6], "rotation": 90, "texture": "#0"},
				"east": {"uv": [0, 0, 6, 6], "rotation": 270, "texture": "#0"},
				"south": {"uv": [0, 0, 6, 6], "rotation": 270, "texture": "#0"},
				"west": {"uv": [0, 0, 6, 6], "rotation": 270, "texture": "#0"},
				"up": {"uv": [0, 0, 6, 6], "rotation": 270, "texture": "#0"},
				"down": {"uv": [0, 0, 6, 6], "rotation": 270, "texture": "#0"}
			}
		},
		{
			"from": [0, 1, 0],
			"to": [16, 9, 16],
			"faces": {
				"north": {"uv": [0, 0, 16, 8], "texture": "#0"},
				"east": {"uv": [0, 0, 16, 8], "texture": "#0"},
				"south": {"uv": [0, 0, 16, 8], "texture": "#0"},
				"west": {"uv": [0, 0, 16, 8], "texture": "#0"},
				"up": {"uv": [0, 0, 16, 16], "texture": "#0"},
				"down": {"uv": [0, 0, 16, 16], "texture": "#0"}
			}
		},
		{
			"from": [-0.1, 3, -0.1],
			"to": [16.1, 6, 16.1],
			"rotation": {"angle": 0, "axis": "z", "origin": [16, 0, 0.9]},
			"faces": {
				"north": {"uv": [16, 0, 0, 2], "texture": "#2"},
				"east": {"uv": [16, 0, 0, 3], "texture": "#2"},
				"south": {"uv": [16, 0, 0, 3], "texture": "#2"},
				"west": {"uv": [16, 0, 0, 3], "texture": "#2"},
				"up": {"uv": [16, 0, 0, 16], "texture": "#2"},
				"down": {"uv": [16, 0, 0, 16], "texture": "#2"}
			}
		},
		{
			"from": [8, 0, 8],
			"to": [20, 3, 20],
			"faces": {
				"north": {"uv": [0, 0, 12, 3], "texture": "#0"},
				"east": {"uv": [0, 0, 12, 3], "texture": "#0"},
				"south": {"uv": [0, 0, 12, 3], "texture": "#0"},
				"west": {"uv": [0, 0, 12, 3], "texture": "#0"},
				"up": {"uv": [0, 0, 12, 12], "texture": "#0"},
				"down": {"uv": [0, 0, 12, 12], "texture": "#0"}
			}
		},
		{
			"from": [-4, 0, 8],
			"to": [8, 3, 20],
			"faces": {
				"north": {"uv": [0, 0, 12, 3], "texture": "#0"},
				"east": {"uv": [0, 0, 12, 3], "texture": "#0"},
				"south": {"uv": [0, 0, 12, 3], "texture": "#0"},
				"west": {"uv": [0, 0, 12, 3], "texture": "#0"},
				"up": {"uv": [0, 0, 12, 12], "texture": "#0"},
				"down": {"uv": [0, 0, 12, 12], "texture": "#0"}
			}
		},
		{
			"from": [-8.9, -2.5, 8],
			"to": [-3.9, 0.5, 20],
			"rotation": {"angle": 22.5, "axis": "z", "origin": [-10, 1.5, 14]},
			"faces": {
				"north": {"uv": [0, 0, 5, 3], "texture": "#0"},
				"east": {"uv": [0, 0, 12, 3], "texture": "#0"},
				"south": {"uv": [0, 0, 5, 3], "texture": "#0"},
				"west": {"uv": [0, 0, 12, 3], "texture": "#0"},
				"up": {"uv": [0, 0, 5, 12], "texture": "#0"},
				"down": {"uv": [0, 0, 5, 12], "texture": "#0"}
			}
		},
		{
			"from": [-8.9, -2.5, -4],
			"to": [-3.9, 0.5, 8],
			"rotation": {"angle": 22.5, "axis": "z", "origin": [-10, 1.5, 14]},
			"faces": {
				"north": {"uv": [0, 0, 5, 3], "texture": "#0"},
				"east": {"uv": [0, 0, 12, 3], "texture": "#0"},
				"south": {"uv": [0, 0, 5, 3], "texture": "#0"},
				"west": {"uv": [0, 0, 12, 3], "texture": "#0"},
				"up": {"uv": [0, 0, 5, 12], "texture": "#0"},
				"down": {"uv": [0, 0, 5, 12], "texture": "#0"}
			}
		},
		{
			"from": [-3.9, 6.5, -7],
			"to": [8.1, 9.5, -2],
			"rotation": {"angle": -22.5, "axis": "x", "origin": [-10, 1.5, 14]},
			"faces": {
				"north": {"uv": [0, 0, 12, 3], "texture": "#0"},
				"east": {"uv": [0, 0, 12, 3], "texture": "#0"},
				"south": {"uv": [0, 0, 12, 3], "texture": "#0"},
				"west": {"uv": [0, 0, 5, 3], "texture": "#0"},
				"up": {"uv": [0, 0, 12, 5], "texture": "#0"},
				"down": {"uv": [0, 0, 12, 5], "texture": "#0"}
			}
		},
		{
			"from": [8.1, 6.5, -7],
			"to": [20.1, 9.5, -2],
			"rotation": {"angle": -22.5, "axis": "x", "origin": [-10, 1.5, 14]},
			"faces": {
				"north": {"uv": [0, 0, 12, 3], "texture": "#0"},
				"east": {"uv": [0, 0, 12, 3], "texture": "#0"},
				"south": {"uv": [0, 0, 12, 3], "texture": "#0"},
				"west": {"uv": [0, 0, 5, 3], "texture": "#0"},
				"up": {"uv": [0, 0, 12, 5], "texture": "#0"},
				"down": {"uv": [0, 0, 12, 5], "texture": "#0"}
			}
		},
		{
			"from": [8.1, 6.5, 18],
			"to": [20.1, 9.5, 23],
			"rotation": {"angle": 22.5, "axis": "x", "origin": [-10, 1.5, 2]},
			"faces": {
				"north": {"uv": [12, 0, 0, 3], "texture": "#0"},
				"east": {"uv": [12, 0, 0, 3], "texture": "#0"},
				"south": {"uv": [12, 0, 0, 3], "texture": "#0"},
				"west": {"uv": [5, 0, 0, 3], "texture": "#0"},
				"up": {"uv": [0, 5, 12, 0], "texture": "#0"},
				"down": {"uv": [0, 5, 12, 0], "texture": "#0"}
			}
		},
		{
			"from": [-3.9, 6.5, 18],
			"to": [8.1, 9.5, 23],
			"rotation": {"angle": 22.5, "axis": "x", "origin": [-10, 1.5, 2]},
			"faces": {
				"north": {"uv": [12, 0, 0, 3], "texture": "#0"},
				"east": {"uv": [12, 0, 0, 3], "texture": "#0"},
				"south": {"uv": [12, 0, 0, 3], "texture": "#0"},
				"west": {"uv": [5, 0, 0, 3], "texture": "#0"},
				"up": {"uv": [0, 5, 12, 0], "texture": "#0"},
				"down": {"uv": [0, 5, 12, 0], "texture": "#0"}
			}
		},
		{
			"from": [19.9, -2.5, -4],
			"to": [24.9, 0.5, 8],
			"rotation": {"angle": -22.5, "axis": "z", "origin": [26, 1.5, 14]},
			"faces": {
				"north": {"uv": [5, 0, 0, 3], "texture": "#0"},
				"east": {"uv": [12, 0, 0, 3], "texture": "#0"},
				"south": {"uv": [5, 0, 0, 3], "texture": "#0"},
				"west": {"uv": [12, 0, 0, 3], "texture": "#0"},
				"up": {"uv": [5, 0, 0, 12], "texture": "#0"},
				"down": {"uv": [5, 0, 0, 12], "texture": "#0"}
			}
		},
		{
			"from": [19.9, -2.5, 8],
			"to": [24.9, 0.5, 20],
			"rotation": {"angle": -22.5, "axis": "z", "origin": [26, 1.5, 14]},
			"faces": {
				"north": {"uv": [5, 0, 0, 3], "texture": "#0"},
				"east": {"uv": [12, 0, 0, 3], "texture": "#0"},
				"south": {"uv": [5, 0, 0, 3], "texture": "#0"},
				"west": {"uv": [12, 0, 0, 3], "texture": "#0"},
				"up": {"uv": [5, 0, 0, 12], "texture": "#0"},
				"down": {"uv": [5, 0, 0, 12], "texture": "#0"}
			}
		},
		{
			"from": [-4, 0, -4],
			"to": [8, 3, 8],
			"faces": {
				"north": {"uv": [0, 0, 12, 3], "texture": "#0"},
				"east": {"uv": [0, 0, 12, 3], "texture": "#0"},
				"south": {"uv": [0, 0, 12, 3], "texture": "#0"},
				"west": {"uv": [0, 0, 12, 3], "texture": "#0"},
				"up": {"uv": [0, 0, 12, 12], "texture": "#0"},
				"down": {"uv": [0, 0, 12, 12], "texture": "#0"}
			}
		},
		{
			"from": [8, 0, -4],
			"to": [20, 3, 8],
			"faces": {
				"north": {"uv": [0, 0, 12, 3], "texture": "#0"},
				"east": {"uv": [0, 0, 12, 3], "texture": "#0"},
				"south": {"uv": [0, 0, 12, 3], "texture": "#0"},
				"west": {"uv": [0, 0, 12, 3], "texture": "#0"},
				"up": {"uv": [0, 0, 12, 12], "texture": "#0"},
				"down": {"uv": [0, 0, 12, 12], "texture": "#0"}
			}
		}
	],
	"display": {
		"thirdperson_righthand": {
			"rotation": [75, 45, 0],
			"translation": [0, 1.5, 1],
			"scale": [0.375, 0.375, 0.375]
		},
		"thirdperson_lefthand": {
			"rotation": [75, 45, 0],
			"translation": [0, 2.5, 0.75],
			"scale": [0.375, 0.375, 0.375]
		},
		"firstperson_righthand": {
			"rotation": [0, 45, 0],
			"scale": [0.4, 0.4, 0.4]
		},
		"firstperson_lefthand": {
			"rotation": [0, 225, 0],
			"scale": [0.4, 0.4, 0.4]
		},
		"ground": {
			"translation": [0, 3, 0],
			"scale": [0.25, 0.25, 0.25]
		},
		"gui": {
			"rotation": [30, -45, 0],
			"scale": [0.22, 0.22, 0.22]
		},
		"head": {
			"rotation": [7.5, 0, 0],
			"translation": [0, 12.25, 1.25],
			"scale": [0.8, 0.8, 0.8]
		},
		"fixed": {
			"rotation": [-90, 0, 0],
			"translation": [0, 0, -19.25],
			"scale": [2.67, 2.67, 2.67]
		}
	},
	"groups": [
		0,
		1,
		{
			"name": "group",
			"origin": [0, 0, 0],
			"color": 0,
			"children": [2, 3, 4, 5, 6, 7, 8, 9, 10, 11, 12, 13, 14, 15, 16, 17, 18]
		}
	]
}