{
	"credit": "Made with Blockbench",
	"texture_size": [32, 32],
	"textures": {
		"1": "item/madoka_ribbons",
		"particle": "item/white_bow"
	},
	"elements": [
		{
			"from": [12, 8.79, 7.5],
			"to": [13, 9.79, 8.5],
			"faces": {
				"north": {"uv": [8, 9, 9, 10], "texture": "#1"},
				"east": {"uv": [8, 9, 9, 10], "texture": "#1"},
				"south": {"uv": [8, 9, 9, 10], "texture": "#1"},
				"west": {"uv": [8, 9, 9, 10], "texture": "#1"},
				"up": {"uv": [8, 9, 9, 10], "texture": "#1"},
				"down": {"uv": [8, 9, 9, 10], "texture": "#1"}
			}
		},
		{
			"from": [3, 8.79, 7.5],
			"to": [4, 9.79, 8.5],
			"rotation": {"angle": 0, "axis": "y", "origin": [16, 0, 0]},
			"faces": {
				"north": {"uv": [9, 9, 8, 10], "texture": "#1"},
				"east": {"uv": [9, 9, 8, 10], "texture": "#1"},
				"south": {"uv": [9, 9, 8, 10], "texture": "#1"},
				"west": {"uv": [9, 9, 8, 10], "texture": "#1"},
				"up": {"uv": [9, 9, 8, 10], "texture": "#1"},
				"down": {"uv": [9, 9, 8, 10], "texture": "#1"}
			}
		},
		{
			"from": [3, 8.91008, 7.79133],
			"to": [4, 12.83508, 7.79133],
			"rotation": {"angle": -45, "axis": "x", "origin": [3.5, 9.21008, 7.79133]},
			"faces": {
				"north": {"uv": [8, 6, 9, 10], "texture": "#1"},
				"south": {"uv": [8, 6, 9, 10], "texture": "#1"}
			}
		},
		{
			"from": [3, 7.85195, 5.22836],
			"to": [4, 11.77695, 5.22836],
			"rotation": {"angle": 0, "axis": "x", "origin": [3.5, 8.85195, 5.22836]},
			"faces": {
				"north": {"uv": [8, 6, 9, 10], "texture": "#1"},
				"south": {"uv": [8, 6, 9, 10], "texture": "#1"}
			}
		},
		{
			"from": [3, 8.61639, 5.0765],
			"to": [4, 8.61639, 8.0765],
			"rotation": {"angle": -22.5, "axis": "x", "origin": [3.5, 8.61639, 7.0765]},
			"faces": {
				"up": {"uv": [8, 6, 9, 9], "texture": "#1"},
				"down": {"uv": [8, 6, 9, 9], "texture": "#1"}
			}
		},
		{
			"from": [3, 7.85195, 10.77164],
			"to": [4, 11.77695, 10.77164],
			"rotation": {"angle": 0, "axis": "x", "origin": [3.5, 8.85195, 10.77164]},
			"faces": {
				"north": {"uv": [8, 6, 9, 10], "texture": "#1"},
				"south": {"uv": [8, 6, 9, 10], "texture": "#1"}
			}
		},
		{
			"from": [3, 8.91008, 8.20867],
			"to": [4, 12.83508, 8.20867],
			"rotation": {"angle": 45, "axis": "x", "origin": [3.5, 9.21008, 8.20867]},
			"faces": {
				"north": {"uv": [8, 6, 9, 10], "texture": "#1"},
				"south": {"uv": [8, 6, 9, 10], "texture": "#1"}
			}
		},
		{
			"from": [3, 8.61639, 7.9235],
			"to": [4, 8.61639, 10.9235],
			"rotation": {"angle": 22.5, "axis": "x", "origin": [3.5, 8.61639, 8.9235]},
			"faces": {
				"up": {"uv": [8, 6, 9, 9], "texture": "#1"},
				"down": {"uv": [8, 6, 9, 9], "texture": "#1"}
			}
		},
		{
			"from": [12, 8.91008, 7.79133],
			"to": [13, 12.83508, 7.79133],
			"rotation": {"angle": -45, "axis": "x", "origin": [12.5, 9.21008, 7.79133]},
			"faces": {
				"north": {"uv": [9, 6, 8, 10], "texture": "#1"},
				"south": {"uv": [9, 6, 8, 10], "texture": "#1"}
			}
		},
		{
			"from": [12, 7.85195, 5.22836],
			"to": [13, 11.77695, 5.22836],
			"rotation": {"angle": 0, "axis": "x", "origin": [12.5, 8.85195, 5.22836]},
			"faces": {
				"north": {"uv": [9, 6, 8, 10], "texture": "#1"},
				"south": {"uv": [9, 6, 8, 10], "texture": "#1"}
			}
		},
		{
			"from": [12, 8.61639, 5.0765],
			"to": [13, 8.61639, 8.0765],
			"rotation": {"angle": -22.5, "axis": "x", "origin": [12.5, 8.61639, 7.0765]},
			"faces": {
				"up": {"uv": [9, 6, 8, 9], "texture": "#1"},
				"down": {"uv": [9, 6, 8, 9], "texture": "#1"}
			}
		},
		{
			"from": [12, 8.61639, 7.9235],
			"to": [13, 8.61639, 10.9235],
			"rotation": {"angle": 22.5, "axis": "x", "origin": [12.5, 8.61639, 8.9235]},
			"faces": {
				"up": {"uv": [9, 6, 8, 9], "texture": "#1"},
				"down": {"uv": [9, 6, 8, 9], "texture": "#1"}
			}
		},
		{
			"from": [12, 7.85195, 10.77164],
			"to": [13, 11.77695, 10.77164],
			"rotation": {"angle": 0, "axis": "x", "origin": [12.5, 8.85195, 10.77164]},
			"faces": {
				"north": {"uv": [9, 6, 8, 10], "texture": "#1"},
				"south": {"uv": [9, 6, 8, 10], "texture": "#1"}
			}
		},
		{
			"from": [12, 8.91008, 8.20867],
			"to": [13, 12.83508, 8.20867],
			"rotation": {"angle": 45, "axis": "x", "origin": [12.5, 9.21008, 8.20867]},
			"faces": {
				"north": {"uv": [9, 6, 8, 10], "texture": "#1"},
				"south": {"uv": [9, 6, 8, 10], "texture": "#1"}
			}
		},
		{
			"from": [4, 7.79, 7.5],
			"to": [12, 8.79, 8.5],
			"rotation": {"angle": 0, "axis": "y", "origin": [0, 0.015, 0]},
			"faces": {
				"north": {"uv": [8, 0, 16, 1], "texture": "#1"},
				"east": {"uv": [8, 9, 9, 10], "texture": "#1"},
				"south": {"uv": [8, 0, 16, 1], "texture": "#1"},
				"west": {"uv": [8, 9, 9, 10], "texture": "#1"},
				"up": {"uv": [8, 1, 16, 2], "texture": "#1"},
				"down": {"uv": [8, 2, 16, 3], "texture": "#1"}
			}
		},
		{
			"from": [3, -8.65377, 13.2402],
			"to": [4, -4.65377, 13.2402],
			"rotation": {"angle": -22.5, "axis": "x", "origin": [3.5, -7.65377, 13.2402]},
			"faces": {
				"north": {"uv": [8, 6, 9, 10], "texture": "#1"},
				"south": {"uv": [8, 6, 9, 10], "texture": "#1"}
			}
		},
		{
			"from": [3, -11.57765, 13.62288],
			"to": [4, -8.57765, 13.62288],
			"rotation": {"angle": 0, "axis": "y", "origin": [3.5, -11.07765, 13.62288]},
			"faces": {
				"north": {"uv": [8, 6, 9, 9], "texture": "#1"},
				"south": {"uv": [8, 6, 9, 9], "texture": "#1"}
			}
		},
		{
			"from": [3, -1.95787, 11.70939],
			"to": [4, 2.04213, 11.70939],
			"rotation": {"angle": -22.5, "axis": "x", "origin": [3.5, -0.95787, 11.70939]},
			"faces": {
				"north": {"uv": [8, 6, 9, 10], "texture": "#1"},
				"south": {"uv": [8, 6, 9, 10], "texture": "#1"}
			}
		},
		{
			"from": [3, -4.88175, 12.09207],
			"to": [4, -1.88175, 12.09207],
			"rotation": {"angle": 0, "axis": "y", "origin": [3.5, -4.38175, 12.09207]},
			"faces": {
				"north": {"uv": [8, 6, 9, 9], "texture": "#1"},
				"south": {"uv": [8, 6, 9, 9], "texture": "#1"}
			}
		},
		{
			"from": [3, 1.81415, 10.56126],
			"to": [4, 4.81415, 10.56126],
			"rotation": {"angle": 0, "axis": "y", "origin": [3.5, 2.31415, 10.56126]},
			"faces": {
				"north": {"uv": [8, 6, 9, 9], "texture": "#1"},
				"south": {"uv": [8, 6, 9, 9], "texture": "#1"}
			}
		},
		{
			"from": [3, 4.66699, 10.208],
			"to": [4, 6.66699, 10.208],
			"rotation": {"angle": -45, "axis": "x", "origin": [3.5, 5.16699, 10.208]},
			"faces": {
				"north": {"uv": [8, 6, 9, 8], "texture": "#1"},
				"south": {"uv": [8, 6, 9, 8], "texture": "#1"}
			}
		},
		{
			"from": [3, 6.22798, 9.14713],
			"to": [4, 9.22798, 9.14713],
			"rotation": {"angle": -22.5, "axis": "x", "origin": [3.5, 6.22798, 9.14713]},
			"faces": {
				"north": {"uv": [8, 6, 9, 9], "texture": "#1"},
				"south": {"uv": [8, 6, 9, 9], "texture": "#1"}
			}
		},
		{
			"from": [12, 1.81415, 10.56126],
			"to": [13, 4.81415, 10.56126],
			"rotation": {"angle": 0, "axis": "y", "origin": [12.5, 2.31415, 10.56126]},
			"faces": {
				"north": {"uv": [9, 6, 8, 9], "texture": "#1"},
				"south": {"uv": [9, 6, 8, 9], "texture": "#1"}
			}
		},
		{
			"from": [12, -4.88175, 12.09207],
			"to": [13, -1.88175, 12.09207],
			"rotation": {"angle": 0, "axis": "y", "origin": [12.5, -4.38175, 12.09207]},
			"faces": {
				"north": {"uv": [9, 6, 8, 9], "texture": "#1"},
				"south": {"uv": [9, 6, 8, 9], "texture": "#1"}
			}
		},
		{
			"from": [12, -1.95787, 11.70939],
			"to": [13, 2.04213, 11.70939],
			"rotation": {"angle": -22.5, "axis": "x", "origin": [12.5, -0.95787, 11.70939]},
			"faces": {
				"north": {"uv": [9, 6, 8, 10], "texture": "#1"},
				"south": {"uv": [9, 6, 8, 10], "texture": "#1"}
			}
		},
		{
			"from": [12, -11.57765, 13.62288],
			"to": [13, -8.57765, 13.62288],
			"rotation": {"angle": 0, "axis": "y", "origin": [12.5, -11.07765, 13.62288]},
			"faces": {
				"north": {"uv": [9, 6, 8, 9], "texture": "#1"},
				"south": {"uv": [9, 6, 8, 9], "texture": "#1"}
			}
		},
		{
			"from": [12, -8.65377, 13.2402],
			"to": [13, -4.65377, 13.2402],
			"rotation": {"angle": -22.5, "axis": "x", "origin": [12.5, -7.65377, 13.2402]},
			"faces": {
				"north": {"uv": [9, 6, 8, 10], "texture": "#1"},
				"south": {"uv": [9, 6, 8, 10], "texture": "#1"}
			}
		},
		{
			"from": [12, 4.66699, 10.208],
			"to": [13, 6.66699, 10.208],
			"rotation": {"angle": -45, "axis": "x", "origin": [12.5, 5.16699, 10.208]},
			"faces": {
				"north": {"uv": [9, 6, 8, 8], "texture": "#1"},
				"south": {"uv": [9, 6, 8, 8], "texture": "#1"}
			}
		},
		{
			"from": [12, 6.22798, 9.14713],
			"to": [13, 9.22798, 9.14713],
			"rotation": {"angle": -22.5, "axis": "x", "origin": [12.5, 6.22798, 9.14713]},
			"faces": {
				"north": {"uv": [9, 6, 8, 9], "texture": "#1"},
				"south": {"uv": [9, 6, 8, 9], "texture": "#1"}
			}
		}
	],
	"display": {
		"thirdperson_righthand": {
			"rotation": [75, 45, 0],
			"translation": [0, 2.5, 0],
			"scale": [0.375, 0.375, 0.375]
		},
		"thirdperson_lefthand": {
			"rotation": [75, 45, 0],
			"translation": [0, 2.5, 0],
			"scale": [0.375, 0.375, 0.375]
		},
		"firstperson_righthand": {
			"rotation": [0, 45, 0],
			"scale": [0.4, 0.4, 0.4]
		},
		"firstperson_lefthand": {
			"rotation": [0, 45, 0],
			"scale": [0.4, 0.4, 0.4]
		},
		"ground": {
			"translation": [0, 3, 0],
			"scale": [0.25, 0.25, 0.25]
		},
		"gui": {
			"rotation": [30, 225, 0],
			"translation": [0, 3, 0],
			"scale": [0.625, 0.625, 0.625]
		},
		"head": {
			"translation": [0, 5, 0],
			"scale": [1.81, 1.81, 1.81]
		},
		"fixed": {
			"rotation": [0, 180, 0],
			"translation": [0, 0, -4.75],
			"scale": [2, 2, 2]
		}
	}
}