{
	"credit": "Made with Blockbench",
	"texture_size": [32, 32],
	"textures": {
		"0": "item/pilots_cap",
		"particle": "item/pilots_cap"
	},
	"elements": [
		{
			"from": [3.5, 6, 3.5],
			"to": [12.5, 9, 12.5],
			"rotation": {"angle": 0, "axis": "y", "origin": [0, 0, -0.25]},
			"faces": {
				"north": {"uv": [4.5, 5, 9, 6.5], "texture": "#0"},
				"east": {"uv": [9, 5, 4.5, 6.5], "texture": "#0"},
				"south": {"uv": [4.5, 5, 9, 6.5], "texture": "#0"},
				"west": {"uv": [4.5, 5, 9, 6.5], "texture": "#0"},
				"up": {"uv": [4.5, 4.5, 0, 0], "texture": "#0"},
				"down": {"uv": [4.5, 4.5, 0, 9], "texture": "#0"}
			}
		},
		{
			"from": [9, 6.5, 3],
			"to": [11.5, 9, 3.5],
			"rotation": {"angle": 0, "axis": "y", "origin": [16, 0, -0.25]},
			"faces": {
				"north": {"uv": [0.5, 14.75, 1.75, 16], "texture": "#0"},
				"east": {"uv": [1.75, 14.75, 1.5, 16], "texture": "#0"},
				"west": {"uv": [0.75, 14.75, 0.5, 16], "texture": "#0"},
				"up": {"uv": [1.75, 14.75, 0.5, 15], "texture": "#0"},
				"down": {"uv": [1.75, 15.75, 0.5, 16], "texture": "#0"}
			}
		},
		{
			"from": [8.5, 7, 3],
			"to": [9, 8.5, 3.5],
			"rotation": {"angle": 0, "axis": "y", "origin": [16, 0, -0.25]},
			"faces": {
				"north": {"uv": [2, 15, 1.75, 15.75], "texture": "#0"},
				"west": {"uv": [2, 15, 1.75, 15.75], "texture": "#0"},
				"up": {"uv": [2, 15, 1.75, 15.25], "texture": "#0"},
				"down": {"uv": [1.75, 15.5, 2, 15.75], "texture": "#0"}
			}
		},
		{
			"from": [7.5, 7.75, 3.25],
			"to": [8.5, 8.25, 3.75],
			"rotation": {"angle": 0, "axis": "y", "origin": [16, 0, -0.25]},
			"faces": {
				"north": {"uv": [2, 15, 2.5, 15.25], "texture": "#0"},
				"up": {"uv": [2.5, 15, 2, 15.25], "texture": "#0"},
				"down": {"uv": [2.5, 15, 2, 15.25], "texture": "#0"}
			}
		},
		{
			"from": [3.25, 7.25, 3.25],
			"to": [4, 8.25, 3.75],
			"rotation": {"angle": 0, "axis": "y", "origin": [16, 0, -0.25]},
			"faces": {
				"north": {"uv": [4.25, 15.25, 4.75, 15.5], "texture": "#0"},
				"west": {"uv": [4.75, 15.25, 4.5, 15.5], "texture": "#0"},
				"up": {"uv": [4.75, 15.25, 4.25, 15.5], "texture": "#0"},
				"down": {"uv": [4.75, 15.25, 4.25, 15.5], "texture": "#0"}
			}
		},
		{
			"from": [3.75, 7.25, 12.25],
			"to": [12.25, 8.25, 12.75],
			"rotation": {"angle": 0, "axis": "y", "origin": [7.75, 7.75, 12.5]},
			"faces": {
				"south": {"uv": [0, 14, 4.25, 14.25], "texture": "#0"},
				"up": {"uv": [0, 14, 4.25, 14.25], "texture": "#0"},
				"down": {"uv": [0, 14, 4.25, 14.25], "texture": "#0"}
			}
		},
		{
			"from": [3.25, 7.25, 3.75],
			"to": [3.75, 8.25, 12.75],
			"rotation": {"angle": 0, "axis": "y", "origin": [3.625, 7.75, 4.5]},
			"faces": {
				"south": {"uv": [4.5, 14.25, 4.25, 14.5], "texture": "#0"},
				"west": {"uv": [4.5, 14.25, 0, 14.5], "texture": "#0"},
				"up": {"uv": [4.5, 14.5, 0, 14.25], "rotation": 90, "texture": "#0"},
				"down": {"uv": [0, 14.25, 4.5, 14.5], "rotation": 90, "texture": "#0"}
			}
		},
		{
			"from": [12.25, 7.25, 3.75],
			"to": [12.75, 8.25, 12.75],
			"rotation": {"angle": 0, "axis": "y", "origin": [12.375, 7.75, 4.5]},
			"faces": {
				"east": {"uv": [0, 14.25, 4.5, 14.5], "texture": "#0"},
				"south": {"uv": [4.25, 14.25, 4.5, 14.5], "texture": "#0"},
				"up": {"uv": [4.5, 14.25, 0, 14.5], "rotation": 90, "texture": "#0"},
				"down": {"uv": [0, 14.5, 4.5, 14.25], "rotation": 90, "texture": "#0"}
			}
		},
		{
			"from": [11.75, 7.25, 3.25],
			"to": [12.75, 8.25, 3.75],
			"rotation": {"angle": 0, "axis": "y", "origin": [-0.25, 0, -0.25]},
			"faces": {
				"north": {"uv": [4.75, 15.25, 4.25, 15.5], "texture": "#0"},
				"east": {"uv": [4.5, 15.25, 4.75, 15.5], "texture": "#0"},
				"up": {"uv": [4.25, 15.25, 4.75, 15.5], "texture": "#0"},
				"down": {"uv": [4.25, 15.25, 4.75, 15.5], "texture": "#0"}
			}
		},
		{
			"from": [11.5, 7, 3],
			"to": [12, 8.5, 3.5],
			"rotation": {"angle": 0, "axis": "y", "origin": [16, 0, -0.25]},
			"faces": {
				"north": {"uv": [0.5, 15, 0.25, 15.75], "texture": "#0"},
				"east": {"uv": [0.5, 15, 0.25, 15.75], "texture": "#0"},
				"up": {"uv": [0.5, 15.25, 0.25, 15.5], "texture": "#0"},
				"down": {"uv": [0.5, 15.5, 0.25, 15.75], "texture": "#0"}
			}
		},
		{
			"from": [7, 7, 3],
			"to": [7.5, 8.5, 3.5],
			"rotation": {"angle": 0, "axis": "y", "origin": [0, 0, -0.25]},
			"faces": {
				"north": {"uv": [1.75, 15, 2, 15.75], "texture": "#0"},
				"east": {"uv": [1.75, 15, 2, 15.75], "texture": "#0"},
				"up": {"uv": [1.75, 15, 2, 15.25], "texture": "#0"},
				"down": {"uv": [2, 15.5, 1.75, 15.75], "texture": "#0"}
			}
		},
		{
			"from": [4.5, 6.5, 3],
			"to": [7, 9, 3.5],
			"rotation": {"angle": 0, "axis": "y", "origin": [0, 0, -0.25]},
			"faces": {
				"north": {"uv": [1.75, 14.75, 0.5, 16], "texture": "#0"},
				"east": {"uv": [0.5, 14.75, 0.75, 16], "texture": "#0"},
				"west": {"uv": [1.5, 14.75, 1.75, 16], "texture": "#0"},
				"up": {"uv": [0.5, 14.75, 1.75, 15], "texture": "#0"},
				"down": {"uv": [0.5, 15.75, 1.75, 16], "texture": "#0"}
			}
		},
		{
			"from": [4, 7, 3],
			"to": [4.5, 8.5, 3.5],
			"rotation": {"angle": 0, "axis": "y", "origin": [0, 0, -0.25]},
			"faces": {
				"north": {"uv": [0.25, 15, 0.5, 15.75], "texture": "#0"},
				"west": {"uv": [0.25, 15, 0.5, 15.75], "texture": "#0"},
				"up": {"uv": [0.25, 15.25, 0.5, 15.5], "texture": "#0"},
				"down": {"uv": [0.25, 15.5, 0.5, 15.75], "texture": "#0"}
			}
		},
		{
			"from": [4.5, 9, 4.5],
			"to": [11.5, 10, 11.5],
			"rotation": {"angle": 0, "axis": "y", "origin": [0, 0, -0.25]},
			"faces": {
				"north": {"uv": [9, 3.5, 12.5, 4], "texture": "#0"},
				"east": {"uv": [12.5, 4, 9, 4.5], "texture": "#0"},
				"south": {"uv": [9, 4.5, 12.5, 5], "texture": "#0"},
				"west": {"uv": [9, 5, 12.5, 5.5], "texture": "#0"},
				"up": {"uv": [8, 3.5, 4.5, 0], "texture": "#0"}
			}
		},
		{
			"from": [7, 10, 7],
			"to": [9, 10.25, 9],
			"rotation": {"angle": 0, "axis": "y", "origin": [0, 0, -0.25]},
			"faces": {
				"north": {"uv": [9, 1, 8, 0.875], "texture": "#0"},
				"east": {"uv": [9, 1, 8.875, 0], "texture": "#0"},
				"south": {"uv": [9, 0.125, 8, 0], "texture": "#0"},
				"west": {"uv": [8.125, 1, 8, 0], "texture": "#0"},
				"up": {"uv": [9, 1, 8, 0], "texture": "#0"}
			}
		},
		{
			"from": [11.5, 5, 3.5],
			"to": [12.5, 6, 12.5],
			"rotation": {"angle": 0, "axis": "y", "origin": [0, 0, -0.25]},
			"faces": {
				"north": {"uv": [4, 10, 3.5, 10.5], "texture": "#0"},
				"east": {"uv": [8, 2.5, 12.5, 3], "texture": "#0"},
				"south": {"uv": [3.5, 10, 4, 10.5], "texture": "#0"},
				"west": {"uv": [8, 2.5, 12.5, 3], "texture": "#0"},
				"down": {"uv": [8, 3, 12.5, 2.5], "rotation": 90, "texture": "#0"}
			}
		},
		{
			"from": [11.5, 2, 6],
			"to": [12.5, 4, 8],
			"faces": {
				"north": {"uv": [1.5, 9.5, 2, 10.5], "texture": "#0"},
				"east": {"uv": [4.5, 9, 3.5, 10], "texture": "#0"},
				"south": {"uv": [1.5, 9.5, 2, 10.5], "texture": "#0"},
				"west": {"uv": [3.5, 9, 4.5, 10], "texture": "#0"},
				"down": {"uv": [2.5, 9.5, 2, 10.5], "texture": "#0"}
			}
		},
		{
			"from": [11.5, 4, 5],
			"to": [12.5, 5, 9],
			"faces": {
				"north": {"uv": [3.5, 10, 4, 10.5], "texture": "#0"},
				"east": {"uv": [11, 5.5, 9, 6], "texture": "#0"},
				"south": {"uv": [8, 9.5, 8.5, 10], "texture": "#0"},
				"west": {"uv": [9, 5.5, 11, 6], "texture": "#0"},
				"down": {"uv": [11, 5.5, 9, 6], "rotation": 90, "texture": "#0"}
			}
		},
		{
			"from": [3.5, 2, 6],
			"to": [4.5, 4, 8],
			"rotation": {"angle": 0, "axis": "y", "origin": [16, 0, 0]},
			"faces": {
				"north": {"uv": [1.5, 9.5, 2, 10.5], "texture": "#0"},
				"east": {"uv": [3.5, 9, 4.5, 10], "texture": "#0"},
				"south": {"uv": [3, 9.5, 3.5, 10.5], "texture": "#0"},
				"west": {"uv": [3.5, 9, 4.5, 10], "texture": "#0"},
				"down": {"uv": [2.5, 9.5, 2, 10.5], "texture": "#0"}
			}
		},
		{
			"from": [3.5, 4, 5],
			"to": [4.5, 5, 9],
			"rotation": {"angle": 0, "axis": "y", "origin": [16, 0, 0]},
			"faces": {
				"north": {"uv": [3.5, 10, 4, 10.5], "texture": "#0"},
				"east": {"uv": [9, 5.5, 11, 6], "texture": "#0"},
				"south": {"uv": [8.5, 9.5, 9, 10], "texture": "#0"},
				"west": {"uv": [9, 5.5, 11, 6], "texture": "#0"},
				"down": {"uv": [9, 5.5, 11, 6], "rotation": 90, "texture": "#0"}
			}
		},
		{
			"from": [3.5, 5, 3.5],
			"to": [4.5, 6, 12.5],
			"rotation": {"angle": 0, "axis": "y", "origin": [16, 0, -0.25]},
			"faces": {
				"north": {"uv": [3.5, 10, 4, 10.5], "texture": "#0"},
				"east": {"uv": [8, 2.5, 12.5, 3], "texture": "#0"},
				"south": {"uv": [7.5, 9.5, 8, 10], "texture": "#0"},
				"west": {"uv": [12.5, 2.5, 8, 3], "texture": "#0"},
				"down": {"uv": [8, 2.5, 12.5, 3], "rotation": 90, "texture": "#0"}
			}
		},
		{
			"from": [4.5, 5, 11.5],
			"to": [11.5, 6, 12.5],
			"rotation": {"angle": 0, "axis": "y", "origin": [16, 0, -0.25]},
			"faces": {
				"north": {"uv": [5.5, 8.5, 9, 9], "texture": "#0"},
				"south": {"uv": [5.5, 8.5, 9, 9], "texture": "#0"},
				"down": {"uv": [3.5, 9, 0, 9.5], "texture": "#0"}
			}
		}
	],
	"display": {
		"thirdperson_righthand": {
			"rotation": [75, 45, 0],
			"translation": [0, 1.5, 1],
			"scale": [0.375, 0.375, 0.375]
		},
		"thirdperson_lefthand": {
			"rotation": [75, 45, 0],
			"translation": [0, 2.5, 0.75],
			"scale": [0.375, 0.375, 0.375]
		},
		"firstperson_righthand": {
			"rotation": [0, 45, 0],
			"scale": [0.4, 0.4, 0.4]
		},
		"firstperson_lefthand": {
			"rotation": [0, 225, 0],
			"scale": [0.4, 0.4, 0.4]
		},
		"ground": {
			"translation": [0, 3, 0],
			"scale": [0.25, 0.25, 0.25]
		},
		"gui": {
			"rotation": [30, 225, 0],
			"translation": [0, 3, 0],
			"scale": [0.625, 0.625, 0.625]
		},
		"head": {
			"rotation": [7.5, 0, 0],
			"translation": [0, 6.25, 0.5],
			"scale": [1.83, 1.83, 1.83]
		},
		"fixed": {
			"rotation": [-90, 0, 0],
			"translation": [0, 0, -19.25],
			"scale": [2.67, 2.67, 2.67]
		}
	}
}