{
	"credit": "Made with Blockbench",
	"texture_size": [32, 32],
	"textures": {
		"0": "item/graduation_cap",
		"particle": "item/graduation_cap"
	},
	"elements": [
		{
			"from": [4, 0, 4],
			"to": [12, 3, 12],
			"rotation": {"angle": 0, "axis": "y", "origin": [0, -2, 0]},
			"faces": {
				"north": {"uv": [0, 5.25, 4, 6.75], "texture": "#0"},
				"east": {"uv": [0, 5.25, 4, 6.75], "texture": "#0"},
				"south": {"uv": [0, 5.25, 4, 6.75], "texture": "#0"},
				"west": {"uv": [0, 5.25, 4, 6.75], "texture": "#0"},
				"down": {"uv": [5, 0, 9, 4], "texture": "#0"}
			}
		},
		{
			"from": [3, 3, 3],
			"to": [13, 3.25, 13],
			"rotation": {"angle": 0, "axis": "y", "origin": [0, -2, 0]},
			"faces": {
				"north": {"uv": [0, 5, 5, 5.125], "texture": "#0"},
				"east": {"uv": [0, 5, 5, 5.125], "texture": "#0"},
				"south": {"uv": [0, 5, 5, 5.125], "texture": "#0"},
				"west": {"uv": [0, 5, 5, 5.125], "texture": "#0"},
				"up": {"uv": [0, 0, 5, 5], "texture": "#0"},
				"down": {"uv": [0, 0, 5, 5], "texture": "#0"}
			}
		},
		{
			"from": [7.5, 3.25, 7.5],
			"to": [8.5, 3.5, 8.5],
			"rotation": {"angle": 0, "axis": "y", "origin": [0, -2, 0]},
			"faces": {
				"north": {"uv": [0, 7.25, 0.5, 7.375], "texture": "#0"},
				"east": {"uv": [0.5, 7.25, 0, 7.375], "texture": "#0"},
				"south": {"uv": [0, 7.25, 0.5, 7.375], "texture": "#0"},
				"west": {"uv": [0.5, 7.25, 0, 7.375], "texture": "#0"},
				"up": {"uv": [0, 6.75, 0.5, 7.25], "texture": "#0"}
			}
		},
		{
			"from": [8, 3.25, 7],
			"to": [13, 3.25, 9],
			"rotation": {"angle": 0, "axis": "y", "origin": [0, -2, 0]},
			"faces": {
				"up": {"uv": [16, 0, 11, 2], "texture": "#0"}
			}
		},
		{
			"from": [12.999, 0.499, 7.749],
			"to": [13.101, 3.351, 8.251],
			"rotation": {"angle": 0, "axis": "z", "origin": [13.05, 1.3, 8]},
			"faces": {
				"north": {"uv": [11, 0.75, 14, 1], "rotation": 90, "texture": "#0"},
				"east": {"uv": [11, 0.75, 14, 1.25], "rotation": 90, "texture": "#0"},
				"south": {"uv": [11, 1, 14, 1.25], "rotation": 90, "texture": "#0"},
				"west": {"uv": [11, 0.75, 14, 1.25], "rotation": 90, "texture": "#0"},
				"up": {"uv": [14, 0.75, 14.25, 1.25], "texture": "#0"},
				"down": {"uv": [0, 0, 0.25, 0.05], "rotation": 90, "texture": "#0"}
			}
		},
		{
			"from": [12.95, -0.6, 7.45],
			"to": [13.15, 0.5, 8.55],
			"rotation": {"angle": 0, "axis": "z", "origin": [13.05, 1.3, 8.05]},
			"faces": {
				"north": {"uv": [15.75, 0.5, 16, 1.5], "texture": "#0"},
				"east": {"uv": [15, 0.5, 16, 1.5], "texture": "#0"},
				"south": {"uv": [15, 0.5, 15.25, 1.5], "texture": "#0"},
				"west": {"uv": [15, 0.5, 16, 1.5], "texture": "#0"},
				"up": {"uv": [16, 0.5, 15, 0.75], "rotation": 90, "texture": "#0"},
				"down": {"uv": [16, 1.25, 15, 1.5], "rotation": 90, "texture": "#0"}
			}
		},
		{
			"from": [9, 3.25, 7.75],
			"to": [13.1, 3.35, 8.25],
			"faces": {
				"north": {"uv": [11, 0.75, 15, 1], "texture": "#0"},
				"east": {"uv": [0, 0, 0.25, 0.05], "texture": "#0"},
				"south": {"uv": [11, 1, 15, 1.25], "texture": "#0"},
				"west": {"uv": [0, 0, 0.25, 0.05], "texture": "#0"},
				"up": {"uv": [11, 0.75, 15, 1.25], "texture": "#0"},
				"down": {"uv": [0, 0, 2.05, 0.25], "texture": "#0"}
			}
		},
		{
			"from": [8.5, 3.25, 7.5],
			"to": [9, 3.35, 8.5],
			"faces": {
				"north": {"uv": [15, 1.25, 15.5, 1.5], "texture": "#0"},
				"east": {"uv": [15, 0.5, 15.25, 1.5], "rotation": 90, "texture": "#0"},
				"south": {"uv": [15, 0.5, 15.5, 0.75], "texture": "#0"},
				"west": {"uv": [0, 0, 0.5, 0.05], "texture": "#0"},
				"up": {"uv": [15, 0.5, 15.5, 1.5], "texture": "#0"},
				"down": {"uv": [0, 0, 0.25, 0.5], "texture": "#0"}
			}
		}
	],
	"display": {
		"thirdperson_righthand": {
			"rotation": [75, 45, 0],
			"translation": [0, 1.5, 1],
			"scale": [0.375, 0.375, 0.375]
		},
		"thirdperson_lefthand": {
			"rotation": [75, 45, 0],
			"translation": [0, 2.5, 0.75],
			"scale": [0.375, 0.375, 0.375]
		},
		"firstperson_righthand": {
			"rotation": [0, 45, 0],
			"scale": [0.4, 0.4, 0.4]
		},
		"firstperson_lefthand": {
			"rotation": [0, 225, 0],
			"scale": [0.4, 0.4, 0.4]
		},
		"ground": {
			"translation": [0, 3, 0],
			"scale": [0.25, 0.25, 0.25]
		},
		"gui": {
			"rotation": [30, 225, 0],
			"translation": [0, 3, 0],
			"scale": [0.625, 0.625, 0.625]
		},
		"head": {
			"rotation": [7.5, 0, 0],
			"translation": [0, 17.5, 1.75],
			"scale": [1.89, 1.89, 1.89]
		},
		"fixed": {
			"rotation": [-90, 0, 0],
			"translation": [0, 0, -22.25],
			"scale": [3.01, 3.01, 3.01]
		}
	}
}