{
	"credit": "Made with Blockbench",
	"texture_size": [32, 32],
	"textures": {
		"0": "item/kittyears",
		"particle": "item/kittyears"
	},
	"elements": [
		{
			"from": [-3, -2, 0],
			"to": [1, 3, 1],
			"rotation": {"angle": -45, "axis": "z", "origin": [8, 0, 8]},
			"faces": {
				"north": {"uv": [0, 0, 2, 2.5], "texture": "#0"},
				"east": {"uv": [5.5, 7, 6, 9.5], "texture": "#0"},
				"south": {"uv": [2, 0, 4, 2.5], "texture": "#0"},
				"west": {"uv": [6, 8, 6.5, 10.5], "texture": "#0"},
				"up": {"uv": [11, 5.5, 9, 5], "texture": "#0"},
				"down": {"uv": [11, 5.5, 9, 6], "texture": "#0"}
			}
		},
		{
			"from": [-2.5, -2, -0.25],
			"to": [1.5, 2.5, 0.75],
			"rotation": {"angle": -45, "axis": "z", "origin": [8, 0, 8]},
			"faces": {
				"north": {"uv": [0, 2.5, 2, 5], "texture": "#0"},
				"east": {"uv": [6.5, 8, 7, 10.5], "texture": "#0"},
				"south": {"uv": [2, 2.5, 4, 5], "texture": "#0"},
				"west": {"uv": [7, 8, 7.5, 10.5], "texture": "#0"},
				"up": {"uv": [11, 6.5, 9, 6], "texture": "#0"},
				"down": {"uv": [11, 6.5, 9, 7], "texture": "#0"}
			}
		},
		{
			"from": [6.37868, 6.37132, 0],
			"to": [8.62868, 10.87132, 1],
			"rotation": {"angle": 22.5, "axis": "z", "origin": [11, 0, 8]},
			"faces": {
				"north": {"uv": [3, 7.5, 4, 10], "texture": "#0"},
				"east": {"uv": [8.5, 4, 9, 6.5], "texture": "#0"},
				"south": {"uv": [7.5, 6, 8.5, 8.5], "texture": "#0"},
				"west": {"uv": [8.5, 6.5, 9, 9], "texture": "#0"},
				"up": {"uv": [4, 10.5, 3, 10], "texture": "#0"},
				"down": {"uv": [4, 10.5, 3, 11], "texture": "#0"}
			}
		},
		{
			"from": [-2, -2, 1],
			"to": [1, 2, 2],
			"rotation": {"angle": -45, "axis": "z", "origin": [8, 0, 8]},
			"faces": {
				"north": {"uv": [6, 6, 7.5, 8], "texture": "#0"},
				"east": {"uv": [8, 4, 8.5, 6], "texture": "#0"},
				"south": {"uv": [4, 7, 5.5, 9], "texture": "#0"},
				"west": {"uv": [4, 9, 4.5, 11], "texture": "#0"},
				"up": {"uv": [10.5, 10, 9, 9.5], "texture": "#0"},
				"down": {"uv": [1.5, 10, 0, 10.5], "texture": "#0"}
			}
		},
		{
			"from": [11, 3.25, 0],
			"to": [14.75, 7.25, 1],
			"rotation": {"angle": 0, "axis": "z", "origin": [8, 0, 8]},
			"faces": {
				"north": {"uv": [4, 5, 6, 7], "texture": "#0"},
				"east": {"uv": [4.5, 9, 5, 11], "texture": "#0"},
				"south": {"uv": [6, 0, 8, 2], "texture": "#0"},
				"west": {"uv": [5, 9, 5.5, 11], "texture": "#0"},
				"up": {"uv": [11, 7.5, 9, 7], "texture": "#0"},
				"down": {"uv": [11, 7.5, 9, 8], "texture": "#0"}
			}
		},
		{
			"from": [-2, -2.5, 0],
			"to": [1, -2, 1],
			"rotation": {"angle": -45, "axis": "z", "origin": [8, 0, 8]},
			"faces": {
				"north": {"uv": [10, 0, 11.5, 0.5], "texture": "#0"},
				"east": {"uv": [1.5, 11, 2, 11.5], "texture": "#0"},
				"south": {"uv": [10, 0.5, 11.5, 1], "texture": "#0"},
				"west": {"uv": [3, 11, 3.5, 11.5], "texture": "#0"},
				"up": {"uv": [11.5, 1.5, 10, 1], "texture": "#0"},
				"down": {"uv": [11.5, 1.5, 10, 2], "texture": "#0"}
			}
		},
		{
			"from": [15, -2, 0],
			"to": [19, 3, 1],
			"rotation": {"angle": 45, "axis": "z", "origin": [8, 0, 8]},
			"faces": {
				"north": {"uv": [4, 0, 6, 2.5], "texture": "#0"},
				"east": {"uv": [7.5, 8.5, 8, 11], "texture": "#0"},
				"south": {"uv": [4, 2.5, 6, 5], "texture": "#0"},
				"west": {"uv": [8, 8.5, 8.5, 11], "texture": "#0"},
				"up": {"uv": [11, 8.5, 9, 8], "texture": "#0"},
				"down": {"uv": [10.5, 9, 8.5, 9.5], "texture": "#0"}
			}
		},
		{
			"from": [14.5, -2, -0.25],
			"to": [18.5, 2.5, 0],
			"rotation": {"angle": 45, "axis": "z", "origin": [8, 0, 8]},
			"faces": {
				"north": {"uv": [0, 5, 2, 7.5], "texture": "#0"},
				"east": {"uv": [9, 0, 9.5, 2.5], "texture": "#0"},
				"south": {"uv": [2, 5, 4, 7.5], "texture": "#0"},
				"west": {"uv": [9, 2.5, 9.5, 5], "texture": "#0"},
				"up": {"uv": [11, 9, 9, 8.5], "texture": "#0"},
				"down": {"uv": [2, 9.5, 0, 10], "texture": "#0"}
			}
		},
		{
			"from": [7.37132, 6.37132, 0],
			"to": [9.62132, 10.62132, 1],
			"rotation": {"angle": -22.5, "axis": "z", "origin": [5, 0, 8]},
			"faces": {
				"north": {"uv": [8, 0, 9, 2], "texture": "#0"},
				"east": {"uv": [9.5, 0, 10, 2], "texture": "#0"},
				"south": {"uv": [8, 2, 9, 4], "texture": "#0"},
				"west": {"uv": [2, 9.5, 2.5, 11.5], "texture": "#0"},
				"up": {"uv": [7, 11, 6, 10.5], "texture": "#0"},
				"down": {"uv": [10, 10.5, 9, 11], "texture": "#0"}
			}
		},
		{
			"from": [1.25, 3.25, 0],
			"to": [5, 7.25, 1],
			"rotation": {"angle": 0, "axis": "z", "origin": [8, 0, 8]},
			"faces": {
				"north": {"uv": [6, 2, 8, 4], "texture": "#0"},
				"east": {"uv": [9.5, 2, 10, 4], "texture": "#0"},
				"south": {"uv": [6, 4, 8, 6], "texture": "#0"},
				"west": {"uv": [2.5, 9.5, 3, 11.5], "texture": "#0"},
				"up": {"uv": [11.5, 4.5, 9.5, 4], "texture": "#0"},
				"down": {"uv": [11.5, 4.5, 9.5, 5], "texture": "#0"}
			}
		},
		{
			"from": [15, -2, 1],
			"to": [18, 2, 2],
			"rotation": {"angle": 45, "axis": "z", "origin": [8, 0, 8]},
			"faces": {
				"north": {"uv": [0, 7.5, 1.5, 9.5], "texture": "#0"},
				"east": {"uv": [5.5, 9.5, 6, 11.5], "texture": "#0"},
				"south": {"uv": [1.5, 7.5, 3, 9.5], "texture": "#0"},
				"west": {"uv": [8.5, 9.5, 9, 11.5], "texture": "#0"},
				"up": {"uv": [11.5, 2.5, 10, 2], "texture": "#0"},
				"down": {"uv": [11.5, 2.5, 10, 3], "texture": "#0"}
			}
		},
		{
			"from": [15, -2.5, 0],
			"to": [18, -2, 1],
			"rotation": {"angle": 45, "axis": "z", "origin": [8, 0, 8]},
			"faces": {
				"north": {"uv": [10, 3, 11.5, 3.5], "texture": "#0"},
				"east": {"uv": [3.5, 11, 4, 11.5], "texture": "#0"},
				"south": {"uv": [10, 3.5, 11.5, 4], "texture": "#0"},
				"west": {"uv": [4, 11, 4.5, 11.5], "texture": "#0"},
				"up": {"uv": [10.5, 10.5, 9, 10], "texture": "#0"},
				"down": {"uv": [1.5, 10.5, 0, 11], "texture": "#0"}
			}
		},
		{
			"from": [0, 2, 0],
			"to": [1, 3, 1],
			"faces": {
				"north": {"uv": [4.5, 11, 5, 11.5], "texture": "#0"},
				"east": {"uv": [5, 11, 5.5, 11.5], "texture": "#0"},
				"south": {"uv": [11, 5, 11.5, 5.5], "texture": "#0"},
				"west": {"uv": [11, 5.5, 11.5, 6], "texture": "#0"},
				"up": {"uv": [6.5, 11.5, 6, 11], "texture": "#0"},
				"down": {"uv": [11.5, 6, 11, 6.5], "texture": "#0"}
			}
		},
		{
			"from": [0.25, 3, 0.25],
			"to": [0.75, 5, 0.75],
			"faces": {
				"north": {"uv": [1.5, 10, 2, 11], "texture": "#0"},
				"east": {"uv": [7, 10.5, 7.5, 11.5], "texture": "#0"},
				"south": {"uv": [10.5, 9, 11, 10], "texture": "#0"},
				"west": {"uv": [10, 10.5, 10.5, 11.5], "texture": "#0"},
				"up": {"uv": [7, 11.5, 6.5, 11], "texture": "#0"},
				"down": {"uv": [11.5, 6.5, 11, 7], "texture": "#0"}
			}
		},
		{
			"from": [15.25, 3, 0.25],
			"to": [15.75, 5, 0.75],
			"faces": {
				"north": {"uv": [10.5, 10, 11, 11], "texture": "#0"},
				"east": {"uv": [0, 11, 0.5, 12], "texture": "#0"},
				"south": {"uv": [0.5, 11, 1, 12], "texture": "#0"},
				"west": {"uv": [1, 11, 1.5, 12], "texture": "#0"},
				"up": {"uv": [11.5, 7.5, 11, 7], "texture": "#0"},
				"down": {"uv": [8, 11, 7.5, 11.5], "texture": "#0"}
			}
		},
		{
			"from": [15, 2, 0],
			"to": [16, 3, 1],
			"faces": {
				"north": {"uv": [11, 7.5, 11.5, 8], "texture": "#0"},
				"east": {"uv": [8, 11, 8.5, 11.5], "texture": "#0"},
				"south": {"uv": [11, 8, 11.5, 8.5], "texture": "#0"},
				"west": {"uv": [11, 8.5, 11.5, 9], "texture": "#0"},
				"up": {"uv": [9.5, 11.5, 9, 11], "texture": "#0"},
				"down": {"uv": [11.5, 9, 11, 9.5], "texture": "#0"}
			}
		},
		{
			"from": [14.25, 8, 0],
			"to": [15.25, 9, 1],
			"faces": {
				"north": {"uv": [9.5, 11, 10, 11.5], "texture": "#0"},
				"east": {"uv": [11, 9.5, 11.5, 10], "texture": "#0"},
				"south": {"uv": [11, 10, 11.5, 10.5], "texture": "#0"},
				"west": {"uv": [10.5, 11, 11, 11.5], "texture": "#0"},
				"up": {"uv": [11.5, 11, 11, 10.5], "texture": "#0"},
				"down": {"uv": [11.5, 11, 11, 11.5], "texture": "#0"}
			}
		},
		{
			"from": [13.75, 8.5, 0],
			"to": [14.75, 9.5, 1],
			"faces": {
				"north": {"uv": [11.5, 0, 12, 0.5], "texture": "#0"},
				"east": {"uv": [11.5, 0.5, 12, 1], "texture": "#0"},
				"south": {"uv": [11.5, 1, 12, 1.5], "texture": "#0"},
				"west": {"uv": [1.5, 11.5, 2, 12], "texture": "#0"},
				"up": {"uv": [12, 2, 11.5, 1.5], "texture": "#0"},
				"down": {"uv": [2.5, 11.5, 2, 12], "texture": "#0"}
			}
		},
		{
			"from": [0.75, 8, 0],
			"to": [1.75, 9, 1],
			"faces": {
				"north": {"uv": [11.5, 2, 12, 2.5], "texture": "#0"},
				"east": {"uv": [2.5, 11.5, 3, 12], "texture": "#0"},
				"south": {"uv": [11.5, 2.5, 12, 3], "texture": "#0"},
				"west": {"uv": [3, 11.5, 3.5, 12], "texture": "#0"},
				"up": {"uv": [12, 3.5, 11.5, 3], "texture": "#0"},
				"down": {"uv": [4, 11.5, 3.5, 12], "texture": "#0"}
			}
		},
		{
			"from": [1.25, 8.5, 0],
			"to": [2.25, 9.5, 1],
			"faces": {
				"north": {"uv": [11.5, 3.5, 12, 4], "texture": "#0"},
				"east": {"uv": [4, 11.5, 4.5, 12], "texture": "#0"},
				"south": {"uv": [11.5, 4, 12, 4.5], "texture": "#0"},
				"west": {"uv": [4.5, 11.5, 5, 12], "texture": "#0"},
				"up": {"uv": [12, 5, 11.5, 4.5], "texture": "#0"},
				"down": {"uv": [5.5, 11.5, 5, 12], "texture": "#0"}
			}
		}
	],
	"display": {
		"thirdperson_righthand": {
			"rotation": [-2, -2, -37],
			"translation": [0.5, 0, 3.25],
			"scale": [0.5, 0.5, 0.5]
		},
		"thirdperson_lefthand": {
			"rotation": [-2, -2, -37],
			"translation": [0.5, 0, 3.25],
			"scale": [0.5, 0.5, 0.5]
		},
		"firstperson_righthand": {
			"rotation": [0, -98, 0],
			"translation": [10.5, 0, 0]
		},
		"firstperson_lefthand": {
			"rotation": [0, -98, 0],
			"translation": [24.5, 0, -2.25]
		},
		"ground": {
			"translation": [0, 3, 0],
			"scale": [0.25, 0.25, 0.25]
		},
		"gui": {
			"rotation": [30, 225, 0],
			"translation": [-3, 3, 0],
			"scale": [0.625, 0.625, 0.625]
		},
		"head": {
			"translation": [0, 8.5, 3.5]
		},
		"fixed": {
			"translation": [0, 1.25, 6.25]
		}
	},
	"groups": [
		{
			"name": "group",
			"origin": [8, 8, 8],
			"color": 0,
			"children": [
				0,
				1,
				2,
				3,
				4,
				5,
				6,
				7,
				8,
				9,
				10,
				11,
				12,
				13,
				14,
				15,
				{
					"name": "group",
					"origin": [0, 0, 0],
					"color": 0,
					"children": [16, 17]
				},
				{
					"name": "group",
					"origin": [8, 8, 8],
					"color": 0,
					"children": [18, 19]
				}
			]
		}
	]
}