{
	"credit": "Made with Blockbench",
	"texture_size": [64, 64],
	"textures": {
		"0": "item/wizard_hat",
		"particle": "item/wizard_hat"
	},
	"elements": [
		{
			"name": "headwear",
			"from": [3, 0, 3],
			"to": [13, 2, 13],
			"rotation": {"angle": 0, "axis": "y", "origin": [2, 6.5, 1]},
			"faces": {
				"north": {"uv": [3.5, 9.5, 8.5, 10.5], "texture": "#0"},
				"east": {"uv": [3.5, 9.5, 8.5, 10.5], "texture": "#0"},
				"south": {"uv": [3.5, 9.5, 8.5, 10.5], "texture": "#0"},
				"west": {"uv": [3.5, 9.5, 8.5, 10.5], "texture": "#0"},
				"up": {"uv": [0, 0, 5, 5], "texture": "#0"},
				"down": {"uv": [5, 0, 10, 5], "texture": "#0"}
			}
		},
		{
			"name": "hat2",
			"from": [4.5, 2, 4.5],
			"to": [11.5, 6, 11.5],
			"rotation": {"angle": 0, "axis": "y", "origin": [2.25, 6.5, 0.5]},
			"faces": {
				"north": {"uv": [0, 5, 3.5, 7], "texture": "#0"},
				"east": {"uv": [0, 5, 3.5, 7], "texture": "#0"},
				"south": {"uv": [0, 5, 3.5, 7], "texture": "#0"},
				"west": {"uv": [0, 5, 3.5, 7], "texture": "#0"},
				"up": {"uv": [10, 0, 13.5, 3.5], "texture": "#0"}
			}
		},
		{
			"name": "hat3",
			"from": [4.5, 2, 4.5],
			"to": [11.5, 6, 11.5],
			"rotation": {"angle": 0, "axis": "y", "origin": [2.25, 6.5, 0.5]},
			"faces": {
				"north": {"uv": [0, 5, 3.5, 7], "texture": "#0"},
				"east": {"uv": [0, 5, 3.5, 7], "texture": "#0"},
				"south": {"uv": [0, 5, 3.5, 7], "texture": "#0"},
				"west": {"uv": [0, 5, 3.5, 7], "texture": "#0"},
				"up": {"uv": [0, 7, 3.5, 10.5], "texture": "#0"}
			}
		},
		{
			"name": "hat3",
			"from": [4.498, 1.998, 4.498],
			"to": [11.502, 4.002, 11.502],
			"rotation": {"angle": 0, "axis": "y", "origin": [2.25, 6.5, 0.5]},
			"faces": {
				"north": {"uv": [4.25, 7, 7.75, 8], "texture": "#0"},
				"east": {"uv": [4.25, 8, 7.75, 9], "texture": "#0"},
				"south": {"uv": [4.25, 8, 7.75, 9], "texture": "#0"},
				"west": {"uv": [4.25, 8, 7.75, 9], "texture": "#0"}
			}
		},
		{
			"name": "hat4",
			"from": [4.499, 1.999, 4.499],
			"to": [11.501, 6.001, 11.501],
			"rotation": {"angle": 0, "axis": "y", "origin": [2.25, 6.5, 0.5]},
			"faces": {
				"north": {"uv": [10, 0, 13.5, 2], "texture": "#0"},
				"east": {"uv": [10, 0, 13.5, 2], "texture": "#0"},
				"south": {"uv": [10, 0, 13.5, 2], "texture": "#0"},
				"west": {"uv": [10, 0, 13.5, 2], "texture": "#0"}
			}
		},
		{
			"name": "hat3",
			"from": [6, 6, 6],
			"to": [10, 10, 10],
			"rotation": {"angle": 0, "axis": "y", "origin": [2.5, 6.5, 0]},
			"faces": {
				"north": {"uv": [3.5, 5, 5.5, 7], "texture": "#0"},
				"east": {"uv": [3.5, 5, 5.5, 7], "texture": "#0"},
				"south": {"uv": [3.5, 5, 5.5, 7], "texture": "#0"},
				"west": {"uv": [3.5, 5, 5.5, 7], "texture": "#0"},
				"up": {"uv": [5.5, 5, 7.5, 7], "texture": "#0"}
			}
		},
		{
			"name": "hat4",
			"from": [5.999, 5.999, 5.999],
			"to": [10.001, 10.001, 10.001],
			"rotation": {"angle": 0, "axis": "y", "origin": [2.5, 6.5, 0]},
			"faces": {
				"north": {"uv": [10, 2, 12, 4], "texture": "#0"},
				"east": {"uv": [10, 2, 12, 4], "texture": "#0"},
				"south": {"uv": [10, 2, 12, 4], "texture": "#0"},
				"west": {"uv": [10, 2, 12, 4], "texture": "#0"},
				"up": {"uv": [5.5, 5, 7.5, 7], "texture": "#0"}
			}
		},
		{
			"name": "hat4",
			"from": [7.25, 10, 7.25],
			"to": [8.75, 12.5, 8.75],
			"rotation": {"angle": 0, "axis": "y", "origin": [2.75, 6.5, -0.5]},
			"faces": {
				"north": {"uv": [3.5, 7, 4.25, 8.25], "texture": "#0"},
				"east": {"uv": [3.5, 7, 4.25, 8.25], "texture": "#0"},
				"south": {"uv": [3.5, 7, 4.25, 8.25], "texture": "#0"},
				"west": {"uv": [3.5, 7, 4.25, 8.25], "texture": "#0"},
				"up": {"uv": [3.5, 8, 4, 8.5], "texture": "#0"}
			}
		}
	],
	"display": {
		"thirdperson_righthand": {
			"rotation": [75, 45, 0],
			"translation": [0, 1.5, 1],
			"scale": [0.375, 0.375, 0.375]
		},
		"thirdperson_lefthand": {
			"rotation": [75, 45, 0],
			"translation": [0, 2, 1.5],
			"scale": [0.375, 0.375, 0.375]
		},
		"firstperson_righthand": {
			"rotation": [0, 45, 0],
			"scale": [0.4, 0.4, 0.4]
		},
		"firstperson_lefthand": {
			"rotation": [0, 225, 0],
			"scale": [0.4, 0.4, 0.4]
		},
		"ground": {
			"translation": [0, 3, 0],
			"scale": [0.25, 0.25, 0.25]
		},
		"gui": {
			"rotation": [30, 225, 0],
			"translation": [0, 1.5, 0],
			"scale": [0.625, 0.625, 0.625]
		},
		"head": {
			"rotation": [7.5, 0, 0],
			"translation": [0, 19.5, 1.7],
			"scale": [1.89, 1.89, 1.89]
		},
		"fixed": {
			"rotation": [-90, 0, 0],
			"translation": [0, 0.25, -22],
			"scale": [3.01, 3.01, 3.01]
		}
	}
}