{
	"credit": "Made with Blockbench",
	"texture_size": [64, 64],
	"textures": {
		"0": "item/atelier_witch_hat_qifrey",
		"particle": "item/atelier_witch_hat_qifrey"
	},
	"elements": [
		{
			"from": [4.9999, 0.0099, 4.9999],
			"to": [11.0001, 1.5001, 11.0001],
			"rotation": {"angle": 0, "axis": "x", "origin": [6.5, 4.25, 6.5]},
			"faces": {
				"east": {"uv": [0, 3, 3, 3.75], "texture": "#0"},
				"south": {"uv": [0, 3, 3, 3.75], "texture": "#0"},
				"west": {"uv": [0, 3, 3, 3.75], "texture": "#0"},
				"up": {"uv": [0, 0, 3, 3], "texture": "#0"},
				"down": {"uv": [3, 0, 6, 3], "texture": "#0"}
			}
		},
		{
			"from": [5.5, 1.5, 5.5],
			"to": [10.5, 3, 10.5],
			"rotation": {"angle": 0, "axis": "x", "origin": [6.5, 4.25, 6.5]},
			"faces": {
				"north": {"uv": [0, 3.75, 2.5, 4.5], "texture": "#0"},
				"east": {"uv": [0, 3.75, 2.5, 4.5], "texture": "#0"},
				"south": {"uv": [0, 3.75, 2.5, 4.5], "texture": "#0"},
				"west": {"uv": [0, 3.75, 2.5, 4.5], "texture": "#0"},
				"up": {"uv": [0.25, 0.25, 2.75, 2.75], "texture": "#0"}
			}
		},
		{
			"from": [6, 3, 6],
			"to": [10, 4.5, 10],
			"rotation": {"angle": 0, "axis": "x", "origin": [6.5, 4.25, 6.5]},
			"faces": {
				"north": {"uv": [0, 4.5, 2, 5.25], "texture": "#0"},
				"east": {"uv": [0, 4.5, 2, 5.25], "texture": "#0"},
				"south": {"uv": [0, 4.5, 2, 5.25], "texture": "#0"},
				"west": {"uv": [0, 4.5, 2, 5.25], "texture": "#0"},
				"up": {"uv": [0.5, 0.5, 2.5, 2.5], "texture": "#0"}
			}
		},
		{
			"from": [6.5, 4.5, 6.5],
			"to": [9.5, 6, 9.5],
			"rotation": {"angle": 0, "axis": "x", "origin": [6.5, 4.25, 6.5]},
			"faces": {
				"north": {"uv": [0, 5.25, 1.5, 6], "texture": "#0"},
				"east": {"uv": [0, 5.25, 1.5, 6], "texture": "#0"},
				"south": {"uv": [0, 5.25, 1.5, 6], "texture": "#0"},
				"west": {"uv": [0, 5.25, 1.5, 6], "texture": "#0"},
				"up": {"uv": [0.75, 0.75, 2.25, 2.25], "texture": "#0"}
			}
		},
		{
			"from": [7, 6, 7],
			"to": [9, 7.5, 9],
			"rotation": {"angle": 0, "axis": "x", "origin": [6.5, 4.25, 6.5]},
			"faces": {
				"north": {"uv": [0, 6, 1, 6.75], "texture": "#0"},
				"east": {"uv": [0, 6, 1, 6.75], "texture": "#0"},
				"south": {"uv": [0, 6, 1, 6.75], "texture": "#0"},
				"west": {"uv": [0, 6, 1, 6.75], "texture": "#0"},
				"up": {"uv": [1, 1, 2, 2], "texture": "#0"}
			}
		},
		{
			"from": [7.5, 7.5, 7.5],
			"to": [8.5, 8.25, 8.5],
			"rotation": {"angle": 0, "axis": "x", "origin": [6.5, 4.25, 6.5]},
			"faces": {
				"north": {"uv": [0, 6.75, 0.5, 7.5], "texture": "#0"},
				"east": {"uv": [0, 6.75, 0.5, 7.5], "texture": "#0"},
				"south": {"uv": [0, 6.75, 0.5, 7.5], "texture": "#0"},
				"west": {"uv": [0, 6.75, 0.5, 7.5], "texture": "#0"}
			}
		},
		{
			"from": [7.5, 8.25, 7.5],
			"to": [8.5, 8.75, 8.5],
			"rotation": {"angle": 0, "axis": "x", "origin": [6.5, 4.25, 6.5]},
			"faces": {
				"north": {"uv": [3, 3.25, 3.5, 3.5], "texture": "#0"},
				"east": {"uv": [3, 3.25, 3.5, 3.5], "texture": "#0"},
				"south": {"uv": [3, 3.25, 3.5, 3.5], "texture": "#0"},
				"west": {"uv": [3, 3.25, 3.5, 3.5], "texture": "#0"},
				"up": {"uv": [3, 3, 3.5, 3.5], "texture": "#0"}
			}
		},
		{
			"from": [7.5, 5.04209, 8.79214],
			"to": [8.5, 8.04209, 8.79214],
			"rotation": {"angle": -45, "axis": "x", "origin": [8.0001, 8.04219, 7.79204]},
			"faces": {
				"north": {"uv": [8, 0, 9.25, 3.25], "texture": "#0"},
				"south": {"uv": [8, 0, 9.25, 3.25], "texture": "#0"}
			}
		},
		{
			"from": [7.5, 2.01721, 9.54844],
			"to": [8.5, 6.01721, 9.54844],
			"rotation": {"angle": -22.5, "axis": "x", "origin": [8.0001, 9.01731, 8.54834]},
			"faces": {
				"north": {"uv": [8, 0.25, 9.25, 4.5], "texture": "#0"},
				"south": {"uv": [8, 0.25, 9.25, 4.5], "texture": "#0"}
			}
		},
		{
			"from": [7.5, 0.93316, 12.15105],
			"to": [8.5, 2.93316, 12.15105],
			"rotation": {"angle": 0, "axis": "y", "origin": [8, 1.43316, 12.15105]},
			"faces": {
				"north": {"uv": [8, 0.25, 9.25, 2.5], "texture": "#0"},
				"south": {"uv": [8, 0.25, 9.25, 2.5], "texture": "#0"}
			}
		},
		{
			"from": [7.5, 0.54667, 13.06874],
			"to": [8.5, 1.54667, 13.06874],
			"rotation": {"angle": 22.5, "axis": "x", "origin": [8, 3.54667, 11.06874]},
			"faces": {
				"north": {"uv": [8, 0.25, 9.25, 1.5], "texture": "#0"},
				"south": {"uv": [8, 0.25, 9.25, 1.5], "texture": "#0"}
			}
		},
		{
			"from": [5, 0, 4.99],
			"to": [11, 2.5, 5.24],
			"rotation": {"angle": 0, "axis": "y", "origin": [10.75, 3.5, 5.125]},
			"faces": {
				"north": {"uv": [6.75, 5, 8, 8], "rotation": 90, "texture": "#0"},
				"south": {"uv": [6.75, 5, 8, 8], "rotation": 90, "texture": "#0"},
				"up": {"uv": [6.75, 5, 7, 8], "rotation": 90, "texture": "#0"},
				"down": {"uv": [7.75, 5, 8, 8], "rotation": 90, "texture": "#0"}
			}
		},
		{
			"from": [7.65, 2.5, 5.23],
			"to": [8.35, 3.2, 5.48],
			"rotation": {"angle": 0, "axis": "y", "origin": [10.75, 3.5, 5.125]},
			"faces": {
				"north": {"uv": [4.25, 7, 5.25, 8], "rotation": 90, "texture": "#0"},
				"up": {"uv": [6.75, 5, 7, 8], "rotation": 90, "texture": "#0"}
			}
		},
		{
			"from": [5.5, 2.25, 5.24],
			"to": [10.5, 3.25, 5.49],
			"rotation": {"angle": 0, "axis": "y", "origin": [9.75, 2.5, 5.275]},
			"faces": {
				"north": {"uv": [6, 5.5, 6.5, 8], "rotation": 90, "texture": "#0"},
				"east": {"uv": [6, 7.75, 6.75, 8], "rotation": 90, "texture": "#0"},
				"south": {"uv": [6, 5.5, 6.75, 8], "rotation": 90, "texture": "#0"},
				"west": {"uv": [6, 7.75, 6.75, 8], "rotation": 90, "texture": "#0"},
				"up": {"uv": [6, 5.5, 6.25, 8], "rotation": 90, "texture": "#0"},
				"down": {"uv": [0, 0, 0.0625, 1.25], "rotation": 270, "texture": "#0"}
			}
		},
		{
			"from": [6.5, 2.75, 5.49],
			"to": [9.5, 3.75, 5.74],
			"rotation": {"angle": 0, "axis": "y", "origin": [10, 2.5, 5.275]},
			"faces": {
				"north": {"uv": [5.5, 6.5, 6, 8], "rotation": 90, "texture": "#0"},
				"east": {"uv": [5.5, 7.75, 6, 8], "rotation": 90, "texture": "#0"},
				"south": {"uv": [5.5, 6.5, 6, 8], "rotation": 90, "texture": "#0"},
				"west": {"uv": [5.5, 7.75, 6, 8], "rotation": 90, "texture": "#0"},
				"up": {"uv": [5.5, 6.5, 5.75, 8], "rotation": 90, "texture": "#0"},
				"down": {"uv": [0, 0, 0.0625, 0.75], "rotation": 270, "texture": "#0"}
			}
		},
		{
			"from": [7.5, 3.25, 5.74],
			"to": [8.5, 4.25, 5.99],
			"rotation": {"angle": 0, "axis": "y", "origin": [10, 2.5, 5.275]},
			"faces": {
				"north": {"uv": [5.25, 7.5, 5.75, 8], "rotation": 90, "texture": "#0"},
				"east": {"uv": [5.25, 7.5, 5.75, 8], "rotation": 90, "texture": "#0"},
				"south": {"uv": [5.25, 7.5, 5.75, 8], "rotation": 90, "texture": "#0"},
				"west": {"uv": [5.25, 7.5, 5.75, 8], "rotation": 90, "texture": "#0"},
				"up": {"uv": [5.25, 7.5, 5.75, 8], "rotation": 90, "texture": "#0"},
				"down": {"uv": [0, 0, 0.0625, 0.25], "rotation": 270, "texture": "#0"}
			}
		},
		{
			"from": [11, 1, 4.99],
			"to": [11.25, 1.5, 7.49],
			"rotation": {"angle": 0, "axis": "x", "origin": [11.125, 3.5, 4.9]},
			"faces": {
				"north": {"uv": [7.5, 5, 7.75, 4.75], "rotation": 90, "texture": "#0"},
				"east": {"uv": [7.5, 5, 7.75, 3.75], "rotation": 90, "texture": "#0"},
				"south": {"uv": [7.5, 4, 7.75, 3.75], "rotation": 90, "texture": "#0"},
				"up": {"uv": [7.5, 5, 7.75, 3.75], "texture": "#0"}
			}
		},
		{
			"from": [10.751, 1.501, 4.991],
			"to": [10.999, 2.499, 6.489],
			"rotation": {"angle": 0, "axis": "x", "origin": [10.625, 3.5, 5.15]},
			"faces": {
				"east": {"uv": [7, 5, 7.5, 4.25], "rotation": 90, "texture": "#0"},
				"south": {"uv": [7, 4.5, 7.5, 4.25], "rotation": 90, "texture": "#0"},
				"west": {"uv": [0, 0, 0.25, 0.375], "rotation": 270, "texture": "#missing"},
				"up": {"uv": [7, 5, 7.25, 4.25], "rotation": 90, "texture": "#0"}
			}
		},
		{
			"from": [11, 0, 4.99],
			"to": [11.25, 1, 8.99],
			"rotation": {"angle": 0, "axis": "x", "origin": [11.125, 3.5, 4.9]},
			"faces": {
				"north": {"uv": [7.5, 5, 8, 4.75], "rotation": 90, "texture": "#0"},
				"east": {"uv": [7.5, 5, 8, 3], "rotation": 90, "texture": "#0"},
				"south": {"uv": [7.5, 3.25, 8, 3], "rotation": 90, "texture": "#0"},
				"west": {"uv": [0, 0, 0.25, 1], "rotation": 270, "texture": "#0"},
				"up": {"uv": [7.5, 5, 7.75, 3], "texture": "#0"},
				"down": {"uv": [7.5, 5, 7.75, 3], "texture": "#0"}
			}
		},
		{
			"from": [4.75, 0, 4.99],
			"to": [5, 1, 8.99],
			"rotation": {"angle": 0, "axis": "x", "origin": [4.875, 3.5, 4.9]},
			"faces": {
				"north": {"uv": [7.5, 4.75, 8, 5], "rotation": 90, "texture": "#0"},
				"east": {"uv": [0, 1, 0.25, 0], "rotation": 270, "texture": "#0"},
				"south": {"uv": [7.5, 3, 8, 3.25], "rotation": 90, "texture": "#0"},
				"west": {"uv": [7.5, 3, 8, 5], "rotation": 90, "texture": "#0"},
				"up": {"uv": [7.75, 5, 7.5, 3], "texture": "#0"},
				"down": {"uv": [7.75, 5, 7.5, 3], "texture": "#0"}
			}
		},
		{
			"from": [4.75, 1, 4.99],
			"to": [5, 1.5, 7.49],
			"rotation": {"angle": 0, "axis": "x", "origin": [4.875, 3.5, 4.9]},
			"faces": {
				"north": {"uv": [7.5, 4.75, 7.75, 5], "rotation": 90, "texture": "#0"},
				"south": {"uv": [7.5, 3.75, 7.75, 4], "rotation": 90, "texture": "#0"},
				"west": {"uv": [7.5, 3.75, 7.75, 5], "rotation": 90, "texture": "#0"},
				"up": {"uv": [7.75, 5, 7.5, 3.75], "texture": "#0"}
			}
		},
		{
			"from": [5.001, 1.501, 4.991],
			"to": [5.249, 2.499, 6.489],
			"rotation": {"angle": 0, "axis": "x", "origin": [5.375, 3.5, 5.15]},
			"faces": {
				"east": {"uv": [0, 0.375, 0.25, 0], "rotation": 270, "texture": "#missing"},
				"south": {"uv": [7, 4.25, 7.5, 4.5], "rotation": 90, "texture": "#0"},
				"west": {"uv": [7, 4.25, 7.5, 5], "rotation": 90, "texture": "#0"},
				"up": {"uv": [7, 4.25, 7.25, 5], "rotation": 90, "texture": "#0"}
			}
		}
	],
	"display": {
		"thirdperson_righthand": {
			"rotation": [75, 45, 0],
			"translation": [0, 1.5, 1],
			"scale": [0.375, 0.375, 0.375]
		},
		"thirdperson_lefthand": {
			"rotation": [75, 45, 0],
			"translation": [0, 2.5, 0.75],
			"scale": [0.375, 0.375, 0.375]
		},
		"firstperson_righthand": {
			"rotation": [0, 45, 0],
			"scale": [0.4, 0.4, 0.4]
		},
		"firstperson_lefthand": {
			"rotation": [0, 225, 0],
			"scale": [0.4, 0.4, 0.4]
		},
		"ground": {
			"translation": [0, 3, 0],
			"scale": [0.25, 0.25, 0.25]
		},
		"gui": {
			"rotation": [30, 225, 0],
			"translation": [0, 2, 0],
			"scale": [0.625, 0.625, 0.625]
		},
		"head": {
			"rotation": [7.5, 0, 0],
			"translation": [0, 25.25, 2.5],
			"scale": [2.65, 2.65, 2.65]
		},
		"fixed": {
			"rotation": [-90, 0, 0],
			"translation": [0, 0.25, -30],
			"scale": [4, 4, 4]
		}
	}
}