{
	"credit": "Made with Blockbench",
	"textures": {
		"0": "item/mc_brown_wool",
		"particle": "item/mc_brown_wool"
	},
	"elements": [
		{
			"from": [4, 0, 4],
			"to": [12, 2, 12],
			"faces": {
				"north": {"uv": [0, 0, 16, 4], "texture": "#0"},
				"east": {"uv": [0, 0, 16, 4], "texture": "#0"},
				"south": {"uv": [0, 0, 16, 4], "texture": "#0"},
				"west": {"uv": [0, 0, 16, 4], "texture": "#0"},
				"up": {"uv": [0, 0, 16, 16], "texture": "#0"},
				"down": {"uv": [0, 0, 16, 16], "texture": "#0"}
			}
		},
		{
			"from": [6.25, 0.5, 4.5],
			"to": [11.25, 2.5, 11.5],
			"rotation": {"angle": 22.5, "axis": "z", "origin": [7.75, 1.5, 8]},
			"faces": {
				"north": {"uv": [0, 0, 10, 4], "texture": "#0"},
				"east": {"uv": [0, 0, 10, 4], "texture": "#0"},
				"south": {"uv": [0, 0, 10, 4], "texture": "#0"},
				"up": {"uv": [0, 0, 10, 10], "texture": "#0"}
			}
		},
		{
			"from": [6.05081, 0.75, 5],
			"to": [11.05081, 2.75, 11],
			"rotation": {"angle": -22.5, "axis": "z", "origin": [8.30081, 5, 8]},
			"faces": {
				"north": {"uv": [0, 0, 10, 4], "texture": "#0"},
				"south": {"uv": [0, 0, 10, 4], "texture": "#0"},
				"west": {"uv": [0, 0, 10, 4], "texture": "#0"},
				"up": {"uv": [0, 0, 10, 10], "texture": "#0"}
			}
		},
		{
			"from": [4.59985, 2.25, 5.5],
			"to": [9.59985, 4.25, 10.5],
			"rotation": {"angle": 22.5, "axis": "z", "origin": [8.09985, 5, 8]},
			"faces": {
				"north": {"uv": [0, 0, 10, 4], "texture": "#0"},
				"east": {"uv": [0, 0, 10, 4], "texture": "#0"},
				"south": {"uv": [0, 0, 10, 4], "texture": "#0"},
				"up": {"uv": [0, 0, 10, 10], "texture": "#0"}
			}
		},
		{
			"from": [6.32403, 2.5, 6],
			"to": [10.32403, 4.5, 10],
			"rotation": {"angle": -22.5, "axis": "z", "origin": [8.32403, 5, 8]},
			"faces": {
				"north": {"uv": [0, 0, 8, 4], "texture": "#0"},
				"south": {"uv": [0, 0, 8, 4], "texture": "#0"},
				"west": {"uv": [0, 0, 8, 4], "texture": "#0"},
				"up": {"uv": [0, 0, 8, 8], "texture": "#0"}
			}
		},
		{
			"from": [6.82403, 3.25, 6.5],
			"to": [9.82403, 5.25, 9.5],
			"rotation": {"angle": -22.5, "axis": "z", "origin": [8.32403, 5, 8]},
			"faces": {
				"north": {"uv": [0, 0, 6, 4], "texture": "#0"},
				"south": {"uv": [0, 0, 6, 4], "texture": "#0"},
				"west": {"uv": [0, 0, 6, 4], "texture": "#0"},
				"up": {"uv": [0, 0, 6, 6], "texture": "#0"}
			}
		},
		{
			"from": [7.76537, 5.96194, 7.25],
			"to": [9.26537, 6.96194, 8.75],
			"rotation": {"angle": 22.5, "axis": "z", "origin": [8.32403, 4.5, 8]},
			"faces": {
				"north": {"uv": [0, 0, 3, 2], "texture": "#0"},
				"east": {"uv": [0, 0, 3, 2], "texture": "#0"},
				"south": {"uv": [0, 0, 3, 2], "texture": "#0"},
				"west": {"uv": [0, 0, 0.75, 0.5], "texture": "#0"},
				"up": {"uv": [0, 0, 3, 3], "texture": "#0"}
			}
		},
		{
			"from": [6.81349, 6.5391, 7.5],
			"to": [7.81349, 7.5391, 8.5],
			"rotation": {"angle": 45, "axis": "z", "origin": [7.31349, 7.0391, 8]},
			"faces": {
				"north": {"uv": [0, 0, 2, 2], "texture": "#0"},
				"east": {"uv": [0, 0, 2, 2], "texture": "#0"},
				"south": {"uv": [0, 0, 2, 2], "texture": "#0"},
				"west": {"uv": [0, 0, 2, 2], "texture": "#0"},
				"up": {"uv": [0, 0, 2, 2], "texture": "#0"}
			}
		},
		{
			"from": [7.51537, 3.96194, 7],
			"to": [9.51537, 5.96194, 9],
			"rotation": {"angle": 22.5, "axis": "z", "origin": [8.32403, 4.5, 8]},
			"faces": {
				"north": {"uv": [0, 0, 4, 4], "texture": "#0"},
				"east": {"uv": [0, 0, 4, 4], "texture": "#0"},
				"south": {"uv": [0, 0, 4, 4], "texture": "#0"},
				"up": {"uv": [0, 0, 4, 4], "texture": "#0"}
			}
		}
	],
	"display": {
		"thirdperson_righthand": {
			"rotation": [75, 45, 0],
			"translation": [0, 1.5, 1],
			"scale": [0.375, 0.375, 0.375]
		},
		"thirdperson_lefthand": {
			"rotation": [75, 45, 0],
			"translation": [0, 2, 1.5],
			"scale": [0.375, 0.375, 0.375]
		},
		"firstperson_righthand": {
			"rotation": [0, 45, 0],
			"scale": [0.4, 0.4, 0.4]
		},
		"firstperson_lefthand": {
			"rotation": [0, 225, 0],
			"scale": [0.4, 0.4, 0.4]
		},
		"ground": {
			"translation": [0, 3, 0],
			"scale": [0.25, 0.25, 0.25]
		},
		"gui": {
			"rotation": [30, 225, 0],
			"translation": [0, 3, 0],
			"scale": [0.625, 0.625, 0.625]
		},
		"head": {
			"rotation": [7.5, 0, 0],
			"translation": [0, 19.5, 1.7],
			"scale": [1.89, 1.89, 1.89]
		},
		"fixed": {
			"rotation": [-90, 0, 0],
			"translation": [0, 0, -22],
			"scale": [3.01, 3.01, 3.01]
		}
	}
}