{
	"credit": "Made with Blockbench",
	"texture_size": [32, 32],
	"textures": {
		"0": "item/sombrero",
		"particle": "item/sombrero"
	},
	"elements": [
		{
			"from": [4, 0.25, 4],
			"to": [12, 1.25, 12],
			"rotation": {"angle": 0, "axis": "y", "origin": [7.9, 1.5, 7.95355]},
			"faces": {
				"north": {"uv": [8, 15, 15, 16], "texture": "#0"},
				"east": {"uv": [8, 15, 15, 16], "texture": "#0"},
				"south": {"uv": [8, 15, 15, 16], "texture": "#0"},
				"west": {"uv": [8, 15, 15, 16], "texture": "#0"},
				"up": {"uv": [0.5, 8.5, 7.5, 15.5], "texture": "#0"},
				"down": {"uv": [8, 0, 16, 8], "texture": "#0"}
			}
		},
		{
			"from": [3.5, 0.25, 3.5],
			"to": [12.5, 0.75, 4],
			"rotation": {"angle": 0, "axis": "z", "origin": [8, 1, 8]},
			"faces": {
				"north": {"uv": [8, 6, 8.5, 15], "rotation": 90, "texture": "#0"},
				"up": {"uv": [8, 6, 8.5, 15], "rotation": 90, "texture": "#0"},
				"down": {"uv": [8.5, 6, 8, 15], "rotation": 90, "texture": "#0"}
			}
		},
		{
			"from": [3.5, 0.75, 3],
			"to": [12.5, 1.25, 3.5],
			"rotation": {"angle": 0, "axis": "z", "origin": [8, 1, 8]},
			"faces": {
				"north": {"uv": [8, 6, 8.5, 15], "rotation": 90, "texture": "#0"},
				"south": {"uv": [8, 6, 8.5, 15], "rotation": 90, "texture": "#0"},
				"up": {"uv": [8, 6, 8.5, 15], "rotation": 90, "texture": "#0"},
				"down": {"uv": [8, 6, 8.5, 15], "rotation": 90, "texture": "#0"}
			}
		},
		{
			"from": [3.5, 0.25, 12],
			"to": [12.5, 0.75, 12.5],
			"rotation": {"angle": 0, "axis": "z", "origin": [8, 1, 8]},
			"faces": {
				"south": {"uv": [8, 6, 8.5, 15], "rotation": 90, "texture": "#0"},
				"up": {"uv": [8, 6, 8.5, 15], "rotation": 90, "texture": "#0"},
				"down": {"uv": [8, 6, 8.5, 15], "rotation": 90, "texture": "#0"}
			}
		},
		{
			"from": [3.5, 0.75, 12.5],
			"to": [12.5, 1.25, 13],
			"rotation": {"angle": 0, "axis": "z", "origin": [8, 1, 8]},
			"faces": {
				"north": {"uv": [8, 6, 8.5, 15], "rotation": 90, "texture": "#0"},
				"east": {"uv": [0, 0, 8, 2.25], "texture": "#missing"},
				"south": {"uv": [8, 6, 8.5, 15], "rotation": 90, "texture": "#0"},
				"west": {"uv": [0, 0, 8, 2.25], "texture": "#missing"},
				"up": {"uv": [8, 6, 8.5, 15], "rotation": 90, "texture": "#0"},
				"down": {"uv": [8, 6, 8.5, 15], "rotation": 90, "texture": "#0"}
			}
		},
		{
			"from": [3.5, 1.25, 2.5],
			"to": [12.5, 1.75, 3],
			"rotation": {"angle": 0, "axis": "z", "origin": [8, 1, 8]},
			"faces": {
				"north": {"uv": [8, 6, 8.5, 15], "rotation": 90, "texture": "#0"},
				"south": {"uv": [8, 6, 8.5, 15], "rotation": 90, "texture": "#0"},
				"up": {"uv": [8.5, 6, 8, 15], "rotation": 90, "texture": "#0"},
				"down": {"uv": [8, 6, 8.5, 15], "rotation": 90, "texture": "#0"}
			}
		},
		{
			"from": [0.98504, 1.249, 7.35403],
			"to": [1.48704, 1.751, 8.78103],
			"rotation": {"angle": 45, "axis": "y", "origin": [7.95355, 1.5, 8.1]},
			"faces": {
				"east": {"uv": [8.5, 12, 11.75, 13.25], "texture": "#0"},
				"south": {"uv": [8, 0, 0, 2.25], "texture": "#missing"},
				"west": {"uv": [8.5, 12, 11.75, 13.25], "texture": "#0"},
				"up": {"uv": [11.75, 11.75, 13, 15], "texture": "#0"},
				"down": {"uv": [11.75, 11.75, 13, 15], "texture": "#0"}
			}
		},
		{
			"from": [1.33959, 0.75, 7.70858],
			"to": [1.83959, 1.25, 8.40858],
			"rotation": {"angle": 45, "axis": "y", "origin": [7.95355, 1.5, 8.1]},
			"faces": {
				"east": {"uv": [9.75, 13.75, 11.5, 15], "texture": "#0"},
				"south": {"uv": [8, 0, 0, 2.25], "texture": "#missing"},
				"west": {"uv": [9.75, 13.75, 11.5, 15], "texture": "#0"},
				"up": {"uv": [8.5, 13.25, 9.75, 15], "texture": "#0"},
				"down": {"uv": [8.5, 13.25, 9.75, 15], "texture": "#0"}
			}
		},
		{
			"from": [14.51296, 1.249, 7.35403],
			"to": [15.01496, 1.751, 8.78103],
			"rotation": {"angle": -45, "axis": "y", "origin": [8.04645, 1.5, 8.1]},
			"faces": {
				"east": {"uv": [11.75, 12, 8.5, 13.25], "texture": "#0"},
				"south": {"uv": [0, 0, 8, 2.25], "texture": "#missing"},
				"west": {"uv": [11.75, 12, 8.5, 13.25], "texture": "#0"},
				"up": {"uv": [13, 11.75, 11.75, 15], "texture": "#0"},
				"down": {"uv": [13, 11.75, 11.75, 15], "texture": "#0"}
			}
		},
		{
			"from": [14.16041, 0.75, 7.70858],
			"to": [14.66041, 1.25, 8.40858],
			"rotation": {"angle": -45, "axis": "y", "origin": [8.04645, 1.5, 8.1]},
			"faces": {
				"east": {"uv": [11.5, 13.75, 9.75, 15], "texture": "#0"},
				"south": {"uv": [0, 0, 8, 2.25], "texture": "#missing"},
				"west": {"uv": [11.5, 13.75, 9.75, 15], "texture": "#0"},
				"up": {"uv": [9.75, 13.25, 8.5, 15], "texture": "#0"},
				"down": {"uv": [9.75, 13.25, 8.5, 15], "texture": "#0"}
			}
		},
		{
			"from": [14.51296, 1.249, 7.21897],
			"to": [15.01496, 1.751, 8.64597],
			"rotation": {"angle": 45, "axis": "y", "origin": [8.04645, 1.5, 7.9]},
			"faces": {
				"north": {"uv": [8, 0, 0, 2.25], "texture": "#missing"},
				"east": {"uv": [8.5, 12, 11.75, 13.25], "texture": "#0"},
				"west": {"uv": [8.5, 12, 11.75, 13.25], "texture": "#0"},
				"up": {"uv": [13, 15, 11.75, 11.75], "texture": "#0"},
				"down": {"uv": [13, 15, 11.75, 11.75], "texture": "#0"}
			}
		},
		{
			"from": [14.16041, 0.75, 7.59142],
			"to": [14.66041, 1.25, 8.29142],
			"rotation": {"angle": 45, "axis": "y", "origin": [8.04645, 1.5, 7.9]},
			"faces": {
				"north": {"uv": [8, 0, 0, 2.25], "texture": "#missing"},
				"east": {"uv": [9.75, 13.75, 11.5, 15], "texture": "#0"},
				"west": {"uv": [9.75, 13.75, 11.5, 15], "texture": "#0"},
				"up": {"uv": [9.75, 15, 8.5, 13.25], "texture": "#0"},
				"down": {"uv": [9.75, 15, 8.5, 13.25], "texture": "#0"}
			}
		},
		{
			"from": [0.98504, 1.249, 7.21897],
			"to": [1.48704, 1.751, 8.64597],
			"rotation": {"angle": -45, "axis": "y", "origin": [7.95355, 1.5, 7.9]},
			"faces": {
				"north": {"uv": [0, 0, 8, 2.25], "texture": "#missing"},
				"east": {"uv": [11.75, 12, 8.5, 13.25], "texture": "#0"},
				"west": {"uv": [11.75, 12, 8.5, 13.25], "texture": "#0"},
				"up": {"uv": [11.75, 15, 13, 11.75], "texture": "#0"},
				"down": {"uv": [11.75, 15, 13, 11.75], "texture": "#0"}
			}
		},
		{
			"from": [1.33959, 0.75, 7.59142],
			"to": [1.83959, 1.25, 8.29142],
			"rotation": {"angle": -45, "axis": "y", "origin": [7.95355, 1.5, 7.9]},
			"faces": {
				"north": {"uv": [0, 0, 8, 2.25], "texture": "#missing"},
				"east": {"uv": [11.5, 13.75, 9.75, 15], "texture": "#0"},
				"west": {"uv": [11.5, 13.75, 9.75, 15], "texture": "#0"},
				"up": {"uv": [8.5, 15, 9.75, 13.25], "texture": "#0"},
				"down": {"uv": [8.5, 15, 9.75, 13.25], "texture": "#0"}
			}
		},
		{
			"from": [3.5, 1.25, 13],
			"to": [12.5, 1.75, 13.5],
			"rotation": {"angle": 0, "axis": "z", "origin": [8, 1, 8]},
			"faces": {
				"north": {"uv": [8, 6, 8.5, 15], "rotation": 90, "texture": "#0"},
				"south": {"uv": [8, 6, 8.5, 15], "rotation": 90, "texture": "#0"},
				"up": {"uv": [8, 6, 8.5, 15], "rotation": 90, "texture": "#0"},
				"down": {"uv": [8, 6, 8.5, 15], "rotation": 90, "texture": "#0"}
			}
		},
		{
			"from": [12, 0.25, 3.5],
			"to": [12.5, 0.75, 12.5],
			"rotation": {"angle": 0, "axis": "z", "origin": [8, 1, 8]},
			"faces": {
				"east": {"uv": [8, 6, 8.5, 15], "rotation": 90, "texture": "#0"},
				"up": {"uv": [8, 6, 8.5, 15], "rotation": 180, "texture": "#0"},
				"down": {"uv": [8, 6, 8.5, 15], "texture": "#0"}
			}
		},
		{
			"from": [12.5, 0.75, 3.5],
			"to": [13, 1.25, 12.5],
			"rotation": {"angle": 0, "axis": "z", "origin": [8, 1, 8]},
			"faces": {
				"east": {"uv": [8, 6, 8.5, 15], "rotation": 90, "texture": "#0"},
				"west": {"uv": [8, 6, 8.5, 15], "rotation": 90, "texture": "#0"},
				"up": {"uv": [8, 6, 8.5, 15], "rotation": 180, "texture": "#0"},
				"down": {"uv": [8, 6, 8.5, 15], "texture": "#0"}
			}
		},
		{
			"from": [3.5, 0.25, 3.5],
			"to": [4, 0.75, 12.5],
			"rotation": {"angle": 0, "axis": "z", "origin": [8, 1, 8]},
			"faces": {
				"west": {"uv": [8, 6, 8.5, 15], "rotation": 90, "texture": "#0"},
				"up": {"uv": [8, 6, 8.5, 15], "rotation": 180, "texture": "#0"},
				"down": {"uv": [8, 6, 8.5, 15], "texture": "#0"}
			}
		},
		{
			"from": [3, 0.75, 3.5],
			"to": [3.5, 1.25, 12.5],
			"rotation": {"angle": 0, "axis": "z", "origin": [8, 1, 8]},
			"faces": {
				"east": {"uv": [8, 6, 8.5, 15], "rotation": 90, "texture": "#0"},
				"west": {"uv": [8, 6, 8.5, 15], "rotation": 90, "texture": "#0"},
				"up": {"uv": [8, 6, 8.5, 15], "rotation": 180, "texture": "#0"},
				"down": {"uv": [8, 6, 8.5, 15], "texture": "#0"}
			}
		},
		{
			"from": [13, 1.25, 3.5],
			"to": [13.5, 1.75, 12.5],
			"rotation": {"angle": 0, "axis": "z", "origin": [8, 1, 8]},
			"faces": {
				"east": {"uv": [8, 6, 8.5, 15], "rotation": 90, "texture": "#0"},
				"west": {"uv": [8, 6, 8.5, 15], "rotation": 90, "texture": "#0"},
				"up": {"uv": [8, 6, 8.5, 15], "rotation": 180, "texture": "#0"},
				"down": {"uv": [8, 6, 8.5, 15], "texture": "#0"}
			}
		},
		{
			"from": [2.5, 1.25, 3.5],
			"to": [3, 1.75, 12.5],
			"rotation": {"angle": 0, "axis": "z", "origin": [8, 1, 8]},
			"faces": {
				"east": {"uv": [8, 6, 8.5, 15], "rotation": 90, "texture": "#0"},
				"west": {"uv": [8, 6, 8.5, 15], "rotation": 90, "texture": "#0"},
				"up": {"uv": [8, 6, 8.5, 15], "rotation": 180, "texture": "#0"},
				"down": {"uv": [8, 6, 8.5, 15], "texture": "#0"}
			}
		},
		{
			"from": [5.5, 3, 5.5],
			"to": [10.5, 4.5, 10.5],
			"faces": {
				"north": {"uv": [0, 4.5, 5, 6], "texture": "#0"},
				"east": {"uv": [0, 4.5, 5, 6], "texture": "#0"},
				"south": {"uv": [0, 4.5, 5, 6], "texture": "#0"},
				"west": {"uv": [0, 4.5, 5, 6], "texture": "#0"},
				"up": {"uv": [1.5, 9.5, 6.5, 14.5], "texture": "#0"}
			}
		},
		{
			"from": [5, 1.25, 5],
			"to": [11, 3, 11],
			"faces": {
				"north": {"uv": [0, 6, 6, 7.5], "texture": "#0"},
				"east": {"uv": [0, 6, 6, 7.5], "texture": "#0"},
				"south": {"uv": [0, 6, 6, 7.5], "texture": "#0"},
				"west": {"uv": [0, 6, 6, 7.5], "texture": "#0"},
				"up": {"uv": [1, 9, 7, 15], "texture": "#0"}
			}
		},
		{
			"from": [6, 4.5, 6],
			"to": [10, 6, 10],
			"faces": {
				"north": {"uv": [0, 3, 4, 4.5], "texture": "#0"},
				"east": {"uv": [0, 3, 4, 4.5], "texture": "#0"},
				"south": {"uv": [0, 3, 4, 4.5], "texture": "#0"},
				"west": {"uv": [0, 3, 4, 4.5], "texture": "#0"},
				"up": {"uv": [2, 10, 6, 14], "texture": "#0"}
			}
		},
		{
			"from": [6.5, 6, 6.5],
			"to": [9.5, 7.5, 9.5],
			"faces": {
				"north": {"uv": [0, 1.5, 3, 3], "texture": "#0"},
				"east": {"uv": [0, 1.5, 3, 3], "texture": "#0"},
				"south": {"uv": [0, 1.5, 3, 3], "texture": "#0"},
				"west": {"uv": [0, 1.5, 3, 3], "texture": "#0"},
				"up": {"uv": [2.5, 10.5, 5.5, 13.5], "texture": "#0"}
			}
		},
		{
			"from": [7, 7.5, 7],
			"to": [9, 9, 9],
			"faces": {
				"north": {"uv": [0, 0, 2, 1.5], "texture": "#0"},
				"east": {"uv": [0, 0, 2, 1.5], "texture": "#0"},
				"south": {"uv": [0, 0, 2, 1.5], "texture": "#0"},
				"west": {"uv": [0, 0, 2, 1.5], "texture": "#0"},
				"up": {"uv": [3, 11, 5, 13], "texture": "#0"}
			}
		},
		{
			"from": [11.75, 0.25, 2.5],
			"to": [12.25, 1.25, 2.5],
			"faces": {
				"north": {"uv": [3.25, 0, 4.5, 2.5], "texture": "#0"},
				"south": {"uv": [3.25, 0, 4.5, 2.5], "texture": "#0"}
			}
		},
		{
			"from": [10.75, 0.25, 2.5],
			"to": [11.25, 1.25, 2.5],
			"faces": {
				"north": {"uv": [3.25, 0, 4.5, 2.5], "texture": "#0"},
				"south": {"uv": [3.25, 0, 4.5, 2.5], "texture": "#0"}
			}
		},
		{
			"from": [9.75, 0.25, 2.5],
			"to": [10.25, 1.25, 2.5],
			"faces": {
				"north": {"uv": [3.25, 0, 4.5, 2.5], "texture": "#0"},
				"south": {"uv": [3.25, 0, 4.5, 2.5], "texture": "#0"}
			}
		},
		{
			"from": [8.75, 0.25, 2.5],
			"to": [9.25, 1.25, 2.5],
			"faces": {
				"north": {"uv": [3.25, 0, 4.5, 2.5], "texture": "#0"},
				"south": {"uv": [3.25, 0, 4.5, 2.5], "texture": "#0"}
			}
		},
		{
			"from": [6.75, 0.25, 2.5],
			"to": [7.25, 1.25, 2.5],
			"faces": {
				"north": {"uv": [3.25, 0, 4.5, 2.5], "texture": "#0"},
				"south": {"uv": [3.25, 0, 4.5, 2.5], "texture": "#0"}
			}
		},
		{
			"from": [7.75, 0.25, 2.5],
			"to": [8.25, 1.25, 2.5],
			"faces": {
				"north": {"uv": [3.25, 0, 4.5, 2.5], "texture": "#0"},
				"south": {"uv": [3.25, 0, 4.5, 2.5], "texture": "#0"}
			}
		},
		{
			"from": [5.75, 0.25, 2.5],
			"to": [6.25, 1.25, 2.5],
			"faces": {
				"north": {"uv": [3.25, 0, 4.5, 2.5], "texture": "#0"},
				"south": {"uv": [3.25, 0, 4.5, 2.5], "texture": "#0"}
			}
		},
		{
			"from": [4.75, 0.25, 2.5],
			"to": [5.25, 1.25, 2.5],
			"faces": {
				"north": {"uv": [3.25, 0, 4.5, 2.5], "texture": "#0"},
				"south": {"uv": [3.25, 0, 4.5, 2.5], "texture": "#0"}
			}
		},
		{
			"from": [3.75, 0.25, 2.5],
			"to": [4.25, 1.25, 2.5],
			"faces": {
				"north": {"uv": [3.25, 0, 4.5, 2.5], "texture": "#0"},
				"south": {"uv": [3.25, 0, 4.5, 2.5], "texture": "#0"}
			}
		},
		{
			"from": [11.75, 0.25, 13.5],
			"to": [12.25, 1.25, 13.5],
			"rotation": {"angle": 0, "axis": "y", "origin": [0, 0, 16]},
			"faces": {
				"north": {"uv": [4.5, 0, 3.25, 2.5], "texture": "#0"},
				"south": {"uv": [4.5, 0, 3.25, 2.5], "texture": "#0"}
			}
		},
		{
			"from": [10.75, 0.25, 13.5],
			"to": [11.25, 1.25, 13.5],
			"rotation": {"angle": 0, "axis": "y", "origin": [0, 0, 16]},
			"faces": {
				"north": {"uv": [4.5, 0, 3.25, 2.5], "texture": "#0"},
				"south": {"uv": [4.5, 0, 3.25, 2.5], "texture": "#0"}
			}
		},
		{
			"from": [9.75, 0.25, 13.5],
			"to": [10.25, 1.25, 13.5],
			"rotation": {"angle": 0, "axis": "y", "origin": [0, 0, 16]},
			"faces": {
				"north": {"uv": [4.5, 0, 3.25, 2.5], "texture": "#0"},
				"south": {"uv": [4.5, 0, 3.25, 2.5], "texture": "#0"}
			}
		},
		{
			"from": [8.75, 0.25, 13.5],
			"to": [9.25, 1.25, 13.5],
			"rotation": {"angle": 0, "axis": "y", "origin": [0, 0, 16]},
			"faces": {
				"north": {"uv": [4.5, 0, 3.25, 2.5], "texture": "#0"},
				"south": {"uv": [4.5, 0, 3.25, 2.5], "texture": "#0"}
			}
		},
		{
			"from": [3.75, 0.25, 13.5],
			"to": [4.25, 1.25, 13.5],
			"rotation": {"angle": 0, "axis": "y", "origin": [0, 0, 16]},
			"faces": {
				"north": {"uv": [4.5, 0, 3.25, 2.5], "texture": "#0"},
				"south": {"uv": [4.5, 0, 3.25, 2.5], "texture": "#0"}
			}
		},
		{
			"from": [4.75, 0.25, 13.5],
			"to": [5.25, 1.25, 13.5],
			"rotation": {"angle": 0, "axis": "y", "origin": [0, 0, 16]},
			"faces": {
				"north": {"uv": [4.5, 0, 3.25, 2.5], "texture": "#0"},
				"south": {"uv": [4.5, 0, 3.25, 2.5], "texture": "#0"}
			}
		},
		{
			"from": [5.75, 0.25, 13.5],
			"to": [6.25, 1.25, 13.5],
			"rotation": {"angle": 0, "axis": "y", "origin": [0, 0, 16]},
			"faces": {
				"north": {"uv": [4.5, 0, 3.25, 2.5], "texture": "#0"},
				"south": {"uv": [4.5, 0, 3.25, 2.5], "texture": "#0"}
			}
		},
		{
			"from": [6.75, 0.25, 13.5],
			"to": [7.25, 1.25, 13.5],
			"rotation": {"angle": 0, "axis": "y", "origin": [0, 0, 16]},
			"faces": {
				"north": {"uv": [4.5, 0, 3.25, 2.5], "texture": "#0"},
				"south": {"uv": [4.5, 0, 3.25, 2.5], "texture": "#0"}
			}
		},
		{
			"from": [7.75, 0.25, 13.5],
			"to": [8.25, 1.25, 13.5],
			"rotation": {"angle": 0, "axis": "y", "origin": [0, 0, 16]},
			"faces": {
				"north": {"uv": [4.5, 0, 3.25, 2.5], "texture": "#0"},
				"south": {"uv": [4.5, 0, 3.25, 2.5], "texture": "#0"}
			}
		},
		{
			"from": [13.5, 0.25, 11.75],
			"to": [13.5, 1.25, 12.25],
			"rotation": {"angle": 0, "axis": "y", "origin": [8, 0.75, 8]},
			"faces": {
				"east": {"uv": [3.25, 0, 4.5, 2.5], "texture": "#0"},
				"west": {"uv": [3.25, 0, 4.5, 2.5], "texture": "#0"}
			}
		},
		{
			"from": [13.5, 0.25, 10.75],
			"to": [13.5, 1.25, 11.25],
			"rotation": {"angle": 0, "axis": "y", "origin": [8, 0.75, 8]},
			"faces": {
				"east": {"uv": [3.25, 0, 4.5, 2.5], "texture": "#0"},
				"west": {"uv": [3.25, 0, 4.5, 2.5], "texture": "#0"}
			}
		},
		{
			"from": [13.5, 0.25, 9.75],
			"to": [13.5, 1.25, 10.25],
			"rotation": {"angle": 0, "axis": "y", "origin": [8, 0.75, 8]},
			"faces": {
				"east": {"uv": [3.25, 0, 4.5, 2.5], "texture": "#0"},
				"west": {"uv": [3.25, 0, 4.5, 2.5], "texture": "#0"}
			}
		},
		{
			"from": [13.5, 0.25, 8.75],
			"to": [13.5, 1.25, 9.25],
			"rotation": {"angle": 0, "axis": "y", "origin": [8, 0.75, 8]},
			"faces": {
				"east": {"uv": [3.25, 0, 4.5, 2.5], "texture": "#0"},
				"west": {"uv": [3.25, 0, 4.5, 2.5], "texture": "#0"}
			}
		},
		{
			"from": [13.5, 0.25, 3.75],
			"to": [13.5, 1.25, 4.25],
			"rotation": {"angle": 0, "axis": "y", "origin": [8, 0.75, 8]},
			"faces": {
				"east": {"uv": [3.25, 0, 4.5, 2.5], "texture": "#0"},
				"west": {"uv": [3.25, 0, 4.5, 2.5], "texture": "#0"}
			}
		},
		{
			"from": [13.5, 0.25, 4.75],
			"to": [13.5, 1.25, 5.25],
			"rotation": {"angle": 0, "axis": "y", "origin": [8, 0.75, 8]},
			"faces": {
				"east": {"uv": [3.25, 0, 4.5, 2.5], "texture": "#0"},
				"west": {"uv": [3.25, 0, 4.5, 2.5], "texture": "#0"}
			}
		},
		{
			"from": [13.5, 0.25, 5.75],
			"to": [13.5, 1.25, 6.25],
			"rotation": {"angle": 0, "axis": "y", "origin": [8, 0.75, 8]},
			"faces": {
				"east": {"uv": [3.25, 0, 4.5, 2.5], "texture": "#0"},
				"west": {"uv": [3.25, 0, 4.5, 2.5], "texture": "#0"}
			}
		},
		{
			"from": [13.5, 0.25, 6.75],
			"to": [13.5, 1.25, 7.25],
			"rotation": {"angle": 0, "axis": "y", "origin": [8, 0.75, 8]},
			"faces": {
				"east": {"uv": [3.25, 0, 4.5, 2.5], "texture": "#0"},
				"west": {"uv": [3.25, 0, 4.5, 2.5], "texture": "#0"}
			}
		},
		{
			"from": [13.5, 0.25, 7.75],
			"to": [13.5, 1.25, 8.25],
			"rotation": {"angle": 0, "axis": "y", "origin": [8, 0.75, 8]},
			"faces": {
				"east": {"uv": [3.25, 0, 4.5, 2.5], "texture": "#0"},
				"west": {"uv": [3.25, 0, 4.5, 2.5], "texture": "#0"}
			}
		},
		{
			"from": [2.5, 0.25, 7.75],
			"to": [2.5, 1.25, 8.25],
			"rotation": {"angle": 0, "axis": "y", "origin": [8, 0.75, 8]},
			"faces": {
				"east": {"uv": [4.5, 0, 3.25, 2.5], "texture": "#0"},
				"west": {"uv": [4.5, 0, 3.25, 2.5], "texture": "#0"}
			}
		},
		{
			"from": [2.5, 0.25, 6.75],
			"to": [2.5, 1.25, 7.25],
			"rotation": {"angle": 0, "axis": "y", "origin": [8, 0.75, 8]},
			"faces": {
				"east": {"uv": [4.5, 0, 3.25, 2.5], "texture": "#0"},
				"west": {"uv": [4.5, 0, 3.25, 2.5], "texture": "#0"}
			}
		},
		{
			"from": [2.5, 0.25, 5.75],
			"to": [2.5, 1.25, 6.25],
			"rotation": {"angle": 0, "axis": "y", "origin": [8, 0.75, 8]},
			"faces": {
				"east": {"uv": [4.5, 0, 3.25, 2.5], "texture": "#0"},
				"west": {"uv": [4.5, 0, 3.25, 2.5], "texture": "#0"}
			}
		},
		{
			"from": [2.5, 0.25, 4.75],
			"to": [2.5, 1.25, 5.25],
			"rotation": {"angle": 0, "axis": "y", "origin": [8, 0.75, 8]},
			"faces": {
				"east": {"uv": [4.5, 0, 3.25, 2.5], "texture": "#0"},
				"west": {"uv": [4.5, 0, 3.25, 2.5], "texture": "#0"}
			}
		},
		{
			"from": [2.5, 0.25, 3.75],
			"to": [2.5, 1.25, 4.25],
			"rotation": {"angle": 0, "axis": "y", "origin": [8, 0.75, 8]},
			"faces": {
				"east": {"uv": [4.5, 0, 3.25, 2.5], "texture": "#0"},
				"west": {"uv": [4.5, 0, 3.25, 2.5], "texture": "#0"}
			}
		},
		{
			"from": [2.5, 0.25, 8.75],
			"to": [2.5, 1.25, 9.25],
			"rotation": {"angle": 0, "axis": "y", "origin": [8, 0.75, 8]},
			"faces": {
				"east": {"uv": [4.5, 0, 3.25, 2.5], "texture": "#0"},
				"west": {"uv": [4.5, 0, 3.25, 2.5], "texture": "#0"}
			}
		},
		{
			"from": [2.5, 0.25, 9.75],
			"to": [2.5, 1.25, 10.25],
			"rotation": {"angle": 0, "axis": "y", "origin": [8, 0.75, 8]},
			"faces": {
				"east": {"uv": [4.5, 0, 3.25, 2.5], "texture": "#0"},
				"west": {"uv": [4.5, 0, 3.25, 2.5], "texture": "#0"}
			}
		},
		{
			"from": [2.5, 0.25, 10.75],
			"to": [2.5, 1.25, 11.25],
			"rotation": {"angle": 0, "axis": "y", "origin": [8, 0.75, 8]},
			"faces": {
				"east": {"uv": [4.5, 0, 3.25, 2.5], "texture": "#0"},
				"west": {"uv": [4.5, 0, 3.25, 2.5], "texture": "#0"}
			}
		},
		{
			"from": [2.5, 0.25, 11.75],
			"to": [2.5, 1.25, 12.25],
			"rotation": {"angle": 0, "axis": "y", "origin": [8, 0.75, 8]},
			"faces": {
				"east": {"uv": [4.5, 0, 3.25, 2.5], "texture": "#0"},
				"west": {"uv": [4.5, 0, 3.25, 2.5], "texture": "#0"}
			}
		}
	],
	"display": {
		"thirdperson_righthand": {
			"rotation": [75, 45, 0],
			"translation": [0, 1.5, 1.75],
			"scale": [0.81, 0.81, 0.81]
		},
		"thirdperson_lefthand": {
			"rotation": [75, 45, 0],
			"translation": [0, 1.5, 1.75],
			"scale": [0.81, 0.81, 0.81]
		},
		"firstperson_righthand": {
			"translation": [0, 2.75, 0],
			"scale": [0.68, 0.68, 0.68]
		},
		"firstperson_lefthand": {
			"translation": [0, 2.75, 0],
			"scale": [0.68, 0.68, 0.68]
		},
		"ground": {
			"translation": [0, 11.5, 0],
			"scale": [1.82, 1.82, 1.82]
		},
		"gui": {
			"rotation": [30, 145, 0],
			"translation": [0, 4.75, 0],
			"scale": [1.08, 1.08, 1.08]
		},
		"head": {
			"translation": [0, 22.25, 0],
			"scale": [2.41, 2.41, 2.41]
		},
		"fixed": {
			"rotation": [-90, 0, 0],
			"translation": [0, 0, -21.5],
			"scale": [3.01, 3.01, 3.01]
		}
	}
}