{
	"credit": "Made with Blockbench",
	"texture_size": [64, 64],
	"textures": {
		"0": "item/jester_hat",
		"particle": "item/jester_hat"
	},
	"elements": [
		{
			"from": [9, 0, 5.5],
			"to": [12.25, 2.5, 10.5],
			"rotation": {"angle": 0, "axis": "y", "origin": [0, -0.5, 0]},
			"faces": {
				"east": {"uv": [4.25, 0, 6.75, 1], "texture": "#0"},
				"up": {"uv": [6.5, 1, 8.125, 3.5], "texture": "#0"},
				"down": {"uv": [6.5, 1, 8.125, 3.5], "texture": "#0"}
			}
		},
		{
			"from": [3.75, 0, 5.5],
			"to": [7, 2.5, 10.5],
			"rotation": {"angle": 0, "axis": "y", "origin": [16, -0.5, 0]},
			"faces": {
				"west": {"uv": [4.25, 0, 6.75, 1], "texture": "#0"},
				"up": {"uv": [6.5, 1, 8.125, 3.5], "texture": "#0"},
				"down": {"uv": [6.5, 1, 8.125, 3.5], "texture": "#0"}
			}
		},
		{
			"from": [5.5, 0, 8],
			"to": [10.5, 2.5, 12.25],
			"rotation": {"angle": 0, "axis": "y", "origin": [16, -0.5, 0]},
			"faces": {
				"south": {"uv": [4.25, 0, 6.75, 1], "texture": "#0"},
				"up": {"uv": [4.25, 1, 6.375, 3.5], "rotation": 90, "texture": "#0"},
				"down": {"uv": [4.25, 1, 6.375, 3.5], "rotation": 90, "texture": "#0"}
			}
		},
		{
			"from": [10.10355, 0, 9.68934],
			"to": [11.35355, 2.5, 12.18934],
			"rotation": {"angle": -45, "axis": "y", "origin": [10.85355, 2, 11.18934]},
			"faces": {
				"north": {"uv": [0, 0, 1.25, 2], "texture": "#missing"},
				"east": {"uv": [9.25, 0, 10.5, 1], "texture": "#0"},
				"up": {"uv": [10.5, 0, 11.75, 0.625], "texture": "#0"},
				"down": {"uv": [10.5, 0, 11.75, 0.625], "texture": "#0"}
			}
		},
		{
			"from": [4.80546, 0, 2.42678],
			"to": [6.05546, 2.5, 4.92678],
			"rotation": {"angle": -45, "axis": "y", "origin": [3.55546, 2, 3.92678]},
			"faces": {
				"south": {"uv": [0, 0, 1.25, 2], "texture": "#missing"},
				"west": {"uv": [9.25, 0, 10.5, 1], "texture": "#0"},
				"up": {"uv": [10.5, 0, 11.75, 0.625], "texture": "#0"},
				"down": {"uv": [10.5, 0, 11.75, 0.625], "texture": "#0"}
			}
		},
		{
			"from": [6.73744, 0, 3.22703],
			"to": [9.23744, 2.5, 4.47703],
			"rotation": {"angle": -45, "axis": "y", "origin": [8, 2, 8]},
			"faces": {
				"north": {"uv": [9.25, 0, 10.5, 1], "texture": "#0"},
				"west": {"uv": [0, 0, 1.25, 2], "texture": "#missing"},
				"up": {"uv": [10.5, 0, 11.75, 0.625], "texture": "#0"},
				"down": {"uv": [10.5, 0, 11.75, 0.625], "texture": "#0"}
			}
		},
		{
			"from": [6.76256, 0, 11.52297],
			"to": [9.26256, 2.5, 12.77297],
			"rotation": {"angle": -45, "axis": "y", "origin": [8, 2, 8]},
			"faces": {
				"east": {"uv": [0, 0, 1.25, 2], "texture": "#missing"},
				"south": {"uv": [9.25, 0, 10.5, 1], "texture": "#0"},
				"up": {"uv": [10.5, 0, 11.75, 0.625], "texture": "#0"},
				"down": {"uv": [10.5, 0, 11.75, 0.625], "texture": "#0"}
			}
		},
		{
			"from": [5.5, 0, 3.75],
			"to": [10.5, 2.5, 8],
			"rotation": {"angle": 0, "axis": "y", "origin": [16, -0.5, 16]},
			"faces": {
				"north": {"uv": [4.25, 0, 6.75, 1], "texture": "#0"},
				"up": {"uv": [4.25, 1, 6.375, 3.5], "rotation": 90, "texture": "#0"},
				"down": {"uv": [4.25, 1, 6.375, 3.5], "rotation": 90, "texture": "#0"}
			}
		},
		{
			"from": [7.499, 2.21288, -1.65643],
			"to": [8.501, 3.21488, -0.65443],
			"rotation": {"angle": 0, "axis": "y", "origin": [0.5, 2.46388, -1.40543]},
			"faces": {
				"north": {"uv": [0, 4.25, 1.25, 5.5], "texture": "#0"},
				"east": {"uv": [0, 4.25, 1.25, 5.5], "texture": "#0"},
				"south": {"uv": [0, 4.25, 1.25, 5.5], "texture": "#0"},
				"west": {"uv": [0, 4.25, 1.25, 5.5], "texture": "#0"},
				"up": {"uv": [1.25, 4.25, 2.5, 5.5], "texture": "#0"},
				"down": {"uv": [2.5, 4.25, 3.75, 5.5], "texture": "#0"}
			}
		},
		{
			"from": [7.499, 2.21288, 16.65443],
			"to": [8.501, 3.21488, 17.65643],
			"rotation": {"angle": 0, "axis": "y", "origin": [0.5, 2.46388, 17.40543]},
			"faces": {
				"north": {"uv": [1.25, 4.25, 0, 5.5], "texture": "#0"},
				"east": {"uv": [1.25, 4.25, 0, 5.5], "texture": "#0"},
				"south": {"uv": [1.25, 4.25, 0, 5.5], "texture": "#0"},
				"west": {"uv": [1.25, 4.25, 0, 5.5], "texture": "#0"},
				"up": {"uv": [1.25, 5.5, 2.5, 4.25], "texture": "#0"},
				"down": {"uv": [2.5, 5.5, 3.75, 4.25], "texture": "#0"}
			}
		},
		{
			"from": [-1.751, 2.21288, 7.40443],
			"to": [-0.749, 3.21488, 8.40643],
			"rotation": {"angle": 0, "axis": "y", "origin": [0.5, 2.46388, 17.40543]},
			"faces": {
				"north": {"uv": [1.25, 4.25, 0, 5.5], "texture": "#0"},
				"east": {"uv": [1.25, 4.25, 0, 5.5], "texture": "#0"},
				"south": {"uv": [1.25, 4.25, 0, 5.5], "texture": "#0"},
				"west": {"uv": [1.25, 4.25, 0, 5.5], "texture": "#0"},
				"up": {"uv": [1.25, 5.5, 2.5, 4.25], "rotation": 90, "texture": "#0"},
				"down": {"uv": [2.5, 5.5, 3.75, 4.25], "rotation": 270, "texture": "#0"}
			}
		},
		{
			"from": [16.55986, 2.21288, 7.40443],
			"to": [17.56186, 3.21488, 8.40643],
			"rotation": {"angle": 0, "axis": "y", "origin": [19.31086, 2.46388, 17.40543]},
			"faces": {
				"north": {"uv": [0, 4.25, 1.25, 5.5], "texture": "#0"},
				"east": {"uv": [0, 4.25, 1.25, 5.5], "texture": "#0"},
				"south": {"uv": [0, 4.25, 1.25, 5.5], "texture": "#0"},
				"west": {"uv": [0, 4.25, 1.25, 5.5], "texture": "#0"},
				"up": {"uv": [1.25, 4.25, 2.5, 5.5], "rotation": 90, "texture": "#0"},
				"down": {"uv": [2.5, 4.25, 3.75, 5.5], "rotation": 270, "texture": "#0"}
			}
		},
		{
			"from": [6.25, 1.88791, 3.92284],
			"to": [9.75, 3.88791, 6.92284],
			"rotation": {"angle": -22.5, "axis": "x", "origin": [8, 2.38791, 5.42284]},
			"faces": {
				"north": {"uv": [3.25, 9, 1.5, 10], "texture": "#0"},
				"east": {"uv": [1.5, 9, 0, 10], "texture": "#0"},
				"south": {"uv": [3.25, 9, 1.5, 10], "texture": "#0"},
				"west": {"uv": [0, 9, 1.5, 10], "texture": "#0"},
				"up": {"uv": [4.75, 8.25, 3.25, 10], "rotation": 90, "texture": "#0"}
			}
		},
		{
			"from": [6.75, 2.80213, 2.13221],
			"to": [9.25, 4.80213, 4.13221],
			"rotation": {"angle": 22.5, "axis": "x", "origin": [8, 3.80213, 5.63221]},
			"faces": {
				"north": {"uv": [11, 10, 12, 8.75], "rotation": 90, "texture": "#0"},
				"east": {"uv": [8.75, 9, 9.75, 10], "rotation": 270, "texture": "#0"},
				"west": {"uv": [8.75, 10, 9.75, 9], "rotation": 270, "texture": "#0"},
				"up": {"uv": [9.75, 10, 11, 9], "rotation": 180, "texture": "#0"},
				"down": {"uv": [9.75, 10, 11, 9], "texture": "#0"}
			}
		},
		{
			"from": [6.5, 3.72644, 4.98463],
			"to": [9.5, 5.72644, 7.48463],
			"rotation": {"angle": -45, "axis": "x", "origin": [8, 2.22644, 6.23463]},
			"faces": {
				"north": {"uv": [7.5, 9, 6, 10], "texture": "#0"},
				"east": {"uv": [4.75, 9, 6, 10], "texture": "#0"},
				"south": {"uv": [7.5, 9, 6, 10], "texture": "#0"},
				"west": {"uv": [6, 9, 4.75, 10], "texture": "#0"},
				"up": {"uv": [8.75, 8.5, 7.5, 10], "rotation": 90, "texture": "#0"}
			}
		},
		{
			"from": [7, 4.27734, 0.97266],
			"to": [9, 5.77734, 2.97266],
			"rotation": {"angle": 0, "axis": "z", "origin": [8, 5.02734, 4.47266]},
			"faces": {
				"north": {"uv": [13.75, 10, 14.5, 9], "rotation": 90, "texture": "#0"},
				"east": {"uv": [12, 9, 12.75, 10], "rotation": 270, "texture": "#0"},
				"west": {"uv": [12, 10, 12.75, 9], "rotation": 270, "texture": "#0"},
				"up": {"uv": [12.75, 9, 13.75, 10], "rotation": 180, "texture": "#0"},
				"down": {"uv": [12.75, 9, 13.75, 10], "texture": "#0"}
			}
		},
		{
			"from": [7.25, 5.21555, -0.5675],
			"to": [8.75, 6.21555, 1.4325],
			"rotation": {"angle": -22.5, "axis": "x", "origin": [8, 5.71555, 2.9325]},
			"faces": {
				"north": {"uv": [15.5, 9, 16, 8.25], "rotation": 90, "texture": "#0"},
				"east": {"uv": [14.5, 9, 15, 10], "rotation": 90, "texture": "#0"},
				"west": {"uv": [14.5, 10, 15, 9], "rotation": 90, "texture": "#0"},
				"up": {"uv": [15, 10, 15.75, 9], "rotation": 180, "texture": "#0"},
				"down": {"uv": [15, 10, 15.75, 9], "texture": "#0"}
			}
		},
		{
			"from": [7.5, 5.51197, -2.25378],
			"to": [8.5, 6.01197, -0.25378],
			"rotation": {"angle": -45, "axis": "x", "origin": [8, 5.76197, 1.24622]},
			"faces": {
				"north": {"uv": [15.5, 8.25, 15, 8.5], "texture": "#0"},
				"east": {"uv": [15.75, 9, 16, 10], "rotation": 270, "texture": "#0"},
				"west": {"uv": [15.75, 10, 16, 9], "rotation": 270, "texture": "#0"},
				"up": {"uv": [15.5, 8.5, 14.5, 9], "rotation": 90, "texture": "#0"},
				"down": {"uv": [15.5, 8.5, 14.5, 9], "rotation": 270, "texture": "#0"}
			}
		},
		{
			"from": [7.5, 5.51197, 16.25378],
			"to": [8.5, 6.01197, 18.25378],
			"rotation": {"angle": 45, "axis": "x", "origin": [8, 5.76197, 14.75378]},
			"faces": {
				"east": {"uv": [15.75, 12, 16, 11], "rotation": 270, "texture": "#0"},
				"south": {"uv": [15, 10.25, 15.5, 10.5], "texture": "#0"},
				"west": {"uv": [15.75, 11, 16, 12], "rotation": 270, "texture": "#0"},
				"up": {"uv": [14.5, 10.5, 15.5, 11], "rotation": 90, "texture": "#0"},
				"down": {"uv": [14.5, 10.5, 15.5, 11], "rotation": 270, "texture": "#0"}
			}
		},
		{
			"from": [7.25, 5.21555, 14.5675],
			"to": [8.75, 6.21555, 16.5675],
			"rotation": {"angle": 22.5, "axis": "x", "origin": [8, 5.71555, 13.0675]},
			"faces": {
				"east": {"uv": [14.5, 12, 15, 11], "rotation": 90, "texture": "#0"},
				"south": {"uv": [15.5, 10.25, 16, 11], "rotation": 90, "texture": "#0"},
				"west": {"uv": [14.5, 11, 15, 12], "rotation": 90, "texture": "#0"},
				"up": {"uv": [15, 11, 15.75, 12], "rotation": 180, "texture": "#0"},
				"down": {"uv": [15, 11, 15.75, 12], "texture": "#0"}
			}
		},
		{
			"from": [7, 4.27734, 13.02734],
			"to": [9, 5.77734, 15.02734],
			"rotation": {"angle": 0, "axis": "z", "origin": [8, 5.02734, 11.52734]},
			"faces": {
				"east": {"uv": [12, 12, 12.75, 11], "rotation": 270, "texture": "#0"},
				"south": {"uv": [13.75, 11, 14.5, 12], "rotation": 90, "texture": "#0"},
				"west": {"uv": [12, 11, 12.75, 12], "rotation": 270, "texture": "#0"},
				"up": {"uv": [12.75, 12, 13.75, 11], "rotation": 180, "texture": "#0"},
				"down": {"uv": [12.75, 12, 13.75, 11], "texture": "#0"}
			}
		},
		{
			"from": [6.5, 3.72644, 8.51537],
			"to": [9.5, 5.72644, 11.01537],
			"rotation": {"angle": 45, "axis": "x", "origin": [8, 2.22644, 9.76537]},
			"faces": {
				"north": {"uv": [6, 11, 7.5, 12], "texture": "#0"},
				"east": {"uv": [6, 11, 4.75, 12], "texture": "#0"},
				"south": {"uv": [6, 11, 7.5, 12], "texture": "#0"},
				"west": {"uv": [4.75, 11, 6, 12], "texture": "#0"},
				"up": {"uv": [7.5, 10.5, 8.75, 12], "rotation": 90, "texture": "#0"}
			}
		},
		{
			"from": [6.75, 2.80213, 11.86779],
			"to": [9.25, 4.80213, 13.86779],
			"rotation": {"angle": -22.5, "axis": "x", "origin": [8, 3.80213, 10.36779]},
			"faces": {
				"east": {"uv": [8.75, 12, 9.75, 11], "rotation": 270, "texture": "#0"},
				"south": {"uv": [11, 10.75, 12, 12], "rotation": 90, "texture": "#0"},
				"west": {"uv": [8.75, 11, 9.75, 12], "rotation": 270, "texture": "#0"},
				"up": {"uv": [9.75, 11, 11, 12], "rotation": 180, "texture": "#0"},
				"down": {"uv": [9.75, 11, 11, 12], "texture": "#0"}
			}
		},
		{
			"from": [6.25, 1.88791, 9.07716],
			"to": [9.75, 3.88791, 12.07716],
			"rotation": {"angle": 22.5, "axis": "x", "origin": [8, 2.38791, 10.57716]},
			"faces": {
				"north": {"uv": [1.5, 11, 3.25, 12], "texture": "#0"},
				"east": {"uv": [0, 11, 1.5, 12], "texture": "#0"},
				"south": {"uv": [1.5, 11, 3.25, 12], "texture": "#0"},
				"west": {"uv": [1.5, 11, 0, 12], "texture": "#0"},
				"up": {"uv": [3.25, 10.25, 4.75, 12], "rotation": 90, "texture": "#0"}
			}
		},
		{
			"from": [3.92284, 1.88791, 6.25],
			"to": [6.92284, 3.88791, 9.75],
			"rotation": {"angle": 22.5, "axis": "z", "origin": [5.42284, 2.38791, 8]},
			"faces": {
				"north": {"uv": [1.5, 13, 0, 14], "texture": "#0"},
				"east": {"uv": [3.25, 13, 1.5, 14], "texture": "#0"},
				"south": {"uv": [0, 13, 1.5, 14], "texture": "#0"},
				"west": {"uv": [3.25, 13, 1.5, 14], "texture": "#0"},
				"up": {"uv": [4.75, 12.25, 3.25, 14], "texture": "#0"}
			}
		},
		{
			"from": [2.13221, 2.80213, 6.75],
			"to": [4.13221, 4.80213, 9.25],
			"rotation": {"angle": -22.5, "axis": "z", "origin": [5.63221, 3.80213, 8]},
			"faces": {
				"north": {"uv": [8.75, 13, 9.75, 14], "rotation": 270, "texture": "#0"},
				"south": {"uv": [8.75, 14, 9.75, 13], "rotation": 270, "texture": "#0"},
				"west": {"uv": [11, 14, 12, 12.75], "rotation": 90, "texture": "#0"},
				"up": {"uv": [9.75, 14, 11, 13], "rotation": 90, "texture": "#0"},
				"down": {"uv": [9.75, 14, 11, 13], "rotation": 90, "texture": "#0"}
			}
		},
		{
			"from": [4.98463, 3.72644, 6.5],
			"to": [7.48463, 5.72644, 9.5],
			"rotation": {"angle": 45, "axis": "z", "origin": [6.23463, 2.22644, 8]},
			"faces": {
				"north": {"uv": [4.75, 13, 6, 14], "texture": "#0"},
				"east": {"uv": [7.5, 13, 6, 14], "texture": "#0"},
				"south": {"uv": [6, 13, 4.75, 14], "texture": "#0"},
				"west": {"uv": [7.5, 13, 6, 14], "texture": "#0"},
				"up": {"uv": [8.75, 12.5, 7.5, 14], "texture": "#0"}
			}
		},
		{
			"from": [0.97266, 4.27734, 7],
			"to": [2.97266, 5.77734, 9],
			"rotation": {"angle": 0, "axis": "z", "origin": [4.47266, 5.02734, 8]},
			"faces": {
				"north": {"uv": [12, 13, 12.75, 14], "rotation": 270, "texture": "#0"},
				"south": {"uv": [12, 14, 12.75, 13], "rotation": 270, "texture": "#0"},
				"west": {"uv": [13.75, 14, 14.5, 13], "rotation": 90, "texture": "#0"},
				"up": {"uv": [12.75, 13, 13.75, 14], "rotation": 90, "texture": "#0"},
				"down": {"uv": [12.75, 13, 13.75, 14], "rotation": 90, "texture": "#0"}
			}
		},
		{
			"from": [-0.5675, 5.21555, 7.25],
			"to": [1.4325, 6.21555, 8.75],
			"rotation": {"angle": 22.5, "axis": "z", "origin": [2.9325, 5.71555, 8]},
			"faces": {
				"north": {"uv": [14.5, 13, 15, 14], "rotation": 90, "texture": "#0"},
				"south": {"uv": [14.5, 14, 15, 13], "rotation": 90, "texture": "#0"},
				"west": {"uv": [15.5, 13, 16, 12.25], "rotation": 90, "texture": "#0"},
				"up": {"uv": [15, 14, 15.75, 13], "rotation": 90, "texture": "#0"},
				"down": {"uv": [15, 14, 15.75, 13], "rotation": 90, "texture": "#0"}
			}
		},
		{
			"from": [-2.25378, 5.51197, 7.5],
			"to": [-0.25378, 6.01197, 8.5],
			"rotation": {"angle": 45, "axis": "z", "origin": [1.24622, 5.76197, 8]},
			"faces": {
				"north": {"uv": [15.75, 13, 16, 14], "rotation": 270, "texture": "#0"},
				"south": {"uv": [15.75, 14, 16, 13], "rotation": 270, "texture": "#0"},
				"west": {"uv": [15.5, 12.25, 15, 12.5], "texture": "#0"},
				"up": {"uv": [15.5, 12.5, 14.5, 13], "texture": "#0"},
				"down": {"uv": [15.5, 12.5, 14.5, 13], "texture": "#0"}
			}
		},
		{
			"from": [9.07716, 1.88791, 6.25],
			"to": [12.07716, 3.88791, 9.75],
			"rotation": {"angle": -22.5, "axis": "z", "origin": [10.57716, 2.38791, 8]},
			"faces": {
				"north": {"uv": [0, 15, 1.5, 16], "texture": "#0"},
				"east": {"uv": [1.5, 15, 3.25, 16], "texture": "#0"},
				"south": {"uv": [1.5, 15, 0, 16], "texture": "#0"},
				"west": {"uv": [1.5, 15, 3.25, 16], "texture": "#0"},
				"up": {"uv": [3.25, 14.25, 4.75, 16], "texture": "#0"}
			}
		},
		{
			"from": [11.86779, 2.80213, 6.75],
			"to": [13.86779, 4.80213, 9.25],
			"rotation": {"angle": 22.5, "axis": "z", "origin": [10.36779, 3.80213, 8]},
			"faces": {
				"north": {"uv": [8.75, 16, 9.75, 15], "rotation": 270, "texture": "#0"},
				"east": {"uv": [11, 14.75, 12, 16], "rotation": 90, "texture": "#0"},
				"south": {"uv": [8.75, 15, 9.75, 16], "rotation": 270, "texture": "#0"},
				"up": {"uv": [9.75, 15, 11, 16], "rotation": 90, "texture": "#0"},
				"down": {"uv": [9.75, 15, 11, 16], "rotation": 90, "texture": "#0"}
			}
		},
		{
			"from": [8.51537, 3.72644, 6.5],
			"to": [11.01537, 5.72644, 9.5],
			"rotation": {"angle": -45, "axis": "z", "origin": [9.76537, 2.22644, 8]},
			"faces": {
				"north": {"uv": [6, 15, 4.75, 16], "texture": "#0"},
				"east": {"uv": [6, 15, 7.5, 16], "texture": "#0"},
				"south": {"uv": [4.75, 15, 6, 16], "texture": "#0"},
				"west": {"uv": [6, 15, 7.5, 16], "texture": "#0"},
				"up": {"uv": [7.5, 14.5, 8.75, 16], "texture": "#0"}
			}
		},
		{
			"from": [13.02734, 4.27734, 7],
			"to": [15.02734, 5.77734, 9],
			"rotation": {"angle": 0, "axis": "z", "origin": [11.52734, 5.02734, 8]},
			"faces": {
				"north": {"uv": [12, 16, 12.75, 15], "rotation": 270, "texture": "#0"},
				"east": {"uv": [13.75, 15, 14.5, 16], "rotation": 90, "texture": "#0"},
				"south": {"uv": [12, 15, 12.75, 16], "rotation": 270, "texture": "#0"},
				"up": {"uv": [12.75, 16, 13.75, 15], "rotation": 90, "texture": "#0"},
				"down": {"uv": [12.75, 16, 13.75, 15], "rotation": 90, "texture": "#0"}
			}
		},
		{
			"from": [14.5675, 5.21555, 7.25],
			"to": [16.5675, 6.21555, 8.75],
			"rotation": {"angle": -22.5, "axis": "z", "origin": [13.0675, 5.71555, 8]},
			"faces": {
				"north": {"uv": [14.5, 16, 15, 15], "rotation": 90, "texture": "#0"},
				"east": {"uv": [15.5, 14.25, 16, 15], "rotation": 90, "texture": "#0"},
				"south": {"uv": [14.5, 15, 15, 16], "rotation": 90, "texture": "#0"},
				"up": {"uv": [15, 15, 15.75, 16], "rotation": 90, "texture": "#0"},
				"down": {"uv": [15, 15, 15.75, 16], "rotation": 90, "texture": "#0"}
			}
		},
		{
			"from": [16.25378, 5.51197, 7.5],
			"to": [18.25378, 6.01197, 8.5],
			"rotation": {"angle": -45, "axis": "z", "origin": [14.75378, 5.76197, 8]},
			"faces": {
				"north": {"uv": [15.75, 16, 16, 15], "rotation": 270, "texture": "#0"},
				"east": {"uv": [15, 14.25, 15.5, 14.5], "texture": "#0"},
				"south": {"uv": [15.75, 15, 16, 16], "rotation": 270, "texture": "#0"},
				"up": {"uv": [14.5, 14.5, 15.5, 15], "texture": "#0"},
				"down": {"uv": [14.5, 14.5, 15.5, 15], "texture": "#0"}
			}
		}
	],
	"display": {
		"thirdperson_righthand": {
			"rotation": [75, 45, 0],
			"translation": [0, 1.5, 1],
			"scale": [0.375, 0.375, 0.375]
		},
		"thirdperson_lefthand": {
			"rotation": [75, 45, 0],
			"translation": [0, 2, 1.5],
			"scale": [0.375, 0.375, 0.375]
		},
		"firstperson_righthand": {
			"rotation": [0, 45, 0],
			"scale": [0.4, 0.4, 0.4]
		},
		"firstperson_lefthand": {
			"rotation": [0, 225, 0],
			"scale": [0.4, 0.4, 0.4]
		},
		"ground": {
			"translation": [0, 3, 0],
			"scale": [0.25, 0.25, 0.25]
		},
		"gui": {
			"rotation": [30, 225, 0],
			"translation": [0, 3, 0],
			"scale": [0.625, 0.625, 0.625]
		},
		"head": {
			"rotation": [7.5, 0, 0],
			"translation": [0, 20.25, 2.2],
			"scale": [2.21, 2.21, 2.21]
		},
		"fixed": {
			"rotation": [-90, 0, 0],
			"translation": [0, 0, -28],
			"scale": [3.77, 3.77, 3.77]
		}
	},
	"groups": [
		0,
		1,
		2,
		3,
		4,
		5,
		6,
		7,
		8,
		9,
		10,
		11,
		{
			"name": "Green Cone",
			"origin": [8, 5.76197, 1.24622],
			"color": 0,
			"children": [12, 13, 14, 15, 16, 17]
		},
		{
			"name": "Orange Cone",
			"origin": [8, 2.38791, 10.57716],
			"color": 0,
			"children": [18, 19, 20, 21, 22, 23]
		},
		{
			"name": "Blue Cone",
			"origin": [14.75378, 5.76197, 8],
			"color": 0,
			"children": [24, 25, 26, 27, 28, 29]
		},
		{
			"name": "Red Cone",
			"origin": [17.33094, 5.76197, 5.42284],
			"color": 0,
			"children": [30, 31, 32, 33, 34, 35]
		}
	]
}