{
	"credit": "Made with Blockbench",
	"textures": {
		"0": "item/rei_eva_interface",
		"particle": "item/rei_eva_interface"
	},
	"elements": [
		{
			"from": [10, 1.44874, 5.95217],
			"to": [11, 4.44874, 8.95217],
			"rotation": {"angle": 0, "axis": "y", "origin": [11.5, 8.12374, 4.95217]},
			"faces": {
				"north": {"uv": [5.75, 6, 4.75, 9], "texture": "#0"},
				"east": {"uv": [3, 0, 0, 3], "texture": "#0"},
				"south": {"uv": [5.75, 6, 4.75, 9], "texture": "#0"},
				"west": {"uv": [0, 0, 3, 3], "texture": "#0"},
				"up": {"uv": [7, 6, 6, 9], "texture": "#0"},
				"down": {"uv": [7, 9, 6, 6], "texture": "#0"}
			}
		},
		{
			"from": [10, 1.449, 5.92717],
			"to": [11, 4.449, 8.92717],
			"rotation": {"angle": 0, "axis": "x", "origin": [10.5, 2.949, 7.45217]},
			"faces": {
				"north": {"uv": [8, 6, 10, 0], "rotation": 180, "texture": "#0"}
			}
		},
		{
			"from": [5, 1.449, 5.92717],
			"to": [6, 4.449, 8.92717],
			"rotation": {"angle": 0, "axis": "x", "origin": [5.5, 2.949, 7.45217]},
			"faces": {
				"north": {"uv": [10, 6, 8, 0], "rotation": 180, "texture": "#0"}
			}
		},
		{
			"from": [9.75, 0.19874, 6.95217],
			"to": [11.25, 3.19874, 9.95217],
			"rotation": {"angle": 0, "axis": "y", "origin": [11.5, 8.12374, 4.95217]},
			"faces": {
				"north": {"uv": [6, 6, 4.5, 9], "texture": "#0"},
				"east": {"uv": [3, 0, 0, 3], "texture": "#0"},
				"south": {"uv": [6, 6, 4.5, 9], "texture": "#0"},
				"west": {"uv": [0, 0, 3, 3], "texture": "#0"},
				"up": {"uv": [6, 6, 4.5, 9], "texture": "#0"},
				"down": {"uv": [6, 6, 4.5, 9], "texture": "#0"}
			}
		},
		{
			"from": [9.5, 0.94874, 6.45217],
			"to": [11.5, 3.94874, 9.45217],
			"rotation": {"angle": 0, "axis": "y", "origin": [11.5, 8.12374, 4.95217]},
			"faces": {
				"north": {"uv": [8, 0, 6, 3], "texture": "#0"},
				"east": {"uv": [6, 0, 3, 3], "texture": "#0"},
				"south": {"uv": [2, 6, 0, 9], "texture": "#0"},
				"west": {"uv": [3, 0, 6, 3], "texture": "#0"},
				"up": {"uv": [4, 6, 2, 9], "texture": "#0"},
				"down": {"uv": [4, 6, 2, 9], "texture": "#0"}
			}
		},
		{
			"from": [4.75, 0.19874, 6.95217],
			"to": [6.25, 3.19874, 9.95217],
			"rotation": {"angle": 0, "axis": "y", "origin": [4.5, 8.12374, 4.95217]},
			"faces": {
				"north": {"uv": [4.5, 6, 6, 9], "texture": "#0"},
				"east": {"uv": [3, 0, 0, 3], "texture": "#0"},
				"south": {"uv": [4.5, 6, 6, 9], "texture": "#0"},
				"west": {"uv": [0, 0, 3, 3], "texture": "#0"},
				"up": {"uv": [4.5, 6, 6, 9], "texture": "#0"},
				"down": {"uv": [4.5, 6, 6, 9], "texture": "#0"}
			}
		},
		{
			"from": [4.5, 0.94874, 6.45217],
			"to": [6.5, 3.94874, 9.45217],
			"rotation": {"angle": 0, "axis": "y", "origin": [4.5, 8.12374, 4.95217]},
			"faces": {
				"north": {"uv": [6, 0, 8, 3], "texture": "#0"},
				"east": {"uv": [6, 0, 3, 3], "texture": "#0"},
				"south": {"uv": [0, 6, 2, 9], "texture": "#0"},
				"west": {"uv": [3, 0, 6, 3], "texture": "#0"},
				"up": {"uv": [2, 6, 4, 9], "texture": "#0"},
				"down": {"uv": [2, 6, 4, 9], "texture": "#0"}
			}
		},
		{
			"from": [5, 1.44874, 5.95217],
			"to": [6, 4.44874, 8.95217],
			"rotation": {"angle": 0, "axis": "y", "origin": [4.5, 8.12374, 4.95217]},
			"faces": {
				"north": {"uv": [4.75, 6, 5.75, 9], "texture": "#0"},
				"east": {"uv": [3, 0, 0, 3], "texture": "#0"},
				"south": {"uv": [4.75, 6, 5.75, 9], "texture": "#0"},
				"west": {"uv": [0, 0, 3, 3], "texture": "#0"},
				"up": {"uv": [6, 6, 7, 9], "texture": "#0"},
				"down": {"uv": [6, 9, 7, 6], "texture": "#0"}
			}
		},
		{
			"from": [6.5, 1, 7.45],
			"to": [9.5, 1.25, 7.7],
			"rotation": {"angle": 0, "axis": "y", "origin": [0, 0, 16]},
			"faces": {
				"north": {"uv": [3, 0, 6, 0.25], "texture": "#0"},
				"east": {"uv": [0.25, 0, 0.5, 0.25], "texture": "#missing"},
				"south": {"uv": [3, 0, 6, 0.25], "texture": "#0"},
				"west": {"uv": [0.25, 0, 0.5, 0.25], "texture": "#missing"},
				"up": {"uv": [0, 0.25, 3, 0.5], "texture": "#0"},
				"down": {"uv": [0, 0.25, 3, 0.5], "texture": "#0"}
			}
		}
	],
	"display": {
		"thirdperson_righthand": {
			"rotation": [75, 45, 0],
			"translation": [0, 1.75, 1.75],
			"scale": [0.375, 0.375, 0.375]
		},
		"thirdperson_lefthand": {
			"rotation": [75, 45, 0],
			"translation": [0, 1.75, 1.75],
			"scale": [0.375, 0.375, 0.375]
		},
		"firstperson_righthand": {
			"rotation": [0, 45, 0],
			"scale": [0.4, 0.4, 0.4]
		},
		"firstperson_lefthand": {
			"rotation": [0, 45, 0],
			"scale": [0.4, 0.4, 0.4]
		},
		"ground": {
			"translation": [0, 3, 0],
			"scale": [0.25, 0.25, 0.25]
		},
		"gui": {
			"rotation": [30, 225, 0],
			"translation": [0, 2, 0],
			"scale": [0.625, 0.625, 0.625]
		},
		"head": {
			"translation": [0, 16.9, 0],
			"scale": [1.81, 1.81, 1.81]
		},
		"fixed": {
			"rotation": [-90, 0, 0],
			"translation": [0, -5.75, -17],
			"scale": [2, 2, 2]
		}
	}
}