{
	"credit": "Made with Blockbench",
	"texture_size": [32, 32],
	"textures": {
		"1": "item/chao_emotes"
	},
	"elements": [
		{
			"from": [3, 7.5, 7.5],
			"to": [3.5, 8, 8.5],
			"rotation": {"angle": 0, "axis": "y", "origin": [8.5, -1, 7]},
			"faces": {
				"north": {"uv": [3.75, 0, 4, 0.25], "texture": "#1", "tintindex": 0},
				"east": {"uv": [3.5, 0, 4, 4], "texture": "#1", "tintindex": 0},
				"south": {"uv": [3.75, 0, 4, 0.25], "texture": "#1", "tintindex": 0},
				"west": {"uv": [3.25, 0, 3.75, 0.25], "texture": "#1", "tintindex": 0},
				"up": {"uv": [3.25, 0, 3.75, 0.25], "rotation": 90, "texture": "#1", "tintindex": 0},
				"down": {"uv": [9.5, 5.5, 9, 6], "texture": "#1", "tintindex": 0}
			}
		},
		{
			"from": [5.5, 8.5, 7.5],
			"to": [6, 9, 8.5],
			"rotation": {"angle": 0, "axis": "y", "origin": [8.5, -1, 7]},
			"faces": {
				"north": {"uv": [3.75, 0, 4, 0.25], "texture": "#1", "tintindex": 0},
				"east": {"uv": [3.25, 0, 3.75, 0.25], "texture": "#1", "tintindex": 0},
				"south": {"uv": [3.75, 0, 4, 0.25], "texture": "#1", "tintindex": 0},
				"west": {"uv": [3.25, 0, 3.75, 0.25], "texture": "#1", "tintindex": 0},
				"up": {"uv": [3.25, 0, 3.75, 0.25], "rotation": 90, "texture": "#1", "tintindex": 0},
				"down": {"uv": [9.5, 5.5, 9, 6], "texture": "#1", "tintindex": 0}
			}
		},
		{
			"from": [6.5, 0.5, 7.5],
			"to": [7.5, 8, 8.5],
			"rotation": {"angle": 0, "axis": "y", "origin": [7.5, -1, 7]},
			"faces": {
				"north": {"uv": [3.5, 0.25, 3, 4], "texture": "#1", "tintindex": 0},
				"east": {"uv": [5, 0, 4.5, 4], "texture": "#1", "tintindex": 0},
				"south": {"uv": [3, 0.25, 3.5, 4], "texture": "#1", "tintindex": 0},
				"west": {"uv": [4, 0, 3.5, 4], "texture": "#1", "tintindex": 0},
				"up": {"uv": [6.5, 8.5, 7, 8], "texture": "#1", "tintindex": 0},
				"down": {"uv": [9, 5.5, 9.5, 6], "texture": "#1", "tintindex": 0}
			}
		},
		{
			"from": [6.5, 8, 7.5],
			"to": [7, 8.5, 8.5],
			"rotation": {"angle": 0, "axis": "y", "origin": [7.5, -1, 7]},
			"faces": {
				"north": {"uv": [3.25, 0, 3, 0.25], "texture": "#1", "tintindex": 0},
				"east": {"uv": [3, 0, 2.5, 0.25], "texture": "#1", "tintindex": 0},
				"south": {"uv": [3.25, 0, 3, 0.25], "texture": "#1", "tintindex": 0},
				"west": {"uv": [4, 0, 3.5, 4], "texture": "#1", "tintindex": 0},
				"up": {"uv": [2.5, 0.25, 3, 0], "rotation": 90, "texture": "#1", "tintindex": 0},
				"down": {"uv": [9, 5.5, 9.5, 6], "texture": "#1", "tintindex": 0}
			}
		},
		{
			"from": [7, 0, 7.5],
			"to": [7.5, 0.5, 8.5],
			"rotation": {"angle": 0, "axis": "y", "origin": [8.5, 17, 7]},
			"faces": {
				"north": {"uv": [3, 0.25, 3.25, 0], "texture": "#1", "tintindex": 0},
				"east": {"uv": [3.5, 4, 4, 0], "texture": "#1", "tintindex": 0},
				"south": {"uv": [3, 0.25, 3.25, 0], "texture": "#1", "tintindex": 0},
				"west": {"uv": [2.5, 0.25, 3, 0], "texture": "#1", "tintindex": 0},
				"up": {"uv": [9.5, 6, 9, 5.5], "texture": "#1", "tintindex": 0},
				"down": {"uv": [3, 0, 2.5, 0.25], "rotation": 90, "texture": "#1", "tintindex": 0}
			}
		},
		{
			"from": [6, 0.5, 7.5],
			"to": [6.5, 1, 8.5],
			"rotation": {"angle": 0, "axis": "y", "origin": [8.5, 17, 7]},
			"faces": {
				"north": {"uv": [3, 0.25, 3.25, 0], "texture": "#1", "tintindex": 0},
				"east": {"uv": [3.5, 4, 4, 0], "texture": "#1", "tintindex": 0},
				"south": {"uv": [3, 0.25, 3.25, 0], "texture": "#1", "tintindex": 0},
				"west": {"uv": [2.5, 0.25, 3, 0], "texture": "#1", "tintindex": 0},
				"up": {"uv": [9.5, 6, 9, 5.5], "texture": "#1", "tintindex": 0},
				"down": {"uv": [3, 0, 2.5, 0.25], "rotation": 90, "texture": "#1", "tintindex": 0}
			}
		},
		{
			"from": [4, 2, 7.5],
			"to": [4.5, 2.5, 8.5],
			"rotation": {"angle": 0, "axis": "y", "origin": [8.5, 17, 7]},
			"faces": {
				"north": {"uv": [3, 0.25, 3.25, 0], "texture": "#1", "tintindex": 0},
				"east": {"uv": [3.5, 4, 4, 0], "texture": "#1", "tintindex": 0},
				"south": {"uv": [3, 0.25, 3.25, 0], "texture": "#1", "tintindex": 0},
				"west": {"uv": [2.5, 0.25, 3, 0], "texture": "#1", "tintindex": 0},
				"up": {"uv": [9.5, 6, 9, 5.5], "texture": "#1", "tintindex": 0},
				"down": {"uv": [3, 0, 2.5, 0.25], "rotation": 90, "texture": "#1", "tintindex": 0}
			}
		},
		{
			"from": [3, 3, 7.5],
			"to": [3.5, 3.5, 8.5],
			"rotation": {"angle": 0, "axis": "y", "origin": [8.5, 17, 7]},
			"faces": {
				"north": {"uv": [3, 0.25, 3.25, 0], "texture": "#1", "tintindex": 0},
				"east": {"uv": [3.5, 4, 4, 0], "texture": "#1", "tintindex": 0},
				"south": {"uv": [3, 0.25, 3.25, 0], "texture": "#1", "tintindex": 0},
				"west": {"uv": [2.5, 0.25, 3, 0], "texture": "#1", "tintindex": 0},
				"up": {"uv": [9.5, 6, 9, 5.5], "texture": "#1", "tintindex": 0},
				"down": {"uv": [3, 0, 2.5, 0.25], "rotation": 90, "texture": "#1", "tintindex": 0}
			}
		},
		{
			"from": [5, 1, 7.5],
			"to": [5.5, 1.5, 8.5],
			"rotation": {"angle": 0, "axis": "y", "origin": [8.5, 17, 7]},
			"faces": {
				"north": {"uv": [3, 0.25, 3.25, 0], "texture": "#1", "tintindex": 0},
				"east": {"uv": [3.5, 4, 4, 0], "texture": "#1", "tintindex": 0},
				"south": {"uv": [3, 0.25, 3.25, 0], "texture": "#1", "tintindex": 0},
				"west": {"uv": [2.5, 0.25, 3, 0], "texture": "#1", "tintindex": 0},
				"up": {"uv": [9.5, 6, 9, 5.5], "texture": "#1", "tintindex": 0},
				"down": {"uv": [3, 0, 2.5, 0.25], "rotation": 90, "texture": "#1", "tintindex": 0}
			}
		},
		{
			"from": [5.5, 1, 7.5],
			"to": [6.5, 8.5, 8.5],
			"rotation": {"angle": 0, "axis": "y", "origin": [7.5, -1, 7]},
			"faces": {
				"north": {"uv": [1.5, 0.25, 1, 4], "texture": "#1", "tintindex": 0},
				"east": {"uv": [3, 0, 2.5, 4], "texture": "#1", "tintindex": 0},
				"south": {"uv": [1, 0.25, 1.5, 4], "texture": "#1", "tintindex": 0},
				"west": {"uv": [2, 0, 1.5, 4], "texture": "#1", "tintindex": 0},
				"up": {"uv": [6, 8.5, 6.5, 8], "texture": "#1", "tintindex": 0},
				"down": {"uv": [9, 5, 9.5, 5.5], "texture": "#1", "tintindex": 0}
			}
		},
		{
			"from": [4.5, 1.5, 7.5],
			"to": [5.5, 9, 8.5],
			"rotation": {"angle": 0, "axis": "y", "origin": [7.5, -1, 7]},
			"faces": {
				"north": {"uv": [6.5, 0, 6, 3.75], "texture": "#1", "tintindex": 0},
				"east": {"uv": [6.5, 4, 6, 7.75], "texture": "#1", "tintindex": 0},
				"south": {"uv": [6, 0, 6.5, 3.75], "texture": "#1", "tintindex": 0},
				"west": {"uv": [6.5, 4, 6, 7.75], "texture": "#1", "tintindex": 0},
				"up": {"uv": [7, 8.5, 7.5, 8], "texture": "#1", "tintindex": 0},
				"down": {"uv": [9, 6, 9.5, 6.5], "texture": "#1", "tintindex": 0}
			}
		},
		{
			"from": [3.5, 2.5, 7.5],
			"to": [4.5, 8.5, 8.5],
			"rotation": {"angle": 0, "axis": "y", "origin": [7.5, -1, 7]},
			"faces": {
				"north": {"uv": [8.5, 0, 8, 3], "texture": "#1", "tintindex": 0},
				"east": {"uv": [9, 0, 8.5, 3], "texture": "#1", "tintindex": 0},
				"south": {"uv": [8, 0, 8.5, 3], "texture": "#1", "tintindex": 0},
				"west": {"uv": [8.5, 3, 8, 6], "texture": "#1", "tintindex": 0},
				"up": {"uv": [7.5, 8.5, 8, 8], "texture": "#1", "tintindex": 0},
				"down": {"uv": [9, 6.5, 9.5, 7], "texture": "#1", "tintindex": 0}
			}
		},
		{
			"from": [12.5, 4, 7.5],
			"to": [13.5, 7, 8.5],
			"rotation": {"angle": 0, "axis": "y", "origin": [8.5, -1, 7]},
			"faces": {
				"north": {"uv": [1.5, 8.25, 2, 9.75], "texture": "#1", "tintindex": 0},
				"east": {"uv": [2, 8, 2.5, 10], "texture": "#1", "tintindex": 0},
				"south": {"uv": [2, 8.25, 1.5, 9.75], "texture": "#1", "tintindex": 0},
				"west": {"uv": [3, 8, 3.5, 10], "texture": "#1", "tintindex": 0},
				"up": {"uv": [9.5, 7.5, 9, 7], "texture": "#1", "tintindex": 0},
				"down": {"uv": [9.5, 7.5, 9, 8], "texture": "#1", "tintindex": 0}
			}
		},
		{
			"from": [11.5, 2.5, 7.5],
			"to": [12.5, 8.5, 8.5],
			"rotation": {"angle": 0, "axis": "y", "origin": [8.5, -1, 7]},
			"faces": {
				"north": {"uv": [8, 0, 8.5, 3], "texture": "#1", "tintindex": 0},
				"east": {"uv": [8, 3, 8.5, 6], "texture": "#1", "tintindex": 0},
				"south": {"uv": [8.5, 0, 8, 3], "texture": "#1", "tintindex": 0},
				"west": {"uv": [8.5, 0, 9, 3], "texture": "#1", "tintindex": 0},
				"up": {"uv": [8, 8.5, 7.5, 8], "texture": "#1", "tintindex": 0},
				"down": {"uv": [9.5, 6.5, 9, 7], "texture": "#1", "tintindex": 0}
			}
		},
		{
			"from": [10.5, 1.5, 7.5],
			"to": [11.5, 9, 8.5],
			"rotation": {"angle": 0, "axis": "y", "origin": [8.5, -1, 7]},
			"faces": {
				"north": {"uv": [6, 0, 6.5, 3.75], "texture": "#1", "tintindex": 0},
				"east": {"uv": [6, 4, 6.5, 7.75], "texture": "#1", "tintindex": 0},
				"south": {"uv": [6.5, 0, 6, 3.75], "texture": "#1", "tintindex": 0},
				"west": {"uv": [6, 4, 6.5, 7.75], "texture": "#1", "tintindex": 0},
				"up": {"uv": [7.5, 8.5, 7, 8], "texture": "#1", "tintindex": 0},
				"down": {"uv": [9.5, 6, 9, 6.5], "texture": "#1", "tintindex": 0}
			}
		},
		{
			"from": [9.5, 1, 7.5],
			"to": [10.5, 8.5, 8.5],
			"rotation": {"angle": 0, "axis": "y", "origin": [8.5, -1, 7]},
			"faces": {
				"north": {"uv": [1, 0.25, 1.5, 4], "texture": "#1", "tintindex": 0},
				"east": {"uv": [1.5, 0, 2, 4], "texture": "#1", "tintindex": 0},
				"south": {"uv": [1.5, 0.25, 1, 4], "texture": "#1", "tintindex": 0},
				"west": {"uv": [2.5, 0, 3, 4], "texture": "#1", "tintindex": 0},
				"up": {"uv": [6.5, 8.5, 6, 8], "texture": "#1", "tintindex": 0},
				"down": {"uv": [9.5, 5, 9, 5.5], "texture": "#1", "tintindex": 0}
			}
		},
		{
			"from": [9, 8, 7.5],
			"to": [9.5, 8.5, 8.5],
			"rotation": {"angle": 0, "axis": "y", "origin": [8.5, -1, 7]},
			"faces": {
				"north": {"uv": [3, 0, 3.25, 0.25], "texture": "#1", "tintindex": 0},
				"east": {"uv": [3.5, 0, 4, 4], "texture": "#1", "tintindex": 0},
				"south": {"uv": [3, 0, 3.25, 0.25], "texture": "#1", "tintindex": 0},
				"west": {"uv": [2.5, 0, 3, 0.25], "texture": "#1", "tintindex": 0},
				"up": {"uv": [2.5, 0, 3, 0.25], "rotation": 90, "texture": "#1", "tintindex": 0},
				"down": {"uv": [9.5, 5.5, 9, 6], "texture": "#1", "tintindex": 0}
			}
		},
		{
			"from": [8.5, 0.5, 7.5],
			"to": [9.5, 8, 8.5],
			"rotation": {"angle": 0, "axis": "y", "origin": [8.5, -1, 7]},
			"faces": {
				"north": {"uv": [3, 0.25, 3.5, 4], "texture": "#1", "tintindex": 0},
				"east": {"uv": [3.5, 0, 4, 4], "texture": "#1", "tintindex": 0},
				"south": {"uv": [3.5, 0.25, 3, 4], "texture": "#1", "tintindex": 0},
				"west": {"uv": [4.5, 0, 5, 4], "texture": "#1", "tintindex": 0},
				"up": {"uv": [7, 8.5, 6.5, 8], "texture": "#1", "tintindex": 0},
				"down": {"uv": [9.5, 5.5, 9, 6], "texture": "#1", "tintindex": 0}
			}
		},
		{
			"from": [12.5, 7.5, 7.5],
			"to": [13, 8, 8.5],
			"rotation": {"angle": 0, "axis": "y", "origin": [7.5, -1, 7]},
			"faces": {
				"north": {"uv": [4, 0, 3.75, 0.25], "texture": "#1", "tintindex": 0},
				"east": {"uv": [3.75, 0, 3.25, 0.25], "texture": "#1", "tintindex": 0},
				"south": {"uv": [4, 0, 3.75, 0.25], "texture": "#1", "tintindex": 0},
				"west": {"uv": [4, 0, 3.5, 4], "texture": "#1", "tintindex": 0},
				"up": {"uv": [3.25, 0.25, 3.75, 0], "rotation": 90, "texture": "#1", "tintindex": 0},
				"down": {"uv": [9, 5.5, 9.5, 6], "texture": "#1", "tintindex": 0}
			}
		},
		{
			"from": [10, 8.5, 7.5],
			"to": [10.5, 9, 8.5],
			"rotation": {"angle": 0, "axis": "y", "origin": [7.5, -1, 7]},
			"faces": {
				"north": {"uv": [4, 0, 3.75, 0.25], "texture": "#1", "tintindex": 0},
				"east": {"uv": [3.75, 0, 3.25, 0.25], "texture": "#1", "tintindex": 0},
				"south": {"uv": [4, 0, 3.75, 0.25], "texture": "#1", "tintindex": 0},
				"west": {"uv": [3.75, 0, 3.25, 0.25], "texture": "#1", "tintindex": 0},
				"up": {"uv": [3.25, 0.25, 3.75, 0], "rotation": 90, "texture": "#1", "tintindex": 0},
				"down": {"uv": [9, 5.5, 9.5, 6], "texture": "#1", "tintindex": 0}
			}
		},
		{
			"from": [8.5, 0, 7.5],
			"to": [9, 0.5, 8.5],
			"rotation": {"angle": 0, "axis": "y", "origin": [7.5, 17, 7]},
			"faces": {
				"north": {"uv": [3.25, 0.25, 3, 0], "texture": "#1", "tintindex": 0},
				"east": {"uv": [3, 0.25, 2.5, 0], "texture": "#1", "tintindex": 0},
				"south": {"uv": [3.25, 0.25, 3, 0], "texture": "#1", "tintindex": 0},
				"west": {"uv": [4, 4, 3.5, 0], "texture": "#1", "tintindex": 0},
				"up": {"uv": [9, 6, 9.5, 5.5], "texture": "#1", "tintindex": 0},
				"down": {"uv": [3, 0.25, 2.5, 0], "rotation": 90, "texture": "#1", "tintindex": 0}
			}
		},
		{
			"from": [9.5, 0.5, 7.5],
			"to": [10, 1, 8.5],
			"rotation": {"angle": 0, "axis": "y", "origin": [7.5, 17, 7]},
			"faces": {
				"north": {"uv": [3.25, 0.25, 3, 0], "texture": "#1", "tintindex": 0},
				"east": {"uv": [3, 0.25, 2.5, 0], "texture": "#1", "tintindex": 0},
				"south": {"uv": [3.25, 0.25, 3, 0], "texture": "#1", "tintindex": 0},
				"west": {"uv": [4, 4, 3.5, 0], "texture": "#1", "tintindex": 0},
				"up": {"uv": [9, 6, 9.5, 5.5], "texture": "#1", "tintindex": 0},
				"down": {"uv": [3, 0.25, 2.5, 0], "rotation": 90, "texture": "#1", "tintindex": 0}
			}
		},
		{
			"from": [10.5, 1, 7.5],
			"to": [11, 1.5, 8.5],
			"rotation": {"angle": 0, "axis": "y", "origin": [7.5, 17, 7]},
			"faces": {
				"north": {"uv": [3.25, 0.25, 3, 0], "texture": "#1", "tintindex": 0},
				"east": {"uv": [3, 0.25, 2.5, 0], "texture": "#1", "tintindex": 0},
				"south": {"uv": [3.25, 0.25, 3, 0], "texture": "#1", "tintindex": 0},
				"west": {"uv": [4, 4, 3.5, 0], "texture": "#1", "tintindex": 0},
				"up": {"uv": [9, 6, 9.5, 5.5], "texture": "#1", "tintindex": 0},
				"down": {"uv": [3, 0.25, 2.5, 0], "rotation": 90, "texture": "#1", "tintindex": 0}
			}
		},
		{
			"from": [11.5, 2, 7.5],
			"to": [12, 2.5, 8.5],
			"rotation": {"angle": 0, "axis": "y", "origin": [7.5, 17, 7]},
			"faces": {
				"north": {"uv": [3.25, 0.25, 3, 0], "texture": "#1", "tintindex": 0},
				"east": {"uv": [3, 0.25, 2.5, 0], "texture": "#1", "tintindex": 0},
				"south": {"uv": [3.25, 0.25, 3, 0], "texture": "#1", "tintindex": 0},
				"west": {"uv": [4, 4, 3.5, 0], "texture": "#1", "tintindex": 0},
				"up": {"uv": [9, 6, 9.5, 5.5], "texture": "#1", "tintindex": 0},
				"down": {"uv": [3, 0.25, 2.5, 0], "rotation": 90, "texture": "#1", "tintindex": 0}
			}
		},
		{
			"from": [12.5, 3, 7.5],
			"to": [13, 3.5, 8.5],
			"rotation": {"angle": 0, "axis": "y", "origin": [7.5, 17, 7]},
			"faces": {
				"north": {"uv": [3.25, 0.25, 3, 0], "texture": "#1", "tintindex": 0},
				"east": {"uv": [3, 0.25, 2.5, 0], "texture": "#1", "tintindex": 0},
				"south": {"uv": [3.25, 0.25, 3, 0], "texture": "#1", "tintindex": 0},
				"west": {"uv": [4, 4, 3.5, 0], "texture": "#1", "tintindex": 0},
				"up": {"uv": [9, 6, 9.5, 5.5], "texture": "#1", "tintindex": 0},
				"down": {"uv": [3, 0.25, 2.5, 0], "rotation": 90, "texture": "#1", "tintindex": 0}
			}
		},
		{
			"from": [12.5, 3.5, 7.5],
			"to": [13, 4, 8.5],
			"rotation": {"angle": 0, "axis": "y", "origin": [7.5, 17, 7]},
			"faces": {
				"north": {"uv": [3.25, 0.25, 3, 0], "texture": "#1", "tintindex": 0},
				"east": {"uv": [3, 0.25, 2.5, 0], "texture": "#1", "tintindex": 0},
				"south": {"uv": [3.25, 0.25, 3, 0], "texture": "#1", "tintindex": 0},
				"west": {"uv": [4, 4, 3.5, 0], "texture": "#1", "tintindex": 0},
				"up": {"uv": [9, 6, 9.5, 5.5], "texture": "#1", "tintindex": 0},
				"down": {"uv": [3, 0.25, 2.5, 0], "rotation": 90, "texture": "#1", "tintindex": 0}
			}
		},
		{
			"from": [12.5, 7, 7.5],
			"to": [13, 7.5, 8.5],
			"rotation": {"angle": 0, "axis": "y", "origin": [7.5, -1, 7]},
			"faces": {
				"north": {"uv": [3.25, 0, 3, 0.25], "texture": "#1", "tintindex": 0},
				"east": {"uv": [3, 0, 2.5, 0.25], "texture": "#1", "tintindex": 0},
				"south": {"uv": [3.25, 0, 3, 0.25], "texture": "#1", "tintindex": 0},
				"west": {"uv": [4, 0, 3.5, 4], "texture": "#1", "tintindex": 0},
				"up": {"uv": [2.5, 0.25, 3, 0], "rotation": 90, "texture": "#1", "tintindex": 0},
				"down": {"uv": [9, 5.5, 9.5, 6], "texture": "#1", "tintindex": 0}
			}
		},
		{
			"from": [2.5, 4, 7.5],
			"to": [3.5, 7, 8.5],
			"rotation": {"angle": 0, "axis": "y", "origin": [7.5, -1, 7]},
			"faces": {
				"north": {"uv": [2, 8.25, 1.5, 9.75], "texture": "#1", "tintindex": 0},
				"east": {"uv": [3.5, 8, 3, 10], "texture": "#1", "tintindex": 0},
				"south": {"uv": [1.5, 8.25, 2, 9.75], "texture": "#1", "tintindex": 0},
				"west": {"uv": [2.5, 8, 2, 10], "texture": "#1", "tintindex": 0},
				"up": {"uv": [9, 7.5, 9.5, 7], "texture": "#1", "tintindex": 0},
				"down": {"uv": [9, 7.5, 9.5, 8], "texture": "#1", "tintindex": 0}
			}
		},
		{
			"from": [3, 7, 7.5],
			"to": [3.5, 7.5, 8.5],
			"rotation": {"angle": 0, "axis": "y", "origin": [8.5, -1, 7]},
			"faces": {
				"north": {"uv": [3, 0, 3.25, 0.25], "texture": "#1", "tintindex": 0},
				"east": {"uv": [3.5, 0, 4, 4], "texture": "#1", "tintindex": 0},
				"south": {"uv": [3, 0, 3.25, 0.25], "texture": "#1", "tintindex": 0},
				"west": {"uv": [2.5, 0, 3, 0.25], "texture": "#1", "tintindex": 0},
				"up": {"uv": [2.5, 0, 3, 0.25], "rotation": 90, "texture": "#1", "tintindex": 0},
				"down": {"uv": [9.5, 5.5, 9, 6], "texture": "#1", "tintindex": 0}
			}
		},
		{
			"from": [3, 3.5, 7.5],
			"to": [3.5, 4, 8.5],
			"rotation": {"angle": 0, "axis": "y", "origin": [8.5, 17, 7]},
			"faces": {
				"north": {"uv": [3, 0.25, 3.25, 0], "texture": "#1", "tintindex": 0},
				"east": {"uv": [3.5, 4, 4, 0], "texture": "#1", "tintindex": 0},
				"south": {"uv": [3, 0.25, 3.25, 0], "texture": "#1", "tintindex": 0},
				"west": {"uv": [2.5, 0.25, 3, 0], "texture": "#1", "tintindex": 0},
				"up": {"uv": [9.5, 6, 9, 5.5], "texture": "#1", "tintindex": 0},
				"down": {"uv": [3, 0, 2.5, 0.25], "rotation": 90, "texture": "#1", "tintindex": 0}
			}
		},
		{
			"from": [7.5, 0, 7.5],
			"to": [8.5, 7.5, 8.5],
			"rotation": {"angle": 0, "axis": "y", "origin": [9.5, -1, 7]},
			"faces": {
				"north": {"uv": [5, 4, 4.5, 7.75], "texture": "#1", "tintindex": 0},
				"east": {"uv": [6, 4, 5.5, 7.75], "texture": "#1", "tintindex": 0},
				"south": {"uv": [5, 4, 4.5, 7.75], "texture": "#1", "tintindex": 0},
				"west": {"uv": [5.5, 4, 5, 7.75], "texture": "#1", "tintindex": 0},
				"up": {"uv": [5, 8.5, 5.5, 8], "texture": "#1", "tintindex": 0},
				"down": {"uv": [5.5, 8, 6, 8.5], "texture": "#1", "tintindex": 0}
			}
		}
	],
	"display": {
		"thirdperson_righthand": {
			"rotation": [75, 45, 0],
			"translation": [0, 1.25, 0],
			"scale": [0.375, 0.375, 0.375]
		},
		"thirdperson_lefthand": {
			"rotation": [75, 45, 0],
			"translation": [0, 1.25, 0],
			"scale": [0.375, 0.375, 0.375]
		},
		"firstperson_righthand": {
			"rotation": [0, 45, 0],
			"scale": [0.4, 0.4, 0.4]
		},
		"firstperson_lefthand": {
			"rotation": [0, 45, 0],
			"scale": [0.4, 0.4, 0.4]
		},
		"ground": {
			"translation": [0, 3, 0],
			"scale": [0.25, 0.25, 0.25]
		},
		"gui": {
			"rotation": [30, 225, 0],
			"translation": [0, 1, 0],
			"scale": [0.625, 0.625, 0.625]
		},
		"head": {
			"translation": [-0.25, 22, 0],
			"scale": [1.4, 1.4, 1.4]
		},
		"fixed": {
			"rotation": [-90, 0, 0],
			"translation": [0, 0, -22],
			"scale": [2.01, 2.01, 2.01]
		}
	}
}