{
	"credit": "Made with Blockbench",
	"texture_size": [32, 32],
	"textures": {
		"1": "item/antlers",
		"particle": "item/antlers"
	},
	"elements": [
		{
			"from": [12.3092, 1.59663, 7.7],
			"to": [13.3092, 4.59663, 8.7],
			"rotation": {"angle": -22.5, "axis": "z", "origin": [13.8092, 2.84663, 8.2]},
			"faces": {
				"north": {"uv": [2, 0, 3, 3], "texture": "#1"},
				"east": {"uv": [3, 0, 2, 3], "texture": "#1"},
				"south": {"uv": [2, 0, 3, 3], "texture": "#1"},
				"west": {"uv": [2, 0, 3, 3], "texture": "#1"},
				"up": {"uv": [4, 1, 3, 0], "texture": "#1"},
				"down": {"uv": [3, 0, 2, 1], "texture": "#1"}
			}
		},
		{
			"from": [15.401, 1.8379, 7.7],
			"to": [16.401, 3.8379, 8.7],
			"rotation": {"angle": -45, "axis": "z", "origin": [15.151, 3.9379, 8.2]},
			"faces": {
				"north": {"uv": [3, 1, 4, 3], "texture": "#1"},
				"east": {"uv": [7, 1, 6, 3], "texture": "#1"},
				"south": {"uv": [5, 1, 6, 3], "texture": "#1"},
				"west": {"uv": [5, 1, 4, 3], "texture": "#1"},
				"up": {"uv": [3, 4, 4, 3], "rotation": 90, "texture": "#1"}
			}
		},
		{
			"from": [-0.401, 1.8379, 7.7],
			"to": [0.599, 3.8379, 8.7],
			"rotation": {"angle": 45, "axis": "z", "origin": [0.849, 3.9379, 8.2]},
			"faces": {
				"north": {"uv": [4, 1, 3, 3], "texture": "#1"},
				"east": {"uv": [4, 1, 5, 3], "texture": "#1"},
				"south": {"uv": [6, 1, 5, 3], "texture": "#1"},
				"west": {"uv": [6, 1, 7, 3], "texture": "#1"},
				"up": {"uv": [3, 3, 4, 4], "rotation": 90, "texture": "#1"}
			}
		},
		{
			"from": [2.6908, 1.59663, 7.7],
			"to": [3.6908, 4.59663, 8.7],
			"rotation": {"angle": 22.5, "axis": "z", "origin": [2.1908, 2.84663, 8.2]},
			"faces": {
				"north": {"uv": [3, 0, 2, 3], "texture": "#1"},
				"east": {"uv": [3, 0, 2, 3], "texture": "#1"},
				"south": {"uv": [3, 0, 2, 3], "texture": "#1"},
				"west": {"uv": [2, 0, 3, 3], "texture": "#1"},
				"up": {"uv": [3, 1, 4, 0], "texture": "#1"},
				"down": {"uv": [2, 0, 3, 1], "texture": "#1"}
			}
		},
		{
			"from": [11, 0.5, 8.14137],
			"to": [15, 1.5, 9.14137],
			"rotation": {"angle": -45, "axis": "x", "origin": [10.5, 1, 7.14137]},
			"faces": {
				"north": {"uv": [2, 4, 3, 8], "rotation": 270, "texture": "#1"},
				"east": {"uv": [4, 5, 3, 4], "texture": "#1"},
				"south": {"uv": [2, 8, 1, 4], "rotation": 270, "texture": "#1"},
				"up": {"uv": [1, 8, 2, 4], "rotation": 270, "texture": "#1"},
				"down": {"uv": [2, 8, 3, 4], "rotation": 270, "texture": "#1"}
			}
		},
		{
			"from": [10, -1.82986, 8.64484],
			"to": [11, 2.17014, 9.64484],
			"rotation": {"angle": 45, "axis": "x", "origin": [12.5, 3.00347, 9.14484]},
			"faces": {
				"north": {"uv": [0, 4, 1, 8], "texture": "#1"},
				"east": {"uv": [1, 4, 0, 8], "texture": "#1"},
				"south": {"uv": [0, 4, 1, 8], "texture": "#1"},
				"west": {"uv": [0, 4, 1, 8], "texture": "#1"},
				"up": {"uv": [1, 9, 0, 8], "texture": "#1"},
				"down": {"uv": [1, 8.5, 0, 8], "texture": "#1"}
			}
		},
		{
			"from": [6, -1.82986, 8.64484],
			"to": [10, -0.82986, 9.64484],
			"rotation": {"angle": 45, "axis": "x", "origin": [12.5, 3.00347, 9.14484]},
			"faces": {
				"north": {"uv": [4, 3, 5, 7], "rotation": 90, "texture": "#1"},
				"south": {"uv": [5, 3, 4, 7], "rotation": 90, "texture": "#1"},
				"up": {"uv": [4, 3, 5, 7], "rotation": 90, "texture": "#1"},
				"down": {"uv": [4, 3, 5, 7], "rotation": 90, "texture": "#1"}
			}
		},
		{
			"from": [10.001, 2.17014, 7.7],
			"to": [11.001, 6.17014, 8.7],
			"rotation": {"angle": 0, "axis": "x", "origin": [12.5, 3.00347, 8.89484]},
			"faces": {
				"north": {"uv": [0, 0, 1, 4], "texture": "#1"},
				"east": {"uv": [1, 0, 0, 4], "texture": "#1"},
				"south": {"uv": [0, 0, 1, 4], "texture": "#1"},
				"west": {"uv": [1, 0, 0, 4], "texture": "#1"},
				"up": {"uv": [2, 1, 1, 0], "texture": "#1"},
				"down": {"uv": [0, 0, 0, 0], "texture": "#1"}
			}
		},
		{
			"from": [1, 0.5, 8.14137],
			"to": [5, 1.5, 9.14137],
			"rotation": {"angle": -45, "axis": "x", "origin": [5.5, 1, 7.14137]},
			"faces": {
				"north": {"uv": [2, 8, 3, 4], "rotation": 270, "texture": "#1"},
				"south": {"uv": [2, 4, 1, 8], "rotation": 270, "texture": "#1"},
				"west": {"uv": [3, 5, 4, 4], "texture": "#1"},
				"up": {"uv": [1, 4, 2, 8], "rotation": 270, "texture": "#1"},
				"down": {"uv": [2, 4, 3, 8], "rotation": 270, "texture": "#1"}
			}
		},
		{
			"from": [5, -1.82986, 8.64484],
			"to": [6, 2.17014, 9.64484],
			"rotation": {"angle": 45, "axis": "x", "origin": [3.5, 3.00347, 9.14484]},
			"faces": {
				"north": {"uv": [1, 4, 0, 8], "texture": "#1"},
				"east": {"uv": [1, 4, 0, 8], "texture": "#1"},
				"south": {"uv": [1, 4, 0, 8], "texture": "#1"},
				"west": {"uv": [0, 4, 1, 8], "texture": "#1"},
				"up": {"uv": [0, 9, 1, 8], "texture": "#1"},
				"down": {"uv": [1, 8.5, 0, 8], "texture": "#1"}
			}
		},
		{
			"from": [4.999, 2.17014, 7.7],
			"to": [5.999, 6.17014, 8.7],
			"rotation": {"angle": 0, "axis": "x", "origin": [3.5, 3.00347, 8.89484]},
			"faces": {
				"north": {"uv": [1, 0, 0, 4], "texture": "#1"},
				"east": {"uv": [0, 0, 1, 4], "texture": "#1"},
				"south": {"uv": [1, 0, 0, 4], "texture": "#1"},
				"west": {"uv": [0, 0, 1, 4], "texture": "#1"},
				"up": {"uv": [1, 1, 2, 0], "texture": "#1"}
			}
		}
	],
	"display": {
		"thirdperson_righthand": {
			"rotation": [75, 45, 0],
			"translation": [0, 1.5, 1],
			"scale": [0.375, 0.375, 0.375]
		},
		"thirdperson_lefthand": {
			"rotation": [75, 45, 0],
			"translation": [0, 1.5, 1],
			"scale": [0.375, 0.375, 0.375]
		},
		"firstperson_righthand": {
			"rotation": [0, 45, 0],
			"scale": [0.4, 0.4, 0.4]
		},
		"firstperson_lefthand": {
			"rotation": [0, 225, 0],
			"scale": [0.4, 0.4, 0.4]
		},
		"ground": {
			"translation": [0, 3, 0],
			"scale": [0.25, 0.25, 0.25]
		},
		"gui": {
			"rotation": [30, 225, 0],
			"translation": [0, 3, 0],
			"scale": [0.625, 0.625, 0.625]
		},
		"head": {
			"translation": [0, 22, 0],
			"scale": [2.12, 2.12, 2.12]
		},
		"fixed": {
			"rotation": [-90, 0, 0],
			"translation": [0, 0, -16],
			"scale": [2, 2, 2]
		}
	},
	"groups": [
		0,
		1,
		2,
		3,
		{
			"name": "antlers2",
			"origin": [8, 8, 8],
			"color": 0,
			"children": [4, 5, 6, 7, 8, 9, 10]
		}
	]
}