{
	"credit": "Made with Blockbench",
	"texture_size": [32, 32],
	"textures": {
		"0": "item/chao_emotes",
		"particle": "item/chao_emotes"
	},
	"elements": [
		{
			"from": [7, 0, 7],
			"to": [9, 2, 9],
			"rotation": {"angle": 0, "axis": "y", "origin": [7, -1, 7]},
			"faces": {
				"north": {"uv": [0, 4.5, 1, 5.5], "texture": "#0", "tintindex": 0},
				"east": {"uv": [0, 4.5, 1, 5.5], "texture": "#0", "tintindex": 0},
				"south": {"uv": [0, 4.5, 1, 5.5], "texture": "#0", "tintindex": 0},
				"west": {"uv": [0, 4.5, 1, 5.5], "texture": "#0", "tintindex": 0},
				"up": {"uv": [0, 4.5, 1, 5.5], "texture": "#0", "tintindex": 0},
				"down": {"uv": [0, 4.5, 1, 5.5], "texture": "#0", "tintindex": 0}
			}
		},
		{
			"from": [7, 3, 7],
			"to": [9, 12, 9],
			"rotation": {"angle": 0, "axis": "y", "origin": [7, -1, 7]},
			"faces": {
				"north": {"uv": [0, 0, 1, 4.5], "texture": "#0", "tintindex": 0},
				"east": {"uv": [0, 0, 1, 4.5], "texture": "#0", "tintindex": 0},
				"south": {"uv": [0, 0, 1, 4.5], "texture": "#0", "tintindex": 0},
				"west": {"uv": [0, 0, 1, 4.5], "texture": "#0", "tintindex": 0},
				"up": {"uv": [0, 4.5, 1, 5.5], "texture": "#0", "tintindex": 0},
				"down": {"uv": [0, 4.5, 1, 5.5], "texture": "#0", "tintindex": 0}
			}
		}
	],
	"display": {
		"thirdperson_righthand": {
			"rotation": [75, 45, 0],
			"translation": [0, 1.25, 0],
			"scale": [0.375, 0.375, 0.375]
		},
		"thirdperson_lefthand": {
			"rotation": [75, 45, 0],
			"translation": [0, 1.25, 0],
			"scale": [0.375, 0.375, 0.375]
		},
		"firstperson_righthand": {
			"rotation": [0, 225, 0],
			"scale": [0.4, 0.4, 0.4]
		},
		"firstperson_lefthand": {
			"rotation": [0, 225, 0],
			"scale": [0.4, 0.4, 0.4]
		},
		"ground": {
			"translation": [0, 3, 0],
			"scale": [0.25, 0.25, 0.25]
		},
		"gui": {
			"rotation": [30, 225, 0],
			"scale": [0.625, 0.625, 0.625]
		},
		"head": {
			"translation": [-0.25, 20, 0],
			"scale": [1.4, 1.4, 1.4]
		},
		"fixed": {
			"rotation": [-90, 0, 0],
			"translation": [0, 0, -20],
			"scale": [2.01, 2.01, 2.01]
		}
	}
}