{
	"credit": "Made with Blockbench",
	"textures": {
		"0": "item/mc_brown_wool",
		"1": "item/lone_star",
		"particle": "item/mc_brown_wool"
	},
	"elements": [
		{
			"from": [3, 0, 2],
			"to": [13, 1, 14],
			"faces": {
				"north": {"uv": [0, 0, 10, 1], "texture": "#0"},
				"east": {"uv": [0, 0, 12, 1], "texture": "#0"},
				"south": {"uv": [0, 0, 10, 1], "texture": "#0"},
				"west": {"uv": [0, 0, 12, 1], "texture": "#0"},
				"up": {"uv": [0, 0, 10, 12], "texture": "#0"},
				"down": {"uv": [0, 0, 10, 12], "texture": "#0"}
			}
		},
		{
			"from": [6, 1, 4],
			"to": [10, 5, 12],
			"faces": {
				"north": {"uv": [7, 0, 11, 4], "texture": "#0"},
				"east": {"uv": [0, 0, 8, 4], "texture": "#0"},
				"south": {"uv": [7, 0, 11, 4], "texture": "#0"},
				"west": {"uv": [0, 0, 8, 4], "texture": "#0"},
				"up": {"uv": [0, 0, 4, 8], "texture": "#0"},
				"down": {"uv": [0, 0, 4, 8], "texture": "#0"}
			}
		},
		{
			"from": [4, -0.001, 3],
			"to": [12, 2, 13],
			"faces": {
				"north": {"uv": [5, 2, 13, 4.001], "texture": "#0"},
				"east": {"uv": [0, 0, 10, 2.001], "texture": "#0"},
				"south": {"uv": [5, 2, 13, 4.001], "texture": "#0"},
				"west": {"uv": [0, 0, 10, 2.001], "texture": "#0"},
				"up": {"uv": [0, 0, 8, 10], "texture": "#0"},
				"down": {"uv": [2, 12, 3, 13], "texture": "#0"}
			}
		},
		{
			"from": [5, 1.5, 3.5],
			"to": [11, 3.5, 12.5],
			"faces": {
				"north": {"uv": [10, 5, 16, 7], "texture": "#0"},
				"east": {"uv": [0, 0, 9, 2], "texture": "#0"},
				"south": {"uv": [10, 5, 16, 7], "texture": "#0"},
				"west": {"uv": [0, 0, 9, 2], "texture": "#0"},
				"up": {"uv": [0, 0, 6, 9], "texture": "#0"},
				"down": {"uv": [0, 0, 6, 9], "texture": "#0"}
			}
		},
		{
			"from": [12.99477, 0.00104, 2.01],
			"to": [13.99477, 2.00104, 14.01],
			"rotation": {"angle": -22.5, "axis": "z", "origin": [13.49477, 2.50104, 8]},
			"faces": {
				"north": {"uv": [0, 0, 2, 1], "rotation": 90, "texture": "#0"},
				"east": {"uv": [3, 0, 5, 12], "rotation": 270, "texture": "#0"},
				"south": {"uv": [0, 0, 2, 1], "rotation": 270, "texture": "#0"},
				"west": {"uv": [0, 0, 2, 12], "rotation": 270, "texture": "#0"},
				"up": {"uv": [0, 0, 12, 1], "rotation": 270, "texture": "#0"},
				"down": {"uv": [0, 0, 12, 1], "rotation": 270, "texture": "#0"}
			}
		},
		{
			"from": [12.76537, 1.84776, 2.02],
			"to": [13.76537, 3.84776, 14.02],
			"rotation": {"angle": 0, "axis": "z", "origin": [13.26537, 2.34776, 8]},
			"faces": {
				"north": {"uv": [0, 0, 2, 1], "rotation": 90, "texture": "#0"},
				"east": {"uv": [1, 0, 3, 12], "rotation": 270, "texture": "#0"},
				"south": {"uv": [0, 0, 2, 1], "rotation": 270, "texture": "#0"},
				"west": {"uv": [0, 0, 2, 12], "rotation": 270, "texture": "#0"},
				"up": {"uv": [0, 0, 12, 1], "rotation": 270, "texture": "#0"},
				"down": {"uv": [0, 0, 12, 1], "rotation": 270, "texture": "#0"}
			}
		},
		{
			"from": [2.00523, 0.00104, 2.01],
			"to": [3.00523, 2.00104, 14.01],
			"rotation": {"angle": 22.5, "axis": "z", "origin": [2.50523, 2.50104, 8]},
			"faces": {
				"north": {"uv": [11, 0, 13, 1], "rotation": 90, "texture": "#0"},
				"east": {"uv": [0, 12, 2, 0], "rotation": 270, "texture": "#0"},
				"south": {"uv": [0, 1, 2, 0], "rotation": 270, "texture": "#0"},
				"west": {"uv": [3, 0, 5, 12], "rotation": 270, "texture": "#0"},
				"up": {"uv": [0, 1, 12, 0], "rotation": 270, "texture": "#0"},
				"down": {"uv": [0, 1, 12, 0], "rotation": 270, "texture": "#0"}
			}
		},
		{
			"from": [2.23463, 1.84776, 2.02],
			"to": [3.23463, 3.84776, 14.02],
			"rotation": {"angle": 0, "axis": "z", "origin": [2.73463, 2.34776, 8]},
			"faces": {
				"north": {"uv": [0, 1, 2, 0], "rotation": 90, "texture": "#0"},
				"east": {"uv": [0, 12, 2, 0], "rotation": 270, "texture": "#0"},
				"south": {"uv": [0, 1, 2, 0], "rotation": 270, "texture": "#0"},
				"west": {"uv": [1, 0, 3, 12], "rotation": 270, "texture": "#0"},
				"up": {"uv": [0, 1, 12, 0], "rotation": 270, "texture": "#0"},
				"down": {"uv": [0, 1, 12, 0], "rotation": 270, "texture": "#0"}
			}
		},
		{
			"from": [5.5, 3, 2.9],
			"to": [10.5, 4, 3.15],
			"rotation": {"angle": 22.5, "axis": "x", "origin": [8, 2.7, 2.875]},
			"faces": {
				"north": {"uv": [0, 1, 5, 2], "texture": "#1"},
				"east": {"uv": [0, 1, 1, 2], "texture": "#1"},
				"south": {"uv": [0, 1, 5, 2], "texture": "#1"},
				"west": {"uv": [4, 1, 5, 2], "texture": "#1"},
				"up": {"uv": [0, 1, 5, 2], "texture": "#1"},
				"down": {"uv": [0, 1, 5, 2], "texture": "#1"}
			}
		},
		{
			"from": [6.5, 2, 2.9],
			"to": [9.5, 3, 3.15],
			"rotation": {"angle": 22.5, "axis": "x", "origin": [8, 2.7, 2.875]},
			"faces": {
				"north": {"uv": [1, 2, 4, 3], "texture": "#1"},
				"east": {"uv": [1, 2, 2, 3], "texture": "#1"},
				"south": {"uv": [1, 2, 4, 3], "texture": "#1"},
				"west": {"uv": [3, 2, 4, 3], "texture": "#1"},
				"up": {"uv": [1, 2, 4, 3], "texture": "#1"},
				"down": {"uv": [1, 2, 4, 3], "texture": "#1"}
			}
		},
		{
			"from": [8.5, 1, 2.9],
			"to": [10.5, 2, 3.15],
			"rotation": {"angle": 22.5, "axis": "x", "origin": [8, 2.7, 2.875]},
			"faces": {
				"north": {"uv": [0, 3, 2, 4], "texture": "#1"},
				"east": {"uv": [0, 3, 1, 4], "texture": "#1"},
				"south": {"uv": [0, 3, 2, 4], "texture": "#1"},
				"west": {"uv": [1, 3, 2, 4], "texture": "#1"},
				"up": {"uv": [0, 3, 2, 4], "texture": "#1"},
				"down": {"uv": [0, 3, 2, 4], "texture": "#1"}
			}
		},
		{
			"from": [5.5, 1, 2.9],
			"to": [7.5, 2, 3.15],
			"rotation": {"angle": 22.5, "axis": "x", "origin": [8, 2.7, 2.875]},
			"faces": {
				"north": {"uv": [2, 3, 0, 4], "texture": "#1"},
				"east": {"uv": [0, 3, 1, 4], "texture": "#1"},
				"south": {"uv": [0, 3, 2, 4], "texture": "#1"},
				"west": {"uv": [1, 3, 2, 4], "texture": "#1"},
				"up": {"uv": [0, 3, 2, 4], "texture": "#1"},
				"down": {"uv": [0, 3, 2, 4], "texture": "#1"}
			}
		},
		{
			"from": [7.5, 4, 2.9],
			"to": [8.5, 5, 3.15],
			"rotation": {"angle": 22.5, "axis": "x", "origin": [8, 2.7, 2.875]},
			"faces": {
				"north": {"uv": [2, 0, 3, 1], "texture": "#1"},
				"east": {"uv": [2, 0, 3, 1], "texture": "#1"},
				"south": {"uv": [2, 0, 3, 1], "texture": "#1"},
				"west": {"uv": [2, 0, 3, 1], "texture": "#1"},
				"up": {"uv": [2, 0, 3, 1], "texture": "#1"},
				"down": {"uv": [2, 0, 3, 1], "texture": "#1"}
			}
		}
	],
	"display": {
		"thirdperson_righthand": {
			"rotation": [75, 45, 0],
			"translation": [0, 1.5, 1],
			"scale": [0.375, 0.375, 0.375]
		},
		"thirdperson_lefthand": {
			"rotation": [75, 45, 0],
			"translation": [0, 2.5, 0.75],
			"scale": [0.375, 0.375, 0.375]
		},
		"firstperson_righthand": {
			"rotation": [0, 45, 0],
			"scale": [0.4, 0.4, 0.4]
		},
		"firstperson_lefthand": {
			"rotation": [0, 225, 0],
			"scale": [0.4, 0.4, 0.4]
		},
		"ground": {
			"translation": [0, 3, 0],
			"scale": [0.25, 0.25, 0.25]
		},
		"gui": {
			"rotation": [30, 225, 0],
			"translation": [0, 3, 0],
			"scale": [0.625, 0.625, 0.625]
		},
		"head": {
			"rotation": [7.5, 0, 0],
			"translation": [0, 19, 1.25],
			"scale": [1.82, 1.82, 1.82]
		},
		"fixed": {
			"rotation": [-90, 0, 0],
			"translation": [0, 0, -19.25],
			"scale": [2.67, 2.67, 2.67]
		}
	},
	"groups": [
		0,
		1,
		2,
		3,
		4,
		5,
		6,
		7,
		{
			"name": "group",
			"origin": [7.5, 7.5, 7.5],
			"color": 0,
			"children": [8, 9, 10, 11, 12]
		}
	]
}