{
	"credit": "Made with Blockbench",
	"texture_size": [64, 64],
	"textures": {
		"1": "item/fishing_hat_base",
		"2": "item/and_yet_i_fish",
		"particle": "item/and_yet_i_fish"
	},
	"elements": [
		{
			"from": [4, 0, 2],
			"to": [12, 1, 12],
			"rotation": {"angle": 0, "axis": "y", "origin": [4, 0, 4]},
			"faces": {
				"north": {"uv": [8, 2, 12, 2.5], "texture": "#1"},
				"east": {"uv": [8, 1, 13, 1.5], "texture": "#1"},
				"south": {"uv": [8, 2.5, 12, 3], "texture": "#1"},
				"west": {"uv": [13, 1, 8, 1.5], "texture": "#1"},
				"up": {"uv": [4, 4.75, 0, 0], "texture": "#1"},
				"down": {"uv": [8, 0, 4, 5], "texture": "#1"}
			}
		},
		{
			"from": [4, 0, -1],
			"to": [12, 1, 2],
			"rotation": {"angle": 0, "axis": "y", "origin": [4, 0, 4]},
			"faces": {
				"north": {"uv": [8, 2, 12, 2.5], "texture": "#1"},
				"east": {"uv": [9.75, 1, 10, 1.5], "texture": "#1"},
				"south": {"uv": [8, 2.5, 12, 3], "texture": "#1"},
				"west": {"uv": [9.75, 1, 10, 1.5], "texture": "#1"},
				"up": {"uv": [4, 5, 0, 3.5], "texture": "#1"},
				"down": {"uv": [8, 0, 4, 5], "texture": "#1"}
			}
		},
		{
			"from": [5, 0, -2],
			"to": [11, 1, -1],
			"rotation": {"angle": 0, "axis": "y", "origin": [4, 0, 4]},
			"faces": {
				"north": {"uv": [8, 4.5, 11, 5], "texture": "#1"},
				"east": {"uv": [0, 9, 0.5, 9.5], "texture": "#1"},
				"west": {"uv": [0, 9, 0.5, 9.5], "texture": "#1"},
				"up": {"uv": [10, 8.5, 7, 8], "texture": "#1"},
				"down": {"uv": [7, 8.5, 4, 9], "texture": "#1"}
			}
		},
		{
			"from": [4, 1, 4],
			"to": [12, 4, 12],
			"rotation": {"angle": 0, "axis": "y", "origin": [4, 0, 4]},
			"faces": {
				"north": {"uv": [7, 5, 11, 6.5], "texture": "#1"},
				"east": {"uv": [7, 5, 11, 6.5], "texture": "#1"},
				"south": {"uv": [7, 5, 11, 6.5], "texture": "#1"},
				"west": {"uv": [7, 5, 11, 6.5], "texture": "#1"},
				"up": {"uv": [4, 9, 0, 5], "texture": "#1"}
			}
		},
		{
			"from": [4.25, 1, 3.98],
			"to": [11.75, 3, 3.98],
			"rotation": {"angle": 0, "axis": "y", "origin": [4.25, 0, 4]},
			"faces": {
				"north": {"uv": [3.55, 3.475, 12.45, 5.8], "texture": "#2"},
				"east": {"uv": [7, 5, 11, 6.5], "texture": "#1"},
				"south": {"uv": [7, 6.5, 11, 8], "texture": "#1"},
				"west": {"uv": [11, 5, 15, 6.5], "texture": "#1"},
				"up": {"uv": [4, 9, 0, 5], "texture": "#1"}
			}
		},
		{
			"from": [4.25, 1.01, -3.02],
			"to": [11.75, 1.01, 3.98],
			"rotation": {"angle": 0, "axis": "x", "origin": [8, 0.999, 2.98]},
			"faces": {
				"east": {"uv": [7, 5, 11, 6.5], "rotation": 270, "texture": "#1"},
				"south": {"uv": [4, 9, 0, 5], "texture": "#1"},
				"west": {"uv": [11, 5, 15, 6.5], "rotation": 90, "texture": "#1"},
				"up": {"uv": [3.55, 5.675, 12.45, 13.75], "rotation": 180, "texture": "#2"}
			}
		},
		{
			"from": [5, 4, 5],
			"to": [11, 5, 11],
			"rotation": {"angle": 0, "axis": "y", "origin": [4, 0, 4]},
			"faces": {
				"north": {"uv": [8, 3, 11, 3.5], "texture": "#1"},
				"east": {"uv": [8, 3.5, 11, 4], "texture": "#1"},
				"south": {"uv": [4, 8, 7, 8.5], "texture": "#1"},
				"west": {"uv": [8, 4, 11, 4.5], "texture": "#1"},
				"up": {"uv": [7, 8, 4, 5], "texture": "#1"}
			}
		}
	],
	"display": {
		"thirdperson_righthand": {
			"rotation": [75, 45, 0],
			"translation": [0, 1.5, 1],
			"scale": [0.375, 0.375, 0.375]
		},
		"thirdperson_lefthand": {
			"rotation": [75, 45, 0],
			"translation": [0, 2, 1.5],
			"scale": [0.375, 0.375, 0.375]
		},
		"firstperson_righthand": {
			"rotation": [0, 45, 0],
			"scale": [0.4, 0.4, 0.4]
		},
		"firstperson_lefthand": {
			"rotation": [0, 225, 0],
			"scale": [0.4, 0.4, 0.4]
		},
		"ground": {
			"translation": [0, 3, 0],
			"scale": [0.25, 0.25, 0.25]
		},
		"gui": {
			"rotation": [30, 225, 0],
			"translation": [-0.75, 3, 0],
			"scale": [0.625, 0.625, 0.625]
		},
		"head": {
			"rotation": [7.5, 0, 0],
			"translation": [0, 17.5, 1.7],
			"scale": [1.89, 1.89, 1.89]
		},
		"fixed": {
			"rotation": [-90, 0, 0],
			"translation": [0, 4, -22],
			"scale": [3.01, 3.01, 3.01]
		}
	}
}