{
	"credit": "Made with Blockbench",
	"ambientocclusion": false,
	"texture_size": [32, 32],
	"textures": {
		"0": "item/white_bow",
		"1": "item/madoka_ribbons",
		"particle": "item/white_bow"
	},
	"elements": [
		{
			"from": [12.25, 7.5, 7.25],
			"to": [12.75, 9.5, 8.75],
			"rotation": {"angle": 0, "axis": "y", "origin": [8, 7.8125, 8]},
			"faces": {
				"east": {"uv": [0, 9.6, 4, 16], "texture": "#0"},
				"west": {"uv": [0, 9.6, 4, 16], "texture": "#0"},
				"up": {"uv": [4, 9.6, 8, 11.06667], "rotation": 270, "texture": "#0"},
				"down": {"uv": [0, 14.4, 4, 16], "rotation": 90, "texture": "#0"}
			}
		},
		{
			"from": [12, 7.75, 7.5],
			"to": [13, 9.25, 8.5],
			"rotation": {"angle": 0, "axis": "y", "origin": [8, 7.8125, 8]},
			"faces": {
				"north": {"uv": [1, 11.2, 2, 16], "texture": "#0"},
				"east": {"uv": [1, 11.2, 3, 16], "texture": "#0"},
				"south": {"uv": [1, 11.2, 2, 16], "texture": "#0"},
				"west": {"uv": [1, 11.2, 3, 16], "texture": "#0"},
				"up": {"uv": [1, 11.2, 3, 12.8], "rotation": 270, "texture": "#0"},
				"down": {"uv": [1, 14.4, 3, 16], "rotation": 90, "texture": "#0"}
			}
		},
		{
			"from": [12.25, 6.5, 10.25],
			"to": [12.75, 11.5, 12.25],
			"rotation": {"angle": 0, "axis": "y", "origin": [8, 7.8125, 8]},
			"faces": {
				"north": {"uv": [0, 0, 1, 16], "texture": "#0"},
				"east": {"uv": [8, 0, 12, 16], "texture": "#0"},
				"south": {"uv": [0, 0, 1, 16], "texture": "#0"},
				"west": {"uv": [8, 0, 12, 16], "texture": "#0"},
				"up": {"uv": [8, 0, 12, 1.6], "rotation": 270, "texture": "#0"},
				"down": {"uv": [8, 14.4, 12, 16], "rotation": 90, "texture": "#0"}
			}
		},
		{
			"from": [12.25, 7, 9.25],
			"to": [12.75, 11, 10.25],
			"rotation": {"angle": 0, "axis": "y", "origin": [8, 7.8125, 8]},
			"faces": {
				"north": {"uv": [10, 0, 11, 1.6], "texture": "#0"},
				"east": {"uv": [14, 0, 16, 12.8], "texture": "#0"},
				"west": {"uv": [14, 0, 16, 12.8], "texture": "#0"},
				"up": {"uv": [16, 0, 14, 1.6], "rotation": 270, "texture": "#0"},
				"down": {"uv": [10, 14.4, 11, 16], "rotation": 90, "texture": "#0"}
			}
		},
		{
			"from": [12, 7.25, 8.75],
			"to": [13, 10.25, 12.75],
			"rotation": {"angle": 0, "axis": "y", "origin": [8, 7.8125, 8]},
			"faces": {
				"north": {"uv": [0, 0, 2, 9.6], "texture": "#0"},
				"east": {"uv": [0, 0, 8, 9.6], "texture": "#0"},
				"south": {"uv": [0, 0, 2, 9.6], "texture": "#0"},
				"west": {"uv": [0, 0, 8, 9.6], "texture": "#0"},
				"up": {"uv": [0, 0, 8, 1.6], "rotation": 270, "texture": "#0"},
				"down": {"uv": [0, 8, 8, 9.6], "rotation": 90, "texture": "#0"}
			}
		},
		{
			"from": [12.25, 6.5, 3.75],
			"to": [12.75, 11.5, 5.75],
			"rotation": {"angle": 0, "axis": "y", "origin": [8, 7.8125, 8]},
			"faces": {
				"north": {"uv": [0, 0, 0.75, 26.66667], "texture": "#0"},
				"east": {"uv": [8, 0, 12, 16], "texture": "#0"},
				"south": {"uv": [0, 0, 1, 26.66667], "texture": "#0"},
				"west": {"uv": [12, 0, 8, 16], "texture": "#0"},
				"up": {"uv": [8, 0, 12, 1.6], "rotation": 270, "texture": "#0"},
				"down": {"uv": [8, 14.4, 12, 16], "rotation": 90, "texture": "#0"}
			}
		},
		{
			"from": [12.25, 7, 5.75],
			"to": [12.75, 11, 6.75],
			"rotation": {"angle": 0, "axis": "y", "origin": [8, 7.8125, 8]},
			"faces": {
				"east": {"uv": [14, 0, 16, 12.8], "texture": "#0"},
				"south": {"uv": [10, 0, 11, 21.33333], "texture": "#0"},
				"west": {"uv": [16, 0, 14, 12.8], "texture": "#0"},
				"up": {"uv": [14, 0, 16, 1.6], "rotation": 270, "texture": "#0"},
				"down": {"uv": [10, 14.4, 11, 16], "rotation": 90, "texture": "#0"}
			}
		},
		{
			"from": [12, 7.25, 3.25],
			"to": [13, 10.25, 7.25],
			"rotation": {"angle": 0, "axis": "y", "origin": [8, 7.8125, 8]},
			"faces": {
				"north": {"uv": [0, 0, 2, 9.6], "texture": "#0"},
				"east": {"uv": [0, 0, 8, 9.6], "texture": "#0"},
				"south": {"uv": [0, 0, 2, 9.6], "texture": "#0"},
				"west": {"uv": [8, 0, 0, 9.6], "texture": "#0"},
				"up": {"uv": [0, 0, 8, 1.6], "rotation": 270, "texture": "#0"},
				"down": {"uv": [0, 8, 8, 9.6], "rotation": 90, "texture": "#0"}
			}
		},
		{
			"from": [3.25, 7.5, 7.25],
			"to": [3.75, 9.5, 8.75],
			"rotation": {"angle": 0, "axis": "y", "origin": [8, 7.8125, 8]},
			"faces": {
				"east": {"uv": [0, 9.6, 4, 16], "texture": "#0"},
				"west": {"uv": [0, 9.6, 4, 16], "texture": "#0"},
				"up": {"uv": [4, 9.6, 8, 11.06667], "rotation": 270, "texture": "#0"},
				"down": {"uv": [0, 14.4, 4, 16], "rotation": 90, "texture": "#0"}
			}
		},
		{
			"from": [3, 7.75, 7.5],
			"to": [4, 9.25, 8.5],
			"rotation": {"angle": 0, "axis": "y", "origin": [8, 7.8125, 8]},
			"faces": {
				"north": {"uv": [1, 11.2, 2, 16], "texture": "#0"},
				"east": {"uv": [1, 11.2, 3, 16], "texture": "#0"},
				"south": {"uv": [1, 11.2, 2, 16], "texture": "#0"},
				"west": {"uv": [1, 11.2, 3, 16], "texture": "#0"},
				"up": {"uv": [1, 11.2, 3, 12.8], "rotation": 270, "texture": "#0"},
				"down": {"uv": [1, 14.4, 3, 16], "rotation": 90, "texture": "#0"}
			}
		},
		{
			"from": [3.25, 6.5, 10.25],
			"to": [3.75, 11.5, 12.25],
			"rotation": {"angle": 0, "axis": "y", "origin": [8, 7.8125, 8]},
			"faces": {
				"north": {"uv": [0, 0, 1, 16], "texture": "#0"},
				"east": {"uv": [8, 0, 12, 16], "texture": "#0"},
				"south": {"uv": [0, 0, 1, 16], "texture": "#0"},
				"west": {"uv": [8, 0, 12, 16], "texture": "#0"},
				"up": {"uv": [8, 0, 12, 1.6], "rotation": 270, "texture": "#0"},
				"down": {"uv": [8, 14.4, 12, 16], "rotation": 90, "texture": "#0"}
			}
		},
		{
			"from": [3.25, 7, 9.25],
			"to": [3.75, 11, 10.25],
			"rotation": {"angle": 0, "axis": "y", "origin": [8, 7.8125, 8]},
			"faces": {
				"north": {"uv": [10, 0, 11, 1.6], "texture": "#0"},
				"east": {"uv": [14, 0, 16, 12.8], "texture": "#0"},
				"west": {"uv": [14, 0, 16, 12.8], "texture": "#0"},
				"up": {"uv": [16, 0, 14, 1.6], "rotation": 270, "texture": "#0"},
				"down": {"uv": [10, 14.4, 11, 16], "rotation": 90, "texture": "#0"}
			}
		},
		{
			"from": [3, 7.25, 8.75],
			"to": [4, 10.25, 12.75],
			"rotation": {"angle": 0, "axis": "y", "origin": [8, 7.8125, 8]},
			"faces": {
				"north": {"uv": [0, 0, 2, 9.6], "texture": "#0"},
				"east": {"uv": [0, 0, 8, 9.6], "texture": "#0"},
				"south": {"uv": [0, 0, 2, 9.6], "texture": "#0"},
				"west": {"uv": [0, 0, 8, 9.6], "texture": "#0"},
				"up": {"uv": [0, 0, 8, 1.6], "rotation": 270, "texture": "#0"},
				"down": {"uv": [0, 8, 8, 9.6], "rotation": 90, "texture": "#0"}
			}
		},
		{
			"from": [3.25, 6.5, 3.75],
			"to": [3.75, 11.5, 5.75],
			"rotation": {"angle": 0, "axis": "y", "origin": [8, 7.8125, 8]},
			"faces": {
				"north": {"uv": [0, 0, 0.75, 26.66667], "texture": "#0"},
				"east": {"uv": [8, 0, 12, 16], "texture": "#0"},
				"south": {"uv": [0, 0, 1, 26.66667], "texture": "#0"},
				"west": {"uv": [12, 0, 8, 16], "texture": "#0"},
				"up": {"uv": [8, 0, 12, 1.6], "rotation": 270, "texture": "#0"},
				"down": {"uv": [8, 14.4, 12, 16], "rotation": 90, "texture": "#0"}
			}
		},
		{
			"from": [3.25, 7, 5.75],
			"to": [3.75, 11, 6.75],
			"rotation": {"angle": 0, "axis": "y", "origin": [8, 7.8125, 8]},
			"faces": {
				"east": {"uv": [14, 0, 16, 12.8], "texture": "#0"},
				"south": {"uv": [10, 0, 11, 21.33333], "texture": "#0"},
				"west": {"uv": [16, 0, 14, 12.8], "texture": "#0"},
				"up": {"uv": [14, 0, 16, 1.6], "rotation": 270, "texture": "#0"},
				"down": {"uv": [10, 14.4, 11, 16], "rotation": 90, "texture": "#0"}
			}
		},
		{
			"from": [3, 7.25, 3.25],
			"to": [4, 10.25, 7.25],
			"rotation": {"angle": 0, "axis": "y", "origin": [8, 7.8125, 8]},
			"faces": {
				"north": {"uv": [0, 0, 2, 9.6], "texture": "#0"},
				"east": {"uv": [0, 0, 8, 9.6], "texture": "#0"},
				"south": {"uv": [0, 0, 2, 9.6], "texture": "#0"},
				"west": {"uv": [8, 0, 0, 9.6], "texture": "#0"},
				"up": {"uv": [0, 0, 8, 1.6], "rotation": 270, "texture": "#0"},
				"down": {"uv": [0, 8, 8, 9.6], "rotation": 90, "texture": "#0"}
			}
		},
		{
			"from": [4, 7.79, 7.5],
			"to": [12, 8.79, 8.5],
			"rotation": {"angle": 0, "axis": "y", "origin": [0, 0.015, 0]},
			"faces": {
				"north": {"uv": [0, 0, 8, 1], "texture": "#1"},
				"south": {"uv": [0, 0, 8, 1], "texture": "#1"},
				"up": {"uv": [0, 1, 8, 2], "texture": "#1"},
				"down": {"uv": [0, 2, 8, 3], "texture": "#1"}
			}
		},
		{
			"from": [3, -8.65377, 13.2402],
			"to": [4, -4.65377, 13.2402],
			"rotation": {"angle": -22.5, "axis": "x", "origin": [3.5, -7.65377, 13.2402]},
			"faces": {
				"north": {"uv": [0, 6, 1, 10], "texture": "#1"},
				"south": {"uv": [0, 6, 1, 10], "texture": "#1"}
			}
		},
		{
			"from": [3, -11.57765, 13.62288],
			"to": [4, -8.57765, 13.62288],
			"rotation": {"angle": 0, "axis": "y", "origin": [3.5, -11.07765, 13.62288]},
			"faces": {
				"north": {"uv": [0, 6, 1, 9], "texture": "#1"},
				"south": {"uv": [0, 6, 1, 9], "texture": "#1"}
			}
		},
		{
			"from": [3, -1.95787, 11.70939],
			"to": [4, 2.04213, 11.70939],
			"rotation": {"angle": -22.5, "axis": "x", "origin": [3.5, -0.95787, 11.70939]},
			"faces": {
				"north": {"uv": [0, 6, 1, 10], "texture": "#1"},
				"south": {"uv": [0, 6, 1, 10], "texture": "#1"}
			}
		},
		{
			"from": [3, -4.88175, 12.09207],
			"to": [4, -1.88175, 12.09207],
			"rotation": {"angle": 0, "axis": "y", "origin": [3.5, -4.38175, 12.09207]},
			"faces": {
				"north": {"uv": [0, 6, 1, 9], "texture": "#1"},
				"south": {"uv": [0, 6, 1, 9], "texture": "#1"}
			}
		},
		{
			"from": [3, 1.81415, 10.56126],
			"to": [4, 4.81415, 10.56126],
			"rotation": {"angle": 0, "axis": "y", "origin": [3.5, 2.31415, 10.56126]},
			"faces": {
				"north": {"uv": [0, 6, 1, 9], "texture": "#1"},
				"south": {"uv": [0, 6, 1, 9], "texture": "#1"}
			}
		},
		{
			"from": [3, 4.66699, 10.208],
			"to": [4, 6.66699, 10.208],
			"rotation": {"angle": -45, "axis": "x", "origin": [3.5, 5.16699, 10.208]},
			"faces": {
				"north": {"uv": [0, 6, 1, 8], "texture": "#1"},
				"south": {"uv": [0, 6, 1, 8], "texture": "#1"}
			}
		},
		{
			"from": [3, 6.22798, 9.14713],
			"to": [4, 9.22798, 9.14713],
			"rotation": {"angle": -22.5, "axis": "x", "origin": [3.5, 6.22798, 9.14713]},
			"faces": {
				"north": {"uv": [0, 6, 1, 9], "texture": "#1"},
				"south": {"uv": [0, 6, 1, 9], "texture": "#1"}
			}
		},
		{
			"from": [12, 1.81415, 10.56126],
			"to": [13, 4.81415, 10.56126],
			"rotation": {"angle": 0, "axis": "y", "origin": [12.5, 2.31415, 10.56126]},
			"faces": {
				"north": {"uv": [1, 6, 0, 9], "texture": "#1"},
				"south": {"uv": [1, 6, 0, 9], "texture": "#1"}
			}
		},
		{
			"from": [12, -4.88175, 12.09207],
			"to": [13, -1.88175, 12.09207],
			"rotation": {"angle": 0, "axis": "y", "origin": [12.5, -4.38175, 12.09207]},
			"faces": {
				"north": {"uv": [1, 6, 0, 9], "texture": "#1"},
				"south": {"uv": [1, 6, 0, 9], "texture": "#1"}
			}
		},
		{
			"from": [12, -1.95787, 11.70939],
			"to": [13, 2.04213, 11.70939],
			"rotation": {"angle": -22.5, "axis": "x", "origin": [12.5, -0.95787, 11.70939]},
			"faces": {
				"north": {"uv": [1, 6, 0, 10], "texture": "#1"},
				"south": {"uv": [1, 6, 0, 10], "texture": "#1"}
			}
		},
		{
			"from": [12, -11.57765, 13.62288],
			"to": [13, -8.57765, 13.62288],
			"rotation": {"angle": 0, "axis": "y", "origin": [12.5, -11.07765, 13.62288]},
			"faces": {
				"north": {"uv": [1, 6, 0, 9], "texture": "#1"},
				"south": {"uv": [1, 6, 0, 9], "texture": "#1"}
			}
		},
		{
			"from": [12, -8.65377, 13.2402],
			"to": [13, -4.65377, 13.2402],
			"rotation": {"angle": -22.5, "axis": "x", "origin": [12.5, -7.65377, 13.2402]},
			"faces": {
				"north": {"uv": [1, 6, 0, 10], "texture": "#1"},
				"south": {"uv": [1, 6, 0, 10], "texture": "#1"}
			}
		},
		{
			"from": [12, 4.66699, 10.208],
			"to": [13, 6.66699, 10.208],
			"rotation": {"angle": -45, "axis": "x", "origin": [12.5, 5.16699, 10.208]},
			"faces": {
				"north": {"uv": [1, 6, 0, 8], "texture": "#1"},
				"south": {"uv": [1, 6, 0, 8], "texture": "#1"}
			}
		},
		{
			"from": [12, 6.22798, 9.14713],
			"to": [13, 9.22798, 9.14713],
			"rotation": {"angle": -22.5, "axis": "x", "origin": [12.5, 6.22798, 9.14713]},
			"faces": {
				"north": {"uv": [1, 6, 0, 9], "texture": "#1"},
				"south": {"uv": [1, 6, 0, 9], "texture": "#1"}
			}
		}
	],
	"gui_light": "front",
	"display": {
		"thirdperson_righthand": {
			"rotation": [75, 45, 0],
			"translation": [0, 2.5, 0],
			"scale": [0.375, 0.375, 0.375]
		},
		"thirdperson_lefthand": {
			"rotation": [75, 45, 0],
			"translation": [0, 2.5, 0],
			"scale": [0.375, 0.375, 0.375]
		},
		"firstperson_righthand": {
			"rotation": [0, 45, 0],
			"scale": [0.4, 0.4, 0.4]
		},
		"firstperson_lefthand": {
			"rotation": [0, 45, 0],
			"scale": [0.4, 0.4, 0.4]
		},
		"ground": {
			"translation": [0, 3, 0],
			"scale": [0.25, 0.25, 0.25]
		},
		"gui": {
			"rotation": [30, 225, 0],
			"translation": [0, 3, 0],
			"scale": [0.625, 0.625, 0.625]
		},
		"head": {
			"translation": [0, 5, 0],
			"scale": [1.81, 1.81, 1.81]
		},
		"fixed": {
			"rotation": [0, 180, 0],
			"translation": [0, 0, -8.5],
			"scale": [2, 2, 2]
		}
	},
	"groups": [
		{
			"name": "red_bow",
			"origin": [8, 8, 8],
			"color": 0,
			"children": [0, 1, 2, 3, 4, 5, 6, 7]
		},
		{
			"name": "red_bow",
			"origin": [8, 8, 8],
			"color": 0,
			"children": [8, 9, 10, 11, 12, 13, 14, 15]
		},
		16,
		17,
		18,
		19,
		20,
		21,
		22,
		23,
		24,
		25,
		26,
		27,
		28,
		29,
		30
	]
}