{
	"credit": "Made with Blockbench",
	"ambientocclusion": false,
	"texture_size": [32, 32],
	"textures": {
		"0": "item/black_headphones",
		"particle": "item/black_headphones"
	},
	"elements": [
		{
			"from": [15.5, 2, 8],
			"to": [16.5, 4, 10],
			"rotation": {"angle": 0, "axis": "y", "origin": [16, 0, 0]},
			"faces": {
				"north": {"uv": [2, 1.5, 4, 2], "rotation": 90, "texture": "#0"},
				"east": {"uv": [2, 1.5, 4, 3.5], "rotation": 90, "texture": "#0"},
				"south": {"uv": [2, 1.5, 4, 2], "rotation": 90, "texture": "#0"},
				"up": {"uv": [2, 1.5, 4, 2], "rotation": 90, "texture": "#0"},
				"down": {"uv": [2, 1.5, 4, 2], "rotation": 90, "texture": "#0"}
			}
		},
		{
			"from": [-0.5, 2, 8],
			"to": [0.5, 4, 10],
			"faces": {
				"north": {"uv": [2, 2, 4, 1.5], "rotation": 90, "texture": "#0"},
				"south": {"uv": [2, 2, 4, 1.5], "rotation": 90, "texture": "#0"},
				"west": {"uv": [2, 3.5, 4, 1.5], "rotation": 90, "texture": "#0"},
				"up": {"uv": [2, 2, 4, 1.5], "rotation": 90, "texture": "#0"},
				"down": {"uv": [2, 2, 4, 1.5], "rotation": 90, "texture": "#0"}
			}
		},
		{
			"from": [3.51367, 10.26367, 7.5],
			"to": [12.51367, 11.01367, 10.5],
			"rotation": {"angle": 0, "axis": "z", "origin": [3.01367, 10.76367, 8.5]},
			"faces": {
				"north": {"uv": [8, 0, 8.5, 0.5], "rotation": 90, "texture": "#0"},
				"east": {"uv": [0, 0, 0.5, 0.5], "rotation": 90, "texture": "#0"},
				"south": {"uv": [8, 0, 8.5, 0.5], "rotation": 90, "texture": "#0"},
				"up": {"uv": [8, 0, 8.5, 2.5], "texture": "#0"},
				"down": {"uv": [8, 0, 8.5, 2.5], "texture": "#0"}
			}
		},
		{
			"from": [2.6474, 10.09136, 7.5],
			"to": [3.6474, 10.84136, 10.5],
			"rotation": {"angle": 22.5, "axis": "z", "origin": [3.1474, 10.59136, 8.5]},
			"faces": {
				"north": {"uv": [8, 0, 8.5, 0.5], "rotation": 90, "texture": "#0"},
				"south": {"uv": [8, 0, 8.5, 0.5], "rotation": 90, "texture": "#0"},
				"up": {"uv": [8, 0, 8.5, 2.5], "texture": "#0"},
				"down": {"uv": [8, 0, 8.5, 2.5], "texture": "#0"}
			}
		},
		{
			"from": [1.02913, 9.86322, 7.5],
			"to": [1.77913, 10.86322, 10.5],
			"rotation": {"angle": -45, "axis": "z", "origin": [1.52913, 8.86322, 8.5]},
			"faces": {
				"north": {"uv": [8, 0, 8.5, 0.5], "rotation": 90, "texture": "#0"},
				"east": {"uv": [8, 0, 8.5, 2.5], "rotation": 90, "texture": "#0"},
				"south": {"uv": [8, 0, 8.5, 0.5], "rotation": 90, "texture": "#0"},
				"west": {"uv": [8, 0, 8.5, 2.5], "rotation": 90, "texture": "#0"}
			}
		},
		{
			"from": [1.46194, 8.80866, 7.5],
			"to": [2.21194, 9.80866, 10.5],
			"rotation": {"angle": -22.5, "axis": "z", "origin": [1.96194, 8.80866, 8.5]},
			"faces": {
				"north": {"uv": [8, 0, 8.5, 0.5], "rotation": 90, "texture": "#0"},
				"east": {"uv": [8, 0, 8.5, 2.5], "rotation": 90, "texture": "#0"},
				"south": {"uv": [8, 0, 8.5, 0.5], "rotation": 90, "texture": "#0"},
				"west": {"uv": [8, 0, 8.5, 2.5], "rotation": 90, "texture": "#0"}
			}
		},
		{
			"from": [1.5, 7, 7.5],
			"to": [2.25, 9, 10.5],
			"rotation": {"angle": 0, "axis": "x", "origin": [1.5, 4, 8.5]},
			"faces": {
				"north": {"uv": [8, 0, 10, 0.5], "rotation": 90, "texture": "#0"},
				"east": {"uv": [8, 0, 10, 2.5], "rotation": 90, "texture": "#0"},
				"south": {"uv": [8, 0, 10, 0.5], "rotation": 90, "texture": "#0"},
				"west": {"uv": [8, 0, 10, 2.5], "rotation": 90, "texture": "#0"},
				"down": {"uv": [9.5, 0, 10, 2.5], "texture": "#0"}
			}
		},
		{
			"from": [12.3526, 10.09136, 7.5],
			"to": [13.3526, 10.84136, 10.5],
			"rotation": {"angle": -22.5, "axis": "z", "origin": [12.8526, 10.59136, 8.5]},
			"faces": {
				"north": {"uv": [8, 0.5, 8.5, 0], "rotation": 90, "texture": "#0"},
				"south": {"uv": [8, 0.5, 8.5, 0], "rotation": 90, "texture": "#0"},
				"up": {"uv": [8.5, 0, 8, 2.5], "texture": "#0"},
				"down": {"uv": [8.5, 0, 8, 2.5], "texture": "#0"}
			}
		},
		{
			"from": [14.22087, 9.86322, 7.5],
			"to": [14.97087, 10.86322, 10.5],
			"rotation": {"angle": 45, "axis": "z", "origin": [14.47087, 8.86322, 8.5]},
			"faces": {
				"north": {"uv": [8, 0.5, 8.5, 0], "rotation": 90, "texture": "#0"},
				"east": {"uv": [8, 2.5, 8.5, 0], "rotation": 90, "texture": "#0"},
				"south": {"uv": [8, 0.5, 8.5, 0], "rotation": 90, "texture": "#0"},
				"west": {"uv": [8, 2.5, 8.5, 0], "rotation": 90, "texture": "#0"}
			}
		},
		{
			"from": [13.78806, 8.80866, 7.5],
			"to": [14.53806, 9.80866, 10.5],
			"rotation": {"angle": 22.5, "axis": "z", "origin": [14.03806, 8.80866, 8.5]},
			"faces": {
				"north": {"uv": [8, 0.5, 8.5, 0], "rotation": 90, "texture": "#0"},
				"east": {"uv": [8, 2.5, 8.5, 0], "rotation": 90, "texture": "#0"},
				"south": {"uv": [8, 0.5, 8.5, 0], "rotation": 90, "texture": "#0"},
				"west": {"uv": [8, 2.5, 8.5, 0], "rotation": 90, "texture": "#0"}
			}
		},
		{
			"from": [13.75, 7, 7.5],
			"to": [14.5, 9, 10.5],
			"rotation": {"angle": 0, "axis": "x", "origin": [14.5, 4, 8.5]},
			"faces": {
				"north": {"uv": [8, 0.5, 10, 0], "rotation": 90, "texture": "#0"},
				"east": {"uv": [8, 2.5, 10, 0], "rotation": 90, "texture": "#0"},
				"south": {"uv": [8, 0.5, 10, 0], "rotation": 90, "texture": "#0"},
				"west": {"uv": [8, 2.5, 10, 0], "rotation": 90, "texture": "#0"},
				"down": {"uv": [10, 0, 9.5, 2.5], "texture": "#0"}
			}
		},
		{
			"from": [1.5, 6, 8.5],
			"to": [2, 7, 9.5],
			"rotation": {"angle": 0, "axis": "x", "origin": [1.5, 4, 8.75]},
			"faces": {
				"north": {"uv": [5, 0.5, 3.5, 1], "rotation": 90, "texture": "#0"},
				"east": {"uv": [5, 0.5, 3.5, 1], "rotation": 90, "texture": "#0"},
				"south": {"uv": [5, 0.5, 3.5, 1], "rotation": 90, "texture": "#0"},
				"west": {"uv": [5, 0.5, 3.5, 1], "rotation": 90, "texture": "#0"}
			}
		},
		{
			"from": [14, 6, 8.5],
			"to": [14.5, 7, 9.5],
			"rotation": {"angle": 0, "axis": "x", "origin": [14.5, 4, 8.75]},
			"faces": {
				"north": {"uv": [5, 0.5, 3.5, 1], "rotation": 90, "texture": "#0"},
				"east": {"uv": [5, 0.5, 3.5, 1], "rotation": 90, "texture": "#0"},
				"south": {"uv": [5, 0.5, 3.5, 1], "rotation": 90, "texture": "#0"},
				"west": {"uv": [5, 0.5, 3.5, 1], "rotation": 90, "texture": "#0"}
			}
		},
		{
			"from": [15, 1, 7],
			"to": [16, 5, 11],
			"rotation": {"angle": 0, "axis": "y", "origin": [16, 0, 0]},
			"faces": {
				"north": {"uv": [1, 0.5, 5, 1], "rotation": 90, "texture": "#0"},
				"east": {"uv": [1, 0.5, 5, 4.5], "rotation": 90, "texture": "#0"},
				"south": {"uv": [1, 0.5, 5, 1], "rotation": 90, "texture": "#0"},
				"up": {"uv": [1, 0.5, 5, 1], "rotation": 90, "texture": "#0"},
				"down": {"uv": [1, 4, 5, 4.5], "rotation": 90, "texture": "#0"}
			}
		},
		{
			"from": [13.248, 0.999, 6.999],
			"to": [13.5, 5.001, 11.001],
			"rotation": {"angle": 0, "axis": "x", "origin": [14.5, 2, 8]},
			"faces": {
				"west": {"uv": [1, 5, 5, 9], "rotation": 90, "texture": "#0"}
			}
		},
		{
			"from": [2.5, 0.999, 6.999],
			"to": [2.752, 5.001, 11.001],
			"rotation": {"angle": 0, "axis": "x", "origin": [1.5, 2, 8]},
			"faces": {
				"east": {"uv": [1, 9, 5, 5], "rotation": 90, "texture": "#0"}
			}
		},
		{
			"from": [13.25, 0.5, 6],
			"to": [15.25, 5.5, 12],
			"rotation": {"angle": 0, "axis": "x", "origin": [14.25, 3, 9]},
			"faces": {
				"north": {"uv": [6, 0, 8, 5], "rotation": 180, "texture": "#0"},
				"east": {"uv": [0, 0, 6, 5], "rotation": 180, "texture": "#0"},
				"south": {"uv": [6, 0, 8, 5], "rotation": 180, "texture": "#0"},
				"west": {"uv": [0, 0, 6, 5], "texture": "#0"},
				"up": {"uv": [0, 0, 0.5, 0.5], "rotation": 90, "texture": "#0"},
				"down": {"uv": [0, 0, 0.5, 0.5], "rotation": 270, "texture": "#0"}
			}
		},
		{
			"from": [13.251, 0.001, 6.501],
			"to": [15.249, 5.999, 11.499],
			"rotation": {"angle": 0, "axis": "x", "origin": [14.25, 3, 9]},
			"faces": {
				"north": {"uv": [0, 0, 0.5, 0.5], "rotation": 270, "texture": "#0"},
				"east": {"uv": [0, 0, 6, 5], "rotation": 270, "texture": "#0"},
				"south": {"uv": [0, 0, 0.5, 0.5], "rotation": 270, "texture": "#0"},
				"west": {"uv": [0, 0, 6, 5], "rotation": 270, "texture": "#0"},
				"up": {"uv": [6, 0, 8, 5], "rotation": 180, "texture": "#0"},
				"down": {"uv": [6, 0, 8, 5], "texture": "#0"}
			}
		},
		{
			"from": [0, 1, 7],
			"to": [1, 5, 11],
			"faces": {
				"north": {"uv": [1, 1, 5, 0.5], "rotation": 90, "texture": "#0"},
				"south": {"uv": [1, 1, 5, 0.5], "rotation": 90, "texture": "#0"},
				"west": {"uv": [1, 4.5, 5, 0.5], "rotation": 90, "texture": "#0"},
				"up": {"uv": [1, 1, 5, 0.5], "rotation": 90, "texture": "#0"},
				"down": {"uv": [1, 4.5, 5, 4], "rotation": 90, "texture": "#0"}
			}
		},
		{
			"from": [0.75, 0.5, 6],
			"to": [2.75, 5.5, 12],
			"rotation": {"angle": 0, "axis": "x", "origin": [1.75, 3, 9]},
			"faces": {
				"north": {"uv": [8, 0, 6, 5], "rotation": 180, "texture": "#0"},
				"east": {"uv": [6, 0, 0, 5], "texture": "#0"},
				"south": {"uv": [8, 0, 6, 5], "rotation": 180, "texture": "#0"},
				"west": {"uv": [6, 0, 0, 5], "rotation": 180, "texture": "#0"},
				"up": {"uv": [0, 0.5, 0.5, 0], "rotation": 90, "texture": "#0"},
				"down": {"uv": [0, 0.5, 0.5, 0], "rotation": 270, "texture": "#0"}
			}
		},
		{
			"from": [0.751, 0.001, 6.501],
			"to": [2.749, 5.999, 11.499],
			"rotation": {"angle": 0, "axis": "x", "origin": [1.75, 3, 9]},
			"faces": {
				"north": {"uv": [0, 0.5, 0.5, 0], "rotation": 270, "texture": "#0"},
				"east": {"uv": [0, 5, 6, 0], "rotation": 270, "texture": "#0"},
				"south": {"uv": [0, 0.5, 0.5, 0], "rotation": 270, "texture": "#0"},
				"west": {"uv": [0, 5, 6, 0], "rotation": 270, "texture": "#0"},
				"up": {"uv": [8, 0, 6, 5], "rotation": 180, "texture": "#0"},
				"down": {"uv": [8, 0, 6, 5], "texture": "#0"}
			}
		},
		{
			"from": [0.01, -0.49634, 1.24791],
			"to": [1.01, 0.50366, 9.24791],
			"rotation": {"angle": -22.5, "axis": "x", "origin": [0.25, 0.00366, 5.24791]},
			"faces": {
				"north": {"uv": [1, 13, 0, 12], "rotation": 90, "texture": "#0"},
				"east": {"uv": [1, 5, 0, 13], "rotation": 90, "texture": "#0"},
				"west": {"uv": [1, 5, 0, 13], "rotation": 90, "texture": "#0"},
				"up": {"uv": [0.5, 5, 1, 13], "texture": "#0"},
				"down": {"uv": [0, 5, 0.5, 13], "texture": "#0"}
			}
		},
		{
			"from": [0.25, -1.89386, 0.49166],
			"to": [0.75, -1.39386, 1.74166],
			"rotation": {"angle": 0, "axis": "z", "origin": [0.5, -1.3078, 1.85688]},
			"faces": {
				"east": {"uv": [3, 1, 3.5, 1.5], "rotation": 90, "texture": "#0"},
				"west": {"uv": [3, 1, 3.5, 1.5], "rotation": 90, "texture": "#0"},
				"up": {"uv": [3, 1, 3.5, 1.5], "rotation": 90, "texture": "#0"},
				"down": {"uv": [3, 1, 3.5, 1.5], "rotation": 90, "texture": "#0"}
			}
		},
		{
			"from": [0.44194, -1.89386, -0.22173],
			"to": [0.94194, -1.39386, 0.77827],
			"rotation": {"angle": -45, "axis": "y", "origin": [0.69194, -1.64386, 0.40327]},
			"faces": {
				"east": {"uv": [3, 1, 3.5, 1.5], "rotation": 90, "texture": "#0"},
				"west": {"uv": [3, 1, 3.5, 1.5], "rotation": 90, "texture": "#0"},
				"up": {"uv": [3, 1, 3.5, 1.5], "rotation": 90, "texture": "#0"},
				"down": {"uv": [3, 1, 3.5, 1.5], "rotation": 90, "texture": "#0"}
			}
		},
		{
			"from": [0.95711, -1.89386, -0.21545],
			"to": [3.95711, -1.39386, 0.28455],
			"rotation": {"angle": 0, "axis": "y", "origin": [0.33211, -1.64386, 0.03455]},
			"faces": {
				"north": {"uv": [3, 1, 3.5, 1.5], "rotation": 90, "texture": "#0"},
				"south": {"uv": [3, 1, 3.5, 1.5], "rotation": 90, "texture": "#0"},
				"up": {"uv": [3, 1, 3.5, 1.5], "rotation": 90, "texture": "#0"},
				"down": {"uv": [3, 1, 3.5, 1.5], "rotation": 90, "texture": "#0"}
			}
		},
		{
			"from": [3.70711, -2.14386, -0.46545],
			"to": [5.20711, -1.14386, 0.53455],
			"rotation": {"angle": 0, "axis": "y", "origin": [0.33211, -1.64386, 0.03455]},
			"faces": {
				"north": {"uv": [7, 0, 8, 1.5], "rotation": 90, "texture": "#0"},
				"east": {"uv": [7, 1, 8, 1.5], "rotation": 90, "texture": "#0"},
				"south": {"uv": [7, 1.5, 8, 0], "rotation": 90, "texture": "#0"},
				"west": {"uv": [0, 0, 0.5, 0.5], "rotation": 90, "texture": "#0"},
				"up": {"uv": [7, 0, 7.5, 1.5], "rotation": 270, "texture": "#0"},
				"down": {"uv": [0, 0, 0.5, 0.5], "rotation": 90, "texture": "#0"}
			}
		},
		{
			"from": [9.1988, 10.65106, 6.92702],
			"to": [12.1988, 13.65106, 7.92702],
			"rotation": {"angle": -22.5, "axis": "x", "origin": [10.6988, 12.90106, 7.42702]},
			"faces": {
				"north": {"uv": [8.5, 2.5, 11.5, 5.5], "texture": "#0"},
				"east": {"uv": [12.5, 2.5, 11.5, 5.5], "texture": "#0"},
				"south": {"uv": [0, 2.5, 0, 2.5], "texture": "#0"},
				"west": {"uv": [11.5, 2.5, 12.5, 5.5], "texture": "#0"},
				"up": {"uv": [12.5, 5, 15.5, 6], "texture": "#0"}
			}
		},
		{
			"from": [9.1988, 10.40106, 7.67702],
			"to": [12.1988, 11.15106, 8.17702],
			"rotation": {"angle": -22.5, "axis": "x", "origin": [10.6988, 12.90106, 7.42702]},
			"faces": {
				"east": {"uv": [12, 4.5, 11.5, 5], "texture": "#0"},
				"west": {"uv": [12, 4.5, 11.5, 5], "texture": "#0"}
			}
		},
		{
			"from": [3.6988, 10.40106, 7.67702],
			"to": [6.6988, 11.15106, 8.17702],
			"rotation": {"angle": -22.5, "axis": "x", "origin": [10.6988, 12.90106, 7.42702]},
			"faces": {
				"east": {"uv": [12, 4.5, 11.5, 5], "texture": "#0"},
				"west": {"uv": [12, 4.5, 11.5, 5], "texture": "#0"}
			}
		},
		{
			"from": [9.2018, 9.45662, 7.05217],
			"to": [12.1978, 13.45262, 8.04817],
			"rotation": {"angle": -45, "axis": "x", "origin": [10.6998, 13.07962, 7.42517]},
			"faces": {
				"north": {"uv": [0, 2.5, 0.9, 6.75], "texture": "#0"},
				"east": {"uv": [12.5, 5.5, 11.5, 9.5], "texture": "#0"},
				"south": {"uv": [12.5, 2.5, 15.5, 6.5], "texture": "#0"},
				"west": {"uv": [11.5, 5.5, 12.5, 9.5], "texture": "#0"},
				"down": {"uv": [0, 0, 0.9, 4.25], "texture": "#0"}
			}
		},
		{
			"from": [3.7008, 10.65106, 6.92702],
			"to": [6.7008, 13.65106, 7.92702],
			"rotation": {"angle": -22.5, "axis": "x", "origin": [5.2008, 12.90106, 7.42702]},
			"faces": {
				"north": {"uv": [11.5, 2.5, 8.5, 5.5], "texture": "#0"},
				"east": {"uv": [12.5, 2.5, 11.5, 5.5], "texture": "#0"},
				"south": {"uv": [0, 2.5, 0, 2.5], "texture": "#0"},
				"west": {"uv": [11.5, 2.5, 12.5, 5.5], "texture": "#0"},
				"up": {"uv": [15.5, 5, 12.5, 6], "texture": "#0"}
			}
		},
		{
			"from": [3.7018, 9.45662, 7.05217],
			"to": [6.6978, 13.45262, 8.04817],
			"rotation": {"angle": -45, "axis": "x", "origin": [5.1998, 13.07962, 7.42517]},
			"faces": {
				"north": {"uv": [0.9, 2.5, 0, 6.75], "texture": "#0"},
				"east": {"uv": [12.5, 5.5, 11.5, 9.5], "texture": "#0"},
				"south": {"uv": [15.5, 2.5, 12.5, 6.5], "texture": "#0"},
				"west": {"uv": [11.5, 5.5, 12.5, 9.5], "texture": "#0"},
				"down": {"uv": [0.9, 0, 0, 4.25], "texture": "#0"}
			}
		}
	],
	"display": {
		"thirdperson_righthand": {
			"rotation": [75, 45, 0],
			"translation": [0, 2.5, 0],
			"scale": [0.375, 0.375, 0.375]
		},
		"thirdperson_lefthand": {
			"rotation": [75, 45, 0],
			"translation": [0, 2.5, 0],
			"scale": [0.375, 0.375, 0.375]
		},
		"firstperson_righthand": {
			"rotation": [0, 45, 0],
			"scale": [0.4, 0.4, 0.4]
		},
		"firstperson_lefthand": {
			"rotation": [0, 225, 0],
			"scale": [0.4, 0.4, 0.4]
		},
		"ground": {
			"translation": [0, 3, 0],
			"scale": [0.25, 0.25, 0.25]
		},
		"gui": {
			"rotation": [30, 225, 0],
			"translation": [0, 2, 0],
			"scale": [0.625, 0.625, 0.625]
		},
		"head": {
			"translation": [0, 6, 0],
			"scale": [1.2, 1.2, 1.2]
		},
		"fixed": {
			"translation": [0, 4, -6],
			"scale": [2, 2, 2]
		}
	},
	"groups": [
		{
			"name": "RightCup",
			"origin": [3.01367, 8.76367, 8],
			"color": 0,
			"children": [0, 1, 2, 3, 4, 5, 6, 7, 8, 9, 10, 11, 12]
		},
		{
			"name": "LeftCup",
			"origin": [3.01367, 8.76367, 8],
			"color": 0,
			"children": [13, 14, 15, 16, 17, 18, 19, 20]
		},
		{
			"name": "Mic",
			"origin": [0.33211, -1.64386, 0.03455],
			"color": 0,
			"children": [21, 22, 23, 24, 25]
		},
		26,
		27,
		28,
		29,
		30,
		31
	]
}