{
	"credit": "Made with Blockbench",
	"texture_size": [32, 32],
	"textures": {
		"0": "item/atelier_witch_hat_theorder",
		"particle": "item/atelier_witch_hat_theorder"
	},
	"elements": [
		{
			"from": [4.9999, 0.0099, 4.9999],
			"to": [11.0001, 1.5001, 11.0001],
			"rotation": {"angle": 0, "axis": "x", "origin": [6.5, 4.25, 6.5]},
			"faces": {
				"east": {"uv": [0, 6, 6, 7.5], "texture": "#0"},
				"south": {"uv": [0, 6, 6, 7.5], "texture": "#0"},
				"west": {"uv": [0, 6, 6, 7.5], "texture": "#0"},
				"up": {"uv": [0, 0, 6, 6], "texture": "#0"},
				"down": {"uv": [6, 0, 12, 6], "texture": "#0"}
			}
		},
		{
			"from": [5.5, 1.5, 5.5],
			"to": [10.5, 3, 10.5],
			"rotation": {"angle": 0, "axis": "x", "origin": [6.5, 4.25, 6.5]},
			"faces": {
				"north": {"uv": [0, 7.5, 5, 9], "texture": "#0"},
				"east": {"uv": [0, 7.5, 5, 9], "texture": "#0"},
				"south": {"uv": [0, 7.5, 5, 9], "texture": "#0"},
				"west": {"uv": [0, 7.5, 5, 9], "texture": "#0"},
				"up": {"uv": [0.5, 0.5, 5.5, 5.5], "texture": "#0"}
			}
		},
		{
			"from": [6, 3, 6],
			"to": [10, 4.5, 10],
			"rotation": {"angle": 0, "axis": "x", "origin": [6.5, 4.25, 6.5]},
			"faces": {
				"north": {"uv": [0, 9, 4, 10.5], "texture": "#0"},
				"east": {"uv": [0, 9, 4, 10.5], "texture": "#0"},
				"south": {"uv": [0, 9, 4, 10.5], "texture": "#0"},
				"west": {"uv": [0, 9, 4, 10.5], "texture": "#0"},
				"up": {"uv": [1, 1, 5, 5], "texture": "#0"}
			}
		},
		{
			"from": [6.5, 4.5, 6.5],
			"to": [9.5, 6, 9.5],
			"rotation": {"angle": 0, "axis": "x", "origin": [6.5, 4.25, 6.5]},
			"faces": {
				"north": {"uv": [0, 10.5, 3, 12], "texture": "#0"},
				"east": {"uv": [0, 10.5, 3, 12], "texture": "#0"},
				"south": {"uv": [0, 10.5, 3, 12], "texture": "#0"},
				"west": {"uv": [0, 10.5, 3, 12], "texture": "#0"},
				"up": {"uv": [1.5, 1.5, 4.5, 4.5], "texture": "#0"}
			}
		},
		{
			"from": [7, 6, 7],
			"to": [9, 7.5, 9],
			"rotation": {"angle": 0, "axis": "x", "origin": [6.5, 4.25, 6.5]},
			"faces": {
				"north": {"uv": [0, 12, 2, 13.5], "texture": "#0"},
				"east": {"uv": [0, 12, 2, 13.5], "texture": "#0"},
				"south": {"uv": [0, 12, 2, 13.5], "texture": "#0"},
				"west": {"uv": [0, 12, 2, 13.5], "texture": "#0"},
				"up": {"uv": [2, 2, 4, 4], "texture": "#0"}
			}
		},
		{
			"from": [7.5, 7.5, 7.5],
			"to": [8.5, 8.25, 8.5],
			"rotation": {"angle": 0, "axis": "x", "origin": [6.5, 4.25, 6.5]},
			"faces": {
				"north": {"uv": [0, 13.5, 1, 15], "texture": "#0"},
				"east": {"uv": [0, 13.5, 1, 15], "texture": "#0"},
				"south": {"uv": [0, 13.5, 1, 15], "texture": "#0"},
				"west": {"uv": [0, 13.5, 1, 15], "texture": "#0"},
				"up": {"uv": [2.5, 2.5, 3.5, 3.5], "texture": "#0"}
			}
		},
		{
			"from": [7.5, 8.25, 7.5],
			"to": [8.5, 8.75, 8.5],
			"rotation": {"angle": 0, "axis": "x", "origin": [6.5, 4.25, 6.5]},
			"faces": {
				"north": {"uv": [6, 6.5, 7, 7], "texture": "#0"},
				"east": {"uv": [6, 6.5, 7, 7], "texture": "#0"},
				"south": {"uv": [6, 6.5, 7, 7], "texture": "#0"},
				"west": {"uv": [6, 6.5, 7, 7], "texture": "#0"},
				"up": {"uv": [6, 6, 7, 7], "texture": "#0"}
			}
		},
		{
			"from": [7.4999, 8.28796, 8.44124],
			"to": [8.5001, 8.78816, 8.69144],
			"rotation": {"angle": -22.5, "axis": "x", "origin": [8, 8.28806, 8.69134]},
			"faces": {
				"north": {"uv": [10, 6, 12, 7], "texture": "#0"},
				"east": {"uv": [6, 6.5, 7, 7], "rotation": 270, "texture": "#0"},
				"south": {"uv": [10, 6, 12, 7], "texture": "#0"},
				"west": {"uv": [6, 6.5, 7, 7], "rotation": 90, "texture": "#0"},
				"up": {"uv": [6, 6.5, 7, 7], "rotation": 180, "texture": "#0"},
				"down": {"uv": [6, 6.5, 7, 7], "texture": "#0"}
			}
		},
		{
			"from": [7.5, 7.53806, 8.44134],
			"to": [8.5, 8.28806, 8.69134],
			"rotation": {"angle": -22.5, "axis": "x", "origin": [8, 8.28806, 8.69134]},
			"faces": {
				"north": {"uv": [8, 6, 10, 7.5], "texture": "#0"},
				"east": {"uv": [6, 6.5, 7, 7], "rotation": 270, "texture": "#0"},
				"south": {"uv": [8, 6, 10, 7.5], "texture": "#0"},
				"west": {"uv": [6, 6.5, 7, 7], "rotation": 90, "texture": "#0"},
				"up": {"uv": [6, 6.5, 7, 7], "rotation": 180, "texture": "#0"},
				"down": {"uv": [7.5, 6, 8.5, 6.5], "texture": "#0"}
			}
		},
		{
			"from": [7.25, 6.78806, 8.44134],
			"to": [8.75, 7.53806, 8.69134],
			"rotation": {"angle": -22.5, "axis": "x", "origin": [8, 8.28806, 8.69134]},
			"faces": {
				"north": {"uv": [7.5, 7.5, 10.5, 9], "texture": "#0"},
				"east": {"uv": [6, 6.5, 7, 7], "rotation": 270, "texture": "#0"},
				"south": {"uv": [7.5, 7.5, 10.5, 9], "texture": "#0"},
				"west": {"uv": [6, 6.5, 7, 7], "rotation": 90, "texture": "#0"},
				"up": {"uv": [6, 6.5, 7, 7], "rotation": 180, "texture": "#0"},
				"down": {"uv": [7.5, 6, 8.5, 6.5], "texture": "#0"}
			}
		},
		{
			"from": [7, 5.28806, 8.44134],
			"to": [9, 6.78806, 8.69134],
			"rotation": {"angle": -22.5, "axis": "x", "origin": [8, 8.28806, 8.69134]},
			"faces": {
				"north": {"uv": [7, 9, 11, 12], "texture": "#0"},
				"east": {"uv": [6, 6.5, 7, 7], "rotation": 270, "texture": "#0"},
				"south": {"uv": [7, 9, 11, 12], "texture": "#0"},
				"west": {"uv": [6, 6.5, 7, 7], "rotation": 90, "texture": "#0"},
				"up": {"uv": [6, 6.5, 7, 7], "rotation": 180, "texture": "#0"},
				"down": {"uv": [9.5, 13.5, 10, 14], "texture": "#0"}
			}
		},
		{
			"from": [7.25, 5.03806, 8.44134],
			"to": [8.75, 5.28806, 8.69134],
			"rotation": {"angle": -22.5, "axis": "x", "origin": [8, 8.28806, 8.69134]},
			"faces": {
				"north": {"uv": [7.5, 12, 10.5, 12.5], "texture": "#0"},
				"east": {"uv": [9.5, 13.5, 10, 14], "texture": "#0"},
				"south": {"uv": [7.5, 12, 10.5, 12.5], "texture": "#0"},
				"west": {"uv": [9.5, 13.5, 10, 14], "texture": "#0"},
				"up": {"uv": [6, 6.5, 7, 7], "rotation": 180, "texture": "#0"},
				"down": {"uv": [9.5, 13.5, 10, 14], "texture": "#0"}
			}
		},
		{
			"from": [7.75, 4.78806, 8.44134],
			"to": [8.75, 5.03806, 8.69134],
			"rotation": {"angle": -22.5, "axis": "x", "origin": [8, 8.28806, 8.69134]},
			"faces": {
				"north": {"uv": [8.5, 12.5, 10.5, 13], "texture": "#0"},
				"east": {"uv": [9.5, 13.5, 10, 14], "texture": "#0"},
				"south": {"uv": [8.5, 12.5, 10.5, 13], "texture": "#0"},
				"west": {"uv": [6, 6.5, 7, 7], "rotation": 90, "texture": "#0"},
				"up": {"uv": [6, 6.5, 7, 7], "rotation": 180, "texture": "#0"},
				"down": {"uv": [9.5, 13.5, 10, 14], "texture": "#0"}
			}
		},
		{
			"from": [7.75, 4.53806, 8.44134],
			"to": [8, 4.78806, 8.69134],
			"rotation": {"angle": -22.5, "axis": "x", "origin": [8, 8.28806, 8.69134]},
			"faces": {
				"north": {"uv": [8.5, 13, 9, 13.5], "texture": "#0"},
				"east": {"uv": [9.5, 13.5, 10, 14], "texture": "#0"},
				"south": {"uv": [8.5, 13, 9, 13.5], "texture": "#0"},
				"west": {"uv": [9.5, 13.5, 10, 14], "texture": "#0"},
				"up": {"uv": [6, 6.5, 7, 7], "rotation": 180, "texture": "#0"},
				"down": {"uv": [9.5, 13.5, 10, 14], "texture": "#0"}
			}
		},
		{
			"from": [8.25, 4.53806, 8.44134],
			"to": [8.75, 4.78806, 8.69134],
			"rotation": {"angle": -22.5, "axis": "x", "origin": [8, 8.28806, 8.69134]},
			"faces": {
				"north": {"uv": [9.5, 13, 10.5, 13.5], "texture": "#0"},
				"east": {"uv": [9.5, 13.5, 10, 14], "texture": "#0"},
				"south": {"uv": [9.5, 13, 10.5, 13.5], "texture": "#0"},
				"west": {"uv": [6, 6.5, 7, 7], "rotation": 90, "texture": "#0"},
				"up": {"uv": [6, 6.5, 7, 7], "rotation": 180, "texture": "#0"},
				"down": {"uv": [7.5, 6, 8.5, 6.5], "texture": "#0"}
			}
		},
		{
			"from": [8.25, 4.28806, 8.44134],
			"to": [8.5, 4.53806, 8.69134],
			"rotation": {"angle": -22.5, "axis": "x", "origin": [8, 8.28806, 8.69134]},
			"faces": {
				"north": {"uv": [9.5, 13.5, 10, 14], "texture": "#0"},
				"east": {"uv": [9.5, 13.5, 10, 14], "texture": "#0"},
				"south": {"uv": [9.5, 13.5, 10, 14], "texture": "#0"},
				"west": {"uv": [9.5, 13.5, 10, 14], "texture": "#0"},
				"up": {"uv": [6, 6.5, 7, 7], "rotation": 180, "texture": "#0"},
				"down": {"uv": [9.5, 13.5, 10, 14], "texture": "#0"}
			}
		},
		{
			"from": [7.25, 4.78806, 8.44134],
			"to": [7.5, 5.03806, 8.69134],
			"rotation": {"angle": -22.5, "axis": "x", "origin": [8, 8.28806, 8.69134]},
			"faces": {
				"north": {"uv": [7.5, 12.5, 8, 13], "texture": "#0"},
				"east": {"uv": [9.5, 13.5, 10, 14], "texture": "#0"},
				"south": {"uv": [7.5, 12.5, 8, 13], "texture": "#0"},
				"west": {"uv": [9.5, 13.5, 10, 14], "texture": "#0"},
				"up": {"uv": [6, 6.5, 7, 7], "rotation": 180, "texture": "#0"},
				"down": {"uv": [9.5, 13.5, 10, 14], "texture": "#0"}
			}
		},
		{
			"from": [5, 0, 4.99],
			"to": [11, 2.5, 5.24],
			"rotation": {"angle": 0, "axis": "y", "origin": [10.75, 3.5, 5.125]},
			"faces": {
				"north": {"uv": [13.5, 10, 16, 16], "rotation": 90, "texture": "#0"},
				"south": {"uv": [13.5, 10, 16, 16], "rotation": 90, "texture": "#0"},
				"up": {"uv": [13.5, 10, 14, 16], "rotation": 90, "texture": "#0"},
				"down": {"uv": [15.5, 10, 16, 16], "rotation": 90, "texture": "#0"}
			}
		},
		{
			"from": [5.5, 2.25, 5.24],
			"to": [10.5, 3.25, 5.49],
			"rotation": {"angle": 0, "axis": "y", "origin": [9.75, 2.5, 5.275]},
			"faces": {
				"north": {"uv": [12, 11, 13, 16], "rotation": 90, "texture": "#0"},
				"east": {"uv": [12, 15.5, 13.5, 16], "rotation": 90, "texture": "#0"},
				"south": {"uv": [12, 11, 13.5, 16], "rotation": 90, "texture": "#0"},
				"west": {"uv": [12, 15.5, 13.5, 16], "rotation": 90, "texture": "#0"},
				"up": {"uv": [12, 11, 12.5, 16], "rotation": 90, "texture": "#0"},
				"down": {"uv": [0, 0, 0.125, 2.5], "rotation": 270, "texture": "#0"}
			}
		},
		{
			"from": [6.5, 2.75, 5.49],
			"to": [9.5, 3.75, 5.74],
			"rotation": {"angle": 0, "axis": "y", "origin": [10, 2.5, 5.275]},
			"faces": {
				"north": {"uv": [11, 13, 12, 16], "rotation": 90, "texture": "#0"},
				"east": {"uv": [11, 15.5, 12, 16], "rotation": 90, "texture": "#0"},
				"south": {"uv": [11, 13, 12, 16], "rotation": 90, "texture": "#0"},
				"west": {"uv": [11, 15.5, 12, 16], "rotation": 90, "texture": "#0"},
				"up": {"uv": [11, 13, 11.5, 16], "rotation": 90, "texture": "#0"},
				"down": {"uv": [0, 0, 0.125, 1.5], "rotation": 270, "texture": "#0"}
			}
		},
		{
			"from": [7.5, 3.25, 5.74],
			"to": [8.5, 4.25, 5.99],
			"rotation": {"angle": 0, "axis": "y", "origin": [10, 2.5, 5.275]},
			"faces": {
				"north": {"uv": [10.5, 15, 11.5, 16], "rotation": 90, "texture": "#0"},
				"east": {"uv": [10.5, 15, 11.5, 16], "rotation": 90, "texture": "#0"},
				"south": {"uv": [10.5, 15, 11.5, 16], "rotation": 90, "texture": "#0"},
				"west": {"uv": [10.5, 15, 11.5, 16], "rotation": 90, "texture": "#0"},
				"up": {"uv": [10.5, 15, 11.5, 16], "rotation": 90, "texture": "#0"},
				"down": {"uv": [0, 0, 0.125, 0.5], "rotation": 270, "texture": "#0"}
			}
		},
		{
			"from": [11, 1, 4.99],
			"to": [11.25, 1.5, 7.49],
			"rotation": {"angle": 0, "axis": "x", "origin": [11.125, 3.5, 4.9]},
			"faces": {
				"north": {"uv": [15, 10, 15.5, 9.5], "rotation": 90, "texture": "#0"},
				"east": {"uv": [15, 10, 15.5, 7.5], "rotation": 90, "texture": "#0"},
				"south": {"uv": [15, 8, 15.5, 7.5], "rotation": 90, "texture": "#0"},
				"up": {"uv": [15, 10, 15.5, 7.5], "texture": "#0"}
			}
		},
		{
			"from": [10.751, 2.001, 4.991],
			"to": [10.999, 2.499, 5.989],
			"rotation": {"angle": 0, "axis": "x", "origin": [10.625, 3.5, 5.15]},
			"faces": {
				"east": {"uv": [14, 10, 14.5, 8.5], "rotation": 90, "texture": "#0"},
				"south": {"uv": [14, 9, 15, 8.5], "rotation": 90, "texture": "#0"},
				"west": {"uv": [0, 0, 0.5, 0.75], "rotation": 270, "texture": "#missing"},
				"up": {"uv": [14.5, 10, 14, 8.5], "texture": "#0"}
			}
		},
		{
			"from": [10.751, 1.501, 4.991],
			"to": [10.999, 1.999, 6.489],
			"rotation": {"angle": 0, "axis": "x", "origin": [10.625, 3.5, 5.15]},
			"faces": {
				"east": {"uv": [14.5, 10, 15, 8.5], "rotation": 90, "texture": "#0"},
				"south": {"uv": [14, 9, 15, 8.5], "rotation": 90, "texture": "#0"},
				"west": {"uv": [0, 0, 0.5, 0.75], "rotation": 270, "texture": "#missing"},
				"up": {"uv": [15, 10, 14.5, 8.5], "texture": "#0"}
			}
		},
		{
			"from": [5.001, 2.001, 4.991],
			"to": [5.249, 2.499, 5.989],
			"rotation": {"angle": 0, "axis": "x", "origin": [5.375, 3.5, 5.15]},
			"faces": {
				"east": {"uv": [0, 0.75, 0.5, 0], "rotation": 270, "texture": "#missing"},
				"south": {"uv": [14, 8.5, 15, 9], "rotation": 90, "texture": "#0"},
				"west": {"uv": [14, 8.5, 14.5, 10], "rotation": 90, "texture": "#0"},
				"up": {"uv": [14, 10, 14.5, 8.5], "texture": "#0"}
			}
		},
		{
			"from": [5.001, 1.501, 4.991],
			"to": [5.249, 1.999, 6.489],
			"rotation": {"angle": 0, "axis": "x", "origin": [5.375, 3.5, 5.15]},
			"faces": {
				"east": {"uv": [0, 0.75, 0.5, 0], "rotation": 270, "texture": "#missing"},
				"south": {"uv": [14, 8.5, 15, 9], "rotation": 90, "texture": "#0"},
				"west": {"uv": [14.5, 8.5, 15, 10], "rotation": 90, "texture": "#0"},
				"up": {"uv": [14.5, 10, 15, 8.5], "texture": "#0"}
			}
		},
		{
			"from": [11, 0, 4.99],
			"to": [11.25, 1, 7.99],
			"rotation": {"angle": 0, "axis": "x", "origin": [11.125, 3.5, 4.9]},
			"faces": {
				"north": {"uv": [15, 10, 16, 9.5], "rotation": 90, "texture": "#0"},
				"east": {"uv": [15, 10, 16, 7], "rotation": 90, "texture": "#0"},
				"south": {"uv": [15, 7.5, 16, 7], "rotation": 90, "texture": "#0"},
				"west": {"uv": [15, 10, 16, 7], "rotation": 90, "texture": "#0"},
				"up": {"uv": [15, 10, 15.5, 7], "texture": "#0"},
				"down": {"uv": [15, 10, 15.5, 7], "texture": "#0"}
			}
		},
		{
			"from": [4.75, 0, 4.99],
			"to": [5, 1, 7.99],
			"rotation": {"angle": 0, "axis": "x", "origin": [4.875, 3.5, 4.9]},
			"faces": {
				"north": {"uv": [15, 9.5, 16, 10], "rotation": 90, "texture": "#0"},
				"east": {"uv": [0, 2, 0.5, 0], "rotation": 270, "texture": "#0"},
				"south": {"uv": [15, 7, 16, 7.5], "rotation": 90, "texture": "#0"},
				"west": {"uv": [15, 7, 16, 10], "rotation": 90, "texture": "#0"},
				"up": {"uv": [15.5, 10, 15, 7], "texture": "#0"},
				"down": {"uv": [15.5, 7, 16, 10], "texture": "#0"}
			}
		},
		{
			"from": [4.75, 1, 4.99],
			"to": [5, 1.5, 7.49],
			"rotation": {"angle": 0, "axis": "x", "origin": [4.875, 3.5, 4.9]},
			"faces": {
				"north": {"uv": [15, 9.5, 15.5, 10], "rotation": 90, "texture": "#0"},
				"south": {"uv": [15, 7.5, 15.5, 8], "rotation": 90, "texture": "#0"},
				"west": {"uv": [15, 7.5, 15.5, 10], "rotation": 90, "texture": "#0"},
				"up": {"uv": [15.5, 10, 15, 7.5], "texture": "#0"}
			}
		},
		{
			"from": [10.9, 4.11803, 7.55777],
			"to": [11.15, 9.11803, 8.05777],
			"rotation": {"angle": 22.5, "axis": "x", "origin": [0, 4.36803, -0.44223]},
			"faces": {
				"north": {"uv": [12.5, 0, 13, 10], "texture": "#0"},
				"east": {"uv": [12, 0, 13, 10], "texture": "#0"},
				"south": {"uv": [12, 0, 12.5, 10], "texture": "#0"},
				"west": {"uv": [12, 0, 13, 10], "texture": "#0"},
				"up": {"uv": [12, 0, 13, 10], "texture": "#0"},
				"down": {"uv": [12, 9.5, 13, 10], "texture": "#0"}
			}
		},
		{
			"from": [10.9, 4.11803, 8.05777],
			"to": [11.15, 8.11803, 8.55777],
			"rotation": {"angle": 22.5, "axis": "x", "origin": [0, 4.36803, -0.44223]},
			"faces": {
				"east": {"uv": [13, 0, 14, 8], "texture": "#0"},
				"south": {"uv": [13, 0, 13.5, 8], "texture": "#0"},
				"west": {"uv": [13, 0, 14, 8], "texture": "#0"},
				"up": {"uv": [13, 0, 14, 8], "texture": "#0"},
				"down": {"uv": [13, 7.5, 14, 8], "texture": "#0"}
			}
		},
		{
			"from": [10.9, 4.11803, 7.05777],
			"to": [11.15, 8.11803, 7.55777],
			"rotation": {"angle": 22.5, "axis": "x", "origin": [0, 4.36803, -0.44223]},
			"faces": {
				"north": {"uv": [0, 15, 8, 16], "rotation": 90, "texture": "#0"},
				"east": {"uv": [0, 15, 8, 16], "rotation": 90, "texture": "#0"},
				"west": {"uv": [0, 15, 8, 16], "rotation": 90, "texture": "#0"},
				"up": {"uv": [0, 15, 8, 16], "rotation": 90, "texture": "#0"},
				"down": {"uv": [7.5, 15, 8, 16], "rotation": 90, "texture": "#0"}
			}
		},
		{
			"from": [10.9, 3.36803, 8.55777],
			"to": [11.15, 7.36803, 9.05777],
			"rotation": {"angle": 22.5, "axis": "x", "origin": [0, 4.36803, -0.44223]},
			"faces": {
				"north": {"uv": [6.5, 7, 7, 15], "texture": "#0"},
				"east": {"uv": [6, 7, 7, 15], "texture": "#0"},
				"south": {"uv": [6, 7, 6.5, 15], "texture": "#0"},
				"west": {"uv": [6, 7, 7, 15], "texture": "#0"},
				"up": {"uv": [6, 7, 7, 15], "texture": "#0"},
				"down": {"uv": [15, 6, 14, 5.5], "rotation": 90, "texture": "#0"}
			}
		},
		{
			"from": [10.9, 3.36803, 9.05777],
			"to": [11.15, 6.36803, 9.55777],
			"rotation": {"angle": 22.5, "axis": "x", "origin": [0, 4.36803, -0.44223]},
			"faces": {
				"east": {"uv": [14, 0, 15, 6], "texture": "#0"},
				"south": {"uv": [14, 0, 14.5, 6], "texture": "#0"},
				"west": {"uv": [14, 0, 15, 6], "texture": "#0"},
				"up": {"uv": [14, 0, 15, 6], "texture": "#0"},
				"down": {"uv": [14, 5.5, 15, 6], "rotation": 90, "texture": "#0"}
			}
		},
		{
			"from": [10.9, 3.61803, 9.55777],
			"to": [11.15, 5.61803, 10.05777],
			"rotation": {"angle": 22.5, "axis": "x", "origin": [0, 4.36803, -0.44223]},
			"faces": {
				"east": {"uv": [15, 0, 16, 4], "texture": "#0"},
				"south": {"uv": [15, 0, 15.5, 4], "texture": "#0"},
				"west": {"uv": [15, 0, 16, 4], "texture": "#0"},
				"up": {"uv": [15, 0, 16, 4], "texture": "#0"},
				"down": {"uv": [15, 3.5, 16, 4], "rotation": 90, "texture": "#0"}
			}
		},
		{
			"from": [4.85, 4.11803, 7.05777],
			"to": [5.1, 8.11803, 7.55777],
			"rotation": {"angle": 22.5, "axis": "x", "origin": [16, 4.36803, -0.44223]},
			"faces": {
				"north": {"uv": [0, 16, 8, 15.5], "rotation": 90, "texture": "#0"},
				"east": {"uv": [0, 16, 8, 15], "rotation": 90, "texture": "#0"},
				"west": {"uv": [0, 16, 8, 15], "rotation": 90, "texture": "#0"},
				"up": {"uv": [0, 16, 8, 15], "rotation": 90, "texture": "#0"},
				"down": {"uv": [7.5, 16, 8, 15], "rotation": 90, "texture": "#0"}
			}
		},
		{
			"from": [4.85, 4.11803, 7.55777],
			"to": [5.1, 9.11803, 8.05777],
			"rotation": {"angle": 22.5, "axis": "x", "origin": [16, 4.36803, -0.44223]},
			"faces": {
				"north": {"uv": [13, 0, 12.5, 10], "texture": "#0"},
				"east": {"uv": [13, 0, 12, 10], "texture": "#0"},
				"south": {"uv": [12.5, 0, 12, 10], "texture": "#0"},
				"west": {"uv": [13, 0, 12, 10], "texture": "#0"},
				"up": {"uv": [13, 0, 12, 10], "texture": "#0"},
				"down": {"uv": [13, 9.5, 12, 10], "texture": "#0"}
			}
		},
		{
			"from": [4.85, 4.11803, 8.05777],
			"to": [5.1, 8.11803, 8.55777],
			"rotation": {"angle": 22.5, "axis": "x", "origin": [16, 4.36803, -0.44223]},
			"faces": {
				"east": {"uv": [14, 0, 13, 8], "texture": "#0"},
				"south": {"uv": [13.5, 0, 13, 8], "texture": "#0"},
				"west": {"uv": [14, 0, 13, 8], "texture": "#0"},
				"up": {"uv": [14, 0, 13, 8], "texture": "#0"},
				"down": {"uv": [14, 7.5, 13, 8], "texture": "#0"}
			}
		},
		{
			"from": [4.85, 3.36803, 8.55777],
			"to": [5.1, 7.36803, 9.05777],
			"rotation": {"angle": 22.5, "axis": "x", "origin": [16, 4.36803, -0.44223]},
			"faces": {
				"north": {"uv": [7, 7, 6.5, 15], "texture": "#0"},
				"east": {"uv": [7, 7, 6, 15], "texture": "#0"},
				"south": {"uv": [6.5, 7, 6, 15], "texture": "#0"},
				"west": {"uv": [7, 7, 6, 15], "texture": "#0"},
				"up": {"uv": [7, 7, 6, 15], "texture": "#0"},
				"down": {"uv": [15, 6, 14, 5.5], "rotation": 90, "texture": "#0"}
			}
		},
		{
			"from": [4.85, 3.36803, 9.05777],
			"to": [5.1, 6.36803, 9.55777],
			"rotation": {"angle": 22.5, "axis": "x", "origin": [16, 4.36803, -0.44223]},
			"faces": {
				"east": {"uv": [15, 0, 14, 6], "texture": "#0"},
				"south": {"uv": [14.5, 0, 14, 6], "texture": "#0"},
				"west": {"uv": [15, 0, 14, 6], "texture": "#0"},
				"up": {"uv": [15, 0, 14, 6], "texture": "#0"},
				"down": {"uv": [14, 6, 15, 5.5], "rotation": 90, "texture": "#0"}
			}
		},
		{
			"from": [4.85, 3.61803, 9.55777],
			"to": [5.1, 5.61803, 10.05777],
			"rotation": {"angle": 22.5, "axis": "x", "origin": [16, 4.36803, -0.44223]},
			"faces": {
				"east": {"uv": [16, 0, 15, 4], "texture": "#0"},
				"south": {"uv": [15.5, 0, 15, 4], "texture": "#0"},
				"west": {"uv": [16, 0, 15, 4], "texture": "#0"},
				"up": {"uv": [16, 0, 15, 4], "texture": "#0"},
				"down": {"uv": [15, 4, 16, 3.5], "rotation": 90, "texture": "#0"}
			}
		}
	],
	"display": {
		"thirdperson_righthand": {
			"rotation": [75, 45, 0],
			"translation": [0, 1.5, 1],
			"scale": [0.375, 0.375, 0.375]
		},
		"thirdperson_lefthand": {
			"rotation": [75, 45, 0],
			"translation": [0, 2.5, 0.75],
			"scale": [0.375, 0.375, 0.375]
		},
		"firstperson_righthand": {
			"rotation": [0, 45, 0],
			"scale": [0.4, 0.4, 0.4]
		},
		"firstperson_lefthand": {
			"rotation": [0, 225, 0],
			"scale": [0.4, 0.4, 0.4]
		},
		"ground": {
			"translation": [0, 3, 0],
			"scale": [0.25, 0.25, 0.25]
		},
		"gui": {
			"rotation": [30, 225, 0],
			"translation": [0, 2, 0],
			"scale": [0.625, 0.625, 0.625]
		},
		"head": {
			"rotation": [7.5, 0, 0],
			"translation": [0, 23.75, 2.5],
			"scale": [2.65, 2.65, 2.65]
		},
		"fixed": {
			"rotation": [-90, 0, 0],
			"translation": [0, 0, -30],
			"scale": [4, 4, 4]
		}
	}
}