{
	"credit": "Made with Blockbench",
	"texture_size": [32, 32],
	"textures": {
		"0": "item/chao_emotes",
		"particle": "item/chao_emotes"
	},
	"elements": [
		{
			"from": [7, 0, 7],
			"to": [9, 2, 9],
			"rotation": {"angle": 0, "axis": "y", "origin": [7, -10, 7]},
			"faces": {
				"north": {"uv": [0, 4.5, 1, 5.5], "texture": "#0", "tintindex": 0},
				"east": {"uv": [0, 4.5, 1, 5.5], "texture": "#0", "tintindex": 0},
				"south": {"uv": [0, 4.5, 1, 5.5], "texture": "#0", "tintindex": 0},
				"west": {"uv": [0, 4.5, 1, 5.5], "texture": "#0", "tintindex": 0},
				"up": {"uv": [0, 4.5, 1, 5.5], "texture": "#0", "tintindex": 0},
				"down": {"uv": [0, 4.5, 1, 5.5], "texture": "#0", "tintindex": 0}
			}
		},
		{
			"from": [7, 3, 7],
			"to": [9, 5, 9],
			"rotation": {"angle": 0, "axis": "y", "origin": [7, -10, 7]},
			"faces": {
				"north": {"uv": [0, 3.5, 1, 4.5], "texture": "#0", "tintindex": 0},
				"east": {"uv": [0, 3.5, 1, 4.5], "texture": "#0", "tintindex": 0},
				"south": {"uv": [0, 3.5, 1, 4.5], "texture": "#0", "tintindex": 0},
				"west": {"uv": [0, 3.5, 1, 4.5], "texture": "#0", "tintindex": 0},
				"up": {"uv": [0, 3.5, 1, 4.5], "texture": "#0", "tintindex": 0},
				"down": {"uv": [0, 4.5, 1, 5.5], "texture": "#0", "tintindex": 0}
			}
		},
		{
			"from": [11.2825, 10.11093, 7.0012],
			"to": [13.2801, 12.10853, 8.9988],
			"rotation": {"angle": 0, "axis": "z", "origin": [11.03823, 12.97012, 8]},
			"faces": {
				"north": {"uv": [0, 3.5, 1, 4.5], "texture": "#0", "tintindex": 0},
				"east": {"uv": [0, 3.5, 1, 4.5], "texture": "#0", "tintindex": 0},
				"south": {"uv": [0, 3.5, 1, 4.5], "texture": "#0", "tintindex": 0},
				"west": {"uv": [0, 3.5, 1, 4.5], "texture": "#0", "tintindex": 0},
				"up": {"uv": [0, 1.75, 1, 2.75], "texture": "#0", "tintindex": 0},
				"down": {"uv": [0, 4.5, 1, 5.5], "texture": "#0", "tintindex": 0}
			}
		},
		{
			"from": [10.7824, 11.31794, 7.0011],
			"to": [12.7802, 13.31574, 8.9989],
			"rotation": {"angle": 22.5, "axis": "z", "origin": [11.03823, 12.97012, 8]},
			"faces": {
				"north": {"uv": [0, 0.75, 1, 1.75], "texture": "#0", "tintindex": 0},
				"east": {"uv": [0, 0.75, 1, 1.75], "texture": "#0", "tintindex": 0},
				"south": {"uv": [0, 0.75, 1, 1.75], "texture": "#0", "tintindex": 0},
				"west": {"uv": [0, 0.75, 1, 1.75], "texture": "#0", "tintindex": 0},
				"up": {"uv": [0, 0.75, 1, 1.75], "texture": "#0", "tintindex": 0},
				"down": {"uv": [0, 0.75, 1, 1.75], "texture": "#0", "tintindex": 0}
			}
		},
		{
			"from": [10.7823, 12.6244, 7.001],
			"to": [12.7803, 14.6224, 8.999],
			"rotation": {"angle": 45, "axis": "z", "origin": [11.03823, 12.97012, 8]},
			"faces": {
				"north": {"uv": [0, 0.75, 1, 1.75], "texture": "#0", "tintindex": 0},
				"east": {"uv": [0, 0.75, 1, 1.75], "texture": "#0", "tintindex": 0},
				"south": {"uv": [0, 0.75, 1, 1.75], "texture": "#0", "tintindex": 0},
				"west": {"uv": [0, 0.75, 1, 1.75], "texture": "#0", "tintindex": 0},
				"up": {"uv": [0, 0.75, 1, 1.75], "texture": "#0", "tintindex": 0},
				"down": {"uv": [0, 0.75, 1, 1.75], "texture": "#0", "tintindex": 0}
			}
		},
		{
			"from": [8.17874, 13.21409, 7.0009],
			"to": [10.17694, 15.21229, 8.9991],
			"rotation": {"angle": -22.5, "axis": "z", "origin": [11.03823, 12.97012, 8]},
			"faces": {
				"north": {"uv": [0, 0.75, 1, 1.75], "rotation": 90, "texture": "#0", "tintindex": 0},
				"east": {"uv": [0, 0.75, 1, 1.75], "rotation": 90, "texture": "#0", "tintindex": 0},
				"south": {"uv": [0, 0.75, 1, 1.75], "rotation": 90, "texture": "#0", "tintindex": 0},
				"west": {"uv": [0, 0.75, 1, 1.75], "rotation": 90, "texture": "#0", "tintindex": 0},
				"up": {"uv": [0, 0.75, 1, 1.75], "rotation": 90, "texture": "#0", "tintindex": 0},
				"down": {"uv": [0, 0.75, 1, 1.75], "rotation": 90, "texture": "#0", "tintindex": 0}
			}
		},
		{
			"from": [7.25477, 14.13787, 7.0008],
			"to": [9.25317, 16.13627, 8.9992],
			"rotation": {"angle": 0, "axis": "z", "origin": [6.2403, 11.26301, 8]},
			"faces": {
				"north": {"uv": [0, 0.75, 1, 1.75], "rotation": 90, "texture": "#0", "tintindex": 0},
				"east": {"uv": [0, 0.75, 1, 1.75], "rotation": 90, "texture": "#0", "tintindex": 0},
				"south": {"uv": [0, 0.75, 1, 1.75], "rotation": 90, "texture": "#0", "tintindex": 0},
				"west": {"uv": [0, 0.75, 1, 1.75], "rotation": 90, "texture": "#0", "tintindex": 0},
				"up": {"uv": [0, 0.75, 1, 1.75], "rotation": 90, "texture": "#0", "tintindex": 0},
				"down": {"uv": [0, 0.75, 1, 1.75], "rotation": 90, "texture": "#0", "tintindex": 0}
			}
		},
		{
			"from": [7.04273, 13.37884, 7.0007],
			"to": [9.04133, 15.37744, 8.9993],
			"rotation": {"angle": 22.5, "axis": "z", "origin": [6.2403, 11.26301, 8]},
			"faces": {
				"north": {"uv": [0, 0.75, 1, 1.75], "rotation": 90, "texture": "#0", "tintindex": 0},
				"east": {"uv": [0, 0.75, 1, 1.75], "rotation": 90, "texture": "#0", "tintindex": 0},
				"south": {"uv": [0, 0.75, 1, 1.75], "rotation": 90, "texture": "#0", "tintindex": 0},
				"west": {"uv": [0, 0.75, 1, 1.75], "rotation": 90, "texture": "#0", "tintindex": 0},
				"up": {"uv": [0, 0.75, 1, 1.75], "rotation": 90, "texture": "#0", "tintindex": 0},
				"down": {"uv": [0, 0.75, 1, 1.75], "rotation": 90, "texture": "#0", "tintindex": 0}
			}
		},
		{
			"from": [6.55639, 12.75869, 7.0006],
			"to": [8.55519, 14.75749, 8.9994],
			"rotation": {"angle": 45, "axis": "z", "origin": [6.2403, 11.26301, 8]},
			"faces": {
				"north": {"uv": [0, 0.75, 1, 1.75], "rotation": 90, "texture": "#0", "tintindex": 0},
				"east": {"uv": [0, 0.75, 1, 1.75], "rotation": 90, "texture": "#0", "tintindex": 0},
				"south": {"uv": [0, 0.75, 1, 1.75], "rotation": 90, "texture": "#0", "tintindex": 0},
				"west": {"uv": [0, 0.75, 1, 1.75], "rotation": 90, "texture": "#0", "tintindex": 0},
				"up": {"uv": [0, 0.75, 1, 1.75], "rotation": 90, "texture": "#0", "tintindex": 0},
				"down": {"uv": [0, 0.75, 1, 1.75], "rotation": 90, "texture": "#0", "tintindex": 0}
			}
		},
		{
			"from": [3.1325, 10.8925, 7.0005],
			"to": [5.1315, 12.8915, 8.9995],
			"rotation": {"angle": -22.5, "axis": "z", "origin": [6.2403, 11.26301, 8]},
			"faces": {
				"north": {"uv": [0, 0.75, 1, 1.75], "texture": "#0", "tintindex": 0},
				"east": {"uv": [0, 0.75, 1, 1.75], "texture": "#0", "tintindex": 0},
				"south": {"uv": [0, 0.75, 1, 1.75], "texture": "#0", "tintindex": 0},
				"west": {"uv": [0, 0.75, 1, 1.75], "texture": "#0", "tintindex": 0},
				"up": {"uv": [0, 0.75, 1, 1.75], "texture": "#0", "tintindex": 0},
				"down": {"uv": [0, 0.75, 1, 1.75], "texture": "#0", "tintindex": 0}
			}
		},
		{
			"from": [6.46583, 5.84795, 7.0001],
			"to": [8.46563, 7.84775, 8.9999],
			"rotation": {"angle": 22.5, "axis": "z", "origin": [10.86409, 6.7669, 8]},
			"faces": {
				"north": {"uv": [0, 0.75, 1, 1.75], "texture": "#0", "tintindex": 0},
				"east": {"uv": [0, 0.75, 1, 1.75], "texture": "#0", "tintindex": 0},
				"south": {"uv": [0, 0.75, 1, 1.75], "texture": "#0", "tintindex": 0},
				"west": {"uv": [0, 0.75, 1, 1.75], "texture": "#0", "tintindex": 0},
				"up": {"uv": [0, 0.75, 1, 1.75], "texture": "#0", "tintindex": 0},
				"down": {"uv": [0, 0.75, 1, 1.75], "texture": "#0", "tintindex": 0}
			}
		},
		{
			"from": [11.95358, 11.2036, 7.0002],
			"to": [13.95318, 15.2032, 8.9998],
			"rotation": {"angle": 45, "axis": "z", "origin": [16.35173, 2.12245, 8]},
			"faces": {
				"north": {"uv": [0, 0.25, 1, 2.25], "texture": "#0", "tintindex": 0},
				"east": {"uv": [0, 0.25, 1, 2.25], "texture": "#0", "tintindex": 0},
				"south": {"uv": [0, 0.25, 1, 2.25], "texture": "#0", "tintindex": 0},
				"west": {"uv": [0, 0.25, 1, 2.25], "texture": "#0", "tintindex": 0}
			}
		},
		{
			"from": [3.01499, 9.3511, 7.0003],
			"to": [5.01439, 11.3505, 8.9997],
			"rotation": {"angle": 22.5, "axis": "z", "origin": [6.2403, 11.26301, 8]},
			"faces": {
				"north": {"uv": [0, 0.75, 1, 1.75], "texture": "#0", "tintindex": 0},
				"east": {"uv": [0, 0.75, 1, 1.75], "texture": "#0", "tintindex": 0},
				"south": {"uv": [0, 0.75, 1, 1.75], "texture": "#0", "tintindex": 0},
				"west": {"uv": [0, 0.75, 1, 1.75], "texture": "#0", "tintindex": 0},
				"up": {"uv": [0, 0.75, 1, 1.75], "texture": "#0", "tintindex": 0},
				"down": {"uv": [0, 0.75, 1, 1.75], "texture": "#0", "tintindex": 0}
			}
		},
		{
			"from": [3.22703, 10.11013, 7.0004],
			"to": [5.22623, 12.10933, 8.9996],
			"rotation": {"angle": 0, "axis": "z", "origin": [6.2403, 11.26301, 8]},
			"faces": {
				"north": {"uv": [0, 0.75, 1, 1.75], "texture": "#0", "tintindex": 0},
				"east": {"uv": [0, 0.75, 1, 1.75], "texture": "#0", "tintindex": 0},
				"south": {"uv": [0, 0.75, 1, 1.75], "texture": "#0", "tintindex": 0},
				"west": {"uv": [0, 0.75, 1, 1.75], "texture": "#0", "tintindex": 0},
				"up": {"uv": [0, 0.75, 1, 1.75], "texture": "#0", "tintindex": 0},
				"down": {"uv": [0, 0.75, 1, 1.75], "texture": "#0", "tintindex": 0}
			}
		}
	],
	"display": {
		"thirdperson_righthand": {
			"rotation": [75, 45, 0],
			"translation": [0, 1.25, 0],
			"scale": [0.375, 0.375, 0.375]
		},
		"thirdperson_lefthand": {
			"rotation": [75, 45, 0],
			"translation": [0, 1.25, 0],
			"scale": [0.375, 0.375, 0.375]
		},
		"firstperson_righthand": {
			"rotation": [0, 90, 0],
			"scale": [0.4, 0.4, 0.4]
		},
		"firstperson_lefthand": {
			"rotation": [0, -90, 0],
			"scale": [0.4, 0.4, 0.4]
		},
		"ground": {
			"translation": [0, 3, 0],
			"scale": [0.25, 0.25, 0.25]
		},
		"gui": {
			"rotation": [30, 225, 0],
			"scale": [0.625, 0.625, 0.625]
		},
		"head": {
			"translation": [-0.25, 20, 0],
			"scale": [1.4, 1.4, 1.4]
		},
		"fixed": {
			"rotation": [-90, 0, 0],
			"translation": [0, 0, -20],
			"scale": [2.01, 2.01, 2.01]
		}
	}
}