{
	"credit": "Made with Blockbench",
	"textures": {
		"0": "item/devilhornsthree",
		"particle": "item/devilhornsthree"
	},
	"elements": [
		{
			"from": [0.60896, 4.06147, 4.75],
			"to": [2.60896, 6.06147, 6.25],
			"rotation": {"angle": 22.5, "axis": "z", "origin": [8, 0, 8.5]},
			"faces": {
				"north": {"uv": [0, 0, 2, 2], "texture": "#0"},
				"east": {"uv": [0, 2, 2, 4], "texture": "#0"},
				"south": {"uv": [2, 0, 4, 2], "texture": "#0"},
				"west": {"uv": [2, 2, 4, 4], "texture": "#0"},
				"up": {"uv": [2, 6, 0, 4], "texture": "#0"},
				"down": {"uv": [6, 0, 4, 2], "texture": "#0"}
			}
		},
		{
			"from": [0, 0, 4.5],
			"to": [2, 2, 6.5],
			"rotation": {"angle": 0, "axis": "y", "origin": [8, 0, 8.5]},
			"faces": {
				"north": {"uv": [2, 4, 4, 6], "texture": "#0"},
				"east": {"uv": [4, 2, 6, 4], "texture": "#0"},
				"south": {"uv": [4, 4, 6, 6], "texture": "#0"},
				"west": {"uv": [0, 6, 2, 8], "texture": "#0"},
				"up": {"uv": [8, 2, 6, 0], "texture": "#0"},
				"down": {"uv": [4, 6, 2, 8], "texture": "#0"}
			}
		},
		{
			"from": [-1, 2.5, 5],
			"to": [0.7, 4, 6],
			"rotation": {"angle": 0, "axis": "y", "origin": [8, 0, 8.5]},
			"faces": {
				"north": {"uv": [6, 2, 8, 4], "texture": "#0"},
				"east": {"uv": [9, 10, 10, 12], "texture": "#0"},
				"south": {"uv": [4, 6, 6, 8], "texture": "#0"},
				"west": {"uv": [11, 2, 12, 4], "texture": "#0"},
				"up": {"uv": [13, 5, 11, 4], "texture": "#0"},
				"down": {"uv": [13, 5, 11, 6], "texture": "#0"}
			}
		},
		{
			"from": [-1.46297, 0.32749, 5],
			"to": [0.23703, 1.57749, 6],
			"rotation": {"angle": -22.5, "axis": "z", "origin": [8, 0, 8.5]},
			"faces": {
				"north": {"uv": [11, 6, 13, 7], "texture": "#0"},
				"east": {"uv": [11, 13, 12, 14], "texture": "#0"},
				"south": {"uv": [11, 7, 13, 8], "texture": "#0"},
				"west": {"uv": [12, 13, 13, 14], "texture": "#0"},
				"up": {"uv": [13, 9, 11, 8], "texture": "#0"},
				"down": {"uv": [13, 9, 11, 10], "texture": "#0"}
			}
		},
		{
			"from": [0, 4.5, 5.25],
			"to": [1.25, 6, 5.75],
			"rotation": {"angle": 0, "axis": "y", "origin": [8, 0, 8.5]},
			"faces": {
				"north": {"uv": [10, 11, 11, 13], "texture": "#0"},
				"east": {"uv": [11, 10, 12, 12], "texture": "#0"},
				"south": {"uv": [0, 12, 1, 14], "texture": "#0"},
				"west": {"uv": [12, 0, 13, 2], "texture": "#0"},
				"up": {"uv": [14, 13, 13, 12], "texture": "#0"},
				"down": {"uv": [14, 13, 13, 14], "texture": "#0"}
			}
		},
		{
			"from": [0, 5.5, 5.25],
			"to": [0.75, 7, 5.75],
			"rotation": {"angle": 0, "axis": "z", "origin": [8, 0, 8.5]},
			"faces": {
				"north": {"uv": [1, 12, 2, 14], "texture": "#0"},
				"east": {"uv": [2, 12, 3, 14], "texture": "#0"},
				"south": {"uv": [12, 2, 13, 4], "texture": "#0"},
				"west": {"uv": [3, 12, 4, 14], "texture": "#0"},
				"up": {"uv": [1, 15, 0, 14], "texture": "#0"},
				"down": {"uv": [2, 14, 1, 15], "texture": "#0"}
			}
		},
		{
			"from": [2.69552, 7.96927, 5.25],
			"to": [3.44552, 10.46927, 5.75],
			"rotation": {"angle": 22.5, "axis": "z", "origin": [8, 0, 8.5]},
			"faces": {
				"north": {"uv": [10, 2, 11, 5], "texture": "#0"},
				"east": {"uv": [4, 10, 5, 13], "texture": "#0"},
				"south": {"uv": [5, 10, 6, 13], "texture": "#0"},
				"west": {"uv": [10, 5, 11, 8], "texture": "#0"},
				"up": {"uv": [3, 15, 2, 14], "texture": "#0"},
				"down": {"uv": [4, 14, 3, 15], "texture": "#0"}
			}
		},
		{
			"from": [0.60896, 4.06147, 9.75],
			"to": [2.60896, 6.06147, 11.25],
			"rotation": {"angle": 22.5, "axis": "z", "origin": [8, 0, 13.5]},
			"faces": {
				"north": {"uv": [6, 4, 8, 6], "texture": "#0"},
				"east": {"uv": [6, 6, 8, 8], "texture": "#0"},
				"south": {"uv": [0, 8, 2, 10], "texture": "#0"},
				"west": {"uv": [8, 0, 10, 2], "texture": "#0"},
				"up": {"uv": [4, 10, 2, 8], "texture": "#0"},
				"down": {"uv": [10, 2, 8, 4], "texture": "#0"}
			}
		},
		{
			"from": [0, 0, 9.5],
			"to": [2, 2, 11.5],
			"rotation": {"angle": 0, "axis": "y", "origin": [8, 0, 13.5]},
			"faces": {
				"north": {"uv": [4, 8, 6, 10], "texture": "#0"},
				"east": {"uv": [8, 4, 10, 6], "texture": "#0"},
				"south": {"uv": [6, 8, 8, 10], "texture": "#0"},
				"west": {"uv": [8, 6, 10, 8], "texture": "#0"},
				"up": {"uv": [10, 10, 8, 8], "texture": "#0"},
				"down": {"uv": [2, 10, 0, 12], "texture": "#0"}
			}
		},
		{
			"from": [-1, 2.5, 10],
			"to": [0.7, 4, 11],
			"rotation": {"angle": 0, "axis": "y", "origin": [8, 0, 13.5]},
			"faces": {
				"north": {"uv": [10, 0, 12, 2], "texture": "#0"},
				"east": {"uv": [9, 12, 10, 14], "texture": "#0"},
				"south": {"uv": [2, 10, 4, 12], "texture": "#0"},
				"west": {"uv": [12, 10, 13, 12], "texture": "#0"},
				"up": {"uv": [13, 13, 11, 12], "texture": "#0"},
				"down": {"uv": [15, 0, 13, 1], "texture": "#0"}
			}
		},
		{
			"from": [-1.46297, 0.32749, 10],
			"to": [0.23703, 1.57749, 11],
			"rotation": {"angle": -22.5, "axis": "z", "origin": [8, 0, 13.5]},
			"faces": {
				"north": {"uv": [13, 1, 15, 2], "texture": "#0"},
				"east": {"uv": [4, 14, 5, 15], "texture": "#0"},
				"south": {"uv": [13, 2, 15, 3], "texture": "#0"},
				"west": {"uv": [14, 4, 15, 5], "texture": "#0"},
				"up": {"uv": [15, 4, 13, 3], "texture": "#0"},
				"down": {"uv": [6, 13, 4, 14], "texture": "#0"}
			}
		},
		{
			"from": [0, 4.5, 10.25],
			"to": [1.25, 6, 10.75],
			"rotation": {"angle": 0, "axis": "y", "origin": [8, 0, 13.5]},
			"faces": {
				"north": {"uv": [13, 4, 14, 6], "texture": "#0"},
				"east": {"uv": [6, 13, 7, 15], "texture": "#0"},
				"south": {"uv": [13, 6, 14, 8], "texture": "#0"},
				"west": {"uv": [7, 13, 8, 15], "texture": "#0"},
				"up": {"uv": [6, 15, 5, 14], "texture": "#0"},
				"down": {"uv": [15, 5, 14, 6], "texture": "#0"}
			}
		},
		{
			"from": [0, 5.5, 10.25],
			"to": [0.75, 7, 10.75],
			"rotation": {"angle": 0, "axis": "z", "origin": [8, 0, 13.5]},
			"faces": {
				"north": {"uv": [8, 13, 9, 15], "texture": "#0"},
				"east": {"uv": [13, 8, 14, 10], "texture": "#0"},
				"south": {"uv": [10, 13, 11, 15], "texture": "#0"},
				"west": {"uv": [13, 10, 14, 12], "texture": "#0"},
				"up": {"uv": [15, 7, 14, 6], "texture": "#0"},
				"down": {"uv": [15, 7, 14, 8], "texture": "#0"}
			}
		},
		{
			"from": [2.69552, 7.96927, 10.25],
			"to": [3.44552, 10.46927, 10.75],
			"rotation": {"angle": 22.5, "axis": "z", "origin": [8, 0, 13.5]},
			"faces": {
				"north": {"uv": [6, 10, 7, 13], "texture": "#0"},
				"east": {"uv": [7, 10, 8, 13], "texture": "#0"},
				"south": {"uv": [8, 10, 9, 13], "texture": "#0"},
				"west": {"uv": [10, 8, 11, 11], "texture": "#0"},
				"up": {"uv": [15, 9, 14, 8], "texture": "#0"},
				"down": {"uv": [10, 14, 9, 15], "texture": "#0"}
			}
		}
	],
	"display": {
		"thirdperson_righthand": {
			"rotation": [85, -82.5, 0],
			"translation": [0.5, -3.5, 4.75],
			"scale": [0.58, 0.58, 0.58]
		},
		"thirdperson_lefthand": {
			"rotation": [84.5, 88, 0],
			"translation": [0, -3.5, 4.5],
			"scale": [0.58, 0.58, 0.58]
		},
		"firstperson_righthand": {
			"translation": [0, -2.5, 0]
		},
		"firstperson_lefthand": {
			"translation": [0, -2.75, 0]
		},
		"ground": {
			"translation": [0, 3, 0],
			"scale": [0.25, 0.25, 0.25]
		},
		"gui": {
			"rotation": [30, 225, 0],
			"translation": [-3, 0, 0],
			"scale": [0.625, 0.625, 0.625]
		},
		"head": {
			"rotation": [0, -90, -7.5],
			"translation": [0, 17, 10],
			"scale": [2.05, 2.05, 2.05]
		},
		"fixed": {
			"rotation": [0, -89, 0],
			"translation": [0, 13.75, 18],
			"scale": [3, 3, 3]
		}
	},
	"groups": [
		{
			"name": "group",
			"origin": [8, 8, 8],
			"color": 0,
			"children": [
				{
					"name": "group",
					"origin": [8, 8, 8],
					"color": 0,
					"children": [0, 1, 2, 3, 4, 5, 6]
				},
				{
					"name": "group",
					"origin": [8, 8, 8],
					"color": 0,
					"children": [7, 8, 9, 10, 11, 12, 13]
				}
			]
		}
	]
}