{
	"credit": "Made with Blockbench",
	"texture_size": [32, 32],
	"textures": {
		"0": "item/captain_misato_hat",
		"particle": "item/captain_misato_hat"
	},
	"elements": [
		{
			"from": [3.5, 1, 3.5],
			"to": [12.5, 6, 12.5],
			"rotation": {"angle": 0, "axis": "y", "origin": [-0.5, -0.5, -0.5]},
			"faces": {
				"north": {"uv": [9, 7.5, 13.5, 10], "texture": "#0"},
				"east": {"uv": [9, 7.5, 13.5, 10], "texture": "#0"},
				"south": {"uv": [9, 7.5, 13.5, 10], "texture": "#0"},
				"west": {"uv": [9, 7.5, 13.5, 10], "texture": "#0"},
				"up": {"uv": [4.5, 10, 0, 5.5], "texture": "#0"},
				"down": {"uv": [9, 5.5, 4.5, 10], "texture": "#0"}
			}
		},
		{
			"from": [3.499, 0.999, 3.499],
			"to": [12.501, 6.001, 12.501],
			"rotation": {"angle": 0, "axis": "y", "origin": [-0.5, -0.5, -0.5]},
			"faces": {
				"north": {"uv": [9, 5, 13.5, 7.5], "texture": "#0"},
				"east": {"uv": [9, 2.5, 13.5, 5], "texture": "#0"},
				"south": {"uv": [9, 0, 13.5, 2.5], "texture": "#0"},
				"west": {"uv": [9, 2.5, 13.5, 5], "texture": "#0"}
			}
		},
		{
			"from": [3.5, 0, 2],
			"to": [12.5, 1, 12.5],
			"rotation": {"angle": 0, "axis": "y", "origin": [-0.5, -0.5, -0.5]},
			"faces": {
				"north": {"uv": [9, 11, 13.5, 11.5], "texture": "#0"},
				"east": {"uv": [9, 10, 14.25, 10.5], "texture": "#0"},
				"south": {"uv": [0, 11.5, 4.5, 12], "texture": "#0"},
				"west": {"uv": [14.25, 10, 9, 10.5], "texture": "#0"},
				"up": {"uv": [4.5, 5.25, 0, 0], "texture": "#0"},
				"down": {"uv": [9, 0, 4.5, 5.25], "texture": "#0"}
			}
		},
		{
			"from": [4, -1.5, 4],
			"to": [12, -0.5, 4.5],
			"rotation": {"angle": 0, "axis": "y", "origin": [-0.5, -0.5, -0.5]},
			"faces": {
				"north": {"uv": [0.25, 10, 4.25, 10.5], "texture": "#0"},
				"east": {"uv": [0, 10, 0.25, 10.5], "texture": "#0"},
				"south": {"uv": [0, 10, 4.5, 10.5], "texture": "#0"},
				"west": {"uv": [4.25, 10, 4.5, 10.5], "texture": "#0"},
				"up": {"uv": [0, 10.25, 4.5, 10.5], "texture": "#0"},
				"down": {"uv": [0, 10.25, 4.5, 10.5], "texture": "#0"}
			}
		},
		{
			"from": [4, -1.5, 12],
			"to": [12, -0.5, 12.5],
			"rotation": {"angle": 0, "axis": "y", "origin": [-0.5, -0.5, 16.5]},
			"faces": {
				"north": {"uv": [4.25, 10.5, 0.25, 10], "texture": "#0"},
				"east": {"uv": [0.25, 10, 0, 10.5], "texture": "#0"},
				"south": {"uv": [4.25, 10.5, 0.25, 10], "texture": "#0"},
				"west": {"uv": [4.5, 10, 4.25, 10.5], "texture": "#0"},
				"up": {"uv": [0, 10.5, 4.5, 10.25], "texture": "#0"},
				"down": {"uv": [0, 10.5, 4.5, 10.25], "texture": "#0"}
			}
		},
		{
			"from": [4, -1.5, 4.5],
			"to": [4.5, -0.5, 12],
			"rotation": {"angle": 0, "axis": "y", "origin": [8.75, 5, 4]},
			"faces": {
				"north": {"uv": [0.25, 10, 0, 10.5], "texture": "#0"},
				"east": {"uv": [4.25, 10.5, 0.5, 10], "texture": "#0"},
				"south": {"uv": [4.5, 10, 4.25, 10.5], "texture": "#0"},
				"west": {"uv": [4.25, 10.5, 0.5, 10], "texture": "#0"},
				"up": {"uv": [0, 10.5, 4.5, 10.25], "rotation": 90, "texture": "#0"},
				"down": {"uv": [0, 10.5, 4.5, 10.25], "rotation": 90, "texture": "#0"}
			}
		},
		{
			"from": [11.5, -1.5, 4.5],
			"to": [12, -0.5, 12],
			"rotation": {"angle": 0, "axis": "y", "origin": [7.25, 5, 4]},
			"faces": {
				"north": {"uv": [0, 10, 0.25, 10.5], "texture": "#0"},
				"east": {"uv": [0.5, 10.5, 4.25, 10], "texture": "#0"},
				"south": {"uv": [4.25, 10, 4.5, 10.5], "texture": "#0"},
				"west": {"uv": [0.5, 10.5, 4.25, 10], "texture": "#0"},
				"up": {"uv": [0, 10.25, 4.5, 10.5], "rotation": 90, "texture": "#0"},
				"down": {"uv": [0, 10.25, 4.5, 10.5], "rotation": 90, "texture": "#0"}
			}
		},
		{
			"from": [4, -2.5, 4],
			"to": [12, -1.5, 4.5],
			"rotation": {"angle": 0, "axis": "y", "origin": [-0.5, -0.5, -0.5]},
			"faces": {
				"north": {"uv": [0.25, 10.5, 4.25, 11], "texture": "#0"},
				"east": {"uv": [0.25, 10.5, 0.5, 11], "texture": "#0"},
				"south": {"uv": [0.25, 10.5, 4.25, 11], "texture": "#0"},
				"west": {"uv": [4, 10.5, 4.25, 11], "texture": "#0"},
				"up": {"uv": [4.5, 0, 0, 0], "texture": "#0"},
				"down": {"uv": [0.25, 10.75, 4.25, 11], "texture": "#0"}
			}
		},
		{
			"from": [8.5, -3, 4],
			"to": [11.5, -2.5, 4.5],
			"rotation": {"angle": 0, "axis": "y", "origin": [-0.5, -0.5, -0.5]},
			"faces": {
				"north": {"uv": [0.5, 11, 2, 11.25], "texture": "#0"},
				"east": {"uv": [0.5, 11, 0.75, 11.25], "texture": "#0"},
				"south": {"uv": [2, 11, 0.5, 11.25], "texture": "#0"},
				"west": {"uv": [1.75, 11, 2, 11.25], "texture": "#0"},
				"up": {"uv": [4.5, 0, 0, 0], "texture": "#0"},
				"down": {"uv": [2, 11, 0.5, 11.25], "texture": "#0"}
			}
		},
		{
			"from": [4.5, -3, 4],
			"to": [7.5, -2.5, 4.5],
			"rotation": {"angle": 0, "axis": "y", "origin": [-0.5, -0.5, -0.5]},
			"faces": {
				"north": {"uv": [2, 11, 0.5, 11.25], "texture": "#0"},
				"east": {"uv": [1.75, 11, 2, 11.25], "texture": "#0"},
				"south": {"uv": [0.5, 11, 2, 11.25], "texture": "#0"},
				"west": {"uv": [0.5, 11, 0.75, 11.25], "texture": "#0"},
				"up": {"uv": [4.5, 0, 0, 0], "texture": "#0"},
				"down": {"uv": [0.5, 11, 2, 11.25], "texture": "#0"}
			}
		}
	],
	"display": {
		"thirdperson_righthand": {
			"rotation": [75, 45, 0],
			"translation": [0, 2.5, 0],
			"scale": [0.375, 0.375, 0.375]
		},
		"thirdperson_lefthand": {
			"rotation": [75, 45, 0],
			"translation": [0, 2.5, 0],
			"scale": [0.375, 0.375, 0.375]
		},
		"firstperson_righthand": {
			"rotation": [0, 20, 0],
			"translation": [1, 0, 0],
			"scale": [0.4, 0.4, 0.4]
		},
		"firstperson_lefthand": {
			"rotation": [0, 20, 0],
			"translation": [1, 0, 0],
			"scale": [0.4, 0.4, 0.4]
		},
		"ground": {
			"translation": [0, 3, 0],
			"scale": [0.25, 0.25, 0.25]
		},
		"gui": {
			"rotation": [30, 145, 0],
			"translation": [0.25, 0, 0]
		},
		"head": {
			"rotation": [7.5, 0, 0],
			"translation": [0, 15.5, 1.5],
			"scale": [1.7, 1.7, 1.7]
		},
		"fixed": {
			"rotation": [-79.5, 0, 0],
			"translation": [0.25, 2.25, -19.5],
			"scale": [2, 2, 2]
		}
	}
}