{
	"credit": "Made with Blockbench",
	"textures": {
		"1": "item/luigi_hat"
	},
	"elements": [
		{
			"from": [4, 0, 1],
			"to": [12, 1, 3],
			"rotation": {"angle": 0, "axis": "y", "origin": [7.5, 7.5, 7.5]},
			"faces": {
				"north": {"uv": [1, 9, 9, 10], "texture": "#1"},
				"east": {"uv": [8, 9, 10, 10], "texture": "#1"},
				"south": {"uv": [0, 10, 10, 11], "texture": "#1"},
				"west": {"uv": [0, 9, 2, 10], "texture": "#1"},
				"up": {"uv": [0, 13, 8, 11], "texture": "#1"},
				"down": {"uv": [0, 13, 8, 11], "texture": "#1"}
			}
		},
		{
			"from": [5, -0.025, 9],
			"to": [11, -0.025, 11],
			"rotation": {"angle": 0, "axis": "y", "origin": [7.5, 7.5, 7.5]},
			"faces": {
				"north": {"uv": [0, 0, 0, 0], "texture": "#1"},
				"east": {"uv": [0, 0, 0, 0], "texture": "#1"},
				"south": {"uv": [0, 0, 0, 0], "texture": "#1"},
				"west": {"uv": [0, 0, 0, 0], "texture": "#1"},
				"up": {"uv": [0, 0, 0, 0], "texture": "#1"},
				"down": {"uv": [0, 13, 1, 12], "texture": "#1"}
			}
		},
		{
			"from": [4, -0.025, 4],
			"to": [12, -0.025, 9.25],
			"rotation": {"angle": 0, "axis": "y", "origin": [7.5, 7.5, 7.5]},
			"faces": {
				"north": {"uv": [0, 0, 0, 0], "texture": "#1"},
				"east": {"uv": [0, 0, 0, 0], "texture": "#1"},
				"south": {"uv": [0, 0, 0, 0], "texture": "#1"},
				"west": {"uv": [0, 0, 0, 0], "texture": "#1"},
				"up": {"uv": [0, 0, 0, 0], "texture": "#1"},
				"down": {"uv": [0, 13, 1, 12], "texture": "#1"}
			}
		},
		{
			"from": [5, 0, 0],
			"to": [11, 1, 1],
			"rotation": {"angle": 0, "axis": "y", "origin": [7.5, 7.5, 7.5]},
			"faces": {
				"north": {"uv": [1, 12, 7, 13], "texture": "#1"},
				"east": {"uv": [1, 9, 2, 10], "texture": "#1"},
				"south": {"uv": [0, 10, 10, 11], "texture": "#1"},
				"west": {"uv": [1, 9, 2, 10], "texture": "#1"},
				"up": {"uv": [1, 12, 7, 13], "texture": "#1"},
				"down": {"uv": [1, 12, 7, 13], "texture": "#1"}
			}
		},
		{
			"from": [4, 0, 10],
			"to": [12, 3, 12],
			"rotation": {"angle": 0, "axis": "y", "origin": [3, -5.5, -2]},
			"faces": {
				"north": {"uv": [15, 14, 16, 15], "texture": "#1"},
				"east": {"uv": [7, 0, 6, 3], "texture": "#1"},
				"south": {"uv": [7, 0, 8, 3], "texture": "#1"},
				"west": {"uv": [7, 0, 6, 3], "texture": "#1"},
				"up": {"uv": [7, 2, 6, 3], "texture": "#1"},
				"down": {"uv": [6, 2, 5, 3], "texture": "#1"}
			}
		},
		{
			"from": [3.75, 0, 3.25],
			"to": [12.25, 4, 10.25],
			"rotation": {"angle": 0, "axis": "y", "origin": [3, -5.5, -2]},
			"faces": {
				"north": {"uv": [8, 12, 0, 13], "texture": "#1"},
				"east": {"uv": [7, 0, 0, 4], "texture": "#1"},
				"south": {"uv": [0, 0, 1, 1], "texture": "#1"},
				"west": {"uv": [0, 0, 7, 4], "texture": "#1"},
				"up": {"uv": [9, 3, 10, 10], "texture": "#1"},
				"down": {"uv": [6, 2, 5, 3], "texture": "#1"}
			}
		},
		{
			"from": [3, 0, 3],
			"to": [13, 3, 10.275],
			"rotation": {"angle": 0, "axis": "y", "origin": [3, -5.5, -2]},
			"faces": {
				"north": {"uv": [0, 13, 10, 16], "texture": "#1"},
				"east": {"uv": [7, 0, 0, 3], "texture": "#1"},
				"south": {"uv": [6, 0, 7, 3], "texture": "#1"},
				"west": {"uv": [0, 0, 7, 3], "texture": "#1"},
				"up": {"uv": [0, 3, 10, 10], "texture": "#1"},
				"down": {"uv": [6, 2, 5, 3], "texture": "#1"}
			}
		},
		{
			"from": [4.5, 4, 3.5],
			"to": [11.5, 5, 8.5],
			"rotation": {"angle": 0, "axis": "y", "origin": [3, -5.5, -2]},
			"faces": {
				"north": {"uv": [7, 2, 0, 3], "texture": "#1"},
				"east": {"uv": [5, 0, 0, 1], "texture": "#1"},
				"south": {"uv": [2, 0, 1, 1], "texture": "#1"},
				"west": {"uv": [0, 0, 5, 1], "texture": "#1"},
				"up": {"uv": [7, 2, 0, 7], "texture": "#1"},
				"down": {"uv": [15, 14, 16, 15], "texture": "#1"}
			}
		},
		{
			"name": "patch",
			"from": [6.5, 0.975, 2.85],
			"to": [9.5, 3.975, 3.85],
			"rotation": {"angle": 0, "axis": "y", "origin": [7.5, 7.5, 7.5]},
			"faces": {
				"north": {"uv": [10, 10, 16, 16], "texture": "#1"},
				"east": {"uv": [10, 10, 11, 16], "texture": "#1"},
				"south": {"uv": [10, 10, 16, 16], "texture": "#1"},
				"west": {"uv": [15, 10, 16, 16], "texture": "#1"},
				"up": {"uv": [10, 10, 16, 11], "texture": "#1"},
				"down": {"uv": [10, 15, 16, 16], "texture": "#1"}
			}
		},
		{
			"name": "L",
			"from": [7.325, 1.475, 2.84],
			"to": [8.675, 3.475, 3.84],
			"rotation": {"angle": 0, "axis": "y", "origin": [7.15, 7.5, 7.5]},
			"faces": {
				"north": {"uv": [10, 7, 12, 10], "texture": "#1"},
				"east": {"uv": [0, 0, 0, 0], "texture": "#1"},
				"south": {"uv": [0, 0, 0, 0], "texture": "#1"},
				"west": {"uv": [0, 0, 0, 0], "texture": "#1"},
				"up": {"uv": [0, 0, 0, 0], "texture": "#1"},
				"down": {"uv": [0, 0, 0, 0], "texture": "#1"}
			}
		}
	],
	"display": {
		"thirdperson_righthand": {
			"rotation": [75, 45, 0],
			"translation": [0, 1.5, 1],
			"scale": [0.375, 0.375, 0.375]
		},
		"thirdperson_lefthand": {
			"rotation": [75, 45, 0],
			"translation": [0, 2.5, 0.75],
			"scale": [0.375, 0.375, 0.375]
		},
		"firstperson_righthand": {
			"rotation": [0, 45, 0],
			"scale": [0.4, 0.4, 0.4]
		},
		"firstperson_lefthand": {
			"rotation": [0, 225, 0],
			"scale": [0.4, 0.4, 0.4]
		},
		"ground": {
			"translation": [0, 3, 0],
			"scale": [0.25, 0.25, 0.25]
		},
		"gui": {
			"rotation": [30, 225, 0],
			"translation": [0, 3, 0],
			"scale": [0.625, 0.625, 0.625]
		},
		"head": {
			"rotation": [7.5, 0, 0],
			"translation": [0, 17, 3],
			"scale": [1.83, 1.83, 1.83]
		},
		"fixed": {
			"rotation": [-90, 0, 0],
			"translation": [0, 1.25, -19.5],
			"scale": [2.7, 2.7, 2.7]
		}
	}
}