{
	"credit": "Made with Blockbench",
	"texture_size": [64, 64],
	"textures": {
		"0": "item/geno_hat",
		"particle": "item/geno_hat"
	},
	"elements": [
		{
			"from": [3.5, 0, 3.75],
			"to": [12.5, 3, 12.75],
			"rotation": {"angle": 0, "axis": "y", "origin": [-0.25, -5, 0]},
			"faces": {
				"north": {"uv": [0, 0, 4.5, 1.5], "texture": "#0"},
				"east": {"uv": [0, 4.5, 4.5, 6], "texture": "#0"},
				"south": {"uv": [0, 4.5, 4.5, 6], "texture": "#0"},
				"west": {"uv": [0, 4.5, 4.5, 6], "texture": "#0"},
				"up": {"uv": [4.5, 0, 9, 4.5], "texture": "#0"},
				"down": {"uv": [4.5, 4.5, 9, 9], "texture": "#0"}
			}
		},
		{
			"from": [4, 1.14315, 4.5782],
			"to": [12, 4.14315, 11.5782],
			"rotation": {"angle": 22.5, "axis": "x", "origin": [8, 3.14315, 8.5782]},
			"faces": {
				"north": {"uv": [0, 11, 4, 12.5], "texture": "#0"},
				"east": {"uv": [3.5, 8, 0, 9.5], "texture": "#0"},
				"west": {"uv": [0, 8, 3.5, 9.5], "texture": "#0"},
				"up": {"uv": [0, 12.5, 4, 16], "texture": "#0"}
			}
		},
		{
			"from": [4.5, 3.06223, 3.38669],
			"to": [11.5, 6.06223, 10.38669],
			"rotation": {"angle": 45, "axis": "x", "origin": [8, 2.06223, 7.38669]},
			"faces": {
				"north": {"uv": [4, 14.5, 7.5, 16], "texture": "#0"},
				"east": {"uv": [7.5, 11.5, 4, 13], "texture": "#0"},
				"south": {"uv": [9, 2.5, 5.5, 4.5], "texture": "#missing"},
				"west": {"uv": [4, 11.5, 7.5, 13], "texture": "#0"},
				"up": {"uv": [7.5, 12.5, 11, 16], "texture": "#0"},
				"down": {"uv": [0, 6.5, 3.5, 3], "texture": "#missing"}
			}
		},
		{
			"from": [5, 0.49283, 9.2219],
			"to": [11, 6.49283, 12.2219],
			"rotation": {"angle": -22.5, "axis": "x", "origin": [8, 2.49283, 5.2219]},
			"faces": {
				"north": {"uv": [5, 0, 2.5, 2], "rotation": 180, "texture": "#missing"},
				"east": {"uv": [13, 14.5, 16, 13], "rotation": 270, "texture": "#0"},
				"south": {"uv": [13, 10, 16, 13], "texture": "#0"},
				"west": {"uv": [13, 13, 16, 14.5], "rotation": 270, "texture": "#0"},
				"up": {"uv": [11.5, 13, 13, 16], "rotation": 270, "texture": "#0"},
				"down": {"uv": [13, 8.5, 16, 10], "texture": "#0"}
			}
		},
		{
			"from": [6, 1.74283, 12.2219],
			"to": [10, 5.74283, 13.2219],
			"rotation": {"angle": -22.5, "axis": "x", "origin": [8, 2.49283, 5.2219]},
			"faces": {
				"north": {"uv": [5, 0, 2.5, 2], "rotation": 180, "texture": "#missing"},
				"east": {"uv": [14.5, 4.5, 15, 6.5], "texture": "#0"},
				"south": {"uv": [14, 6.5, 16, 8.5], "texture": "#0"},
				"west": {"uv": [14.5, 4.5, 15, 6.5], "texture": "#0"},
				"up": {"uv": [15, 4.5, 15.5, 6.5], "rotation": 90, "texture": "#0"},
				"down": {"uv": [14, 4.5, 14.5, 6.5], "rotation": 90, "texture": "#0"}
			}
		},
		{
			"from": [7, 5.91, 12.14436],
			"to": [9, 7.91, 13.14436],
			"rotation": {"angle": -22.5, "axis": "x", "origin": [8, 6.785, 12.64436]},
			"faces": {
				"north": {"uv": [5, 0, 2.5, 2], "rotation": 180, "texture": "#missing"},
				"east": {"uv": [14, 3.5, 14.5, 4.5], "texture": "#0"},
				"south": {"uv": [15, 3.5, 16, 4.5], "texture": "#0"},
				"west": {"uv": [14, 3.5, 14.5, 4.5], "texture": "#0"},
				"up": {"uv": [15, 3, 16, 3.5], "texture": "#0"},
				"down": {"uv": [15, 2.5, 16, 3], "texture": "#0"}
			}
		},
		{
			"from": [8.5, -0.19227, 2.78844],
			"to": [10.5, -0.19227, 3.78844],
			"rotation": {"angle": -22.5, "axis": "x", "origin": [10.5, -0.19227, 3.28844]},
			"faces": {
				"north": {"uv": [0, 0, 0.5, 0], "texture": "#missing"},
				"east": {"uv": [0, 0, 0.25, 0], "texture": "#missing"},
				"south": {"uv": [0, 0, 0.5, 0], "texture": "#missing"},
				"west": {"uv": [0, 0, 0.25, 0], "texture": "#missing"},
				"up": {"uv": [15, 0, 16, 0.5], "texture": "#0"},
				"down": {"uv": [15, 0, 16, 0.5], "texture": "#0"}
			}
		},
		{
			"from": [8.5, -0.38368, 1.32612],
			"to": [10.5, -0.38368, 2.82612],
			"rotation": {"angle": 0, "axis": "x", "origin": [10.5, -0.38368, 2.32612]},
			"faces": {
				"north": {"uv": [0, 0, 0.5, 0], "texture": "#missing"},
				"east": {"uv": [0, 0, 0.375, 0], "texture": "#missing"},
				"south": {"uv": [0, 0, 0.5, 0], "texture": "#missing"},
				"west": {"uv": [0, 0, 0.375, 0], "texture": "#missing"},
				"up": {"uv": [15, 0, 16, 0.5], "texture": "#0"},
				"down": {"uv": [15, 0, 16, 0.5], "texture": "#0"}
			}
		},
		{
			"from": [8.5, -0.57495, 0.28768],
			"to": [10.5, -0.57495, 1.28768],
			"rotation": {"angle": 22.5, "axis": "x", "origin": [10.5, -0.57495, 1.78768]},
			"faces": {
				"north": {"uv": [0, 0, 0.5, 0], "texture": "#missing"},
				"east": {"uv": [0, 0, 0.25, 0], "texture": "#missing"},
				"south": {"uv": [0, 0, 0.5, 0], "texture": "#missing"},
				"west": {"uv": [0, 0, 0.25, 0], "texture": "#missing"},
				"up": {"uv": [15, 0, 16, 0.5], "texture": "#0"},
				"down": {"uv": [15, 0, 16, 0.5], "texture": "#0"}
			}
		},
		{
			"from": [8.5, 0.35285, -0.45202],
			"to": [10.5, 0.35285, 0.54798],
			"rotation": {"angle": 45, "axis": "x", "origin": [9.5, 0.35285, 0.04798]},
			"faces": {
				"north": {"uv": [0, 0, 0.5, 0], "texture": "#missing"},
				"east": {"uv": [0, 0, 0.25, 0], "texture": "#missing"},
				"south": {"uv": [0, 0, 0.5, 0], "texture": "#missing"},
				"west": {"uv": [0, 0, 0.25, 0], "texture": "#missing"},
				"up": {"uv": [15, 0, 16, 0.5], "texture": "#0"},
				"down": {"uv": [15, 0, 16, 0.5], "texture": "#0"}
			}
		},
		{
			"from": [8.5, 0.66866, -0.49713],
			"to": [10.5, 1.66866, -0.49713],
			"rotation": {"angle": -22.5, "axis": "x", "origin": [10.5, 1.16866, -0.49713]},
			"faces": {
				"north": {"uv": [15, 0, 16, 0.5], "texture": "#0"},
				"east": {"uv": [0, 0, 0.25, 0], "rotation": 270, "texture": "#missing"},
				"south": {"uv": [15, 0, 16, 0.5], "texture": "#0"},
				"west": {"uv": [0, 0, 0.25, 0], "rotation": 90, "texture": "#missing"},
				"up": {"uv": [0, 0, 0.5, 0], "rotation": 180, "texture": "#missing"},
				"down": {"uv": [0, 0, 0.5, 0], "texture": "#missing"}
			}
		},
		{
			"from": [8.5, 4.82495, 0.28768],
			"to": [10.5, 4.82495, 1.28768],
			"rotation": {"angle": -22.5, "axis": "x", "origin": [10.5, 4.82495, 1.78768]},
			"faces": {
				"north": {"uv": [0, 0, 0.5, 0], "texture": "#missing"},
				"east": {"uv": [0, 0, 0.25, 0], "texture": "#missing"},
				"south": {"uv": [0, 0, 0.5, 0], "texture": "#missing"},
				"west": {"uv": [0, 0, 0.25, 0], "texture": "#missing"},
				"up": {"uv": [15, 0, 16, 0.5], "texture": "#0"},
				"down": {"uv": [15, 0, 16, 0.5], "texture": "#0"}
			}
		},
		{
			"from": [8.5, 2.58134, -0.49713],
			"to": [10.5, 3.58134, -0.49713],
			"rotation": {"angle": 22.5, "axis": "x", "origin": [10.5, 3.08134, -0.49713]},
			"faces": {
				"north": {"uv": [15, 0, 16, 0.5], "texture": "#0"},
				"east": {"uv": [0.25, 0, 0.5, 0], "rotation": 270, "texture": "#missing"},
				"south": {"uv": [15, 0, 16, 0.5], "texture": "#0"},
				"west": {"uv": [0.25, 0, 0.5, 0], "rotation": 90, "texture": "#missing"},
				"up": {"uv": [0, 0, 0.5, 0], "texture": "#missing"},
				"down": {"uv": [0, 0, 0.5, 0], "rotation": 180, "texture": "#missing"}
			}
		},
		{
			"from": [8.5, 3.89715, -0.45202],
			"to": [10.5, 3.89715, 0.54798],
			"rotation": {"angle": -45, "axis": "x", "origin": [9.5, 3.89715, 0.04798]},
			"faces": {
				"north": {"uv": [15, 0, 16, 0.5], "texture": "#0"},
				"east": {"uv": [15, 0, 16, 0.5], "texture": "#0"},
				"south": {"uv": [15, 0, 16, 0.5], "texture": "#0"},
				"west": {"uv": [15, 0, 16, 0.5], "texture": "#0"},
				"up": {"uv": [15, 0, 16, 0.5], "texture": "#0"},
				"down": {"uv": [15, 0, 16, 0.5], "texture": "#0"}
			}
		},
		{
			"from": [8.5, 1.63099, -0.68855],
			"to": [10.5, 2.63099, -0.68855],
			"rotation": {"angle": 0, "axis": "x", "origin": [10.5, 1.13099, -0.68855]},
			"faces": {
				"north": {"uv": [15, 0, 16, 0.5], "texture": "#0"},
				"east": {"uv": [0, 0, 0.25, 0], "rotation": 270, "texture": "#missing"},
				"south": {"uv": [15, 0, 16, 0.5], "texture": "#0"},
				"west": {"uv": [0, 0, 0.25, 0], "rotation": 90, "texture": "#missing"},
				"up": {"uv": [0, 0, 0.5, 0], "rotation": 180, "texture": "#missing"},
				"down": {"uv": [0, 0, 0.5, 0], "texture": "#missing"}
			}
		},
		{
			"from": [8.5, 3.89715, 2.10273],
			"to": [10.5, 3.89715, 3.10273],
			"rotation": {"angle": 45, "axis": "x", "origin": [9.5, 3.89715, 2.60273]},
			"faces": {
				"north": {"uv": [0.5, 0, 1, 0], "texture": "#missing"},
				"east": {"uv": [0.25, 0, 0.5, 0], "texture": "#missing"},
				"south": {"uv": [0.5, 0, 1, 0], "texture": "#missing"},
				"west": {"uv": [0.25, 0, 0.5, 0], "texture": "#missing"},
				"up": {"uv": [15, 0, 16, 0.5], "texture": "#0"},
				"down": {"uv": [15, 0, 16, 0.5], "texture": "#0"}
			}
		},
		{
			"from": [8.5, 2.58134, 3.14784],
			"to": [10.5, 3.58134, 3.14784],
			"rotation": {"angle": -22.5, "axis": "x", "origin": [10.5, 3.08134, 3.14784]},
			"faces": {
				"north": {"uv": [15, 0, 16, 0.5], "texture": "#0"},
				"east": {"uv": [0.25, 0, 0.5, 0], "rotation": 270, "texture": "#missing"},
				"south": {"uv": [15, 0, 16, 0.5], "texture": "#0"},
				"west": {"uv": [0.25, 0, 0.5, 0], "rotation": 90, "texture": "#missing"},
				"up": {"uv": [0, 0, 0.5, 0], "texture": "#missing"},
				"down": {"uv": [0, 0, 0.5, 0], "rotation": 180, "texture": "#missing"}
			}
		},
		{
			"from": [8.5, 4.82495, 1.36303],
			"to": [10.5, 4.82495, 2.36303],
			"rotation": {"angle": 22.5, "axis": "x", "origin": [10.5, 4.82495, 0.86303]},
			"faces": {
				"north": {"uv": [0.5, 0, 1, 0], "texture": "#missing"},
				"east": {"uv": [0.25, 0, 0.5, 0], "texture": "#missing"},
				"south": {"uv": [0.5, 0, 1, 0], "texture": "#missing"},
				"west": {"uv": [0.25, 0, 0.5, 0], "texture": "#missing"},
				"up": {"uv": [15, 0, 16, 0.5], "texture": "#0"},
				"down": {"uv": [15, 0, 16, 0.5], "texture": "#0"}
			}
		},
		{
			"from": [8.5, 0.98779, 1.24847],
			"to": [10.5, 0.98779, 2.24847],
			"rotation": {"angle": 0, "axis": "x", "origin": [9.5, 0.98779, 1.74847]},
			"faces": {
				"north": {"uv": [0.5, 0, 1, 0], "texture": "#missing"},
				"east": {"uv": [0.25, 0, 0.5, 0], "texture": "#missing"},
				"south": {"uv": [0.5, 0, 1, 0], "texture": "#missing"},
				"west": {"uv": [0.25, 0, 0.5, 0], "texture": "#missing"},
				"up": {"uv": [15, 0, 16, 0.5], "texture": "#0"},
				"down": {"uv": [15, 0, 16, 0.5], "texture": "#0"}
			}
		},
		{
			"from": [8.5, 1.65746, 3.14784],
			"to": [10.5, 2.65746, 3.14784],
			"rotation": {"angle": 22.5, "axis": "x", "origin": [10.5, 2.15746, 3.14784]},
			"faces": {
				"north": {"uv": [15, 0, 16, 0.5], "texture": "#0"},
				"east": {"uv": [0.5, 0, 0.75, 0], "rotation": 270, "texture": "#missing"},
				"south": {"uv": [15, 0, 16, 0.5], "texture": "#0"},
				"west": {"uv": [0.5, 0, 0.75, 0], "rotation": 90, "texture": "#missing"},
				"up": {"uv": [0, 0, 0.5, 0], "rotation": 180, "texture": "#missing"},
				"down": {"uv": [0, 0, 0.5, 0], "texture": "#missing"}
			}
		},
		{
			"from": [8.5, 1.34164, 2.10273],
			"to": [10.5, 1.34164, 3.10273],
			"rotation": {"angle": -45, "axis": "x", "origin": [9.5, 1.34164, 2.60273]},
			"faces": {
				"north": {"uv": [0.5, 0, 1, 0], "texture": "#missing"},
				"east": {"uv": [0.25, 0, 0.5, 0], "texture": "#missing"},
				"south": {"uv": [0.5, 0, 1, 0], "texture": "#missing"},
				"west": {"uv": [0.25, 0, 0.5, 0], "texture": "#missing"},
				"up": {"uv": [15, 0, 16, 0.5], "texture": "#0"},
				"down": {"uv": [15, 0, 16, 0.5], "texture": "#0"}
			}
		},
		{
			"from": [8.5, 1.34164, 0.39421],
			"to": [10.5, 1.34164, 1.39421],
			"rotation": {"angle": 45, "axis": "x", "origin": [9.5, 1.34164, 0.89421]},
			"faces": {
				"north": {"uv": [1, 0, 1.5, 0], "texture": "#missing"},
				"east": {"uv": [0.5, 0, 0.75, 0], "texture": "#missing"},
				"south": {"uv": [1, 0, 1.5, 0], "texture": "#missing"},
				"west": {"uv": [0.5, 0, 0.75, 0], "texture": "#missing"},
				"up": {"uv": [15, 0, 16, 0.5], "texture": "#0"},
				"down": {"uv": [15, 0, 16, 0.5], "texture": "#0"}
			}
		},
		{
			"from": [8.5, 1.65746, 0.3491],
			"to": [10.5, 2.65746, 0.3491],
			"rotation": {"angle": -22.5, "axis": "x", "origin": [10.5, 2.15746, 0.3491]},
			"faces": {
				"north": {"uv": [15, 0, 16, 0.5], "texture": "#0"},
				"east": {"uv": [0.5, 0, 0.75, 0], "rotation": 270, "texture": "#missing"},
				"south": {"uv": [15, 0, 16, 0.5], "texture": "#0"},
				"west": {"uv": [0.5, 0, 0.75, 0], "rotation": 90, "texture": "#missing"},
				"up": {"uv": [0, 0, 0.5, 0], "rotation": 180, "texture": "#missing"},
				"down": {"uv": [0, 0, 0.5, 0], "texture": "#missing"}
			}
		},
		{
			"from": [5.5, -0.19227, 2.78844],
			"to": [7.5, -0.19227, 3.78844],
			"rotation": {"angle": -22.5, "axis": "x", "origin": [5.5, -0.19227, 3.28844]},
			"faces": {
				"north": {"uv": [0.5, 0, 0, 0], "texture": "#missing"},
				"east": {"uv": [0.25, 0, 0, 0], "texture": "#missing"},
				"south": {"uv": [0.5, 0, 0, 0], "texture": "#missing"},
				"west": {"uv": [0.25, 0, 0, 0], "texture": "#missing"},
				"up": {"uv": [16, 0, 15, 0.5], "texture": "#0"},
				"down": {"uv": [16, 0, 15, 0.5], "texture": "#0"}
			}
		},
		{
			"from": [5.5, -0.38368, 1.32612],
			"to": [7.5, -0.38368, 2.82612],
			"rotation": {"angle": 0, "axis": "x", "origin": [5.5, -0.38368, 2.32612]},
			"faces": {
				"north": {"uv": [0.5, 0, 0, 0], "texture": "#missing"},
				"east": {"uv": [0.375, 0, 0, 0], "texture": "#missing"},
				"south": {"uv": [0.5, 0, 0, 0], "texture": "#missing"},
				"west": {"uv": [0.375, 0, 0, 0], "texture": "#missing"},
				"up": {"uv": [16, 0, 15, 0.5], "texture": "#0"},
				"down": {"uv": [16, 0, 15, 0.5], "texture": "#0"}
			}
		},
		{
			"from": [5.5, -0.57495, 0.28768],
			"to": [7.5, -0.57495, 1.28768],
			"rotation": {"angle": 22.5, "axis": "x", "origin": [5.5, -0.57495, 1.78768]},
			"faces": {
				"north": {"uv": [0.5, 0, 0, 0], "texture": "#missing"},
				"east": {"uv": [0.25, 0, 0, 0], "texture": "#missing"},
				"south": {"uv": [0.5, 0, 0, 0], "texture": "#missing"},
				"west": {"uv": [0.25, 0, 0, 0], "texture": "#missing"},
				"up": {"uv": [16, 0, 15, 0.5], "texture": "#0"},
				"down": {"uv": [16, 0, 15, 0.5], "texture": "#0"}
			}
		},
		{
			"from": [5.5, 0.35285, -0.45202],
			"to": [7.5, 0.35285, 0.54798],
			"rotation": {"angle": 45, "axis": "x", "origin": [6.5, 0.35285, 0.04798]},
			"faces": {
				"north": {"uv": [0.5, 0, 0, 0], "texture": "#missing"},
				"east": {"uv": [0.25, 0, 0, 0], "texture": "#missing"},
				"south": {"uv": [0.5, 0, 0, 0], "texture": "#missing"},
				"west": {"uv": [0.25, 0, 0, 0], "texture": "#missing"},
				"up": {"uv": [16, 0, 15, 0.5], "texture": "#0"},
				"down": {"uv": [16, 0, 15, 0.5], "texture": "#0"}
			}
		},
		{
			"from": [5.5, 0.66866, -0.49713],
			"to": [7.5, 1.66866, -0.49713],
			"rotation": {"angle": -22.5, "axis": "x", "origin": [5.5, 1.16866, -0.49713]},
			"faces": {
				"north": {"uv": [16, 0, 15, 0.5], "texture": "#0"},
				"east": {"uv": [0, 0, 0.25, 0], "rotation": 90, "texture": "#missing"},
				"south": {"uv": [16, 0, 15, 0.5], "texture": "#0"},
				"west": {"uv": [0, 0, 0.25, 0], "rotation": 270, "texture": "#missing"},
				"up": {"uv": [0.5, 0, 0, 0], "rotation": 180, "texture": "#missing"},
				"down": {"uv": [0.5, 0, 0, 0], "texture": "#missing"}
			}
		},
		{
			"from": [5.5, 4.82495, 0.28768],
			"to": [7.5, 4.82495, 1.28768],
			"rotation": {"angle": -22.5, "axis": "x", "origin": [5.5, 4.82495, 1.78768]},
			"faces": {
				"north": {"uv": [0.5, 0, 0, 0], "texture": "#missing"},
				"east": {"uv": [0.25, 0, 0, 0], "texture": "#missing"},
				"south": {"uv": [0.5, 0, 0, 0], "texture": "#missing"},
				"west": {"uv": [0.25, 0, 0, 0], "texture": "#missing"},
				"up": {"uv": [16, 0, 15, 0.5], "texture": "#0"},
				"down": {"uv": [16, 0, 15, 0.5], "texture": "#0"}
			}
		},
		{
			"from": [5.5, 2.58134, -0.49713],
			"to": [7.5, 3.58134, -0.49713],
			"rotation": {"angle": 22.5, "axis": "x", "origin": [5.5, 3.08134, -0.49713]},
			"faces": {
				"north": {"uv": [16, 0, 15, 0.5], "texture": "#0"},
				"east": {"uv": [0.25, 0, 0.5, 0], "rotation": 90, "texture": "#missing"},
				"south": {"uv": [16, 0, 15, 0.5], "texture": "#0"},
				"west": {"uv": [0.25, 0, 0.5, 0], "rotation": 270, "texture": "#missing"},
				"up": {"uv": [0.5, 0, 0, 0], "texture": "#missing"},
				"down": {"uv": [0.5, 0, 0, 0], "rotation": 180, "texture": "#missing"}
			}
		},
		{
			"from": [5.5, 3.89715, -0.45202],
			"to": [7.5, 3.89715, 0.54798],
			"rotation": {"angle": -45, "axis": "x", "origin": [6.5, 3.89715, 0.04798]},
			"faces": {
				"north": {"uv": [16, 0, 15, 0.5], "texture": "#0"},
				"east": {"uv": [16, 0, 15, 0.5], "texture": "#0"},
				"south": {"uv": [16, 0, 15, 0.5], "texture": "#0"},
				"west": {"uv": [16, 0, 15, 0.5], "texture": "#0"},
				"up": {"uv": [16, 0, 15, 0.5], "texture": "#0"},
				"down": {"uv": [16, 0, 15, 0.5], "texture": "#0"}
			}
		},
		{
			"from": [5.5, 1.63099, -0.68855],
			"to": [7.5, 2.63099, -0.68855],
			"rotation": {"angle": 0, "axis": "x", "origin": [5.5, 1.13099, -0.68855]},
			"faces": {
				"north": {"uv": [16, 0, 15, 0.5], "texture": "#0"},
				"east": {"uv": [0, 0, 0.25, 0], "rotation": 90, "texture": "#missing"},
				"south": {"uv": [16, 0, 15, 0.5], "texture": "#0"},
				"west": {"uv": [0, 0, 0.25, 0], "rotation": 270, "texture": "#missing"},
				"up": {"uv": [0.5, 0, 0, 0], "rotation": 180, "texture": "#missing"},
				"down": {"uv": [0.5, 0, 0, 0], "texture": "#missing"}
			}
		},
		{
			"from": [5.5, 3.89715, 2.10273],
			"to": [7.5, 3.89715, 3.10273],
			"rotation": {"angle": 45, "axis": "x", "origin": [6.5, 3.89715, 2.60273]},
			"faces": {
				"north": {"uv": [1, 0, 0.5, 0], "texture": "#missing"},
				"east": {"uv": [0.5, 0, 0.25, 0], "texture": "#missing"},
				"south": {"uv": [1, 0, 0.5, 0], "texture": "#missing"},
				"west": {"uv": [0.5, 0, 0.25, 0], "texture": "#missing"},
				"up": {"uv": [16, 0, 15, 0.5], "texture": "#0"},
				"down": {"uv": [16, 0, 15, 0.5], "texture": "#0"}
			}
		},
		{
			"from": [5.5, 2.58134, 3.14784],
			"to": [7.5, 3.58134, 3.14784],
			"rotation": {"angle": -22.5, "axis": "x", "origin": [5.5, 3.08134, 3.14784]},
			"faces": {
				"north": {"uv": [16, 0, 15, 0.5], "texture": "#0"},
				"east": {"uv": [0.25, 0, 0.5, 0], "rotation": 90, "texture": "#missing"},
				"south": {"uv": [16, 0, 15, 0.5], "texture": "#0"},
				"west": {"uv": [0.25, 0, 0.5, 0], "rotation": 270, "texture": "#missing"},
				"up": {"uv": [0.5, 0, 0, 0], "texture": "#missing"},
				"down": {"uv": [0.5, 0, 0, 0], "rotation": 180, "texture": "#missing"}
			}
		},
		{
			"from": [5.5, 4.82495, 1.36303],
			"to": [7.5, 4.82495, 2.36303],
			"rotation": {"angle": 22.5, "axis": "x", "origin": [5.5, 4.82495, 0.86303]},
			"faces": {
				"north": {"uv": [1, 0, 0.5, 0], "texture": "#missing"},
				"east": {"uv": [0.5, 0, 0.25, 0], "texture": "#missing"},
				"south": {"uv": [1, 0, 0.5, 0], "texture": "#missing"},
				"west": {"uv": [0.5, 0, 0.25, 0], "texture": "#missing"},
				"up": {"uv": [16, 0, 15, 0.5], "texture": "#0"},
				"down": {"uv": [16, 0, 15, 0.5], "texture": "#0"}
			}
		},
		{
			"from": [5.5, 0.98779, 1.24847],
			"to": [7.5, 0.98779, 2.24847],
			"rotation": {"angle": 0, "axis": "x", "origin": [6.5, 0.98779, 1.74847]},
			"faces": {
				"north": {"uv": [1, 0, 0.5, 0], "texture": "#missing"},
				"east": {"uv": [0.5, 0, 0.25, 0], "texture": "#missing"},
				"south": {"uv": [1, 0, 0.5, 0], "texture": "#missing"},
				"west": {"uv": [0.5, 0, 0.25, 0], "texture": "#missing"},
				"up": {"uv": [16, 0, 15, 0.5], "texture": "#0"},
				"down": {"uv": [16, 0, 15, 0.5], "texture": "#0"}
			}
		},
		{
			"from": [5.5, 1.65746, 3.14784],
			"to": [7.5, 2.65746, 3.14784],
			"rotation": {"angle": 22.5, "axis": "x", "origin": [5.5, 2.15746, 3.14784]},
			"faces": {
				"north": {"uv": [16, 0, 15, 0.5], "texture": "#0"},
				"east": {"uv": [0.5, 0, 0.75, 0], "rotation": 90, "texture": "#missing"},
				"south": {"uv": [16, 0, 15, 0.5], "texture": "#0"},
				"west": {"uv": [0.5, 0, 0.75, 0], "rotation": 270, "texture": "#missing"},
				"up": {"uv": [0.5, 0, 0, 0], "rotation": 180, "texture": "#missing"},
				"down": {"uv": [0.5, 0, 0, 0], "texture": "#missing"}
			}
		},
		{
			"from": [5.5, 1.34164, 2.10273],
			"to": [7.5, 1.34164, 3.10273],
			"rotation": {"angle": -45, "axis": "x", "origin": [6.5, 1.34164, 2.60273]},
			"faces": {
				"north": {"uv": [1, 0, 0.5, 0], "texture": "#missing"},
				"east": {"uv": [0.5, 0, 0.25, 0], "texture": "#missing"},
				"south": {"uv": [1, 0, 0.5, 0], "texture": "#missing"},
				"west": {"uv": [0.5, 0, 0.25, 0], "texture": "#missing"},
				"up": {"uv": [16, 0, 15, 0.5], "texture": "#0"},
				"down": {"uv": [16, 0, 15, 0.5], "texture": "#0"}
			}
		},
		{
			"from": [5.5, 1.34164, 0.39421],
			"to": [7.5, 1.34164, 1.39421],
			"rotation": {"angle": 45, "axis": "x", "origin": [6.5, 1.34164, 0.89421]},
			"faces": {
				"north": {"uv": [1.5, 0, 1, 0], "texture": "#missing"},
				"east": {"uv": [0.75, 0, 0.5, 0], "texture": "#missing"},
				"south": {"uv": [1.5, 0, 1, 0], "texture": "#missing"},
				"west": {"uv": [0.75, 0, 0.5, 0], "texture": "#missing"},
				"up": {"uv": [16, 0, 15, 0.5], "texture": "#0"},
				"down": {"uv": [16, 0, 15, 0.5], "texture": "#0"}
			}
		},
		{
			"from": [5.5, 1.65746, 0.3491],
			"to": [7.5, 2.65746, 0.3491],
			"rotation": {"angle": -22.5, "axis": "x", "origin": [5.5, 2.15746, 0.3491]},
			"faces": {
				"north": {"uv": [16, 0, 15, 0.5], "texture": "#0"},
				"east": {"uv": [0.5, 0, 0.75, 0], "rotation": 90, "texture": "#missing"},
				"south": {"uv": [16, 0, 15, 0.5], "texture": "#0"},
				"west": {"uv": [0.5, 0, 0.75, 0], "rotation": 270, "texture": "#missing"},
				"up": {"uv": [0.5, 0, 0, 0], "rotation": 180, "texture": "#missing"},
				"down": {"uv": [0.5, 0, 0, 0], "texture": "#missing"}
			}
		}
	],
	"display": {
		"thirdperson_righthand": {
			"rotation": [75, 45, 0],
			"translation": [0, 1.5, 1],
			"scale": [0.375, 0.375, 0.375]
		},
		"thirdperson_lefthand": {
			"rotation": [75, 45, 0],
			"translation": [0, 2.5, 0.75],
			"scale": [0.375, 0.375, 0.375]
		},
		"firstperson_righthand": {
			"rotation": [0, 45, 0],
			"scale": [0.4, 0.4, 0.4]
		},
		"firstperson_lefthand": {
			"rotation": [0, 225, 0],
			"scale": [0.4, 0.4, 0.4]
		},
		"ground": {
			"translation": [0, 3, 0],
			"scale": [0.25, 0.25, 0.25]
		},
		"gui": {
			"rotation": [30, 225, 0],
			"translation": [0, 2, 0],
			"scale": [0.625, 0.625, 0.625]
		},
		"head": {
			"rotation": [7.5, 0, 0],
			"translation": [0, 17.25, 1.75],
			"scale": [1.83, 1.83, 1.83]
		},
		"fixed": {
			"rotation": [-90, 0, 0],
			"translation": [0, 0, -19.25],
			"scale": [2.67, 2.67, 2.67]
		}
	}
}