{
	"credit": "Made with Blockbench",
	"texture_size": [64, 64],
	"textures": {
		"0": "item/rat_hat",
		"particle": "item/rat_hat"
	},
	"elements": [
		{
			"from": [1, 2, 8.25],
			"to": [6, 7, 9.25],
			"rotation": {"angle": 0, "axis": "y", "origin": [0, -6.25, 0.75]},
			"faces": {
				"north": {"uv": [11.5, 2, 14, 4.5], "texture": "#0"},
				"east": {"uv": [14.5, 2, 15, 4.5], "texture": "#0"},
				"south": {"uv": [11.5, 4.5, 14, 7], "texture": "#0"},
				"west": {"uv": [14, 2, 14.5, 4.5], "texture": "#0"},
				"up": {"uv": [14, 2, 14.5, 4.5], "rotation": 90, "texture": "#0"},
				"down": {"uv": [14.5, 2, 14, 4.5], "rotation": 90, "texture": "#0"}
			}
		},
		{
			"from": [10, 2, 8.25],
			"to": [15, 7, 9.25],
			"rotation": {"angle": 0, "axis": "y", "origin": [16, -6.25, 0.75]},
			"faces": {
				"north": {"uv": [14, 2, 11.5, 4.5], "texture": "#0"},
				"east": {"uv": [14.5, 2, 14, 4.5], "texture": "#0"},
				"south": {"uv": [14, 4.5, 11.5, 7], "texture": "#0"},
				"west": {"uv": [15, 2, 14.5, 4.5], "texture": "#0"},
				"up": {"uv": [14, 4.5, 14.5, 2], "rotation": 90, "texture": "#0"},
				"down": {"uv": [14, 4.5, 14.5, 2], "rotation": 90, "texture": "#0"}
			}
		},
		{
			"from": [3.5, 0, 4.25],
			"to": [12.5, 2, 12.25],
			"rotation": {"angle": 0, "axis": "y", "origin": [0, -6.25, 0.75]},
			"faces": {
				"north": {"uv": [0, 0, 4.5, 1], "texture": "#missing"},
				"east": {"uv": [0, 0, 4, 1], "texture": "#0"},
				"south": {"uv": [7, 0, 11, 1], "texture": "#0"},
				"west": {"uv": [4, 0, 0, 1], "texture": "#0"},
				"up": {"uv": [0, 2, 4.5, 6], "texture": "#0"},
				"down": {"uv": [0, 2, 4.5, 6], "texture": "#0"}
			}
		},
		{
			"from": [4, 2, 4.25],
			"to": [12, 4, 12.25],
			"rotation": {"angle": 0, "axis": "y", "origin": [0, -6.25, 0.75]},
			"faces": {
				"north": {"uv": [4, 1, 8, 2], "texture": "#0"},
				"east": {"uv": [0, 1, 4, 2], "texture": "#0"},
				"south": {"uv": [8, 1, 12, 2], "texture": "#0"},
				"west": {"uv": [4, 1, 0, 2], "texture": "#0"},
				"up": {"uv": [4.5, 2, 8.5, 6], "texture": "#0"}
			}
		},
		{
			"from": [4.25993, 0, -0.96089],
			"to": [10.60993, 2, 5.38911],
			"rotation": {"angle": -45, "axis": "y", "origin": [5.25993, 1, 3.91416]},
			"faces": {
				"north": {"uv": [4, 0, 7, 1], "texture": "#0"},
				"west": {"uv": [4, 0, 7, 1], "texture": "#0"},
				"up": {"uv": [8.5, 2, 11.5, 5], "texture": "#0"},
				"down": {"uv": [8.5, 2, 11.5, 5], "texture": "#0"}
			}
		},
		{
			"from": [7.5, 1.25, -0.75],
			"to": [8.5, 2.25, 0.25],
			"rotation": {"angle": 0, "axis": "y", "origin": [0, -6.25, 0.75]},
			"faces": {
				"north": {"uv": [11, 0, 11.5, 0.5], "texture": "#0"},
				"east": {"uv": [11, 0, 11.5, 0.5], "texture": "#0"},
				"south": {"uv": [11, 0, 11.5, 0.5], "texture": "#0"},
				"west": {"uv": [11, 0, 11.5, 0.5], "texture": "#0"},
				"up": {"uv": [11.5, 0, 12, 0.5], "texture": "#0"},
				"down": {"uv": [12, 0, 12.5, 0.5], "texture": "#0"}
			}
		},
		{
			"from": [7.5, -5, 12.25],
			"to": [8.5, 1, 13.25],
			"rotation": {"angle": -22.5, "axis": "x", "origin": [8, -2, 12.75]},
			"faces": {
				"north": {"uv": [15, 0, 15.5, 3], "texture": "#0"},
				"east": {"uv": [15, 0, 15.5, 3], "texture": "#0"},
				"south": {"uv": [15, 0, 15.5, 3], "texture": "#0"},
				"west": {"uv": [15, 0, 15.5, 3], "texture": "#0"},
				"down": {"uv": [15, 2.75, 15.5, 3], "texture": "#0"}
			}
		}
	],
	"display": {
		"thirdperson_righthand": {
			"rotation": [75, 45, 0],
			"translation": [0, 1.5, 0],
			"scale": [0.375, 0.375, 0.375]
		},
		"thirdperson_lefthand": {
			"rotation": [75, 45, 0],
			"translation": [0, 1.5, 0],
			"scale": [0.375, 0.375, 0.375]
		},
		"firstperson_righthand": {
			"rotation": [0, 45, 0],
			"scale": [0.4, 0.4, 0.4]
		},
		"firstperson_lefthand": {
			"rotation": [0, 45, 0],
			"scale": [0.4, 0.4, 0.4]
		},
		"ground": {
			"translation": [0, 3, 0],
			"scale": [0.25, 0.25, 0.25]
		},
		"gui": {
			"rotation": [30, 225, 0],
			"translation": [0, 2.5, 0],
			"scale": [0.625, 0.625, 0.625]
		},
		"head": {
			"rotation": [7.5, 0, 0],
			"translation": [0, 17.25, 1.75],
			"scale": [1.83, 1.83, 1.83]
		},
		"fixed": {
			"rotation": [-90, 0, 0],
			"translation": [0, 0, -22.25],
			"scale": [3.01, 3.01, 3.01]
		}
	}
}