{
	"credit": "Made with Blockbench",
	"textures": {
		"0": "block/white_wool",
		"1": "block/red_wool",
		"particle": "block/white_wool"
	},
	"elements": [
		{
			"from": [4, -1, 4],
			"to": [12, 1, 12],
			"faces": {
				"north": {"uv": [0, 12, 16, 16], "texture": "#0"},
				"east": {"uv": [0, 12, 16, 16], "texture": "#0"},
				"south": {"uv": [0, 12, 16, 16], "texture": "#0"},
				"west": {"uv": [0, 12, 16, 16], "texture": "#0"},
				"up": {"uv": [0, 0, 16, 16], "texture": "#0"},
				"down": {"uv": [0, 0, 16, 16], "texture": "#0"}
			}
		},
		{
			"from": [5, 0.5, 4.75],
			"to": [11, 2.5, 11.25],
			"rotation": {"angle": 0, "axis": "y", "origin": [0, -0.5, 0]},
			"faces": {
				"north": {"uv": [0, 0, 13, 4], "texture": "#1"},
				"east": {"uv": [0, 0, 13, 4], "texture": "#1"},
				"south": {"uv": [0, 0, 13, 4], "texture": "#1"},
				"west": {"uv": [0, 0, 13, 4], "texture": "#1"},
				"up": {"uv": [0, 0, 6, 6.5], "texture": "#1"}
			}
		},
		{
			"from": [5.5, 0.35842, 5.67075],
			"to": [10.5, 3.35842, 10.67075],
			"rotation": {"angle": 22.5, "axis": "x", "origin": [8, 3.10842, 8.17075]},
			"faces": {
				"north": {"uv": [6, 4, 16, 10], "texture": "#1"},
				"east": {"uv": [6, 4, 16, 10], "texture": "#1"},
				"west": {"uv": [6, 4, 16, 10], "texture": "#1"},
				"up": {"uv": [0, 0, 10, 10], "texture": "#1"}
			}
		},
		{
			"from": [6.5, 0.53553, 6.54657],
			"to": [9.5, 3.53553, 11.29657],
			"rotation": {"angle": 45, "axis": "x", "origin": [8, 2.97487, 9.73223]},
			"faces": {
				"north": {"uv": [0, 8, 6, 14], "texture": "#1"},
				"east": {"uv": [0, 8, 9, 14], "texture": "#1"},
				"west": {"uv": [0, 8, 9, 14], "texture": "#1"},
				"up": {"uv": [0, 0, 6, 9], "texture": "#1"}
			}
		},
		{
			"from": [7, 1.90842, 8.82603],
			"to": [9, 5.65842, 10.82603],
			"rotation": {"angle": -22.5, "axis": "x", "origin": [8, 3.34776, 8.76537]},
			"faces": {
				"east": {"uv": [0, 0, 8, 4], "rotation": 270, "texture": "#1"},
				"south": {"uv": [0, 0, 8, 4], "rotation": 270, "texture": "#1"},
				"west": {"uv": [0, 0, 8, 4], "rotation": 270, "texture": "#1"},
				"up": {"uv": [8, 4, 12, 8], "rotation": 180, "texture": "#1"},
				"down": {"uv": [8, 4, 12, 8], "rotation": 180, "texture": "#1"}
			}
		},
		{
			"from": [7.25, 2.90842, 10.82603],
			"to": [8.75, 5.15842, 11.82603],
			"rotation": {"angle": -22.5, "axis": "x", "origin": [8, 3.34776, 8.76537]},
			"faces": {
				"east": {"uv": [0, 0, 4, 2], "rotation": 270, "texture": "#1"},
				"south": {"uv": [0, 0, 2, 3], "rotation": 270, "texture": "#1"},
				"west": {"uv": [0, 0, 4, 2], "rotation": 270, "texture": "#1"},
				"up": {"uv": [0, 0, 4, 2], "rotation": 270, "texture": "#1"},
				"down": {"uv": [0, 0, 2, 3], "rotation": 270, "texture": "#1"}
			}
		},
		{
			"from": [7, 4.5542, 11.10021],
			"to": [9, 6.5542, 13.10021],
			"rotation": {"angle": 0, "axis": "y", "origin": [8, 5.3042, 12.35021]},
			"faces": {
				"north": {"uv": [2, 5, 6, 9], "rotation": 90, "texture": "#0"},
				"east": {"uv": [2, 5, 6, 9], "rotation": 90, "texture": "#0"},
				"south": {"uv": [2, 5, 6, 9], "rotation": 90, "texture": "#0"},
				"west": {"uv": [2, 5, 6, 9], "rotation": 90, "texture": "#0"},
				"up": {"uv": [2, 5, 6, 9], "rotation": 90, "texture": "#0"},
				"down": {"uv": [2, 5, 6, 9], "rotation": 90, "texture": "#0"}
			}
		}
	],
	"display": {
		"thirdperson_righthand": {
			"rotation": [75, 45, 0],
			"translation": [0, 1.5, 0.5],
			"scale": [0.375, 0.375, 0.375]
		},
		"thirdperson_lefthand": {
			"rotation": [75, 45, 0],
			"translation": [0, 1.5, 0.5],
			"scale": [0.375, 0.375, 0.375]
		},
		"firstperson_righthand": {
			"translation": [0, 4.75, 0],
			"scale": [0.68, 0.68, 0.68]
		},
		"firstperson_lefthand": {
			"translation": [0, 4.75, 0],
			"scale": [0.68, 0.68, 0.68]
		},
		"ground": {
			"translation": [0, 6.5, 0]
		},
		"gui": {
			"rotation": [30, 145, 0],
			"translation": [0, 6, 0],
			"scale": [1.25, 1.25, 1.25]
		},
		"head": {
			"translation": [0, 22.25, 0],
			"scale": [2.12, 2.12, 2.12]
		},
		"fixed": {
			"rotation": [-90, 0, 0],
			"translation": [0, 0, -26],
			"scale": [3.02, 3.02, 3.02]
		}
	},
	"groups": [
		0,
		1,
		2,
		3,
		4,
		5,
		6,
		{
			"name": "witch_hat",
			"origin": [8, 8, 8],
			"color": 0,
			"children": []
		}
	]
}