{
	"credit": "Made with Blockbench",
	"texture_size": [64, 64],
	"textures": {
		"0": "item/teruki_hair",
		"particle": "item/teruki_hair"
	},
	"elements": [
		{
			"from": [3.251, -1.999, 3.751],
			"to": [12.749, 13.999, 12.249],
			"rotation": {"angle": 0, "axis": "y", "origin": [8, 6, 8]},
			"faces": {
				"north": {"uv": [0, 0, 5, 8], "texture": "#0"},
				"east": {"uv": [0.25, 0, 4.75, 8], "texture": "#0"},
				"south": {"uv": [0, 0, 5, 8], "texture": "#0"},
				"west": {"uv": [0.25, 0, 4.75, 8], "texture": "#0"},
				"up": {"uv": [5.25, 0, 9.75, 5], "rotation": 270, "texture": "#0"},
				"down": {"uv": [10.25, 0, 14.75, 5], "rotation": 270, "texture": "#0"}
			}
		},
		{
			"from": [3.75, -2, 3.25],
			"to": [12.25, 14, 12.75],
			"rotation": {"angle": 0, "axis": "y", "origin": [8, 6, 8]},
			"faces": {
				"north": {"uv": [0.25, 0, 4.75, 8], "texture": "#0"},
				"east": {"uv": [0, 0, 5, 8], "texture": "#0"},
				"south": {"uv": [0.25, 0, 4.75, 8], "texture": "#0"},
				"west": {"uv": [0, 0, 5, 8], "texture": "#0"},
				"up": {"uv": [5.25, 0, 9.75, 5], "rotation": 180, "texture": "#0"},
				"down": {"uv": [10.25, 0, 14.75, 5], "rotation": 180, "texture": "#0"}
			}
		},
		{
			"from": [3.25, -7, 3.75],
			"to": [3.75, -2, 12.25],
			"rotation": {"angle": 0, "axis": "y", "origin": [8, -4.5, 8]},
			"faces": {
				"north": {"uv": [0.5, 8, 0.25, 10.5], "texture": "#0"},
				"east": {"uv": [0.25, 8, 4.75, 10.5], "texture": "#0"},
				"south": {"uv": [4.75, 8, 4.5, 10.5], "texture": "#0"},
				"west": {"uv": [0.25, 8, 4.75, 10.5], "texture": "#0"},
				"up": {"uv": [5.25, 0, 9.75, 5], "rotation": 270, "texture": "#0"},
				"down": {"uv": [10.25, 0, 14.75, 5], "rotation": 90, "texture": "#0"}
			}
		},
		{
			"from": [12.25, -7, 3.75],
			"to": [12.75, -2, 12.25],
			"rotation": {"angle": 0, "axis": "y", "origin": [8, -4.5, 8]},
			"faces": {
				"north": {"uv": [0.25, 8, 0.5, 10.5], "texture": "#0"},
				"east": {"uv": [4.75, 8, 0.25, 10.5], "texture": "#0"},
				"south": {"uv": [4.5, 8, 4.75, 10.5], "texture": "#0"},
				"west": {"uv": [4.75, 8, 0.25, 10.5], "texture": "#0"},
				"up": {"uv": [5.25, 5, 9.75, 0], "rotation": 270, "texture": "#0"},
				"down": {"uv": [10.25, 5, 14.75, 0], "rotation": 90, "texture": "#0"}
			}
		},
		{
			"from": [3.75, -7, 12.25],
			"to": [12.25, -2, 12.75],
			"rotation": {"angle": 0, "axis": "y", "origin": [8, -4.5, 8]},
			"faces": {
				"north": {"uv": [4.75, 8, 0.25, 10.5], "texture": "#0"},
				"east": {"uv": [0.25, 8, 0.5, 10.5], "texture": "#0"},
				"south": {"uv": [4.75, 8, 0.25, 10.5], "texture": "#0"},
				"west": {"uv": [4.5, 8, 4.75, 10.5], "texture": "#0"},
				"up": {"uv": [5.25, 5, 9.75, 0], "texture": "#0"},
				"down": {"uv": [10.25, 5, 14.75, 0], "texture": "#0"}
			}
		},
		{
			"from": [3.501, 14.001, 4.001],
			"to": [12.499, 14.499, 11.999],
			"rotation": {"angle": 0, "axis": "y", "origin": [8, 6, 8]},
			"faces": {
				"north": {"uv": [0, 0, 5, 0.25], "texture": "#0"},
				"east": {"uv": [0.25, 0, 4.75, 0.25], "texture": "#0"},
				"south": {"uv": [0, 0, 5, 0.25], "texture": "#0"},
				"west": {"uv": [0.25, 0, 4.75, 0.25], "texture": "#0"},
				"up": {"uv": [5.25, 0, 9.75, 5], "rotation": 270, "texture": "#0"},
				"down": {"uv": [10.25, 0, 14.75, 5], "rotation": 270, "texture": "#0"}
			}
		},
		{
			"from": [4, 14, 3.5],
			"to": [12, 14.5, 12.5],
			"rotation": {"angle": 0, "axis": "y", "origin": [8, 6, 8]},
			"faces": {
				"north": {"uv": [0.25, 0, 4.75, 0.25], "texture": "#0"},
				"east": {"uv": [0, 0, 5, 0.25], "texture": "#0"},
				"south": {"uv": [0.25, 0, 4.75, 0.25], "texture": "#0"},
				"west": {"uv": [0, 0, 5, 0.25], "texture": "#0"},
				"up": {"uv": [5.25, 0, 9.75, 5], "rotation": 180, "texture": "#0"},
				"down": {"uv": [10.25, 0, 14.75, 5], "rotation": 180, "texture": "#0"}
			}
		}
	],
	"display": {
		"thirdperson_righthand": {
			"rotation": [75, 45, 0],
			"translation": [0, 1.5, 0],
			"scale": [0.375, 0.375, 0.375]
		},
		"thirdperson_lefthand": {
			"rotation": [75, 45, 0],
			"translation": [0, 1.5, 0],
			"scale": [0.375, 0.375, 0.375]
		},
		"firstperson_righthand": {
			"translation": [0, 2.75, 0],
			"scale": [0.68, 0.68, 0.68]
		},
		"firstperson_lefthand": {
			"translation": [0, 2.75, 0],
			"scale": [0.68, 0.68, 0.68]
		},
		"ground": {
			"translation": [0, 12.5, 0]
		},
		"gui": {
			"rotation": [30, 145, 0],
			"translation": [0, 2, 0],
			"scale": [0.6, 0.6, 0.6]
		},
		"head": {
			"translation": [0, 21, 0],
			"scale": [1.71, 1.71, 1.71]
		},
		"fixed": {
			"rotation": [-90, 0, 0],
			"translation": [0, 0, -30],
			"scale": [2, 2, 2]
		}
	}
}