{
	"credit": "Made with Blockbench",
	"texture_size": [32, 32],
	"textures": {
		"1": "item/shulker_cyan"
	},
	"elements": [
		{
			"name": "lid",
			"from": [0, 8.08333, 0],
			"to": [16, 20.08333, 16],
			"rotation": {"angle": 0, "axis": "y", "origin": [8, -1.66667, 8]},
			"faces": {
				"north": {"uv": [4, 4, 8, 7], "texture": "#1"},
				"east": {"uv": [0, 4, 4, 7], "texture": "#1"},
				"south": {"uv": [12, 4, 16, 7], "texture": "#1"},
				"west": {"uv": [8, 4, 12, 7], "texture": "#1"},
				"up": {"uv": [8, 4, 4, 0], "texture": "#1"}
			}
		},
		{
			"name": "lid",
			"from": [16, 8.08333, 0],
			"to": [0, 20.08333, 16],
			"rotation": {"angle": 0, "axis": "y", "origin": [8, -1.66667, 8]},
			"faces": {
				"north": {"uv": [4, 4, 8, 7], "texture": "#1"},
				"east": {"uv": [0, 4, 4, 7], "texture": "#1"},
				"south": {"uv": [12, 4, 16, 7], "texture": "#1"},
				"west": {"uv": [8, 4, 12, 7], "texture": "#1"},
				"up": {"uv": [8, 4, 4, 0], "texture": "#1"}
			}
		},
		{
			"name": "base",
			"from": [0, 0.08333, 0],
			"to": [16, 8.08333, 16],
			"rotation": {"angle": 0, "axis": "y", "origin": [8, -1.66667, 8]},
			"faces": {
				"north": {"uv": [4, 11, 8, 13], "texture": "#1"},
				"east": {"uv": [0, 11, 4, 13], "texture": "#1"},
				"south": {"uv": [12, 11, 16, 13], "texture": "#1"},
				"west": {"uv": [8, 11, 12, 13], "texture": "#1"},
				"down": {"uv": [12, 7, 8, 11], "texture": "#1"}
			}
		},
		{
			"name": "base",
			"from": [16, 0.08333, 0],
			"to": [0, 8.08333, 16],
			"rotation": {"angle": 0, "axis": "y", "origin": [8, -1.66667, 8]},
			"faces": {
				"north": {"uv": [4, 11, 8, 13], "texture": "#1"},
				"east": {"uv": [0, 11, 4, 13], "texture": "#1"},
				"south": {"uv": [12, 11, 16, 13], "texture": "#1"},
				"west": {"uv": [8, 11, 12, 13], "texture": "#1"},
				"down": {"uv": [12, 7, 8, 11], "texture": "#1"}
			}
		},
		{
			"name": "head",
			"from": [5, 4.08333, 5],
			"to": [11, 10.08333, 11],
			"rotation": {"angle": 0, "axis": "y", "origin": [8, -1.66667, 8]},
			"faces": {
				"north": {"uv": [1.5, 14.5, 3, 16], "texture": "#1"},
				"east": {"uv": [0, 14.5, 1.5, 16], "texture": "#1"},
				"south": {"uv": [4.5, 14.5, 6, 16], "texture": "#1"},
				"west": {"uv": [3, 14.5, 4.5, 16], "texture": "#1"},
				"up": {"uv": [3, 14.5, 1.5, 13], "texture": "#1"},
				"down": {"uv": [4.5, 13, 3, 14.5], "texture": "#1"}
			}
		},
		{
			"name": "base",
			"from": [0, 2.08333, 0],
			"to": [16, 2.08333, 16],
			"rotation": {"angle": 0, "axis": "y", "origin": [8, -1.66667, 8]},
			"faces": {
				"north": {"uv": [4, 11, 8, 13], "texture": "#1"},
				"east": {"uv": [0, 11, 4, 13], "texture": "#1"},
				"south": {"uv": [12, 11, 16, 13], "texture": "#1"},
				"west": {"uv": [0, 0, 0, 0], "texture": "#1"},
				"up": {"uv": [12, 7, 8, 11], "texture": "#1"},
				"down": {"uv": [0, 0, 0, 0], "texture": "#1"}
			}
		}
	],
	"display": {
		"thirdperson_righthand": {
			"rotation": [75, 45, 0],
			"translation": [0, 4, 0],
			"scale": [0.375, 0.375, 0.375]
		},
		"thirdperson_lefthand": {
			"rotation": [75, 45, 0],
			"translation": [0, 4, 0],
			"scale": [0.375, 0.375, 0.375]
		},
		"firstperson_righthand": {
			"rotation": [0, 45, 0],
			"scale": [0.4, 0.4, 0.4]
		},
		"firstperson_lefthand": {
			"rotation": [0, 225, 0],
			"scale": [0.4, 0.4, 0.4]
		},
		"ground": {
			"translation": [0, 3, 0],
			"scale": [0.25, 0.25, 0.25]
		},
		"gui": {
			"rotation": [30, 225, 0],
			"translation": [0, -1, 0],
			"scale": [0.55, 0.55, 0.55]
		},
		"head": {
			"scale": [0.91, 0.91, 0.91]
		},
		"fixed": {
			"rotation": [-90, 0, 0],
			"translation": [0, 0, -10],
			"scale": [1.51, 1.51, 1.51]
		}
	},
	"groups": [
		{
			"name": "lid",
			"origin": [0, 0, 0],
			"color": 0,
			"children": [0, 1]
		},
		{
			"name": "base",
			"origin": [0, 0, 0],
			"color": 0,
			"children": [2, 3]
		},
		{
			"name": "head",
			"origin": [0, 12, 0],
			"color": 0,
			"children": [4]
		},
		5
	]
}