{
	"credit": "Made with Blockbench",
	"texture_size": [64, 64],
	"textures": {
		"1": "item/devil_horns",
		"2": "item/lemon_demon",
		"particle": "item/devil_horns"
	},
	"elements": [
		{
			"from": [4, 0, 4],
			"to": [12, 8, 12],
			"faces": {
				"north": {"uv": [2, 0, 6, 4], "texture": "#2"},
				"east": {"uv": [8, 0, 12, 4], "texture": "#2"},
				"south": {"uv": [2, 8, 6, 12], "texture": "#2"},
				"west": {"uv": [12, 0, 16, 4], "texture": "#2"},
				"up": {"uv": [2, 4, 6, 8], "texture": "#2"},
				"down": {"uv": [2, 12, 6, 16], "texture": "#2"}
			}
		},
		{
			"from": [4, 0, 3.975],
			"to": [12, 8, 3.975],
			"faces": {
				"north": {"uv": [12.25, 12, 16, 16], "texture": "#2"},
				"south": {"uv": [2, 8, 6, 12], "texture": "#2"}
			}
		},
		{
			"from": [12, 0, 4.475],
			"to": [14, 8, 4.475],
			"faces": {
				"north": {"uv": [10.75, 12, 12, 16], "texture": "#2"}
			}
		},
		{
			"from": [12.001, 0, 3.975],
			"to": [12.001, 8, 4.475],
			"rotation": {"angle": 0, "axis": "y", "origin": [11.999, 4, 4.225]},
			"faces": {
				"east": {"uv": [11.75, 12, 12, 16], "texture": "#2"},
				"west": {"uv": [2, 8, 6, 12], "texture": "#2"}
			}
		},
		{
			"from": [3.999, 0, 3.975],
			"to": [3.999, 8, 4.475],
			"rotation": {"angle": 0, "axis": "y", "origin": [4.001, 4, 4.225]},
			"faces": {
				"east": {"uv": [6, 8, 2, 12], "texture": "#2"},
				"west": {"uv": [12, 12, 11.75, 16], "texture": "#2"}
			}
		},
		{
			"from": [2, 0, 4.475],
			"to": [4, 8, 4.475],
			"rotation": {"angle": 0, "axis": "y", "origin": [16, 0, 0]},
			"faces": {
				"north": {"uv": [12, 12, 10.75, 16], "texture": "#2"}
			}
		},
		{
			"from": [12, 0.5, 4.5],
			"to": [14, 7.5, 11.5],
			"faces": {
				"north": {"uv": [1, 0.25, 2, 3.75], "texture": "#2"},
				"east": {"uv": [8.25, 0.25, 11.75, 3.75], "texture": "#2"},
				"south": {"uv": [1, 8.25, 2, 11.75], "texture": "#2"},
				"up": {"uv": [1, 4.25, 2, 7.75], "texture": "#2"},
				"down": {"uv": [1, 12.25, 2, 15.75], "texture": "#2"}
			}
		},
		{
			"from": [14, 1.5, 5.5],
			"to": [15, 6.5, 10.5],
			"faces": {
				"north": {"uv": [0.5, 0.75, 1, 3.25], "texture": "#2"},
				"east": {"uv": [8.75, 0.75, 11.25, 3.25], "texture": "#2"},
				"south": {"uv": [0.5, 8.75, 1, 11.25], "texture": "#2"},
				"up": {"uv": [0.5, 4.75, 1, 7.25], "texture": "#2"},
				"down": {"uv": [0.5, 12.75, 1, 15.25], "texture": "#2"}
			}
		},
		{
			"from": [15, 2.5, 6.5],
			"to": [16, 5.5, 9.5],
			"faces": {
				"north": {"uv": [0, 1.25, 0.5, 2.75], "texture": "#2"},
				"east": {"uv": [9.25, 1.25, 10.75, 2.75], "texture": "#2"},
				"south": {"uv": [0, 9.25, 0.5, 10.75], "texture": "#2"},
				"up": {"uv": [0, 5.25, 0.5, 6.75], "texture": "#2"},
				"down": {"uv": [0, 13.25, 0.5, 14.75], "texture": "#2"}
			}
		},
		{
			"from": [2, 0.5, 4.5],
			"to": [4, 7.5, 11.5],
			"rotation": {"angle": 0, "axis": "y", "origin": [16, 0, 0]},
			"faces": {
				"north": {"uv": [6, 0.25, 7, 3.75], "texture": "#2"},
				"south": {"uv": [6, 8.25, 7, 11.75], "texture": "#2"},
				"west": {"uv": [12.25, 0.25, 15.75, 3.75], "texture": "#2"},
				"up": {"uv": [6, 4.25, 7, 7.75], "texture": "#2"},
				"down": {"uv": [6, 12.25, 7, 15.75], "texture": "#2"}
			}
		},
		{
			"from": [1, 1.5, 5.5],
			"to": [2, 6.5, 10.5],
			"rotation": {"angle": 0, "axis": "y", "origin": [16, 0, 0]},
			"faces": {
				"north": {"uv": [7, 0.75, 7.5, 3.25], "texture": "#2"},
				"south": {"uv": [7, 8.75, 7.5, 11.25], "texture": "#2"},
				"west": {"uv": [12.75, 0.75, 15.25, 3.25], "texture": "#2"},
				"up": {"uv": [7, 4.75, 7.5, 7.25], "texture": "#2"},
				"down": {"uv": [7, 12.75, 7.5, 15.25], "texture": "#2"}
			}
		},
		{
			"from": [0, 2.5, 6.5],
			"to": [1, 5.5, 9.5],
			"rotation": {"angle": 0, "axis": "y", "origin": [16, 0, 0]},
			"faces": {
				"north": {"uv": [7.5, 1.25, 8, 2.75], "texture": "#2"},
				"south": {"uv": [7.5, 9.25, 8, 10.75], "texture": "#2"},
				"west": {"uv": [13.5, 1.25, 15, 2.75], "texture": "#2"},
				"up": {"uv": [7.5, 5.25, 8, 6.75], "texture": "#2"},
				"down": {"uv": [7.5, 13.25, 8, 14.75], "texture": "#2"}
			}
		},
		{
			"from": [9.25, 7.05025, 7.12132],
			"to": [11.25, 9.05025, 9.12132],
			"rotation": {"angle": -45, "axis": "z", "origin": [11.25, 2.05025, -3.87868]},
			"faces": {
				"north": {"uv": [8, 3, 9, 4], "texture": "#1", "tintindex": 0},
				"east": {"uv": [8, 3, 9, 4], "texture": "#1", "tintindex": 0},
				"south": {"uv": [8, 3, 9, 4], "texture": "#1", "tintindex": 0},
				"west": {"uv": [8, 3, 9, 4], "texture": "#1", "tintindex": 0},
				"up": {"uv": [8, 3, 7, 2], "rotation": 90, "texture": "#1", "tintindex": 0},
				"down": {"uv": [8, 3, 7, 2], "rotation": 270, "texture": "#1", "tintindex": 0}
			}
		},
		{
			"from": [13.5885, 7.12158, 7.22132],
			"to": [15.3885, 9.92158, 9.02132],
			"rotation": {"angle": -22.5, "axis": "z", "origin": [15.4885, 5.02158, -3.77868]},
			"faces": {
				"north": {"uv": [0, 0, 1, 1.5], "texture": "#1", "tintindex": 0},
				"east": {"uv": [0, 0, 1, 1.5], "texture": "#1", "tintindex": 0},
				"south": {"uv": [0, 0, 1, 1.5], "texture": "#1", "tintindex": 0},
				"west": {"uv": [0, 0, 1, 1.5], "texture": "#1", "tintindex": 0},
				"up": {"uv": [8, 3, 7, 2], "rotation": 90, "texture": "#1", "tintindex": 0},
				"down": {"uv": [6, 6, 5, 7], "rotation": 270, "texture": "#1", "tintindex": 0}
			}
		},
		{
			"from": [15.77126, 9.68686, 7.42132],
			"to": [17.17126, 12.08686, 8.82132],
			"rotation": {"angle": 0, "axis": "y", "origin": [17.47126, 4.38686, -3.67868]},
			"faces": {
				"north": {"uv": [0, 0, 1, 1.5], "texture": "#1", "tintindex": 0},
				"east": {"uv": [0, 0, 1, 1.5], "texture": "#1", "tintindex": 0},
				"south": {"uv": [0, 0, 1, 1.5], "texture": "#1", "tintindex": 0},
				"west": {"uv": [0, 0, 1, 1.5], "texture": "#1", "tintindex": 0},
				"up": {"uv": [8, 3, 7, 2], "rotation": 90, "texture": "#1", "tintindex": 0},
				"down": {"uv": [8, 1, 7, 2], "rotation": 270, "texture": "#1", "tintindex": 0}
			}
		},
		{
			"from": [18.90333, 12.84911, 7.62132],
			"to": [19.90333, 14.84911, 8.62132],
			"rotation": {"angle": 22.5, "axis": "z", "origin": [20.50333, 5.34911, -3.37868]},
			"faces": {
				"north": {"uv": [0, 0, 1, 1.5], "texture": "#1", "tintindex": 0},
				"east": {"uv": [0, 0, 1, 1.5], "texture": "#1", "tintindex": 0},
				"south": {"uv": [0, 0, 1, 1.5], "texture": "#1", "tintindex": 0},
				"west": {"uv": [0, 0, 1, 1.5], "texture": "#1", "tintindex": 0},
				"up": {"uv": [8, 3, 7, 2], "rotation": 90, "texture": "#1", "tintindex": 0},
				"down": {"uv": [7, 6.5, 6, 7.5], "rotation": 270, "texture": "#1", "tintindex": 0}
			}
		},
		{
			"from": [15.06069, 13.44991, 7.82132],
			"to": [15.66069, 14.79991, 8.42132],
			"rotation": {"angle": 45, "axis": "z", "origin": [15.53569, 14.24991, 9.12132]},
			"faces": {
				"north": {"uv": [0, 0, 1, 1.5], "texture": "#1", "tintindex": 0},
				"east": {"uv": [0, 0, 1, 1.5], "texture": "#1", "tintindex": 0},
				"south": {"uv": [0, 0, 1, 1.5], "texture": "#1", "tintindex": 0},
				"west": {"uv": [0, 0, 1, 1.5], "texture": "#1", "tintindex": 0},
				"up": {"uv": [8, 3, 7, 2], "rotation": 90, "texture": "#1", "tintindex": 0},
				"down": {"uv": [8, 3, 7, 4], "rotation": 270, "texture": "#1", "tintindex": 0}
			}
		},
		{
			"from": [4.75, 7.05025, 7.12132],
			"to": [6.75, 9.05025, 9.12132],
			"rotation": {"angle": 45, "axis": "z", "origin": [4.75, 2.05025, -3.87868]},
			"faces": {
				"north": {"uv": [9, 3, 8, 4], "texture": "#1", "tintindex": 0},
				"east": {"uv": [9, 3, 8, 4], "texture": "#1", "tintindex": 0},
				"south": {"uv": [9, 3, 8, 4], "texture": "#1", "tintindex": 0},
				"west": {"uv": [9, 3, 8, 4], "texture": "#1", "tintindex": 0},
				"up": {"uv": [8, 2, 7, 3], "rotation": 90, "texture": "#1", "tintindex": 0},
				"down": {"uv": [8, 2, 7, 3], "rotation": 270, "texture": "#1", "tintindex": 0}
			}
		},
		{
			"from": [0.6115, 7.12158, 7.22132],
			"to": [2.4115, 9.92158, 9.02132],
			"rotation": {"angle": 22.5, "axis": "z", "origin": [0.5115, 5.02158, -3.77868]},
			"faces": {
				"north": {"uv": [1, 0, 0, 1.5], "texture": "#1", "tintindex": 0},
				"east": {"uv": [1, 0, 0, 1.5], "texture": "#1", "tintindex": 0},
				"south": {"uv": [1, 0, 0, 1.5], "texture": "#1", "tintindex": 0},
				"west": {"uv": [1, 0, 0, 1.5], "texture": "#1", "tintindex": 0},
				"up": {"uv": [8, 2, 7, 3], "rotation": 90, "texture": "#1", "tintindex": 0},
				"down": {"uv": [6, 7, 5, 6], "rotation": 270, "texture": "#1", "tintindex": 0}
			}
		},
		{
			"from": [-1.17126, 9.68686, 7.42132],
			"to": [0.22874, 12.08686, 8.82132],
			"rotation": {"angle": 0, "axis": "y", "origin": [-1.47126, 4.38686, -3.67868]},
			"faces": {
				"north": {"uv": [1, 0, 0, 1.5], "texture": "#1", "tintindex": 0},
				"east": {"uv": [1, 0, 0, 1.5], "texture": "#1", "tintindex": 0},
				"south": {"uv": [1, 0, 0, 1.5], "texture": "#1", "tintindex": 0},
				"west": {"uv": [1, 0, 0, 1.5], "texture": "#1", "tintindex": 0},
				"up": {"uv": [8, 2, 7, 3], "rotation": 90, "texture": "#1", "tintindex": 0},
				"down": {"uv": [8, 2, 7, 1], "rotation": 270, "texture": "#1", "tintindex": 0}
			}
		},
		{
			"from": [-3.90333, 12.84911, 7.62132],
			"to": [-2.90333, 14.84911, 8.62132],
			"rotation": {"angle": -22.5, "axis": "z", "origin": [-4.50333, 5.34911, -3.37868]},
			"faces": {
				"north": {"uv": [1, 0, 0, 1.5], "texture": "#1", "tintindex": 0},
				"east": {"uv": [1, 0, 0, 1.5], "texture": "#1", "tintindex": 0},
				"south": {"uv": [1, 0, 0, 1.5], "texture": "#1", "tintindex": 0},
				"west": {"uv": [1, 0, 0, 1.5], "texture": "#1", "tintindex": 0},
				"up": {"uv": [8, 2, 7, 3], "rotation": 90, "texture": "#1", "tintindex": 0},
				"down": {"uv": [7, 7.5, 6, 6.5], "rotation": 270, "texture": "#1", "tintindex": 0}
			}
		},
		{
			"from": [0.33931, 13.44991, 7.82132],
			"to": [0.93931, 14.79991, 8.42132],
			"rotation": {"angle": -45, "axis": "z", "origin": [0.46431, 14.24991, 9.12132]},
			"faces": {
				"north": {"uv": [1, 0, 0, 1.5], "texture": "#1", "tintindex": 0},
				"east": {"uv": [1, 0, 0, 1.5], "texture": "#1", "tintindex": 0},
				"south": {"uv": [1, 0, 0, 1.5], "texture": "#1", "tintindex": 0},
				"west": {"uv": [1, 0, 0, 1.5], "texture": "#1", "tintindex": 0},
				"up": {"uv": [8, 2, 7, 3], "rotation": 90, "texture": "#1", "tintindex": 0},
				"down": {"uv": [8, 4, 7, 3], "rotation": 270, "texture": "#1", "tintindex": 0}
			}
		}
	],
	"display": {
		"thirdperson_righthand": {
			"rotation": [75, 45, 0],
			"translation": [1.5, -0.5, 1.5],
			"scale": [0.375, 0.375, 0.375]
		},
		"thirdperson_lefthand": {
			"rotation": [75, 45, 0],
			"translation": [1.5, -0.5, 1.5],
			"scale": [0.375, 0.375, 0.375]
		},
		"firstperson_righthand": {
			"rotation": [0, 45, 0],
			"scale": [0.4, 0.4, 0.4]
		},
		"firstperson_lefthand": {
			"rotation": [0, 45, 0],
			"scale": [0.4, 0.4, 0.4]
		},
		"ground": {
			"translation": [0, 3, 0],
			"scale": [0.25, 0.25, 0.25]
		},
		"gui": {
			"rotation": [30, 225, 0],
			"translation": [0, 1.5, 0],
			"scale": [0.625, 0.625, 0.625]
		},
		"head": {
			"translation": [0, 7.25, 0],
			"scale": [1.81, 1.81, 1.81]
		},
		"fixed": {
			"rotation": [-90, 0, 0],
			"translation": [0, -0.75, -19.85],
			"scale": [2.66797, 2.66797, 2.66797]
		}
	},
	"groups": [
		0,
		1,
		2,
		3,
		4,
		5,
		6,
		7,
		8,
		9,
		10,
		11,
		{
			"name": "group",
			"origin": [8, 8, 8],
			"color": 0,
			"children": [
				{
					"name": "group",
					"origin": [8, 8, 8],
					"color": 0,
					"children": []
				},
				{
					"name": "group",
					"origin": [8, 8, 8],
					"color": 0,
					"children": []
				}
			]
		},
		12,
		13,
		14,
		15,
		16,
		17,
		18,
		19,
		20,
		21
	]
}