{
	"credit": "Made with Blockbench",
	"texture_size": [64, 64],
	"textures": {
		"1": "item/bonny"
	},
	"elements": [
		{
			"from": [2, 0, 2],
			"to": [14, 1, 14],
			"rotation": {"angle": 0, "axis": "x", "origin": [8, 8, 0.5]},
			"faces": {
				"north": {"uv": [9.25, 9.5, 12.25, 9.75], "texture": "#1"},
				"east": {"uv": [9.25, 9.75, 12.25, 10], "texture": "#1"},
				"south": {"uv": [10, 0, 13, 0.25], "texture": "#1"},
				"west": {"uv": [10, 0.25, 13, 0.5], "texture": "#1"},
				"up": {"uv": [3, 3, 0, 0], "texture": "#1"},
				"down": {"uv": [3, 3, 0, 6], "texture": "#1"}
			}
		},
		{
			"from": [2, 3, 2],
			"to": [14, 12, 14],
			"rotation": {"angle": 0, "axis": "x", "origin": [8, 8, 0.5]},
			"faces": {
				"north": {"uv": [0, 6, 3, 8.25], "texture": "#1"},
				"east": {"uv": [6, 0, 9, 2.25], "texture": "#1"},
				"south": {"uv": [6, 2.25, 9, 4.5], "texture": "#1"},
				"west": {"uv": [3, 6, 6, 8.25], "texture": "#1"},
				"up": {"uv": [6, 3, 3, 0], "texture": "#1"},
				"down": {"uv": [6, 3, 3, 6], "texture": "#1"}
			}
		},
		{
			"from": [14, 1.9, 3],
			"to": [17, 5.9, 13],
			"rotation": {"angle": 0, "axis": "y", "origin": [14, 0.9, 5]},
			"faces": {
				"north": {"uv": [6, 9.5, 6.75, 10.5], "texture": "#1"},
				"east": {"uv": [3, 8.25, 5.5, 9.25], "texture": "#1"},
				"south": {"uv": [6.75, 9.5, 7.5, 10.5], "texture": "#1"},
				"west": {"uv": [8.5, 4.5, 11, 5.5], "texture": "#1"},
				"up": {"uv": [9.25, 8, 8.5, 5.5], "texture": "#1"},
				"down": {"uv": [9.25, 8, 8.5, 10.5], "texture": "#1"}
			}
		},
		{
			"from": [12, 0, 3],
			"to": [17, 1, 13],
			"rotation": {"angle": 0, "axis": "z", "origin": [13.5, 0.5, 8]},
			"faces": {
				"north": {"uv": [10.75, 6.5, 12.25, 6.75], "texture": "#1"},
				"east": {"uv": [0, 10.75, 2.5, 11], "texture": "#1"},
				"south": {"uv": [10.75, 6.75, 12.25, 7], "texture": "#1"},
				"west": {"uv": [2.5, 10.75, 5, 11], "texture": "#1"},
				"up": {"uv": [1.5, 10.75, 0, 8.25], "texture": "#1"},
				"down": {"uv": [3, 8.25, 1.5, 10.75], "texture": "#1"}
			}
		},
		{
			"from": [16, 4.9, 7],
			"to": [17.5, 6.4, 9],
			"rotation": {"angle": 0, "axis": "y", "origin": [14, 0.9, 5]},
			"faces": {
				"north": {"uv": [11, 1, 11.375, 1.375], "texture": "#1"},
				"east": {"uv": [10.75, 7, 11.25, 7.375], "texture": "#1"},
				"south": {"uv": [1.5, 11, 1.875, 11.375], "texture": "#1"},
				"west": {"uv": [0.5, 11, 1, 11.375], "texture": "#1"},
				"up": {"uv": [11.375, 1, 11, 0.5], "texture": "#1"},
				"down": {"uv": [1.375, 11, 1, 11.5], "texture": "#1"}
			}
		},
		{
			"from": [4.5, 12, 10.25],
			"to": [5.5, 18, 12.25],
			"rotation": {"angle": 0, "axis": "y", "origin": [4.5, 12, 5]},
			"faces": {
				"north": {"uv": [9, 10.5, 9.25, 12], "texture": "#1"},
				"east": {"uv": [7.5, 9.5, 8, 11], "texture": "#1"},
				"south": {"uv": [10.75, 10, 11, 11.5], "texture": "#1"},
				"west": {"uv": [8, 9.5, 8.5, 11], "texture": "#1"},
				"up": {"uv": [11.25, 2, 11, 1.5], "texture": "#1"},
				"down": {"uv": [2.25, 11, 2, 11.5], "texture": "#1"}
			}
		},
		{
			"from": [4.5, 12, 3.75],
			"to": [5.5, 18, 5.75],
			"rotation": {"angle": 0, "axis": "y", "origin": [4.5, 12, 5]},
			"faces": {
				"north": {"uv": [0, 11, 0.25, 12.5], "texture": "#1"},
				"east": {"uv": [10, 0.5, 10.5, 2], "texture": "#1"},
				"south": {"uv": [0.25, 11, 0.5, 12.5], "texture": "#1"},
				"west": {"uv": [10, 2, 10.5, 3.5], "texture": "#1"},
				"up": {"uv": [11.25, 2.5, 11, 2], "texture": "#1"},
				"down": {"uv": [2.5, 11, 2.25, 11.5], "texture": "#1"}
			}
		},
		{
			"from": [4, 13, 3],
			"to": [6, 19, 6.5],
			"rotation": {"angle": 0, "axis": "x", "origin": [10, 21, 1.5]},
			"faces": {
				"north": {"uv": [9.25, 10, 9.75, 11.5], "texture": "#1"},
				"east": {"uv": [9, 0, 9.875, 1.5], "texture": "#1"},
				"south": {"uv": [9.75, 10, 10.25, 11.5], "texture": "#1"},
				"west": {"uv": [9, 1.5, 9.875, 3], "texture": "#1"},
				"up": {"uv": [6, 9.125, 5.5, 8.25], "texture": "#1"},
				"down": {"uv": [7, 10.5, 6.5, 11.375], "texture": "#1"}
			}
		},
		{
			"from": [5.25, 18.5, 3],
			"to": [7.25, 24.5, 6.5],
			"rotation": {"angle": -22.5, "axis": "z", "origin": [5.75, 21.5, 4.75]},
			"faces": {
				"north": {"uv": [10.25, 10, 10.75, 11.5], "texture": "#1"},
				"east": {"uv": [9, 3, 9.875, 4.5], "texture": "#1"},
				"south": {"uv": [10.5, 0.5, 11, 2], "texture": "#1"},
				"west": {"uv": [3, 9.25, 3.875, 10.75], "texture": "#1"},
				"up": {"uv": [7.5, 11.375, 7, 10.5], "texture": "#1"},
				"down": {"uv": [9, 10.5, 8.5, 11.375], "texture": "#1"}
			}
		},
		{
			"from": [4, 13, 9.5],
			"to": [6, 19, 13],
			"rotation": {"angle": 0, "axis": "x", "origin": [10, 21, -0.5]},
			"faces": {
				"north": {"uv": [10.5, 2, 11, 3.5], "texture": "#1"},
				"east": {"uv": [4, 9.25, 4.875, 10.75], "texture": "#1"},
				"south": {"uv": [6, 10.5, 6.5, 12], "texture": "#1"},
				"west": {"uv": [5, 9.25, 5.875, 10.75], "texture": "#1"},
				"up": {"uv": [5.5, 11.625, 5, 10.75], "texture": "#1"},
				"down": {"uv": [6, 10.75, 5.5, 11.625], "texture": "#1"}
			}
		},
		{
			"from": [3.5, 19.25, 9.5],
			"to": [9.5, 21.25, 13],
			"rotation": {"angle": 45, "axis": "z", "origin": [6.5, 20.75, 11.25]},
			"faces": {
				"north": {"uv": [10, 3.5, 11.5, 4], "texture": "#1"},
				"east": {"uv": [10.75, 5.5, 11.625, 6], "texture": "#1"},
				"south": {"uv": [10, 4, 11.5, 4.5], "texture": "#1"},
				"west": {"uv": [10.75, 6, 11.625, 6.5], "texture": "#1"},
				"up": {"uv": [10.75, 6.375, 9.25, 5.5], "texture": "#1"},
				"down": {"uv": [10.75, 6.5, 9.25, 7.375], "texture": "#1"}
			}
		},
		{
			"from": [2.65, 1, 2.65],
			"to": [13.35, 3, 13.35],
			"rotation": {"angle": 0, "axis": "y", "origin": [11, 0, 3]},
			"faces": {
				"north": {"uv": [9.25, 7.5, 11.75, 8], "texture": "#1"},
				"east": {"uv": [9.25, 8, 11.75, 8.5], "texture": "#1"},
				"south": {"uv": [9.25, 8.5, 11.75, 9], "texture": "#1"},
				"west": {"uv": [9.25, 9, 11.75, 9.5], "texture": "#1"},
				"up": {"uv": [8.5, 7, 6, 4.5], "texture": "#1"},
				"down": {"uv": [8.5, 7, 6, 9.5], "texture": "#1"}
			}
		}
	],
	"display": {
		"thirdperson_righthand": {
			"rotation": [75, 45, 0],
			"translation": [0, 2.5, 0],
			"scale": [0.375, 0.375, 0.375]
		},
		"thirdperson_lefthand": {
			"rotation": [75, 45, 0],
			"translation": [0, 2.5, 0],
			"scale": [0.375, 0.375, 0.375]
		},
		"firstperson_righthand": {
			"rotation": [0, 45, 0],
			"scale": [0.4, 0.4, 0.4]
		},
		"firstperson_lefthand": {
			"rotation": [0, 225, 0],
			"scale": [0.4, 0.4, 0.4]
		},
		"ground": {
			"translation": [0, 2, 0],
			"scale": [0.7, 0.7, 0.7]
		},
		"gui": {
			"rotation": [0, -63, 0],
			"translation": [0, -2.75, 0],
			"scale": [0.65, 0.65, 0.65]
		},
		"head": {
			"rotation": [0, 90, 0],
			"translation": [0, 3.5, 0],
			"scale": [1.35, 1.35, 1.35]
		},
		"fixed": {
			"rotation": [0, 90, 0],
			"translation": [0, 0, -5.75]
		}
	},
	"groups": [
		{
			"name": "group",
			"origin": [8, 8, 8],
			"color": 0,
			"children": [
				0,
				1,
				{
					"name": "group",
					"origin": [8, 8, 8],
					"color": 0,
					"children": [2, 3, 4, 5, 6]
				},
				{
					"name": "group",
					"origin": [8, 8, 8],
					"color": 0,
					"children": [7, 8]
				},
				{
					"name": "group",
					"origin": [8, 20, 0],
					"color": 0,
					"children": [9, 10]
				},
				11
			]
		}
	]
}