{
	"credit": "Made with Blockbench",
	"ambientocclusion": false,
	"texture_size": [128, 64],
	"textures": {
		"1": "item/warden_head"
	},
	"elements": [
		{
			"from": [15, 9.5, 8],
			"to": [25, 18.5, 8],
			"rotation": {"angle": 0, "axis": "y", "origin": [7, -19.5, 8]},
			"faces": {
				"north": {"uv": [13.25, 9, 14.5, 11.5], "texture": "#1"},
				"south": {"uv": [14.5, 9, 13.25, 11.5], "texture": "#1"}
			}
		},
		{
			"from": [-9, 9.5, 8],
			"to": [1, 18.5, 8],
			"rotation": {"angle": 0, "axis": "y", "origin": [7, -19.5, 8]},
			"faces": {
				"north": {"uv": [14.5, 9, 13.25, 11.5], "texture": "#1"},
				"south": {"uv": [13.25, 9, 14.5, 11.5], "texture": "#1"}
			}
		},
		{
			"from": [0, 0, 0.5],
			"to": [16, 16, 10.5],
			"rotation": {"angle": 0, "axis": "y", "origin": [8, -14, 8]},
			"faces": {
				"north": {"uv": [1.25, 2.5, 3.25, 6.5], "texture": "#1"},
				"east": {"uv": [0, 2.5, 1.25, 6.5], "texture": "#1"},
				"west": {"uv": [3.25, 2.5, 4.5, 6.5], "texture": "#1"},
				"up": {"uv": [1.25, 0, 3.25, 2.5], "texture": "#1"},
				"down": {"uv": [3.25, 0, 5.25, 2.5], "texture": "#1"}
			}
		},
		{
			"from": [0, 0, 10.5],
			"to": [16, 16, 15.5],
			"rotation": {"angle": 0, "axis": "y", "origin": [8, -14, 8]},
			"faces": {
				"east": {"uv": [5.75, 2.5, 6.375, 6.5], "texture": "#1"},
				"south": {"uv": [4.5, 2.5, 6.5, 6.5], "texture": "#1"},
				"west": {"uv": [4.625, 2.5, 5.25, 6.5], "texture": "#1"},
				"up": {"uv": [3.25, 0, 1.25, 1.25], "texture": "#1"},
				"down": {"uv": [3.25, 0, 5.25, 2.5], "texture": "#1"}
			}
		}
	],
	"display": {
		"thirdperson_righthand": {
			"rotation": [75, 45, 0],
			"translation": [0, 2.5, 0],
			"scale": [0.375, 0.375, 0.375]
		},
		"thirdperson_lefthand": {
			"rotation": [75, 45, 0],
			"translation": [0, 2.5, 0],
			"scale": [0.375, 0.375, 0.375]
		},
		"firstperson_righthand": {
			"rotation": [0, 45, 0],
			"scale": [0.4, 0.4, 0.4]
		},
		"firstperson_lefthand": {
			"rotation": [0, 45, 0],
			"scale": [0.4, 0.4, 0.4]
		},
		"ground": {
			"translation": [0, 3, 0],
			"scale": [0.25, 0.25, 0.25]
		},
		"gui": {
			"rotation": [30, 225, 0],
			"translation": [0, -0.75, 0],
			"scale": [0.59, 0.59, 0.59]
		},
		"head": {
			"translation": [0, 0.75, 0]
		},
		"fixed": {
			"rotation": [-90, 0, 0],
			"translation": [0, 0, -14],
			"scale": [2, 2, 2]
		}
	}
}