{
	"credit": "Made with Blockbench",
	"ambientocclusion": false,
	"texture_size": [64, 64],
	"textures": {
		"1": "item/pirhana_plant"
	},
	"elements": [
		{
			"from": [4, 0, 4],
			"to": [12, 8, 12],
			"faces": {
				"north": {"uv": [4, 0, 8, 4], "texture": "#1"},
				"east": {"uv": [8, 0, 12, 4], "texture": "#1"},
				"south": {"uv": [4, 4, 8, 8], "texture": "#1"},
				"west": {"uv": [0, 0, 4, 4], "texture": "#1"},
				"up": {"uv": [8, 4, 12, 8], "texture": "#1"},
				"down": {"uv": [0, 4, 4, 8], "texture": "#1"}
			}
		},
		{
			"from": [3, 4.5, 3],
			"to": [13, 6.5, 4],
			"faces": {
				"north": {"uv": [4, 8.5, 9, 9.5], "texture": "#1"},
				"east": {"uv": [3.5, 8.5, 4, 9.5], "texture": "#1"},
				"west": {"uv": [3.5, 8.5, 4, 9.5], "texture": "#1"},
				"up": {"uv": [4.5, 8.75, 9.5, 9.25], "texture": "#1"},
				"down": {"uv": [4, 8.75, 9, 9.25], "texture": "#1"}
			}
		},
		{
			"from": [3.5, 1.975, 4.75],
			"to": [4.5, 2.975, 5.75],
			"rotation": {"angle": 45, "axis": "x", "origin": [4, 2.475, 5.25]},
			"faces": {
				"north": {"uv": [9.75, 9, 10, 8.5], "texture": "#1"},
				"south": {"uv": [9.75, 9, 10, 8.5], "texture": "#1"},
				"west": {"uv": [10, 9, 10.5, 8.5], "texture": "#1"},
				"up": {"uv": [9.75, 9, 10, 8.5], "texture": "#1"}
			}
		},
		{
			"from": [3.5, 4, 6.25],
			"to": [4.5, 5, 7.25],
			"rotation": {"angle": -45, "axis": "x", "origin": [4, 4.5, 6.75]},
			"faces": {
				"north": {"uv": [9.75, 8.5, 10, 9], "texture": "#1"},
				"west": {"uv": [10, 8.5, 10.5, 9], "rotation": 90, "texture": "#1"},
				"up": {"uv": [9.75, 8.5, 10, 9], "rotation": 180, "texture": "#1"},
				"down": {"uv": [9.75, 8.5, 10, 9], "texture": "#1"}
			}
		},
		{
			"from": [11.5, 1.975, 4.75],
			"to": [12.5, 2.975, 5.75],
			"rotation": {"angle": 45, "axis": "x", "origin": [12, 2.475, 5.25]},
			"faces": {
				"north": {"uv": [10, 9, 9.75, 8.5], "texture": "#1"},
				"east": {"uv": [10.5, 9, 10, 8.5], "texture": "#1"},
				"south": {"uv": [10, 9, 9.75, 8.5], "texture": "#1"},
				"up": {"uv": [10, 9, 9.75, 8.5], "texture": "#1"}
			}
		},
		{
			"from": [11.5, 4, 6.25],
			"to": [12.5, 5, 7.25],
			"rotation": {"angle": -45, "axis": "x", "origin": [12, 4.5, 6.75]},
			"faces": {
				"north": {"uv": [10, 8.5, 9.75, 9], "texture": "#1"},
				"east": {"uv": [10, 9, 10.5, 8.5], "rotation": 90, "texture": "#1"},
				"up": {"uv": [10, 8.5, 9.75, 9], "rotation": 180, "texture": "#1"},
				"down": {"uv": [10, 8.5, 9.75, 9], "texture": "#1"}
			}
		},
		{
			"from": [8.75, 4, 3.5],
			"to": [9.75, 5, 4.5],
			"rotation": {"angle": 45, "axis": "z", "origin": [9.25, 4.5, 4]},
			"faces": {
				"north": {"uv": [10, 8.5, 10.5, 9], "rotation": 270, "texture": "#1"},
				"west": {"uv": [10, 8.25, 10.5, 8.5], "rotation": 90, "texture": "#1"},
				"up": {"uv": [9.75, 8.5, 10, 9], "rotation": 90, "texture": "#1"},
				"down": {"uv": [9.75, 8.5, 10, 9], "rotation": 90, "texture": "#1"}
			}
		},
		{
			"from": [10.25, 2, 3.5],
			"to": [11.25, 3, 4.5],
			"rotation": {"angle": -45, "axis": "z", "origin": [10.75, 2.5, 4]},
			"faces": {
				"north": {"uv": [10.5, 8.5, 10, 9], "rotation": 270, "texture": "#1"},
				"east": {"uv": [9.75, 9, 10, 8.5], "texture": "#1"},
				"west": {"uv": [9.75, 9, 10, 8.5], "texture": "#1"},
				"up": {"uv": [10.5, 8.5, 10, 8.25], "texture": "#1"}
			}
		},
		{
			"from": [7.5, 2, 3.5],
			"to": [8.5, 3, 4.5],
			"rotation": {"angle": -45, "axis": "z", "origin": [8, 2.5, 4]},
			"faces": {
				"north": {"uv": [10.5, 8.5, 10, 9], "rotation": 270, "texture": "#1"},
				"east": {"uv": [9.75, 9, 10, 8.5], "texture": "#1"},
				"west": {"uv": [9.75, 9, 10, 8.5], "texture": "#1"},
				"up": {"uv": [10.5, 8.5, 10, 8.25], "texture": "#1"}
			}
		},
		{
			"from": [4.75, 2, 3.5],
			"to": [5.75, 3, 4.5],
			"rotation": {"angle": -45, "axis": "z", "origin": [5.25, 2.5, 4]},
			"faces": {
				"north": {"uv": [10.5, 8.5, 10, 9], "rotation": 270, "texture": "#1"},
				"east": {"uv": [9.75, 9, 10, 8.5], "texture": "#1"},
				"west": {"uv": [9.75, 9, 10, 8.5], "texture": "#1"},
				"up": {"uv": [10.5, 8.5, 10, 8.25], "texture": "#1"}
			}
		},
		{
			"from": [6.25, 4, 3.5],
			"to": [7.25, 5, 4.5],
			"rotation": {"angle": -45, "axis": "z", "origin": [6.75, 4.5, 4]},
			"faces": {
				"north": {"uv": [10, 8.5, 10.5, 9], "texture": "#1"},
				"east": {"uv": [9.75, 8.5, 10, 9], "texture": "#1"},
				"west": {"uv": [9.75, 8.5, 10, 9], "texture": "#1"},
				"down": {"uv": [10, 8.25, 10.5, 8.5], "texture": "#1"}
			}
		},
		{
			"from": [3.5, 4, 3.5],
			"to": [4.5, 5, 4.5],
			"rotation": {"angle": -45, "axis": "z", "origin": [4, 4.5, 4]},
			"faces": {
				"north": {"uv": [10, 8.5, 10.5, 9], "texture": "#1"},
				"east": {"uv": [9.75, 8.5, 10, 9], "texture": "#1"},
				"south": {"uv": [9.75, 8.5, 10, 9], "texture": "#1"},
				"west": {"uv": [10, 8.5, 10.5, 9], "texture": "#1"},
				"down": {"uv": [10, 8.5, 10.5, 9], "rotation": 270, "texture": "#1"}
			}
		},
		{
			"from": [11.5, 4, 3.5],
			"to": [12.5, 5, 4.5],
			"rotation": {"angle": 45, "axis": "z", "origin": [12, 4.5, 4]},
			"faces": {
				"north": {"uv": [10.5, 8.5, 10, 9], "texture": "#1"},
				"east": {"uv": [10.5, 8.5, 10, 9], "texture": "#1"},
				"south": {"uv": [10, 8.5, 9.75, 9], "texture": "#1"},
				"west": {"uv": [10, 8.5, 9.75, 9], "texture": "#1"},
				"down": {"uv": [10, 9, 10.5, 8.5], "rotation": 270, "texture": "#1"}
			}
		},
		{
			"from": [12, 4.5, 4],
			"to": [13, 6.5, 10],
			"faces": {
				"east": {"uv": [0.5, 8.5, 3.5, 9.5], "texture": "#1"},
				"south": {"uv": [1, 8.5, 0.5, 9.5], "texture": "#1"},
				"up": {"uv": [3.5, 8.5, 0.5, 9], "rotation": 90, "texture": "#1"},
				"down": {"uv": [0.5, 9, 3.5, 8.5], "rotation": 90, "texture": "#1"}
			}
		},
		{
			"from": [12, 2.5, 8],
			"to": [13, 4.5, 10],
			"faces": {
				"north": {"uv": [1, 9.5, 0.5, 10.5], "texture": "#1"},
				"east": {"uv": [0.5, 9.5, 1.5, 10.5], "texture": "#1"},
				"south": {"uv": [1, 9.5, 0.5, 10.5], "texture": "#1"},
				"down": {"uv": [1, 10.5, 0.5, 9.5], "texture": "#1"}
			}
		},
		{
			"from": [12, 1.5, 6],
			"to": [13, 3.5, 8],
			"faces": {
				"north": {"uv": [1, 9.5, 0.5, 10.5], "texture": "#1"},
				"east": {"uv": [1.5, 10, 2.5, 11], "texture": "#1"},
				"south": {"uv": [1, 9.5, 0.5, 10.5], "texture": "#1"},
				"up": {"uv": [3.5, 10.5, 2.5, 11], "rotation": 90, "texture": "#1"},
				"down": {"uv": [1, 10.5, 0.5, 9.5], "texture": "#1"}
			}
		},
		{
			"from": [12, 0.5, 4],
			"to": [13, 2.5, 6],
			"faces": {
				"east": {"uv": [2.5, 10.5, 3.5, 11.5], "texture": "#1"},
				"south": {"uv": [1, 9.5, 0.5, 10.5], "texture": "#1"},
				"up": {"uv": [3.5, 10.5, 2.5, 11], "rotation": 90, "texture": "#1"},
				"down": {"uv": [1, 10.5, 0.5, 9.5], "texture": "#1"}
			}
		},
		{
			"from": [3, 4.5, 4],
			"to": [4, 6.5, 10],
			"rotation": {"angle": 0, "axis": "y", "origin": [16, 0, 0]},
			"faces": {
				"south": {"uv": [0.5, 8.5, 1, 9.5], "texture": "#1"},
				"west": {"uv": [3.5, 8.5, 0.5, 9.5], "texture": "#1"},
				"up": {"uv": [3.5, 9, 0.5, 8.5], "rotation": 90, "texture": "#1"},
				"down": {"uv": [0.5, 8.5, 3.5, 9], "rotation": 90, "texture": "#1"}
			}
		},
		{
			"from": [3, 2.5, 8],
			"to": [4, 4.5, 10],
			"rotation": {"angle": 0, "axis": "y", "origin": [16, 0, 0]},
			"faces": {
				"north": {"uv": [0.5, 9.5, 1, 10.5], "texture": "#1"},
				"south": {"uv": [0.5, 9.5, 1, 10.5], "texture": "#1"},
				"west": {"uv": [1.5, 9.5, 0.5, 10.5], "texture": "#1"},
				"down": {"uv": [0.5, 10.5, 1, 9.5], "texture": "#1"}
			}
		},
		{
			"from": [3, 1.5, 6],
			"to": [4, 3.5, 8],
			"rotation": {"angle": 0, "axis": "y", "origin": [16, 0, 0]},
			"faces": {
				"north": {"uv": [0.5, 9.5, 1, 10.5], "texture": "#1"},
				"south": {"uv": [0.5, 9.5, 1, 10.5], "texture": "#1"},
				"west": {"uv": [2.5, 10, 1.5, 11], "texture": "#1"},
				"up": {"uv": [3.5, 11, 2.5, 10.5], "rotation": 90, "texture": "#1"},
				"down": {"uv": [0.5, 10.5, 1, 9.5], "texture": "#1"}
			}
		},
		{
			"from": [3, 0.5, 4],
			"to": [4, 2.5, 6],
			"rotation": {"angle": 0, "axis": "y", "origin": [16, 0, 0]},
			"faces": {
				"south": {"uv": [0.5, 9.5, 1, 10.5], "texture": "#1"},
				"west": {"uv": [3.5, 10.5, 2.5, 11.5], "texture": "#1"},
				"up": {"uv": [3.5, 11, 2.5, 10.5], "rotation": 90, "texture": "#1"},
				"down": {"uv": [0.5, 10.5, 1, 9.5], "texture": "#1"}
			}
		},
		{
			"from": [3, 0.5, 3],
			"to": [13, 2.5, 4],
			"faces": {
				"north": {"uv": [4, 8.5, 9, 9.5], "texture": "#1"},
				"east": {"uv": [3.5, 10.5, 4, 11.5], "texture": "#1"},
				"west": {"uv": [3.5, 10.5, 4, 11.5], "texture": "#1"},
				"up": {"uv": [4.5, 8.75, 9.5, 9.25], "texture": "#1"},
				"down": {"uv": [4, 8.75, 9, 9.25], "texture": "#1"}
			}
		},
		{
			"from": [3.999, 1.999, 3.999],
			"to": [12.001, 5.001, 8.001],
			"faces": {
				"north": {"uv": [0, 14.5, 4, 16], "texture": "#1"},
				"east": {"uv": [0, 14.5, 4, 16], "texture": "#1"},
				"west": {"uv": [0, 14.5, 4, 16], "texture": "#1"}
			}
		}
	],
	"display": {
		"thirdperson_righthand": {
			"rotation": [75, 45, 0],
			"translation": [0, 1.5, 0],
			"scale": [0.375, 0.375, 0.375]
		},
		"thirdperson_lefthand": {
			"rotation": [75, 45, 0],
			"translation": [0, 1.5, 0],
			"scale": [0.375, 0.375, 0.375]
		},
		"firstperson_righthand": {
			"rotation": [0, 45, 0],
			"scale": [0.4, 0.4, 0.4]
		},
		"firstperson_lefthand": {
			"rotation": [0, 45, 0],
			"scale": [0.4, 0.4, 0.4]
		},
		"ground": {
			"translation": [0, 3, 0],
			"scale": [0.25, 0.25, 0.25]
		},
		"gui": {
			"rotation": [30, 225, 0],
			"translation": [0, 2.25, 0],
			"scale": [0.625, 0.625, 0.625]
		},
		"head": {
			"translation": [0, 7.25, 0],
			"scale": [1.81, 1.81, 1.81]
		},
		"fixed": {
			"rotation": [-90, 0, 0],
			"translation": [0, 0, -30],
			"scale": [4, 4, 4]
		}
	},
	"groups": [
		{
			"name": "plant",
			"origin": [0, 0, 0],
			"color": 0,
			"children": [0, 1, 2, 3, 4, 5, 6, 7, 8, 9, 10, 11, 12, 13, 14, 15, 16, 17, 18, 19, 20, 21]
		},
		{
			"name": "flower_pot",
			"origin": [8, 8, 8],
			"color": 0,
			"children": []
		},
		22
	]
}