{
	"credit": "Made with Blockbench",
	"texture_size": [64, 64],
	"textures": {
		"0": "item/vu"
	},
	"elements": [
		{
			"name": "head",
			"from": [2.25, 0, 2.75],
			"to": [13.75, 9.5, 12.75],
			"rotation": {"angle": 0, "axis": "y", "origin": [8.5, 0, 8.25]},
			"faces": {
				"north": {"uv": [2.25, 7, 5.125, 9.25], "texture": "#0"},
				"east": {"uv": [0, 7, 2.25, 9.25], "texture": "#0"},
				"south": {"uv": [7.375, 7, 10.25, 9.25], "texture": "#0"},
				"west": {"uv": [5.125, 7, 7.375, 9.25], "texture": "#0"},
				"up": {"uv": [5.125, 7, 2.375, 4.75], "texture": "#0"},
				"down": {"uv": [7.875, 4.75, 5.125, 7], "texture": "#0"}
			}
		},
		{
			"name": "hat",
			"from": [2.25, 9, 2.75],
			"to": [13.75, 15, 12.75],
			"rotation": {"angle": 0, "axis": "y", "origin": [8.5, 0, 8.25]},
			"faces": {
				"north": {"uv": [2.25, 3, 5.125, 4.5], "texture": "#0"},
				"east": {"uv": [0, 3, 2.25, 4.5], "texture": "#0"},
				"south": {"uv": [7.375, 3, 10.25, 4.5], "texture": "#0"},
				"west": {"uv": [5.125, 3, 7.375, 4.5], "texture": "#0"},
				"up": {"uv": [5.125, 3, 2.25, 0.75], "texture": "#0"},
				"down": {"uv": [10.25, 0.75, 7.375, 3], "texture": "#0"}
			}
		},
		{
			"name": "hat",
			"from": [0.75, 9, 1.25],
			"to": [15.25, 10.5, 14.25],
			"rotation": {"angle": 0, "axis": "y", "origin": [8.5, 0, 8.25]},
			"faces": {
				"north": {"uv": [2.375, 11.75, 5.75, 12.125], "texture": "#0"},
				"east": {"uv": [0, 11.75, 2.375, 12.125], "texture": "#0"},
				"south": {"uv": [8, 11.75, 10.875, 12.125], "texture": "#0"},
				"west": {"uv": [5.75, 11.75, 8, 12.125], "texture": "#0"},
				"up": {"uv": [5.25, 11.625, 2.25, 9.375], "texture": "#0"},
				"down": {"uv": [10.25, 9.375, 7.375, 11.625], "texture": "#0"}
			}
		}
	],
	"display": {
		"thirdperson_righthand": {
			"rotation": [75, 45, 0],
			"translation": [0, 2.5, 0],
			"scale": [0.375, 0.375, 0.375]
		},
		"thirdperson_lefthand": {
			"rotation": [75, 45, 0],
			"translation": [0, 2.5, 0],
			"scale": [0.375, 0.375, 0.375]
		},
		"firstperson_righthand": {
			"rotation": [0, 45, 0],
			"scale": [0.4, 0.4, 0.4]
		},
		"firstperson_lefthand": {
			"rotation": [0, 45, 0],
			"scale": [0.4, 0.4, 0.4]
		},
		"ground": {
			"translation": [0, 3, 0],
			"scale": [0.25, 0.25, 0.25]
		},
		"gui": {
			"rotation": [30, 225, 0],
			"scale": [0.625, 0.625, 0.625]
		},
		"head": {
			"translation": [0, 5, 0.25],
			"scale": [1.55, 1.55, 1.55]
		},
		"fixed": {
			"rotation": [-90, 0, 0],
			"translation": [0, 0.5, -18.5],
			"scale": [2.56, 2.56, 2.56]
		}
	},
	"groups": [
		{
			"name": "root",
			"origin": [-0.5, 0, 0],
			"color": 0,
			"children": [
				{
					"name": "body",
					"origin": [-0.5, 5, -0.0125],
					"color": 1,
					"children": [
						{
							"name": "head",
							"origin": [-0.5, 6, 0],
							"color": 2,
							"children": [
								0,
								{
									"name": "hat",
									"origin": [0, -0.5, -0.5],
									"color": 3,
									"children": [1, 2]
								}
							]
						}
					]
				},
				{
					"name": "leftArm",
					"origin": [5.75, 4.75, -0.25],
					"color": 4,
					"children": []
				},
				{
					"name": "rightArm",
					"origin": [-6.75, 4.75, -0.25],
					"color": 5,
					"children": []
				},
				{
					"name": "leftLeg",
					"origin": [1.9, 3.5, 0],
					"color": 6,
					"children": []
				},
				{
					"name": "rightLeg",
					"origin": [-2.9, 3.5, 0],
					"color": 7,
					"children": []
				}
			]
		}
	]
}