{
	"credit": "Made with Blockbench",
	"texture_size": [64, 64],
	"textures": {
		"0": "item/jens"
	},
	"elements": [
		{
			"name": "head",
			"from": [2.5, 4.5, 3.5],
			"to": [13.5, 14, 13],
			"rotation": {"angle": 0, "axis": "y", "origin": [8.5, 0, 3.875]},
			"faces": {
				"north": {"uv": [2.25, 2.25, 5, 4.5], "texture": "#0"},
				"east": {"uv": [0, 2.25, 2.25, 4.5], "texture": "#0"},
				"south": {"uv": [7.25, 2.25, 10, 4.5], "texture": "#0"},
				"west": {"uv": [5, 2.25, 7.25, 4.5], "texture": "#0"},
				"up": {"uv": [5, 2.25, 2.25, 0], "texture": "#0"},
				"down": {"uv": [7.75, 0, 5, 2.25], "texture": "#0"}
			}
		},
		{
			"name": "head",
			"from": [2.5, 14, 3.5],
			"to": [13.5, 15, 13],
			"rotation": {"angle": 0, "axis": "y", "origin": [8.5, 0, 3.875]},
			"faces": {
				"north": {"uv": [2.25, 13.75, 5, 14], "texture": "#0"},
				"east": {"uv": [0, 13.75, 2.25, 14], "texture": "#0"},
				"south": {"uv": [7.25, 13.75, 10, 14], "texture": "#0"},
				"west": {"uv": [5, 13.75, 7.25, 14], "texture": "#0"},
				"up": {"uv": [5, 13.75, 2.25, 11.5], "texture": "#0"},
				"down": {"uv": [7.75, 11.5, 5, 13.75], "texture": "#0"}
			}
		},
		{
			"name": "head",
			"from": [2.5, 2.5, 3.5],
			"to": [13.5, 5.5, 13],
			"rotation": {"angle": 0, "axis": "y", "origin": [8.5, 0, 3.875]},
			"faces": {
				"north": {"uv": [2.25, 10.5, 5, 11.25], "texture": "#0"},
				"east": {"uv": [0, 10.5, 2.25, 11.25], "texture": "#0"},
				"south": {"uv": [7.25, 10.5, 10, 11.25], "texture": "#0"},
				"west": {"uv": [5, 10.5, 7.25, 11.25], "texture": "#0"},
				"up": {"uv": [5, 10.5, 2.25, 8.25], "texture": "#0"},
				"down": {"uv": [7.75, 8.25, 5, 10.5], "texture": "#0"}
			}
		},
		{
			"name": "head",
			"from": [3, 0, 3.5],
			"to": [13, 5, 12.5],
			"rotation": {"angle": 0, "axis": "y", "origin": [8.5, 0, 3.875]},
			"faces": {
				"north": {"uv": [2.25, 7, 4.75, 8.25], "texture": "#0"},
				"east": {"uv": [0, 7, 2.25, 8.25], "texture": "#0"},
				"south": {"uv": [7, 7, 9.5, 8.25], "texture": "#0"},
				"west": {"uv": [4.75, 7, 7, 8.25], "texture": "#0"},
				"up": {"uv": [4.75, 7, 2.25, 4.75], "texture": "#0"},
				"down": {"uv": [7.25, 4.75, 4.75, 7], "texture": "#0"}
			}
		},
		{
			"name": "tail",
			"from": [6, -0.5, 14],
			"to": [10, 5.5, 16],
			"rotation": {"angle": 0, "axis": "y", "origin": [8.5, 0, 3.875]},
			"faces": {
				"north": {"uv": [13.5, 3, 14.5, 4.5], "texture": "#0"},
				"east": {"uv": [13, 3, 13.5, 4.5], "texture": "#0"},
				"south": {"uv": [15, 3, 16, 4.5], "texture": "#0"},
				"west": {"uv": [14.5, 3, 15, 4.5], "texture": "#0"},
				"up": {"uv": [14.5, 3, 13.5, 2.5], "texture": "#0"},
				"down": {"uv": [15.5, 2.5, 14.5, 3], "texture": "#0"}
			}
		},
		{
			"name": "tail",
			"from": [6, 2.5, 12.5],
			"to": [10, 5.5, 14.5],
			"rotation": {"angle": 0, "axis": "y", "origin": [8.5, 0, 3.875]},
			"faces": {
				"north": {"uv": [11.5, 0.5, 12.5, 1.25], "texture": "#0"},
				"east": {"uv": [11, 0.5, 11.5, 1.25], "texture": "#0"},
				"south": {"uv": [13, 0.5, 14, 1.25], "texture": "#0"},
				"west": {"uv": [12.5, 0.5, 13, 1.25], "texture": "#0"},
				"up": {"uv": [12.5, 0.5, 11.5, 0], "texture": "#0"},
				"down": {"uv": [13.5, 0, 12.5, 0.5], "texture": "#0"}
			}
		},
		{
			"name": "tail",
			"from": [6, -0.5, 16],
			"to": [10, 1.5, 17],
			"rotation": {"angle": 0, "axis": "y", "origin": [8.5, 0, 3.875]},
			"faces": {
				"north": {"uv": [11.25, 1.5, 12.25, 2], "texture": "#0"},
				"east": {"uv": [11, 1.5, 11.25, 2], "texture": "#0"},
				"south": {"uv": [12.5, 1.5, 13.5, 2], "texture": "#0"},
				"west": {"uv": [12.25, 1.5, 12.5, 2], "texture": "#0"},
				"up": {"uv": [12.25, 1.5, 11.25, 1.25], "texture": "#0"},
				"down": {"uv": [13.25, 1.25, 12.25, 1.5], "texture": "#0"}
			}
		}
	],
	"display": {
		"thirdperson_righthand": {
			"rotation": [75, 45, 0],
			"translation": [0, 2.5, 0],
			"scale": [0.375, 0.375, 0.375]
		},
		"thirdperson_lefthand": {
			"rotation": [75, 45, 0],
			"translation": [0, 2.5, 0],
			"scale": [0.375, 0.375, 0.375]
		},
		"firstperson_righthand": {
			"rotation": [0, 45, 0],
			"scale": [0.4, 0.4, 0.4]
		},
		"firstperson_lefthand": {
			"rotation": [0, 225, 0],
			"scale": [0.4, 0.4, 0.4]
		},
		"ground": {
			"translation": [0, 3, 0],
			"scale": [0.25, 0.25, 0.25]
		},
		"gui": {
			"rotation": [30, 225, 0],
			"scale": [0.625, 0.625, 0.625]
		},
		"head": {
			"translation": [0, 5.5, 0],
			"scale": [1.61, 1.61, 1.61]
		},
		"fixed": {
			"rotation": [-90, 0, 0],
			"translation": [0, 0, -19.5],
			"scale": [2.68, 2.68, 2.68]
		}
	},
	"groups": [
		{
			"name": "root",
			"origin": [-0.5, 0, 0],
			"color": 0,
			"children": [
				{
					"name": "body",
					"origin": [-0.5, 5, 0],
					"color": 1,
					"children": [
						{
							"name": "head",
							"origin": [-0.5, 6, 0],
							"color": 2,
							"children": [
								{
									"name": "tail",
									"origin": [-0.25, 0, -0.5],
									"color": 3,
									"children": []
								}
							]
						}
					]
				},
				{
					"name": "leftArm",
					"origin": [5.75, 4.75, -0.25],
					"color": 4,
					"children": []
				},
				{
					"name": "rightArm",
					"origin": [-6.75, 4.75, -0.25],
					"color": 5,
					"children": []
				},
				{
					"name": "leftLeg",
					"origin": [1.9, 3.5, 0],
					"color": 6,
					"children": []
				},
				{
					"name": "rightLeg",
					"origin": [-2.9, 3.5, 0],
					"color": 7,
					"children": []
				}
			]
		},
		{
			"name": "root",
			"origin": [-0.5, 0, 0],
			"color": 0,
			"children": [
				{
					"name": "body",
					"origin": [-0.5, 5, -0.0125],
					"color": 1,
					"children": [
						{
							"name": "head",
							"origin": [-0.5, 6, 0],
							"color": 2,
							"children": [
								0,
								1,
								2,
								3,
								{
									"name": "tail",
									"origin": [-0.5, 9.83333, 5],
									"color": 3,
									"children": [4, 5, 6]
								}
							]
						}
					]
				},
				{
					"name": "leftArm",
					"origin": [5.75, 4.75, -0.25],
					"color": 4,
					"children": []
				},
				{
					"name": "rightArm",
					"origin": [-6.75, 4.75, -0.25],
					"color": 5,
					"children": []
				},
				{
					"name": "leftLeg",
					"origin": [1.9, 3.5, 0],
					"color": 6,
					"children": []
				},
				{
					"name": "rightLeg",
					"origin": [-2.9, 3.5, 0],
					"color": 7,
					"children": []
				}
			]
		}
	]
}