{
	"credit": "Made with Blockbench",
	"texture_size": [64, 64],
	"textures": {
		"0": "item/agnes"
	},
	"elements": [
		{
			"name": "head",
			"from": [2.25, 0, 3],
			"to": [13.75, 10, 12.5],
			"rotation": {"angle": 0, "axis": "y", "origin": [8.5, 0, 4.5]},
			"faces": {
				"north": {"uv": [2.25, 7, 5.125, 9.5], "texture": "#0"},
				"east": {"uv": [0, 7, 2.25, 9.5], "texture": "#0"},
				"south": {"uv": [7.375, 7, 9.875, 9.5], "texture": "#0"},
				"west": {"uv": [5.125, 7, 7.375, 9.5], "texture": "#0"},
				"up": {"uv": [4.875, 7, 2.375, 4.75], "texture": "#0"},
				"down": {"uv": [7.375, 4.75, 4.875, 7], "texture": "#0"}
			}
		},
		{
			"name": "head",
			"from": [1.75, 7.5, 2.5],
			"to": [13.75, 11, 12.5],
			"rotation": {"angle": 0, "axis": "y", "origin": [8.5, 0, 4.5]},
			"faces": {
				"north": {"uv": [2.375, 2.25, 5, 3.125], "texture": "#0"},
				"east": {"uv": [0, 2.25, 2.375, 3.125], "texture": "#0"},
				"south": {"uv": [7.25, 2.25, 9.75, 3.125], "texture": "#0"},
				"west": {"uv": [5, 2.25, 7.25, 3.125], "texture": "#0"},
				"up": {"uv": [4.875, 2.25, 2.375, 0], "texture": "#0"},
				"down": {"uv": [7.375, 0, 4.875, 2.25], "texture": "#0"}
			}
		},
		{
			"name": "head",
			"from": [2, 11, 5.25],
			"to": [6, 14.5, 5.25],
			"rotation": {"angle": 0, "axis": "y", "origin": [8.5, 0, 4.5]},
			"faces": {
				"north": {"uv": [13.375, 9.25, 14.25, 10], "texture": "#0"},
				"east": {"uv": [12.375, 9.25, 13.375, 10], "texture": "#0"},
				"south": {"uv": [14.25, 9.25, 13.375, 10], "texture": "#0"},
				"west": {"uv": [14.25, 9.25, 15.25, 10], "texture": "#0"},
				"up": {"uv": [14.25, 9.25, 13.5, 8.25], "texture": "#0"},
				"down": {"uv": [15, 8.25, 14.25, 9.25], "texture": "#0"}
			}
		},
		{
			"name": "tail",
			"from": [5.75, 5.5, 14.5],
			"to": [9.75, 12, 17],
			"rotation": {"angle": 0, "axis": "y", "origin": [8.5, 0, 4.5]},
			"faces": {
				"north": {"uv": [13.25, 3.125, 14.25, 4.5], "texture": "#0"},
				"east": {"uv": [12.625, 2.875, 13.25, 4.5], "texture": "#0"},
				"south": {"uv": [14.875, 3.125, 15.875, 4.5], "texture": "#0"},
				"west": {"uv": [14.25, 2.875, 14.875, 4.5], "texture": "#0"},
				"up": {"uv": [14.25, 2.875, 13.25, 2.375], "texture": "#0"},
				"down": {"uv": [14.25, 4.5, 13.25, 5], "texture": "#0"}
			}
		},
		{
			"name": "tail",
			"from": [5.75, 8.5, 12.5],
			"to": [9.75, 12, 14.5],
			"rotation": {"angle": 0, "axis": "y", "origin": [8.5, 0, 4.5]},
			"faces": {
				"north": {"uv": [11.5, 0.5, 12.5, 1.375], "texture": "#0"},
				"east": {"uv": [11, 0.5, 11.5, 1.375], "texture": "#0"},
				"south": {"uv": [13, 0.5, 14, 1.375], "texture": "#0"},
				"west": {"uv": [12.5, 0.5, 13, 1.375], "texture": "#0"},
				"up": {"uv": [12.5, 0.5, 11.5, 0], "texture": "#0"},
				"down": {"uv": [13.5, 0, 12.5, 0.5], "texture": "#0"}
			}
		},
		{
			"name": "tail",
			"from": [5.75, 5.5, 17],
			"to": [9.75, 7.5, 18.5],
			"rotation": {"angle": 0, "axis": "y", "origin": [8.5, 0, 4.5]},
			"faces": {
				"north": {"uv": [11.25, 1.5, 12.25, 2], "texture": "#0"},
				"east": {"uv": [10.875, 1.625, 11.25, 2.125], "texture": "#0"},
				"south": {"uv": [12.625, 1.625, 13.625, 2.125], "texture": "#0"},
				"west": {"uv": [12.25, 1.625, 12.625, 2.125], "texture": "#0"},
				"up": {"uv": [12.25, 1.625, 11.25, 1.375], "texture": "#0"},
				"down": {"uv": [12.25, 2.125, 11.25, 2.375], "texture": "#0"}
			}
		}
	],
	"display": {
		"thirdperson_righthand": {
			"rotation": [75, 45, 0],
			"translation": [0, 2.5, 0],
			"scale": [0.375, 0.375, 0.375]
		},
		"thirdperson_lefthand": {
			"rotation": [75, 45, 0],
			"translation": [0, 2.5, 0],
			"scale": [0.375, 0.375, 0.375]
		},
		"firstperson_righthand": {
			"rotation": [0, 45, 0],
			"scale": [0.4, 0.4, 0.4]
		},
		"firstperson_lefthand": {
			"rotation": [0, 45, 0],
			"scale": [0.4, 0.4, 0.4]
		},
		"ground": {
			"translation": [0, 3, 0],
			"scale": [0.25, 0.25, 0.25]
		},
		"gui": {
			"rotation": [30, 225, 0],
			"scale": [0.625, 0.625, 0.625]
		},
		"head": {
			"translation": [0, 5, 0.25],
			"scale": [1.55, 1.55, 1.55]
		},
		"fixed": {
			"rotation": [-90, 0, 0],
			"translation": [0, 0.5, -18.5],
			"scale": [2.56, 2.56, 2.56]
		}
	},
	"groups": [
		{
			"name": "root",
			"origin": [-0.5, 0, 0],
			"color": 0,
			"children": [
				{
					"name": "body",
					"origin": [-0.5, 5, 0],
					"color": 1,
					"children": [
						{
							"name": "head",
							"origin": [-0.5, 6, 0],
							"color": 2,
							"children": [
								0,
								1,
								2,
								{
									"name": "tail",
									"origin": [-0.25, 0, -0.5],
									"color": 3,
									"children": [3, 4, 5]
								}
							]
						}
					]
				},
				{
					"name": "leftArm",
					"origin": [5.75, 4.75, -0.25],
					"color": 4,
					"children": []
				},
				{
					"name": "rightArm",
					"origin": [-6.75, 4.75, -0.25],
					"color": 5,
					"children": []
				},
				{
					"name": "leftLeg",
					"origin": [1.9, 3.5, 0],
					"color": 6,
					"children": []
				},
				{
					"name": "rightLeg",
					"origin": [-2.9, 3.5, 0],
					"color": 7,
					"children": []
				}
			]
		}
	]
}