{
	"credit": "Made with Blockbench",
	"texture_size": [32, 32],
	"textures": {
		"0": "item/panda",
		"particle": "item/panda"
	},
	"elements": [
		{
			"name": "head",
			"from": [1.4, 0, 4.6],
			"to": [14.4, 10, 13.6],
			"rotation": {"angle": 0, "axis": "y", "origin": [7.9, -4, 22.6]},
			"faces": {
				"north": {"uv": [2.25, 3.75, 5.5, 6.25], "texture": "#0"},
				"east": {"uv": [0, 3.75, 2.25, 6.25], "texture": "#0"},
				"south": {"uv": [7.75, 3.75, 11, 6.25], "texture": "#0"},
				"west": {"uv": [5.5, 3.75, 7.75, 6.25], "texture": "#0"},
				"up": {"uv": [5.5, 3.75, 2.25, 1.5], "texture": "#0"},
				"down": {"uv": [8.75, 1.5, 5.5, 3.75], "texture": "#0"}
			}
		},
		{
			"name": "head",
			"from": [4.4, 0, 2.6],
			"to": [11.4, 5, 4.6],
			"rotation": {"angle": 0, "axis": "y", "origin": [7.9, -4, 22.6]},
			"faces": {
				"north": {"uv": [11.75, 4.5, 13.5, 5.75], "texture": "#0"},
				"east": {"uv": [11.25, 4.5, 11.75, 5.75], "texture": "#0"},
				"south": {"uv": [14, 4.5, 15.75, 5.75], "texture": "#0"},
				"west": {"uv": [13.5, 4.5, 14, 5.75], "texture": "#0"},
				"up": {"uv": [13.5, 4.5, 11.75, 4], "texture": "#0"},
				"down": {"uv": [15.25, 4, 13.5, 4.5], "texture": "#0"}
			}
		},
		{
			"name": "head",
			"from": [11.4, 9, 7.6],
			"to": [16.4, 13, 8.6],
			"rotation": {"angle": 0, "axis": "y", "origin": [7.9, -4, 22.6]},
			"faces": {
				"north": {"uv": [13.25, 6.5, 14.5, 7.5], "texture": "#0"},
				"east": {"uv": [13, 6.5, 13.25, 7.5], "texture": "#0"},
				"south": {"uv": [14.75, 6.5, 16, 7.5], "texture": "#0"},
				"west": {"uv": [14.5, 6.5, 14.75, 7.5], "texture": "#0"},
				"up": {"uv": [14.5, 6.5, 13.25, 6.25], "texture": "#0"},
				"down": {"uv": [15.75, 6.25, 14.5, 6.5], "texture": "#0"}
			}
		},
		{
			"name": "head",
			"from": [-0.6, 9, 7.6],
			"to": [4.4, 13, 8.6],
			"rotation": {"angle": 0, "axis": "y", "origin": [7.9, -4, 22.6]},
			"faces": {
				"north": {"uv": [13.25, 6.5, 14.5, 7.5], "texture": "#0"},
				"east": {"uv": [13, 6.5, 13.25, 7.5], "texture": "#0"},
				"south": {"uv": [14.75, 6.5, 16, 7.5], "texture": "#0"},
				"west": {"uv": [14.5, 6.5, 14.75, 7.5], "texture": "#0"},
				"up": {"uv": [14.5, 6.5, 13.25, 6.25], "texture": "#0"},
				"down": {"uv": [15.75, 6.25, 14.5, 6.5], "texture": "#0"}
			}
		}
	],
	"display": {
		"thirdperson_righthand": {
			"rotation": [75, 45, 0],
			"translation": [0, 2.5, 0],
			"scale": [0.375, 0.375, 0.375]
		},
		"thirdperson_lefthand": {
			"rotation": [75, 45, 0],
			"translation": [0, 2.5, 0],
			"scale": [0.375, 0.375, 0.375]
		},
		"firstperson_righthand": {
			"rotation": [0, 225, 0],
			"scale": [0.4, 0.4, 0.4]
		},
		"firstperson_lefthand": {
			"rotation": [0, 225, 0],
			"scale": [0.4, 0.4, 0.4]
		},
		"ground": {
			"translation": [0, 3, 0],
			"scale": [0.25, 0.25, 0.25]
		},
		"gui": {
			"rotation": [30, 225, 0],
			"translation": [0, 1.25, 0],
			"scale": [0.625, 0.625, 0.625]
		},
		"head": {
			"translation": [0, 5.5, -1.75],
			"scale": [1.61, 1.61, 1.61]
		},
		"fixed": {
			"rotation": [-90, 0, 0],
			"translation": [0, -2.5, -16],
			"scale": [2, 2, 2]
		}
	},
	"groups": [
		{
			"name": "head",
			"origin": [0, 12.5, -17],
			"color": 0,
			"children": [0, 1, 2, 3]
		},
		{
			"name": "body",
			"origin": [0, 14, 0],
			"color": 0,
			"children": [
				{
					"name": "rotation",
					"origin": [0, 14, 0],
					"rotation": [-90, 0, 0],
					"color": 0,
					"children": []
				}
			]
		},
		{
			"name": "leg4",
			"origin": [5.5, 9, -9],
			"color": 0,
			"children": []
		},
		{
			"name": "leg3",
			"origin": [-5.5, 9, -9],
			"color": 0,
			"children": []
		},
		{
			"name": "leg2",
			"origin": [5.5, 9, 9],
			"color": 0,
			"children": []
		},
		{
			"name": "leg1",
			"origin": [-5.5, 9, 9],
			"color": 0,
			"children": []
		}
	]
}