{
	"credit": "Made with Blockbench",
	"texture_size": [64, 64],
	"textures": {
		"1": "item/mc_squid"
	},
	"elements": [
		{
			"name": "body",
			"from": [2, 1.22222, 2],
			"to": [14, 17.22222, 14],
			"rotation": {"angle": 0, "axis": "y", "origin": [8, 8, 8]},
			"faces": {
				"north": {"uv": [3, 6, 6, 14], "texture": "#1"},
				"east": {"uv": [0, 6, 3, 14], "texture": "#1"},
				"south": {"uv": [9, 6, 12, 14], "texture": "#1"},
				"west": {"uv": [6, 6, 9, 14], "texture": "#1"},
				"up": {"uv": [6, 6, 3, 0], "texture": "#1"},
				"down": {"uv": [9, 0, 6, 6], "texture": "#1"}
			}
		},
		{
			"name": "tentacle",
			"from": [10.5, -15.77778, 2.1],
			"to": [12.5, 2.22222, 4.1],
			"rotation": {"angle": 0, "axis": "y", "origin": [8, 8, 8]},
			"faces": {
				"north": {"uv": [12.5, 1, 13, 10], "texture": "#1"},
				"east": {"uv": [12, 1, 12.5, 10], "texture": "#1"},
				"south": {"uv": [13.5, 1, 14, 10], "texture": "#1"},
				"west": {"uv": [13, 1, 13.5, 10], "texture": "#1"},
				"up": {"uv": [13, 1, 12.5, 0], "texture": "#1"},
				"down": {"uv": [13.5, 0, 13, 1], "texture": "#1"}
			}
		},
		{
			"name": "tentacle",
			"from": [7, -15.77778, 2.1],
			"to": [9, 2.22222, 4.1],
			"rotation": {"angle": 0, "axis": "y", "origin": [8, 8, 8]},
			"faces": {
				"north": {"uv": [12.5, 1, 13, 10], "texture": "#1"},
				"east": {"uv": [12, 1, 12.5, 10], "texture": "#1"},
				"south": {"uv": [13.5, 1, 14, 10], "texture": "#1"},
				"west": {"uv": [13, 1, 13.5, 10], "texture": "#1"},
				"up": {"uv": [13, 1, 12.5, 0], "texture": "#1"},
				"down": {"uv": [13.5, 0, 13, 1], "texture": "#1"}
			}
		},
		{
			"name": "tentacle",
			"from": [3.5, -15.77778, 2.1],
			"to": [5.5, 2.22222, 4.1],
			"rotation": {"angle": 0, "axis": "y", "origin": [8, 8, 8]},
			"faces": {
				"north": {"uv": [12.5, 1, 13, 10], "texture": "#1"},
				"east": {"uv": [12, 1, 12.5, 10], "texture": "#1"},
				"south": {"uv": [13.5, 1, 14, 10], "texture": "#1"},
				"west": {"uv": [13, 1, 13.5, 10], "texture": "#1"},
				"up": {"uv": [13, 1, 12.5, 0], "texture": "#1"},
				"down": {"uv": [13.5, 0, 13, 1], "texture": "#1"}
			}
		},
		{
			"name": "tentacle",
			"from": [10.5, -15.77778, 11.9],
			"to": [12.5, 2.22222, 13.9],
			"rotation": {"angle": 0, "axis": "y", "origin": [8, 8, 8]},
			"faces": {
				"north": {"uv": [14, 1, 13.5, 10], "texture": "#1"},
				"east": {"uv": [12.5, 1, 12, 10], "texture": "#1"},
				"south": {"uv": [13, 1, 12.5, 10], "texture": "#1"},
				"west": {"uv": [13.5, 1, 13, 10], "texture": "#1"},
				"up": {"uv": [13, 0, 12.5, 1], "texture": "#1"},
				"down": {"uv": [13.5, 1, 13, 0], "texture": "#1"}
			}
		},
		{
			"name": "tentacle",
			"from": [7, -15.77778, 11.9],
			"to": [9, 2.22222, 13.9],
			"rotation": {"angle": 0, "axis": "y", "origin": [8, 8, 8]},
			"faces": {
				"north": {"uv": [14, 1, 13.5, 10], "texture": "#1"},
				"east": {"uv": [12.5, 1, 12, 10], "texture": "#1"},
				"south": {"uv": [13, 1, 12.5, 10], "texture": "#1"},
				"west": {"uv": [13.5, 1, 13, 10], "texture": "#1"},
				"up": {"uv": [13, 0, 12.5, 1], "texture": "#1"},
				"down": {"uv": [13.5, 1, 13, 0], "texture": "#1"}
			}
		},
		{
			"name": "tentacle",
			"from": [3.5, -15.77778, 11.9],
			"to": [5.5, 2.22222, 13.9],
			"rotation": {"angle": 0, "axis": "y", "origin": [8, 8, 8]},
			"faces": {
				"north": {"uv": [14, 1, 13.5, 10], "texture": "#1"},
				"east": {"uv": [12.5, 1, 12, 10], "texture": "#1"},
				"south": {"uv": [13, 1, 12.5, 10], "texture": "#1"},
				"west": {"uv": [13.5, 1, 13, 10], "texture": "#1"},
				"up": {"uv": [13, 0, 12.5, 1], "texture": "#1"},
				"down": {"uv": [13.5, 1, 13, 0], "texture": "#1"}
			}
		}
	],
	"display": {
		"thirdperson_righthand": {
			"rotation": [75, 45, 0],
			"translation": [0, 2.5, 0],
			"scale": [0.375, 0.375, 0.375]
		},
		"thirdperson_lefthand": {
			"rotation": [75, 45, 0],
			"translation": [0, 2.5, 0],
			"scale": [0.375, 0.375, 0.375]
		},
		"firstperson_righthand": {
			"rotation": [0, 45, 0],
			"scale": [0.4, 0.4, 0.4]
		},
		"firstperson_lefthand": {
			"rotation": [0, 45, 0],
			"scale": [0.4, 0.4, 0.4]
		},
		"ground": {
			"translation": [0, 3, 0],
			"scale": [0.25, 0.25, 0.25]
		},
		"gui": {
			"rotation": [30, 225, 0],
			"translation": [0, 2.5, 0],
			"scale": [0.43, 0.43, 0.43]
		},
		"head": {
			"translation": [0, 1, 0],
			"scale": [1.21, 1.21, 1.21]
		},
		"fixed": {
			"translation": [0, -2.5, -10.06],
			"scale": [2.01, 2.01, 2.01]
		}
	}
}