{
	"credit": "Made with Blockbench",
	"textures": {
		"0": "item/mc_snow_golem",
		"1": "item/mc_carrot",
		"2": "item/mc_black_wool",
		"3": "item/mc_red_wool",
		"particle": "item/mc_carrot"
	},
	"elements": [
		{
			"name": "head",
			"from": [4.5, 0, 4.5],
			"to": [11.5, 7, 11.5],
			"rotation": {"angle": 0, "axis": "y", "origin": [4, 4, 4]},
			"faces": {
				"north": {"uv": [2, 2, 4, 4], "texture": "#0"},
				"east": {"uv": [0, 2, 2, 4], "texture": "#0"},
				"south": {"uv": [6, 2, 8, 4], "texture": "#0"},
				"west": {"uv": [4, 2, 6, 4], "texture": "#0"},
				"up": {"uv": [4, 2, 2, 0], "texture": "#0"},
				"down": {"uv": [6, 0, 4, 2], "texture": "#0"}
			}
		},
		{
			"name": "head",
			"from": [3.5, 7, 3.5],
			"to": [12.5, 8, 12.5],
			"rotation": {"angle": 0, "axis": "y", "origin": [4, 4, 4]},
			"faces": {
				"north": {"uv": [0, 0, 4, 16], "rotation": 90, "texture": "#2"},
				"east": {"uv": [0, 0, 4, 16], "rotation": 90, "texture": "#2"},
				"south": {"uv": [0, 0, 4, 16], "rotation": 90, "texture": "#2"},
				"west": {"uv": [0, 0, 4, 16], "rotation": 90, "texture": "#2"},
				"up": {"uv": [16, 16, 0, 0], "texture": "#2"},
				"down": {"uv": [6, 0, 4, 2], "texture": "#2"}
			}
		},
		{
			"name": "head",
			"from": [4.5, 8, 4.5],
			"to": [11.5, 9, 11.5],
			"rotation": {"angle": 0, "axis": "y", "origin": [4, 4, 4]},
			"faces": {
				"north": {"uv": [0, 0, 4, 13], "rotation": 90, "texture": "#3"},
				"east": {"uv": [0, 0, 4, 13], "rotation": 90, "texture": "#3"},
				"south": {"uv": [0, 0, 4, 13], "rotation": 90, "texture": "#3"},
				"west": {"uv": [0, 0, 4, 13], "rotation": 90, "texture": "#3"},
				"up": {"uv": [0, 0, 0, 0], "texture": "#3"},
				"down": {"uv": [0, 0, 0, 0], "texture": "#3"}
			}
		},
		{
			"name": "head",
			"from": [4.5, 9, 4.5],
			"to": [11.5, 14, 11.5],
			"rotation": {"angle": 0, "axis": "y", "origin": [4, 4, 4]},
			"faces": {
				"north": {"uv": [0, 0, 12, 13], "rotation": 90, "texture": "#2"},
				"east": {"uv": [0, 0, 12, 13], "rotation": 90, "texture": "#2"},
				"south": {"uv": [0, 0, 12, 13], "rotation": 90, "texture": "#2"},
				"west": {"uv": [0, 0, 12, 13], "rotation": 90, "texture": "#2"},
				"up": {"uv": [16, 16, 3, 3], "texture": "#2"}
			}
		},
		{
			"from": [7.5, 3.5, 1.5],
			"to": [8.5, 4.5, 4.5],
			"faces": {
				"north": {"uv": [6, 10, 7, 11], "texture": "#1"},
				"east": {"uv": [8, 10, 5, 11], "texture": "#1"},
				"south": {"uv": [6, 10, 7, 11], "texture": "#1"},
				"west": {"uv": [5, 10, 8, 11], "texture": "#1"},
				"up": {"uv": [5, 10, 8, 11], "rotation": 90, "texture": "#1"},
				"down": {"uv": [8, 10, 5, 11], "rotation": 90, "texture": "#1"}
			}
		}
	],
	"display": {
		"thirdperson_righthand": {
			"rotation": [75, 45, 0],
			"translation": [0, 1.5, 0],
			"scale": [0.375, 0.375, 0.375]
		},
		"thirdperson_lefthand": {
			"rotation": [75, 45, 0],
			"translation": [0, 1.5, 0],
			"scale": [0.375, 0.375, 0.375]
		},
		"firstperson_righthand": {
			"rotation": [0, 45, 0],
			"scale": [0.4, 0.4, 0.4]
		},
		"firstperson_lefthand": {
			"rotation": [0, 45, 0],
			"scale": [0.4, 0.4, 0.4]
		},
		"ground": {
			"translation": [0, 3, 0],
			"scale": [0.25, 0.25, 0.25]
		},
		"gui": {
			"rotation": [30, 225, 0],
			"scale": [0.625, 0.625, 0.625]
		},
		"head": {
			"translation": [0, 9.75, 0],
			"scale": [2.12, 2.12, 2.12]
		},
		"fixed": {
			"rotation": [-90, 0, 0],
			"translation": [0, 0, -25.5],
			"scale": [3.44, 3.44, 3.44]
		}
	}
}