{
	"credit": "Made with Blockbench",
	"texture_size": [64, 64],
	"textures": {
		"1": "item/peehead"
	},
	"elements": [
		{
			"from": [4, 12, 4],
			"to": [12, 12.25, 12],
			"faces": {
				"north": {"uv": [5, 4.5, 7, 4.625], "texture": "#1"},
				"east": {"uv": [5, 4.75, 7, 4.875], "texture": "#1"},
				"south": {"uv": [5, 5, 7, 5.125], "texture": "#1"},
				"west": {"uv": [5.25, 1, 7.25, 1.125], "texture": "#1"},
				"up": {"uv": [2, 2, 0, 0], "texture": "#1"},
				"down": {"uv": [2, 2, 0, 4], "texture": "#1"}
			}
		},
		{
			"from": [5.5, 2, 3.75],
			"to": [5.75, 3, 4],
			"faces": {
				"north": {"uv": [4, 3.75, 4.125, 4], "texture": "#1"},
				"east": {"uv": [3.25, 8, 3.375, 8.25], "texture": "#1"},
				"south": {"uv": [3.5, 8, 3.625, 8.25], "texture": "#1"},
				"west": {"uv": [8, 3.5, 8.125, 3.75], "texture": "#1"},
				"up": {"uv": [0.875, 8.625, 0.75, 8.5], "texture": "#1"},
				"down": {"uv": [8.625, 0.75, 8.5, 0.875], "texture": "#1"}
			}
		},
		{
			"from": [5.75, 2.125, 3.75],
			"to": [5.9, 3, 4],
			"faces": {
				"north": {"uv": [3.75, 8, 3.875, 8.25], "texture": "#1"},
				"east": {"uv": [8, 3.75, 8.125, 4], "texture": "#1"},
				"south": {"uv": [4, 8, 4.125, 8.25], "texture": "#1"},
				"west": {"uv": [8, 4, 8.125, 4.25], "texture": "#1"},
				"up": {"uv": [1.125, 8.625, 1, 8.5], "texture": "#1"},
				"down": {"uv": [8.625, 1, 8.5, 1.125], "texture": "#1"}
			}
		},
		{
			"from": [4.25, 1.75, 3.75],
			"to": [5.5, 4, 4],
			"faces": {
				"north": {"uv": [3.5, 5.75, 3.875, 6.375], "texture": "#1"},
				"east": {"uv": [7, 6.25, 7.125, 6.875], "texture": "#1"},
				"south": {"uv": [4.25, 5.75, 4.625, 6.375], "texture": "#1"},
				"west": {"uv": [7, 7, 7.125, 7.625], "texture": "#1"},
				"up": {"uv": [8.125, 1.625, 7.75, 1.5], "texture": "#1"},
				"down": {"uv": [8.125, 1.75, 7.75, 1.875], "texture": "#1"}
			}
		},
		{
			"from": [5.5, 3, 3.75],
			"to": [5.75, 3.5, 4],
			"faces": {
				"north": {"uv": [1.25, 8.5, 1.375, 8.625], "texture": "#1"},
				"east": {"uv": [8.5, 1.25, 8.625, 1.375], "texture": "#1"},
				"south": {"uv": [1.5, 8.5, 1.625, 8.625], "texture": "#1"},
				"west": {"uv": [8.5, 1.5, 8.625, 1.625], "texture": "#1"},
				"up": {"uv": [1.875, 8.625, 1.75, 8.5], "texture": "#1"},
				"down": {"uv": [8.625, 1.75, 8.5, 1.875], "texture": "#1"}
			}
		},
		{
			"from": [4, 3, 3.75],
			"to": [4.25, 3.5, 4],
			"faces": {
				"north": {"uv": [2, 8.5, 2.125, 8.625], "texture": "#1"},
				"east": {"uv": [8.5, 2, 8.625, 2.125], "texture": "#1"},
				"south": {"uv": [2.25, 8.5, 2.375, 8.625], "texture": "#1"},
				"west": {"uv": [8.5, 2.25, 8.625, 2.375], "texture": "#1"},
				"up": {"uv": [2.625, 8.625, 2.5, 8.5], "texture": "#1"},
				"down": {"uv": [8.625, 2.5, 8.5, 2.625], "texture": "#1"}
			}
		},
		{
			"from": [4, 2, 3.75],
			"to": [4.25, 3, 4],
			"faces": {
				"north": {"uv": [4.25, 8, 4.375, 8.25], "texture": "#1"},
				"east": {"uv": [8, 4.25, 8.125, 4.5], "texture": "#1"},
				"south": {"uv": [4.5, 8, 4.625, 8.25], "texture": "#1"},
				"west": {"uv": [4.75, 8, 4.875, 8.25], "texture": "#1"},
				"up": {"uv": [2.875, 8.625, 2.75, 8.5], "texture": "#1"},
				"down": {"uv": [8.625, 2.75, 8.5, 2.875], "texture": "#1"}
			}
		},
		{
			"from": [3.85, 2.125, 3.75],
			"to": [4, 3, 4],
			"faces": {
				"north": {"uv": [5, 8, 5.125, 8.25], "texture": "#1"},
				"east": {"uv": [8, 5, 8.125, 5.25], "texture": "#1"},
				"south": {"uv": [5.25, 8, 5.375, 8.25], "texture": "#1"},
				"west": {"uv": [5.5, 8, 5.625, 8.25], "texture": "#1"},
				"up": {"uv": [3.125, 8.625, 3, 8.5], "texture": "#1"},
				"down": {"uv": [8.625, 3, 8.5, 3.125], "texture": "#1"}
			}
		},
		{
			"from": [4.5, 4, 3.75],
			"to": [5.25, 4.25, 4],
			"faces": {
				"north": {"uv": [5.75, 8, 6, 8.125], "texture": "#1"},
				"east": {"uv": [3.25, 8.5, 3.375, 8.625], "texture": "#1"},
				"south": {"uv": [6, 8, 6.25, 8.125], "texture": "#1"},
				"west": {"uv": [8.5, 3.25, 8.625, 3.375], "texture": "#1"},
				"up": {"uv": [8.25, 6.125, 8, 6], "texture": "#1"},
				"down": {"uv": [6.5, 8, 6.25, 8.125], "texture": "#1"}
			}
		},
		{
			"from": [4, 6, 3.75],
			"to": [5.75, 8, 4],
			"faces": {
				"north": {"uv": [1.5, 5, 2, 5.5], "texture": "#1"},
				"east": {"uv": [7.25, 6.25, 7.375, 6.75], "texture": "#1"},
				"south": {"uv": [5.25, 1.25, 5.75, 1.75], "texture": "#1"},
				"west": {"uv": [6.5, 7.25, 6.625, 7.75], "texture": "#1"},
				"up": {"uv": [7.75, 5.375, 7.25, 5.25], "texture": "#1"},
				"down": {"uv": [7.75, 6.75, 7.25, 6.875], "texture": "#1"}
			}
		},
		{
			"from": [7, 5.5, 3.75],
			"to": [9.25, 8, 4],
			"faces": {
				"north": {"uv": [5, 2.25, 5.625, 2.875], "texture": "#1"},
				"east": {"uv": [1.75, 7.25, 1.875, 7.875], "texture": "#1"},
				"south": {"uv": [5, 3, 5.625, 3.625], "texture": "#1"},
				"west": {"uv": [2.5, 7.25, 2.625, 7.875], "texture": "#1"},
				"up": {"uv": [7.625, 5.625, 7, 5.5], "texture": "#1"},
				"down": {"uv": [7.875, 1, 7.25, 1.125], "texture": "#1"}
			}
		},
		{
			"from": [5.75, 7, 3.75],
			"to": [7, 8, 4],
			"faces": {
				"north": {"uv": [7, 2, 7.375, 2.25], "texture": "#1"},
				"east": {"uv": [6.5, 8, 6.625, 8.25], "texture": "#1"},
				"south": {"uv": [7, 2.25, 7.375, 2.5], "texture": "#1"},
				"west": {"uv": [6.75, 8, 6.875, 8.25], "texture": "#1"},
				"up": {"uv": [8.125, 2.125, 7.75, 2], "texture": "#1"},
				"down": {"uv": [8.125, 2.25, 7.75, 2.375], "texture": "#1"}
			}
		},
		{
			"from": [7.5, 5, 3.75],
			"to": [8.75, 5.5, 4],
			"faces": {
				"north": {"uv": [7.75, 2.5, 8.125, 2.625], "texture": "#1"},
				"east": {"uv": [3.5, 8.5, 3.625, 8.625], "texture": "#1"},
				"south": {"uv": [7.75, 2.75, 8.125, 2.875], "texture": "#1"},
				"west": {"uv": [8.5, 3.5, 8.625, 3.625], "texture": "#1"},
				"up": {"uv": [3.625, 7.875, 3.25, 7.75], "texture": "#1"},
				"down": {"uv": [4.375, 7.75, 4, 7.875], "texture": "#1"}
			}
		},
		{
			"from": [4.25, 5.75, 3.75],
			"to": [5.5, 6, 4],
			"faces": {
				"north": {"uv": [4.5, 7.75, 4.875, 7.875], "texture": "#1"},
				"east": {"uv": [3.75, 8.5, 3.875, 8.625], "texture": "#1"},
				"south": {"uv": [7.75, 4.5, 8.125, 4.625], "texture": "#1"},
				"west": {"uv": [8.5, 3.75, 8.625, 3.875], "texture": "#1"},
				"up": {"uv": [8.125, 4.875, 7.75, 4.75], "texture": "#1"},
				"down": {"uv": [5.625, 7.75, 5.25, 7.875], "texture": "#1"}
			}
		},
		{
			"from": [9.25, 6.5, 3.75],
			"to": [9.75, 7.5, 4],
			"faces": {
				"north": {"uv": [7.25, 8, 7.375, 8.25], "texture": "#1"},
				"east": {"uv": [7.5, 8, 7.625, 8.25], "texture": "#1"},
				"south": {"uv": [7.75, 8, 7.875, 8.25], "texture": "#1"},
				"west": {"uv": [8, 8, 8.125, 8.25], "texture": "#1"},
				"up": {"uv": [4.125, 8.625, 4, 8.5], "texture": "#1"},
				"down": {"uv": [8.625, 4, 8.5, 4.125], "texture": "#1"}
			}
		},
		{
			"from": [9.25, 7.5, 3.75],
			"to": [11, 8, 4],
			"faces": {
				"north": {"uv": [7.25, 7, 7.75, 7.125], "texture": "#1"},
				"east": {"uv": [4.25, 8.5, 4.375, 8.625], "texture": "#1"},
				"south": {"uv": [7.25, 7.25, 7.75, 7.375], "texture": "#1"},
				"west": {"uv": [8.5, 4.25, 8.625, 4.375], "texture": "#1"},
				"up": {"uv": [0.75, 7.625, 0.25, 7.5], "texture": "#1"},
				"down": {"uv": [1.25, 7.5, 0.75, 7.625], "texture": "#1"}
			}
		},
		{
			"from": [6.25, -3, 12],
			"to": [6.75, -2, 12.25],
			"faces": {
				"north": {"uv": [0.25, 8.25, 0.375, 8.5], "texture": "#1"},
				"east": {"uv": [0.5, 8.25, 0.625, 8.5], "texture": "#1"},
				"south": {"uv": [8.25, 0.5, 8.375, 0.75], "texture": "#1"},
				"west": {"uv": [0.75, 8.25, 0.875, 8.5], "texture": "#1"},
				"up": {"uv": [4.625, 8.625, 4.5, 8.5], "texture": "#1"},
				"down": {"uv": [8.625, 4.5, 8.5, 4.625], "texture": "#1"}
			}
		},
		{
			"from": [5, -3.25, 12],
			"to": [6.25, -1, 12.25],
			"faces": {
				"north": {"uv": [4.75, 5.75, 5.125, 6.375], "texture": "#1"},
				"east": {"uv": [2.75, 7.25, 2.875, 7.875], "texture": "#1"},
				"south": {"uv": [5.25, 5.75, 5.625, 6.375], "texture": "#1"},
				"west": {"uv": [7.25, 2.75, 7.375, 3.375], "texture": "#1"},
				"up": {"uv": [8.125, 5.375, 7.75, 5.25], "texture": "#1"},
				"down": {"uv": [8.125, 5.5, 7.75, 5.625], "texture": "#1"}
			}
		},
		{
			"from": [6.25, -2, 12],
			"to": [6.5, -1.5, 12.25],
			"faces": {
				"north": {"uv": [4.75, 8.5, 4.875, 8.625], "texture": "#1"},
				"east": {"uv": [8.5, 4.75, 8.625, 4.875], "texture": "#1"},
				"south": {"uv": [5, 8.5, 5.125, 8.625], "texture": "#1"},
				"west": {"uv": [8.5, 5, 8.625, 5.125], "texture": "#1"},
				"up": {"uv": [5.375, 8.625, 5.25, 8.5], "texture": "#1"},
				"down": {"uv": [8.625, 5.25, 8.5, 5.375], "texture": "#1"}
			}
		},
		{
			"from": [4.75, -2, 12],
			"to": [5, -1.5, 12.25],
			"faces": {
				"north": {"uv": [5.5, 8.5, 5.625, 8.625], "texture": "#1"},
				"east": {"uv": [8.5, 5.5, 8.625, 5.625], "texture": "#1"},
				"south": {"uv": [5.75, 8.5, 5.875, 8.625], "texture": "#1"},
				"west": {"uv": [8.5, 5.75, 8.625, 5.875], "texture": "#1"},
				"up": {"uv": [6.125, 8.625, 6, 8.5], "texture": "#1"},
				"down": {"uv": [8.625, 6, 8.5, 6.125], "texture": "#1"}
			}
		},
		{
			"from": [4.5, -3, 12],
			"to": [5, -2, 12.25],
			"faces": {
				"north": {"uv": [8.25, 0.75, 8.375, 1], "texture": "#1"},
				"east": {"uv": [1, 8.25, 1.125, 8.5], "texture": "#1"},
				"south": {"uv": [8.25, 1, 8.375, 1.25], "texture": "#1"},
				"west": {"uv": [8.25, 1.25, 8.375, 1.5], "texture": "#1"},
				"up": {"uv": [6.375, 8.625, 6.25, 8.5], "texture": "#1"},
				"down": {"uv": [8.625, 6.25, 8.5, 6.375], "texture": "#1"}
			}
		},
		{
			"from": [5.25, -1, 12],
			"to": [6, -0.75, 12.25],
			"faces": {
				"north": {"uv": [1.5, 8.25, 1.75, 8.375], "texture": "#1"},
				"east": {"uv": [6.5, 8.5, 6.625, 8.625], "texture": "#1"},
				"south": {"uv": [8.25, 1.5, 8.5, 1.625], "texture": "#1"},
				"west": {"uv": [8.5, 6.5, 8.625, 6.625], "texture": "#1"},
				"up": {"uv": [2, 8.375, 1.75, 8.25], "texture": "#1"},
				"down": {"uv": [8.5, 1.75, 8.25, 1.875], "texture": "#1"}
			}
		},
		{
			"from": [4.75, 1, 12],
			"to": [6.5, 3, 12.25],
			"faces": {
				"north": {"uv": [5.25, 1.75, 5.75, 2.25], "texture": "#1"},
				"east": {"uv": [7.5, 2, 7.625, 2.5], "texture": "#1"},
				"south": {"uv": [2, 5.25, 2.5, 5.75], "texture": "#1"},
				"west": {"uv": [7.5, 2.5, 7.625, 3], "texture": "#1"},
				"up": {"uv": [8, 3.125, 7.5, 3], "texture": "#1"},
				"down": {"uv": [8, 3.25, 7.5, 3.375], "texture": "#1"}
			}
		},
		{
			"from": [7.75, 0.5, 12],
			"to": [10, 3, 12.25],
			"faces": {
				"north": {"uv": [3.25, 5, 3.875, 5.625], "texture": "#1"},
				"east": {"uv": [3, 7.25, 3.125, 7.875], "texture": "#1"},
				"south": {"uv": [5, 3.75, 5.625, 4.375], "texture": "#1"},
				"west": {"uv": [5, 7.25, 5.125, 7.875], "texture": "#1"},
				"up": {"uv": [7.875, 1.375, 7.25, 1.25], "texture": "#1"},
				"down": {"uv": [7.875, 3.5, 7.25, 3.625], "texture": "#1"}
			}
		},
		{
			"from": [6.5, 2.25, 12],
			"to": [7.75, 3, 12.25],
			"faces": {
				"north": {"uv": [7, 3.75, 7.375, 4], "texture": "#1"},
				"east": {"uv": [2, 8.25, 2.125, 8.5], "texture": "#1"},
				"south": {"uv": [7, 4, 7.375, 4.25], "texture": "#1"},
				"west": {"uv": [8.25, 2, 8.375, 2.25], "texture": "#1"},
				"up": {"uv": [6.125, 7.875, 5.75, 7.75], "texture": "#1"},
				"down": {"uv": [8.125, 5.75, 7.75, 5.875], "texture": "#1"}
			}
		},
		{
			"from": [7.5, 2, 12],
			"to": [7.75, 2.25, 12.25],
			"faces": {
				"north": {"uv": [6.75, 8.5, 6.875, 8.625], "texture": "#1"},
				"east": {"uv": [8.5, 6.75, 8.625, 6.875], "texture": "#1"},
				"south": {"uv": [7, 8.5, 7.125, 8.625], "texture": "#1"},
				"west": {"uv": [8.5, 7, 8.625, 7.125], "texture": "#1"},
				"up": {"uv": [7.375, 8.625, 7.25, 8.5], "texture": "#1"},
				"down": {"uv": [8.625, 7.25, 8.5, 7.375], "texture": "#1"}
			}
		},
		{
			"from": [6.5, 2, 12],
			"to": [6.75, 2.25, 12.25],
			"faces": {
				"north": {"uv": [7.5, 8.5, 7.625, 8.625], "texture": "#1"},
				"east": {"uv": [8.5, 7.5, 8.625, 7.625], "texture": "#1"},
				"south": {"uv": [7.75, 8.5, 7.875, 8.625], "texture": "#1"},
				"west": {"uv": [8.5, 7.75, 8.625, 7.875], "texture": "#1"},
				"up": {"uv": [8.125, 8.625, 8, 8.5], "texture": "#1"},
				"down": {"uv": [8.625, 8, 8.5, 8.125], "texture": "#1"}
			}
		},
		{
			"from": [8.25, 0, 12],
			"to": [9.5, 0.5, 12.25],
			"faces": {
				"north": {"uv": [7.75, 6.25, 8.125, 6.375], "texture": "#1"},
				"east": {"uv": [8.25, 8.5, 8.375, 8.625], "texture": "#1"},
				"south": {"uv": [6.5, 7.75, 6.875, 7.875], "texture": "#1"},
				"west": {"uv": [8.5, 8.25, 8.625, 8.375], "texture": "#1"},
				"up": {"uv": [8.125, 6.625, 7.75, 6.5], "texture": "#1"},
				"down": {"uv": [8.125, 6.75, 7.75, 6.875], "texture": "#1"}
			}
		},
		{
			"from": [5, 0.75, 12],
			"to": [6.25, 1, 12.25],
			"faces": {
				"north": {"uv": [7.75, 7, 8.125, 7.125], "texture": "#1"},
				"east": {"uv": [8.5, 8.5, 8.625, 8.625], "texture": "#1"},
				"south": {"uv": [7.75, 7.25, 8.125, 7.375], "texture": "#1"},
				"west": {"uv": [0, 8.75, 0.125, 8.875], "texture": "#1"},
				"up": {"uv": [8.125, 7.625, 7.75, 7.5], "texture": "#1"},
				"down": {"uv": [8.125, 7.75, 7.75, 7.875], "texture": "#1"}
			}
		},
		{
			"from": [10, 1.5, 12],
			"to": [10.5, 2.5, 12.25],
			"faces": {
				"north": {"uv": [2.25, 8.25, 2.375, 8.5], "texture": "#1"},
				"east": {"uv": [8.25, 2.25, 8.375, 2.5], "texture": "#1"},
				"south": {"uv": [8.25, 2.5, 8.375, 2.75], "texture": "#1"},
				"west": {"uv": [8.25, 2.75, 8.375, 3], "texture": "#1"},
				"up": {"uv": [8.875, 0.125, 8.75, 0], "texture": "#1"},
				"down": {"uv": [0.375, 8.75, 0.25, 8.875], "texture": "#1"}
			}
		},
		{
			"from": [10, 2.5, 12],
			"to": [11.75, 3, 12.25],
			"faces": {
				"north": {"uv": [7.5, 3.75, 8, 3.875], "texture": "#1"},
				"east": {"uv": [8.75, 0.25, 8.875, 0.375], "texture": "#1"},
				"south": {"uv": [7.5, 4, 8, 4.125], "texture": "#1"},
				"west": {"uv": [0.5, 8.75, 0.625, 8.875], "texture": "#1"},
				"up": {"uv": [5.75, 7.625, 5.25, 7.5], "texture": "#1"},
				"down": {"uv": [8, 6, 7.5, 6.125], "texture": "#1"}
			}
		},
		{
			"from": [4, 8, 3.75],
			"to": [12, 12, 4],
			"faces": {
				"north": {"uv": [2, 0, 4, 1], "texture": "#1"},
				"east": {"uv": [1.75, 6.25, 1.875, 7.25], "texture": "#1"},
				"south": {"uv": [2, 1, 4, 2], "texture": "#1"},
				"west": {"uv": [6.25, 3.25, 6.375, 4.25], "texture": "#1"},
				"up": {"uv": [7, 5.375, 5, 5.25], "texture": "#1"},
				"down": {"uv": [7, 5.5, 5, 5.625], "texture": "#1"}
			}
		},
		{
			"from": [8, 3, 12],
			"to": [12, 7, 12.25],
			"faces": {
				"north": {"uv": [4, 2.25, 5, 3.25], "texture": "#1"},
				"east": {"uv": [6.25, 6, 6.375, 7], "texture": "#1"},
				"south": {"uv": [3.25, 4, 4.25, 5], "texture": "#1"},
				"west": {"uv": [6.5, 3.25, 6.625, 4.25], "texture": "#1"},
				"up": {"uv": [5.25, 6.625, 4.25, 6.5], "texture": "#1"},
				"down": {"uv": [7.5, 6, 6.5, 6.125], "texture": "#1"}
			}
		},
		{
			"from": [7, 3, 12],
			"to": [8, 5, 12.25],
			"faces": {
				"north": {"uv": [4, 3.25, 4.25, 3.75], "texture": "#1"},
				"east": {"uv": [3.75, 7.5, 3.875, 8], "texture": "#1"},
				"south": {"uv": [3.5, 6.5, 3.75, 7], "texture": "#1"},
				"west": {"uv": [6.25, 7.5, 6.375, 8], "texture": "#1"},
				"up": {"uv": [8.5, 3.125, 8.25, 3], "texture": "#1"},
				"down": {"uv": [3.5, 8.25, 3.25, 8.375], "texture": "#1"}
			}
		},
		{
			"from": [7, 6.75, 12],
			"to": [7.25, 7, 12.25],
			"faces": {
				"north": {"uv": [8.75, 0.5, 8.875, 0.625], "texture": "#1"},
				"east": {"uv": [0.75, 8.75, 0.875, 8.875], "texture": "#1"},
				"south": {"uv": [8.75, 0.75, 8.875, 0.875], "texture": "#1"},
				"west": {"uv": [1, 8.75, 1.125, 8.875], "texture": "#1"},
				"up": {"uv": [8.875, 1.125, 8.75, 1], "texture": "#1"},
				"down": {"uv": [1.375, 8.75, 1.25, 8.875], "texture": "#1"}
			}
		},
		{
			"from": [7.75, 6.75, 12],
			"to": [8, 7, 12.25],
			"faces": {
				"north": {"uv": [8.75, 1.25, 8.875, 1.375], "texture": "#1"},
				"east": {"uv": [1.5, 8.75, 1.625, 8.875], "texture": "#1"},
				"south": {"uv": [8.75, 1.5, 8.875, 1.625], "texture": "#1"},
				"west": {"uv": [1.75, 8.75, 1.875, 8.875], "texture": "#1"},
				"up": {"uv": [8.875, 1.875, 8.75, 1.75], "texture": "#1"},
				"down": {"uv": [2.125, 8.75, 2, 8.875], "texture": "#1"}
			}
		},
		{
			"from": [7.75, 5, 12],
			"to": [8, 5.25, 12.25],
			"faces": {
				"north": {"uv": [8.75, 2, 8.875, 2.125], "texture": "#1"},
				"east": {"uv": [2.25, 8.75, 2.375, 8.875], "texture": "#1"},
				"south": {"uv": [8.75, 2.25, 8.875, 2.375], "texture": "#1"},
				"west": {"uv": [2.5, 8.75, 2.625, 8.875], "texture": "#1"},
				"up": {"uv": [8.875, 2.625, 8.75, 2.5], "texture": "#1"},
				"down": {"uv": [2.875, 8.75, 2.75, 8.875], "texture": "#1"}
			}
		},
		{
			"from": [9.25, 7, 12],
			"to": [9.5, 7.25, 12.25],
			"faces": {
				"north": {"uv": [8.75, 2.75, 8.875, 2.875], "texture": "#1"},
				"east": {"uv": [3, 8.75, 3.125, 8.875], "texture": "#1"},
				"south": {"uv": [8.75, 3, 8.875, 3.125], "texture": "#1"},
				"west": {"uv": [3.25, 8.75, 3.375, 8.875], "texture": "#1"},
				"up": {"uv": [8.875, 3.375, 8.75, 3.25], "texture": "#1"},
				"down": {"uv": [3.625, 8.75, 3.5, 8.875], "texture": "#1"}
			}
		},
		{
			"from": [9, 8.5, 12],
			"to": [9.25, 9, 12.25],
			"faces": {
				"north": {"uv": [8.75, 3.5, 8.875, 3.625], "texture": "#1"},
				"east": {"uv": [3.75, 8.75, 3.875, 8.875], "texture": "#1"},
				"south": {"uv": [8.75, 3.75, 8.875, 3.875], "texture": "#1"},
				"west": {"uv": [4, 8.75, 4.125, 8.875], "texture": "#1"},
				"up": {"uv": [8.875, 4.125, 8.75, 4], "texture": "#1"},
				"down": {"uv": [4.375, 8.75, 4.25, 8.875], "texture": "#1"}
			}
		},
		{
			"from": [7, 5, 12],
			"to": [7.25, 5.25, 12.25],
			"faces": {
				"north": {"uv": [8.75, 4.25, 8.875, 4.375], "texture": "#1"},
				"east": {"uv": [4.5, 8.75, 4.625, 8.875], "texture": "#1"},
				"south": {"uv": [8.75, 4.5, 8.875, 4.625], "texture": "#1"},
				"west": {"uv": [4.75, 8.75, 4.875, 8.875], "texture": "#1"},
				"up": {"uv": [8.875, 4.875, 8.75, 4.75], "texture": "#1"},
				"down": {"uv": [5.125, 8.75, 5, 8.875], "texture": "#1"}
			}
		},
		{
			"from": [4, 3, 12],
			"to": [7, 7, 12.25],
			"faces": {
				"north": {"uv": [0, 5, 0.75, 6], "texture": "#1"},
				"east": {"uv": [3.75, 6.5, 3.875, 7.5], "texture": "#1"},
				"south": {"uv": [0.75, 5, 1.5, 6], "texture": "#1"},
				"west": {"uv": [5.25, 6.5, 5.375, 7.5], "texture": "#1"},
				"up": {"uv": [7.75, 4.625, 7, 4.5], "texture": "#1"},
				"down": {"uv": [7.75, 4.75, 7, 4.875], "texture": "#1"}
			}
		},
		{
			"from": [9.5, 7, 12],
			"to": [12, 12, 12.25],
			"faces": {
				"north": {"uv": [4.25, 3.25, 4.875, 4.5], "texture": "#1"},
				"east": {"uv": [0.25, 6.25, 0.375, 7.5], "texture": "#1"},
				"south": {"uv": [4.25, 4.5, 4.875, 5.75], "texture": "#1"},
				"west": {"uv": [0.5, 6.25, 0.625, 7.5], "texture": "#1"},
				"up": {"uv": [7.875, 4.375, 7.25, 4.25], "texture": "#1"},
				"down": {"uv": [7.875, 5, 7.25, 5.125], "texture": "#1"}
			}
		},
		{
			"from": [9, 9, 12],
			"to": [9.5, 12, 12.25],
			"faces": {
				"north": {"uv": [3.5, 7, 3.625, 7.75], "texture": "#1"},
				"east": {"uv": [4, 7, 4.125, 7.75], "texture": "#1"},
				"south": {"uv": [4.5, 7, 4.625, 7.75], "texture": "#1"},
				"west": {"uv": [4.75, 7, 4.875, 7.75], "texture": "#1"},
				"up": {"uv": [8.875, 5.125, 8.75, 5], "texture": "#1"},
				"down": {"uv": [5.375, 8.75, 5.25, 8.875], "texture": "#1"}
			}
		},
		{
			"from": [4, 7, 12],
			"to": [9, 12, 12.25],
			"faces": {
				"north": {"uv": [4, 1, 5.25, 2.25], "texture": "#1"},
				"east": {"uv": [0.75, 6.25, 0.875, 7.5], "texture": "#1"},
				"south": {"uv": [2, 4, 3.25, 5.25], "texture": "#1"},
				"west": {"uv": [1, 6.25, 1.125, 7.5], "texture": "#1"},
				"up": {"uv": [7.25, 4.375, 6, 4.25], "texture": "#1"},
				"down": {"uv": [7.5, 2.5, 6.25, 2.625], "texture": "#1"}
			}
		},
		{
			"from": [12, 7.5, 4.45],
			"to": [12.25, 8, 12],
			"faces": {
				"north": {"uv": [8.75, 5.25, 8.875, 5.375], "texture": "#1"},
				"east": {"uv": [5.75, 5.75, 7.625, 5.875], "texture": "#1"},
				"south": {"uv": [5.5, 8.75, 5.625, 8.875], "texture": "#1"},
				"west": {"uv": [0, 6, 1.875, 6.125], "texture": "#1"},
				"up": {"uv": [2.125, 7.875, 2, 6], "texture": "#1"},
				"down": {"uv": [2.375, 6, 2.25, 7.875], "texture": "#1"}
			}
		},
		{
			"from": [12, 7, 5.5],
			"to": [12.25, 7.5, 12],
			"faces": {
				"north": {"uv": [8.75, 5.5, 8.875, 5.625], "texture": "#1"},
				"east": {"uv": [6, 0, 7.625, 0.125], "texture": "#1"},
				"south": {"uv": [5.75, 8.75, 5.875, 8.875], "texture": "#1"},
				"west": {"uv": [6, 0.25, 7.625, 0.375], "texture": "#1"},
				"up": {"uv": [6.125, 4.125, 6, 2.5], "texture": "#1"},
				"down": {"uv": [5.875, 6, 5.75, 7.625], "texture": "#1"}
			}
		},
		{
			"from": [12, 6, 8],
			"to": [12.25, 7, 12],
			"faces": {
				"north": {"uv": [8.25, 3.25, 8.375, 3.5], "texture": "#1"},
				"east": {"uv": [5.75, 1.25, 6.75, 1.5], "texture": "#1"},
				"south": {"uv": [3.5, 8.25, 3.625, 8.5], "texture": "#1"},
				"west": {"uv": [1.5, 5.75, 2.5, 6], "texture": "#1"},
				"up": {"uv": [5.625, 7.5, 5.5, 6.5], "texture": "#1"},
				"down": {"uv": [6.625, 6.25, 6.5, 7.25], "texture": "#1"}
			}
		},
		{
			"from": [12, 4.65, 5.65],
			"to": [12.25, 5.65, 5.9],
			"faces": {
				"north": {"uv": [8.25, 3.5, 8.375, 3.75], "texture": "#1"},
				"east": {"uv": [3.75, 8.25, 3.875, 8.5], "texture": "#1"},
				"south": {"uv": [8.25, 3.75, 8.375, 4], "texture": "#1"},
				"west": {"uv": [4, 8.25, 4.125, 8.5], "texture": "#1"},
				"up": {"uv": [8.875, 5.875, 8.75, 5.75], "texture": "#1"},
				"down": {"uv": [6.125, 8.75, 6, 8.875], "texture": "#1"}
			}
		},
		{
			"from": [12, 4.4, 5.9],
			"to": [12.25, 4.65, 7.15],
			"faces": {
				"north": {"uv": [8.75, 6, 8.875, 6.125], "texture": "#1"},
				"east": {"uv": [8, 0, 8.375, 0.125], "texture": "#1"},
				"south": {"uv": [6.25, 8.75, 6.375, 8.875], "texture": "#1"},
				"west": {"uv": [8, 0.25, 8.375, 0.375], "texture": "#1"},
				"up": {"uv": [1.125, 8.125, 1, 7.75], "texture": "#1"},
				"down": {"uv": [7.125, 7.75, 7, 8.125], "texture": "#1"}
			}
		},
		{
			"from": [12, 4.65, 5.9],
			"to": [12.25, 5.9, 7.15],
			"faces": {
				"north": {"uv": [0, 8, 0.125, 8.375], "texture": "#1"},
				"east": {"uv": [1.25, 6.25, 1.625, 6.625], "texture": "#1"},
				"south": {"uv": [8, 0.5, 8.125, 0.875], "texture": "#1"},
				"west": {"uv": [6.25, 2.75, 6.625, 3.125], "texture": "#1"},
				"up": {"uv": [8.125, 1.375, 8, 1], "texture": "#1"},
				"down": {"uv": [1.375, 8, 1.25, 8.375], "texture": "#1"}
			}
		},
		{
			"from": [12, 5.9, 6.15],
			"to": [12.25, 6.15, 6.9],
			"faces": {
				"north": {"uv": [8.75, 6.25, 8.875, 6.375], "texture": "#1"},
				"east": {"uv": [8.25, 4, 8.5, 4.125], "texture": "#1"},
				"south": {"uv": [6.5, 8.75, 6.625, 8.875], "texture": "#1"},
				"west": {"uv": [4.25, 8.25, 4.5, 8.375], "texture": "#1"},
				"up": {"uv": [8.375, 4.5, 8.25, 4.25], "texture": "#1"},
				"down": {"uv": [4.625, 8.25, 4.5, 8.5], "texture": "#1"}
			}
		},
		{
			"from": [12, 4.65, 7.15],
			"to": [12.25, 5.65, 7.4],
			"faces": {
				"north": {"uv": [8.25, 4.5, 8.375, 4.75], "texture": "#1"},
				"east": {"uv": [4.75, 8.25, 4.875, 8.5], "texture": "#1"},
				"south": {"uv": [8.25, 4.75, 8.375, 5], "texture": "#1"},
				"west": {"uv": [5, 8.25, 5.125, 8.5], "texture": "#1"},
				"up": {"uv": [8.875, 6.625, 8.75, 6.5], "texture": "#1"},
				"down": {"uv": [6.875, 8.75, 6.75, 8.875], "texture": "#1"}
			}
		},
		{
			"from": [3.75, 3.65, 8.1],
			"to": [4, 4.4, 8.25],
			"faces": {
				"north": {"uv": [8.25, 5, 8.375, 5.25], "texture": "#1"},
				"east": {"uv": [5.25, 8.25, 5.375, 8.5], "texture": "#1"},
				"south": {"uv": [8.25, 5.25, 8.375, 5.5], "texture": "#1"},
				"west": {"uv": [5.5, 8.25, 5.625, 8.5], "texture": "#1"},
				"up": {"uv": [8.875, 6.875, 8.75, 6.75], "texture": "#1"},
				"down": {"uv": [7.125, 8.75, 7, 8.875], "texture": "#1"}
			}
		},
		{
			"from": [3.75, 3.65, 8.25],
			"to": [4, 4.65, 8.5],
			"faces": {
				"north": {"uv": [8.25, 5.5, 8.375, 5.75], "texture": "#1"},
				"east": {"uv": [5.75, 8.25, 5.875, 8.5], "texture": "#1"},
				"south": {"uv": [8.25, 5.75, 8.375, 6], "texture": "#1"},
				"west": {"uv": [6, 8.25, 6.125, 8.5], "texture": "#1"},
				"up": {"uv": [8.875, 7.125, 8.75, 7], "texture": "#1"},
				"down": {"uv": [7.375, 8.75, 7.25, 8.875], "texture": "#1"}
			}
		},
		{
			"from": [3.75, 3.4, 8.25],
			"to": [4, 3.65, 9.5],
			"faces": {
				"north": {"uv": [8.75, 7.25, 8.875, 7.375], "texture": "#1"},
				"east": {"uv": [1.5, 8, 1.875, 8.125], "texture": "#1"},
				"south": {"uv": [7.5, 8.75, 7.625, 8.875], "texture": "#1"},
				"west": {"uv": [2, 8, 2.375, 8.125], "texture": "#1"},
				"up": {"uv": [2.625, 8.375, 2.5, 8], "texture": "#1"},
				"down": {"uv": [2.875, 8, 2.75, 8.375], "texture": "#1"}
			}
		},
		{
			"from": [3.75, 3.25, 8.5],
			"to": [4, 3.4, 9.25],
			"faces": {
				"north": {"uv": [8.75, 7.5, 8.875, 7.625], "texture": "#1"},
				"east": {"uv": [8.25, 6, 8.5, 6.125], "texture": "#1"},
				"south": {"uv": [7.75, 8.75, 7.875, 8.875], "texture": "#1"},
				"west": {"uv": [6.25, 8.25, 6.5, 8.375], "texture": "#1"},
				"up": {"uv": [8.375, 6.5, 8.25, 6.25], "texture": "#1"},
				"down": {"uv": [6.625, 8.25, 6.5, 8.5], "texture": "#1"}
			}
		},
		{
			"from": [3.75, 3.65, 8.5],
			"to": [4, 4.9, 9.25],
			"faces": {
				"north": {"uv": [3, 8, 3.125, 8.375], "texture": "#1"},
				"east": {"uv": [7, 5, 7.25, 5.375], "texture": "#1"},
				"south": {"uv": [8, 3, 8.125, 3.375], "texture": "#1"},
				"west": {"uv": [6.25, 7, 6.5, 7.375], "texture": "#1"},
				"up": {"uv": [8.375, 6.75, 8.25, 6.5], "texture": "#1"},
				"down": {"uv": [6.875, 8.25, 6.75, 8.5], "texture": "#1"}
			}
		},
		{
			"from": [3.75, 4.9, 8.75],
			"to": [4, 5.15, 9],
			"faces": {
				"north": {"uv": [8.75, 7.75, 8.875, 7.875], "texture": "#1"},
				"east": {"uv": [8, 8.75, 8.125, 8.875], "texture": "#1"},
				"south": {"uv": [8.75, 8, 8.875, 8.125], "texture": "#1"},
				"west": {"uv": [8.25, 8.75, 8.375, 8.875], "texture": "#1"},
				"up": {"uv": [8.875, 8.375, 8.75, 8.25], "texture": "#1"},
				"down": {"uv": [8.625, 8.75, 8.5, 8.875], "texture": "#1"}
			}
		},
		{
			"from": [3.75, 3.65, 9.5],
			"to": [4, 4.4, 9.65],
			"faces": {
				"north": {"uv": [8.25, 6.75, 8.375, 7], "texture": "#1"},
				"east": {"uv": [7, 8.25, 7.125, 8.5], "texture": "#1"},
				"south": {"uv": [8.25, 7, 8.375, 7.25], "texture": "#1"},
				"west": {"uv": [7.25, 8.25, 7.375, 8.5], "texture": "#1"},
				"up": {"uv": [8.875, 8.625, 8.75, 8.5], "texture": "#1"},
				"down": {"uv": [8.875, 8.75, 8.75, 8.875], "texture": "#1"}
			}
		},
		{
			"from": [3.75, 3.65, 9.25],
			"to": [4, 4.65, 9.5],
			"faces": {
				"north": {"uv": [8.25, 7.25, 8.375, 7.5], "texture": "#1"},
				"east": {"uv": [7.5, 8.25, 7.625, 8.5], "texture": "#1"},
				"south": {"uv": [8.25, 7.5, 8.375, 7.75], "texture": "#1"},
				"west": {"uv": [7.75, 8.25, 7.875, 8.5], "texture": "#1"},
				"up": {"uv": [0.125, 9.125, 0, 9], "texture": "#1"},
				"down": {"uv": [9.125, 0, 9, 0.125], "texture": "#1"}
			}
		},
		{
			"from": [12, 5.25, 9.5],
			"to": [12.25, 6, 11.25],
			"faces": {
				"north": {"uv": [8.25, 7.75, 8.375, 8], "texture": "#1"},
				"east": {"uv": [1.5, 5.5, 2, 5.75], "texture": "#1"},
				"south": {"uv": [8, 8.25, 8.125, 8.5], "texture": "#1"},
				"west": {"uv": [1.25, 6.75, 1.75, 7], "texture": "#1"},
				"up": {"uv": [7.625, 6.75, 7.5, 6.25], "texture": "#1"},
				"down": {"uv": [7.375, 7.5, 7.25, 8], "texture": "#1"}
			}
		},
		{
			"from": [12, 4.25, 11.25],
			"to": [12.25, 6, 12],
			"faces": {
				"north": {"uv": [7.5, 7.5, 7.625, 8], "texture": "#1"},
				"east": {"uv": [6.75, 2, 7, 2.5], "texture": "#1"},
				"south": {"uv": [7.75, 0, 7.875, 0.5], "texture": "#1"},
				"west": {"uv": [6.75, 2.75, 7, 3.25], "texture": "#1"},
				"up": {"uv": [8.375, 8.25, 8.25, 8], "texture": "#1"},
				"down": {"uv": [8.375, 8.25, 8.25, 8.5], "texture": "#1"}
			}
		},
		{
			"from": [3.75, 7.5, 4.25],
			"to": [4, 8, 12],
			"faces": {
				"north": {"uv": [0.25, 9, 0.375, 9.125], "texture": "#1"},
				"east": {"uv": [5.75, 1.5, 7.75, 1.625], "texture": "#1"},
				"south": {"uv": [9, 0.25, 9.125, 0.375], "texture": "#1"},
				"west": {"uv": [5.75, 1.75, 7.75, 1.875], "texture": "#1"},
				"up": {"uv": [4.125, 7, 4, 5], "texture": "#1"},
				"down": {"uv": [2.625, 5.25, 2.5, 7.25], "texture": "#1"}
			}
		},
		{
			"from": [3.75, 7, 5.5],
			"to": [4, 7.5, 12],
			"faces": {
				"north": {"uv": [0.5, 9, 0.625, 9.125], "texture": "#1"},
				"east": {"uv": [6, 0.5, 7.625, 0.625], "texture": "#1"},
				"south": {"uv": [9, 0.5, 9.125, 0.625], "texture": "#1"},
				"west": {"uv": [6, 0.75, 7.625, 0.875], "texture": "#1"},
				"up": {"uv": [6.125, 7.625, 6, 6], "texture": "#1"},
				"down": {"uv": [0.125, 6.25, 0, 7.875], "texture": "#1"}
			}
		},
		{
			"from": [3.75, 6, 8],
			"to": [4, 7, 12],
			"faces": {
				"north": {"uv": [0, 8.5, 0.125, 8.75], "texture": "#1"},
				"east": {"uv": [5.75, 2, 6.75, 2.25], "texture": "#1"},
				"south": {"uv": [8.5, 0, 8.625, 0.25], "texture": "#1"},
				"west": {"uv": [5.75, 2.25, 6.75, 2.5], "texture": "#1"},
				"up": {"uv": [6.875, 4.25, 6.75, 3.25], "texture": "#1"},
				"down": {"uv": [4.375, 6.75, 4.25, 7.75], "texture": "#1"}
			}
		},
		{
			"from": [3.75, 5.25, 9.5],
			"to": [4, 6, 11.25],
			"faces": {
				"north": {"uv": [0.25, 8.5, 0.375, 8.75], "texture": "#1"},
				"east": {"uv": [6.75, 1.25, 7.25, 1.5], "texture": "#1"},
				"south": {"uv": [8.5, 0.25, 8.625, 0.5], "texture": "#1"},
				"west": {"uv": [4.5, 6.75, 5, 7], "texture": "#1"},
				"up": {"uv": [0.375, 8.25, 0.25, 7.75], "texture": "#1"},
				"down": {"uv": [0.625, 7.75, 0.5, 8.25], "texture": "#1"}
			}
		},
		{
			"from": [3.75, 4.25, 11.25],
			"to": [4, 6, 12],
			"faces": {
				"north": {"uv": [7.75, 0.5, 7.875, 1], "texture": "#1"},
				"east": {"uv": [5, 6.75, 5.25, 7.25], "texture": "#1"},
				"south": {"uv": [0.75, 7.75, 0.875, 8.25], "texture": "#1"},
				"west": {"uv": [6.75, 6.25, 7, 6.75], "texture": "#1"},
				"up": {"uv": [0.625, 8.75, 0.5, 8.5], "texture": "#1"},
				"down": {"uv": [8.625, 0.5, 8.5, 0.75], "texture": "#1"}
			}
		},
		{
			"from": [12, 8, 4],
			"to": [12.25, 12, 12],
			"faces": {
				"north": {"uv": [6.75, 6.75, 6.875, 7.75], "texture": "#1"},
				"east": {"uv": [2, 2, 4, 3], "texture": "#1"},
				"south": {"uv": [1.25, 7, 1.375, 8], "texture": "#1"},
				"west": {"uv": [2, 3, 4, 4], "texture": "#1"},
				"up": {"uv": [2.875, 7.25, 2.75, 5.25], "texture": "#1"},
				"down": {"uv": [3.125, 5.25, 3, 7.25], "texture": "#1"}
			}
		},
		{
			"from": [3.75, 8, 4],
			"to": [4, 12, 12],
			"faces": {
				"north": {"uv": [1.5, 7, 1.625, 8], "texture": "#1"},
				"east": {"uv": [0, 4, 2, 5], "texture": "#1"},
				"south": {"uv": [7, 2.75, 7.125, 3.75], "texture": "#1"},
				"west": {"uv": [4, 0, 6, 1], "texture": "#1"},
				"up": {"uv": [5.875, 4.5, 5.75, 2.5], "texture": "#1"},
				"down": {"uv": [3.375, 5.75, 3.25, 7.75], "texture": "#1"}
			}
		}
	],
	"display": {
		"thirdperson_righthand": {
			"rotation": [75, 45, 0],
			"translation": [0, 2.5, 0],
			"scale": [0.375, 0.375, 0.375]
		},
		"thirdperson_lefthand": {
			"rotation": [75, 45, 0],
			"translation": [0, 2.5, 0],
			"scale": [0.375, 0.375, 0.375]
		},
		"firstperson_righthand": {
			"rotation": [0, 45, 0],
			"scale": [0.4, 0.4, 0.4]
		},
		"firstperson_lefthand": {
			"rotation": [0, 45, 0],
			"scale": [0.4, 0.4, 0.4]
		},
		"ground": {
			"translation": [0, 3, 0],
			"scale": [0.25, 0.25, 0.25]
		},
		"gui": {
			"rotation": [30, 225, 0],
			"scale": [0.625, 0.625, 0.625]
		},
		"head": {
			"scale": [1.85, 1.85, 1.85]
		},
		"fixed": {
			"rotation": [-90, 0, 0],
			"translation": [0, 0, 16.5],
			"scale": [4, 4, 4]
		}
	},
	"groups": [
		{
			"name": "group",
			"origin": [8, 8, 8],
			"color": 0,
			"children": [
				0,
				{
					"name": "group",
					"origin": [0, 0, 0],
					"color": 0,
					"children": [1, 2, 3, 4, 5, 6, 7, 8, 9, 10, 11, 12, 13, 14, 15]
				},
				{
					"name": "group",
					"origin": [0, 0, 0],
					"color": 0,
					"children": [16, 17, 18, 19, 20, 21, 22, 23, 24, 25, 26, 27, 28, 29, 30]
				},
				31,
				32,
				33,
				34,
				35,
				36,
				37,
				38,
				39,
				40,
				41,
				42,
				43,
				{
					"name": "group",
					"origin": [0, 0, 0],
					"color": 0,
					"children": [
						44,
						45,
						46,
						{
							"name": "group",
							"origin": [0, 0, 0],
							"color": 0,
							"children": [47, 48, 49, 50, 51]
						},
						{
							"name": "group",
							"origin": [0, 0, 0],
							"color": 0,
							"children": [52, 53, 54, 55, 56, 57, 58, 59]
						},
						60,
						61
					]
				},
				{
					"name": "group",
					"origin": [0, 0, 0],
					"color": 0,
					"children": [62, 63, 64, 65, 66]
				},
				67,
				68
			]
		}
	]
}