{
	"credit": "Made with Blockbench",
	"texture_size": [32, 32],
	"textures": {
		"0": "item/divers_helmet",
		"particle": "item/divers_helmet"
	},
	"elements": [
		{
			"from": [4, 1, 4],
			"to": [12, 1, 12],
			"rotation": {"angle": 0, "axis": "y", "origin": [3, 7.5, 1]},
			"faces": {
				"up": {"uv": [8, 8, 16, 16], "texture": "#0"},
				"down": {"uv": [8, 8, 16, 16], "texture": "#0"}
			}
		},
		{
			"from": [11.999, 1.001, 4],
			"to": [11.999, 9.001, 12],
			"rotation": {"angle": 0, "axis": "y", "origin": [5.499, 0.001, 1]},
			"faces": {
				"east": {"uv": [8, 8, 16, 16], "rotation": 270, "texture": "#0"},
				"west": {"uv": [8, 8, 16, 16], "rotation": 270, "texture": "#0"}
			}
		},
		{
			"from": [3.999, 9, 4],
			"to": [11.999, 9, 12],
			"rotation": {"angle": 0, "axis": "y", "origin": [12.999, 2.5, 1]},
			"faces": {
				"up": {"uv": [8, 8, 16, 16], "rotation": 180, "texture": "#0"},
				"down": {"uv": [8, 8, 16, 16], "rotation": 180, "texture": "#0"}
			}
		},
		{
			"from": [4, 0.999, 4],
			"to": [4, 8.999, 12],
			"rotation": {"angle": 0, "axis": "y", "origin": [10.5, 9.999, 1]},
			"faces": {
				"east": {"uv": [8, 8, 16, 16], "rotation": 90, "texture": "#0"},
				"west": {"uv": [8, 8, 16, 16], "rotation": 90, "texture": "#0"}
			}
		},
		{
			"from": [3.999, 0.999, 4.5],
			"to": [11.999, 8.999, 4.5],
			"rotation": {"angle": 0, "axis": "y", "origin": [14.999, 9.999, 10.5]},
			"faces": {
				"north": {"uv": [8, 8, 16, 16], "rotation": 90, "texture": "#0"},
				"south": {"uv": [8, 8, 16, 16], "rotation": 90, "texture": "#0"}
			}
		},
		{
			"from": [3.999, 1.001, 11.999],
			"to": [11.999, 9.001, 11.999],
			"rotation": {"angle": 0, "axis": "y", "origin": [14.999, 0.001, 5.499]},
			"faces": {
				"north": {"uv": [8, 8, 16, 16], "rotation": 270, "texture": "#0"},
				"south": {"uv": [8, 8, 16, 16], "rotation": 270, "texture": "#0"}
			}
		},
		{
			"from": [5, 0, 4],
			"to": [11, 0.5, 5],
			"rotation": {"angle": 0, "axis": "y", "origin": [3, 0, 0]},
			"faces": {
				"north": {"uv": [2.5, 2, 2, 8], "rotation": 90, "texture": "#0"},
				"south": {"uv": [3, 2, 2, 8], "rotation": 90, "texture": "#0"},
				"down": {"uv": [3, 2, 2, 8], "rotation": 90, "texture": "#0"}
			}
		},
		{
			"from": [4, 8.5, 3],
			"to": [12, 9.5, 4],
			"rotation": {"angle": 0, "axis": "y", "origin": [3, 0, 0]},
			"faces": {
				"north": {"uv": [2, 1, 3, 9], "rotation": 90, "texture": "#0"},
				"east": {"uv": [3, 2, 2, 1], "texture": "#0"},
				"south": {"uv": [2, 1, 3, 9], "rotation": 90, "texture": "#0"},
				"west": {"uv": [2, 2, 3, 1], "texture": "#0"},
				"up": {"uv": [2, 1, 3, 9], "rotation": 90, "texture": "#0"},
				"down": {"uv": [3, 1, 4, 9], "rotation": 90, "texture": "#0"}
			}
		},
		{
			"from": [4, 9, 4],
			"to": [12, 10, 5],
			"rotation": {"angle": 0, "axis": "y", "origin": [3, 0, 0]},
			"faces": {
				"north": {"uv": [3, 1, 2, 9], "rotation": 90, "texture": "#0"},
				"east": {"uv": [3, 1, 2, 2], "texture": "#0"},
				"south": {"uv": [2, 1, 3, 9], "rotation": 90, "texture": "#0"},
				"west": {"uv": [2, 1, 3, 2], "texture": "#0"},
				"up": {"uv": [2, 1, 3, 9], "rotation": 90, "texture": "#0"},
				"down": {"uv": [3, 1, 2, 9], "rotation": 90, "texture": "#0"}
			}
		},
		{
			"from": [3.501, 1.001, 3.001],
			"to": [4.499, 8.999, 3.999],
			"faces": {
				"north": {"uv": [3, 1, 2, 9], "texture": "#0"},
				"east": {"uv": [3, 1, 4, 9], "texture": "#0"},
				"south": {"uv": [3, 1, 2, 9], "texture": "#0"},
				"west": {"uv": [2, 1, 3, 9], "texture": "#0"},
				"up": {"uv": [2, 1, 3, 2], "texture": "#0"},
				"down": {"uv": [2, 2, 3, 1], "texture": "#0"}
			}
		},
		{
			"from": [11.501, 1.001, 3.001],
			"to": [12.499, 8.999, 3.999],
			"faces": {
				"north": {"uv": [2, 1, 3, 9], "texture": "#0"},
				"east": {"uv": [3, 1, 2, 9], "texture": "#0"},
				"south": {"uv": [2, 1, 3, 9], "texture": "#0"},
				"west": {"uv": [4, 1, 3, 9], "texture": "#0"},
				"up": {"uv": [2, 1, 3, 2], "texture": "#0"},
				"down": {"uv": [2, 2, 3, 1], "texture": "#0"}
			}
		},
		{
			"from": [3, 2, 12],
			"to": [4, 8, 13],
			"faces": {
				"south": {"uv": [1, 2, 2, 8], "texture": "#0"},
				"west": {"uv": [2, 2, 1, 8], "texture": "#0"},
				"up": {"uv": [2, 2, 3, 1], "texture": "#0"},
				"down": {"uv": [2, 1, 3, 2], "texture": "#0"}
			}
		},
		{
			"from": [12, 2, 12],
			"to": [13, 8, 13],
			"rotation": {"angle": 0, "axis": "y", "origin": [16, 0, 0]},
			"faces": {
				"east": {"uv": [1, 2, 2, 8], "texture": "#0"},
				"south": {"uv": [2, 2, 1, 8], "texture": "#0"},
				"up": {"uv": [3, 2, 2, 1], "texture": "#0"},
				"down": {"uv": [3, 1, 2, 2], "texture": "#0"}
			}
		},
		{
			"from": [4, 0, 4],
			"to": [5, 1, 12],
			"rotation": {"angle": 0, "axis": "y", "origin": [0, 0, 3]},
			"faces": {
				"north": {"uv": [3, 2, 2, 1], "texture": "#0"},
				"east": {"uv": [3, 1, 2, 9], "rotation": 90, "texture": "#0"},
				"south": {"uv": [2, 2, 3, 1], "texture": "#0"},
				"west": {"uv": [3, 1, 2, 9], "rotation": 90, "texture": "#0"},
				"up": {"uv": [3, 9, 2, 1], "texture": "#0"},
				"down": {"uv": [2, 9, 3, 1], "texture": "#0"}
			}
		},
		{
			"from": [4, 8, 12],
			"to": [12, 9, 13],
			"rotation": {"angle": 0, "axis": "y", "origin": [-3, 0, 16]},
			"faces": {
				"north": {"uv": [2, 1, 3, 9], "rotation": 90, "texture": "#0"},
				"east": {"uv": [2, 1, 3, 2], "texture": "#0"},
				"south": {"uv": [2, 1, 3, 9], "rotation": 90, "texture": "#0"},
				"west": {"uv": [3, 1, 2, 2], "texture": "#0"},
				"up": {"uv": [3, 1, 2, 9], "rotation": 90, "texture": "#0"},
				"down": {"uv": [2, 1, 3, 9], "rotation": 90, "texture": "#0"}
			}
		},
		{
			"from": [4, 9, 11],
			"to": [12, 10, 12],
			"rotation": {"angle": 0, "axis": "y", "origin": [-3, 0, 16]},
			"faces": {
				"north": {"uv": [2, 1, 3, 9], "rotation": 90, "texture": "#0"},
				"east": {"uv": [2, 1, 3, 2], "texture": "#0"},
				"south": {"uv": [2, 1, 3, 9], "rotation": 90, "texture": "#0"},
				"west": {"uv": [3, 1, 2, 2], "texture": "#0"},
				"up": {"uv": [3, 1, 2, 9], "rotation": 90, "texture": "#0"},
				"down": {"uv": [2, 1, 3, 9], "rotation": 90, "texture": "#0"}
			}
		},
		{
			"from": [5, 2, 13],
			"to": [11, 3, 13.5],
			"rotation": {"angle": 0, "axis": "y", "origin": [-3, 0, 16]},
			"faces": {
				"north": {"uv": [4, 2, 3, 8], "rotation": 90, "texture": "#0"},
				"east": {"uv": [3, 7, 3.5, 8], "texture": "#0"},
				"south": {"uv": [4, 2, 3, 8], "rotation": 90, "texture": "#0"},
				"west": {"uv": [3, 7, 3.5, 8], "texture": "#0"},
				"up": {"uv": [4, 2, 3.5, 8], "rotation": 90, "texture": "#0"},
				"down": {"uv": [3.5, 2, 3, 8], "rotation": 90, "texture": "#0"}
			}
		},
		{
			"from": [5, 7, 13],
			"to": [11, 8, 13.5],
			"rotation": {"angle": 0, "axis": "y", "origin": [-3, 0, 16]},
			"faces": {
				"north": {"uv": [3, 2, 4, 8], "rotation": 90, "texture": "#0"},
				"east": {"uv": [3, 8, 3.5, 7], "texture": "#0"},
				"south": {"uv": [3, 2, 4, 8], "rotation": 90, "texture": "#0"},
				"west": {"uv": [3, 8, 3.5, 7], "texture": "#0"},
				"up": {"uv": [4, 2, 3.5, 8], "rotation": 90, "texture": "#0"},
				"down": {"uv": [3.5, 2, 3, 8], "rotation": 90, "texture": "#0"}
			}
		},
		{
			"from": [5, 3, 13],
			"to": [6, 7, 13.5],
			"rotation": {"angle": 0, "axis": "y", "origin": [0, 0, 16]},
			"faces": {
				"north": {"uv": [3, 3, 4, 7], "texture": "#0"},
				"east": {"uv": [3.5, 3, 4, 7], "texture": "#0"},
				"south": {"uv": [3, 3, 4, 7], "texture": "#0"},
				"west": {"uv": [3, 3, 3.5, 7], "texture": "#0"}
			}
		},
		{
			"from": [6, 5.5, 13],
			"to": [10, 6, 13.25],
			"rotation": {"angle": 0, "axis": "z", "origin": [0, 0, 16]},
			"faces": {
				"north": {"uv": [4, 2, 4.5, 6], "rotation": 90, "texture": "#0"},
				"south": {"uv": [4, 2, 4.5, 6], "rotation": 90, "texture": "#0"},
				"up": {"uv": [4, 2, 4.5, 6], "rotation": 90, "texture": "#0"},
				"down": {"uv": [4, 2, 4.5, 6], "rotation": 90, "texture": "#0"}
			}
		},
		{
			"from": [8.501, 3.001, 13.001],
			"to": [8.999, 6.999, 13.249],
			"rotation": {"angle": 0, "axis": "y", "origin": [0, 0, 16]},
			"faces": {
				"north": {"uv": [4, 2, 4.5, 6], "texture": "#0"},
				"east": {"uv": [4, 2, 4.5, 6], "texture": "#0"},
				"south": {"uv": [4, 2, 4.5, 6], "texture": "#0"},
				"west": {"uv": [4, 2, 4.5, 6], "texture": "#0"}
			}
		},
		{
			"from": [4, 1, 12],
			"to": [12, 2, 13],
			"rotation": {"angle": 0, "axis": "y", "origin": [-3, 0, 16]},
			"faces": {
				"north": {"uv": [3, 1, 2, 9], "rotation": 90, "texture": "#0"},
				"east": {"uv": [2, 2, 3, 1], "texture": "#0"},
				"south": {"uv": [3, 1, 2, 9], "rotation": 90, "texture": "#0"},
				"west": {"uv": [3, 2, 2, 1], "texture": "#0"},
				"up": {"uv": [3, 1, 2, 9], "rotation": 90, "texture": "#0"},
				"down": {"uv": [2, 1, 3, 9], "rotation": 90, "texture": "#0"}
			}
		},
		{
			"from": [5, 0, 11],
			"to": [11, 1, 12],
			"rotation": {"angle": 0, "axis": "y", "origin": [-3, 0, 16]},
			"faces": {
				"north": {"uv": [2, 1, 3, 9], "rotation": 90, "texture": "#0"},
				"south": {"uv": [3, 2, 2, 8], "rotation": 90, "texture": "#0"},
				"up": {"uv": [3, 1, 2, 9], "rotation": 90, "texture": "#0"},
				"down": {"uv": [2, 1, 3, 9], "rotation": 90, "texture": "#0"}
			}
		},
		{
			"from": [4, 2, 12],
			"to": [5, 8, 13],
			"rotation": {"angle": 0, "axis": "y", "origin": [0, 0, 16]},
			"faces": {
				"north": {"uv": [3, 2, 2, 8], "texture": "#0"},
				"east": {"uv": [1, 2, 2, 8], "texture": "#0"},
				"south": {"uv": [2, 2, 3, 8], "texture": "#0"}
			}
		},
		{
			"from": [6, 4, 13],
			"to": [10, 4.5, 13.25],
			"rotation": {"angle": 0, "axis": "z", "origin": [0, 0, 16]},
			"faces": {
				"north": {"uv": [4, 2, 4.5, 6], "rotation": 90, "texture": "#0"},
				"south": {"uv": [4, 2, 4.5, 6], "rotation": 90, "texture": "#0"},
				"up": {"uv": [4, 2, 4.5, 6], "rotation": 90, "texture": "#0"},
				"down": {"uv": [4, 2, 4.5, 6], "rotation": 90, "texture": "#0"}
			}
		},
		{
			"from": [7.001, 3.001, 13.001],
			"to": [7.499, 6.999, 13.249],
			"rotation": {"angle": 0, "axis": "y", "origin": [0, 0, 16]},
			"faces": {
				"north": {"uv": [4, 2, 4.5, 6], "texture": "#0"},
				"east": {"uv": [4, 2, 4.5, 6], "texture": "#0"},
				"south": {"uv": [4, 2, 4.5, 6], "texture": "#0"},
				"west": {"uv": [4, 2, 4.5, 6], "texture": "#0"}
			}
		},
		{
			"from": [5, 5.75, 3.25],
			"to": [11, 6.25, 3.5],
			"rotation": {"angle": 0, "axis": "z", "origin": [0, 0, 16]},
			"faces": {
				"north": {"uv": [8.5, 8, 9, 2], "rotation": 90, "texture": "#0"},
				"south": {"uv": [8.5, 8, 9, 2], "rotation": 90, "texture": "#0"},
				"up": {"uv": [8.5, 8, 9, 2], "rotation": 90, "texture": "#0"},
				"down": {"uv": [8.5, 8, 9, 2], "rotation": 90, "texture": "#0"}
			}
		},
		{
			"from": [8.75, 2, 3.25],
			"to": [9.25, 8, 3.5],
			"rotation": {"angle": 0, "axis": "y", "origin": [0, 0, 16]},
			"faces": {
				"north": {"uv": [9, 2, 8.5, 8], "texture": "#0"},
				"east": {"uv": [9, 2, 8.5, 8], "texture": "#0"},
				"south": {"uv": [9, 2, 8.5, 8], "texture": "#0"},
				"west": {"uv": [9, 2, 8.5, 8], "texture": "#0"}
			}
		},
		{
			"from": [5, 3.75, 3.25],
			"to": [11, 4.25, 3.5],
			"rotation": {"angle": 0, "axis": "z", "origin": [0, 0, 16]},
			"faces": {
				"north": {"uv": [8.5, 8, 9, 2], "rotation": 90, "texture": "#0"},
				"south": {"uv": [8.5, 8, 9, 2], "rotation": 90, "texture": "#0"},
				"up": {"uv": [8.5, 8, 9, 2], "rotation": 90, "texture": "#0"},
				"down": {"uv": [8.5, 8, 9, 2], "rotation": 90, "texture": "#0"}
			}
		},
		{
			"from": [6.75, 2, 3.25],
			"to": [7.25, 8, 3.5],
			"rotation": {"angle": 0, "axis": "y", "origin": [0, 0, 16]},
			"faces": {
				"north": {"uv": [9, 2, 8.5, 8], "texture": "#0"},
				"east": {"uv": [9, 2, 8.5, 8], "texture": "#0"},
				"south": {"uv": [9, 2, 8.5, 8], "texture": "#0"},
				"west": {"uv": [9, 2, 8.5, 8], "texture": "#0"}
			}
		},
		{
			"from": [10, 3, 13],
			"to": [11, 7, 13.5],
			"rotation": {"angle": 0, "axis": "y", "origin": [0, 0, 16]},
			"faces": {
				"north": {"uv": [3, 3, 4, 7], "texture": "#0"},
				"east": {"uv": [3, 3, 3.5, 7], "texture": "#0"},
				"south": {"uv": [4, 3, 3, 7], "texture": "#0"},
				"west": {"uv": [3.5, 3, 4, 7], "texture": "#0"}
			}
		},
		{
			"from": [11, 2, 12],
			"to": [12, 8, 13],
			"rotation": {"angle": 0, "axis": "y", "origin": [0, 0, 16]},
			"faces": {
				"north": {"uv": [2, 2, 3, 8], "texture": "#0"},
				"south": {"uv": [3, 2, 2, 8], "texture": "#0"},
				"west": {"uv": [2, 2, 1, 8], "texture": "#0"}
			}
		},
		{
			"from": [3, 8, 4],
			"to": [4, 9, 12],
			"rotation": {"angle": 0, "axis": "y", "origin": [-16, 0, -3]},
			"faces": {
				"north": {"uv": [3, 1, 2, 2], "texture": "#0"},
				"east": {"uv": [2, 1, 3, 9], "rotation": 90, "texture": "#0"},
				"south": {"uv": [2, 1, 3, 2], "texture": "#0"},
				"west": {"uv": [2, 1, 3, 9], "rotation": 90, "texture": "#0"},
				"up": {"uv": [3, 1, 2, 9], "rotation": 180, "texture": "#0"},
				"down": {"uv": [2, 1, 3, 9], "texture": "#0"}
			}
		},
		{
			"from": [2.75, 5.5, 6],
			"to": [3, 6, 10],
			"rotation": {"angle": 0, "axis": "z", "origin": [-16, 0, 0]},
			"faces": {
				"east": {"uv": [4, 2, 4.5, 6], "rotation": 90, "texture": "#0"},
				"west": {"uv": [4, 2, 4.5, 6], "rotation": 90, "texture": "#0"},
				"up": {"uv": [4, 2, 4.5, 6], "rotation": 180, "texture": "#0"},
				"down": {"uv": [4, 2, 4.5, 6], "texture": "#0"}
			}
		},
		{
			"from": [2.751, 3.001, 8.501],
			"to": [2.999, 6.999, 8.999],
			"rotation": {"angle": 0, "axis": "y", "origin": [-16, 0, 0]},
			"faces": {
				"north": {"uv": [4, 2, 4.5, 6], "texture": "#0"},
				"east": {"uv": [4, 2, 4.5, 6], "texture": "#0"},
				"south": {"uv": [4, 2, 4.5, 6], "texture": "#0"},
				"west": {"uv": [4, 2, 4.5, 6], "texture": "#0"}
			}
		},
		{
			"from": [3, 1, 4],
			"to": [4, 2, 12],
			"rotation": {"angle": 0, "axis": "y", "origin": [-16, 0, -3]},
			"faces": {
				"north": {"uv": [3, 2, 2, 1], "texture": "#0"},
				"east": {"uv": [3, 1, 2, 9], "rotation": 90, "texture": "#0"},
				"south": {"uv": [2, 2, 3, 1], "texture": "#0"},
				"west": {"uv": [3, 1, 2, 9], "rotation": 90, "texture": "#0"},
				"up": {"uv": [3, 1, 2, 9], "rotation": 180, "texture": "#0"},
				"down": {"uv": [2, 1, 3, 9], "texture": "#0"}
			}
		},
		{
			"from": [3, 2, 4],
			"to": [4, 8, 5],
			"rotation": {"angle": 0, "axis": "y", "origin": [-16, 0, 0]},
			"faces": {
				"north": {"uv": [3, 2, 2, 8], "texture": "#0"},
				"east": {"uv": [3, 2, 2, 8], "texture": "#0"},
				"south": {"uv": [1, 2, 2, 8], "texture": "#0"},
				"west": {"uv": [2, 2, 3, 8], "texture": "#0"}
			}
		},
		{
			"from": [2.75, 4, 6],
			"to": [3, 4.5, 10],
			"rotation": {"angle": 0, "axis": "z", "origin": [-16, 0, 0]},
			"faces": {
				"east": {"uv": [4, 2, 4.5, 6], "rotation": 90, "texture": "#0"},
				"west": {"uv": [4, 2, 4.5, 6], "rotation": 90, "texture": "#0"},
				"up": {"uv": [4, 2, 4.5, 6], "rotation": 180, "texture": "#0"},
				"down": {"uv": [4, 2, 4.5, 6], "texture": "#0"}
			}
		},
		{
			"from": [2.751, 3.001, 7.001],
			"to": [2.999, 6.999, 7.499],
			"rotation": {"angle": 0, "axis": "y", "origin": [-16, 0, 0]},
			"faces": {
				"north": {"uv": [4, 2, 4.5, 6], "texture": "#0"},
				"east": {"uv": [4, 2, 4.5, 6], "texture": "#0"},
				"south": {"uv": [4, 2, 4.5, 6], "texture": "#0"},
				"west": {"uv": [4, 2, 4.5, 6], "texture": "#0"}
			}
		},
		{
			"from": [2.5, 3, 10],
			"to": [3, 7, 11],
			"rotation": {"angle": 0, "axis": "y", "origin": [-16, 0, 0]},
			"faces": {
				"north": {"uv": [3.5, 3, 4, 7], "texture": "#0"},
				"east": {"uv": [3, 3, 4, 7], "texture": "#0"},
				"south": {"uv": [3, 3, 3.5, 7], "texture": "#0"},
				"west": {"uv": [4, 3, 3, 7], "texture": "#0"}
			}
		},
		{
			"from": [3, 2, 11],
			"to": [4, 8, 12],
			"rotation": {"angle": 0, "axis": "y", "origin": [-16, 0, 0]},
			"faces": {
				"north": {"uv": [2, 2, 1, 8], "texture": "#0"},
				"east": {"uv": [2, 2, 3, 8], "texture": "#0"},
				"west": {"uv": [3, 2, 2, 8], "texture": "#0"}
			}
		},
		{
			"from": [2.5, 2, 5],
			"to": [3, 3, 11],
			"rotation": {"angle": 0, "axis": "y", "origin": [-16, 0, -3]},
			"faces": {
				"north": {"uv": [3, 7, 3.5, 8], "texture": "#0"},
				"east": {"uv": [4, 2, 3, 8], "rotation": 90, "texture": "#0"},
				"south": {"uv": [3, 7, 3.5, 8], "texture": "#0"},
				"west": {"uv": [4, 2, 3, 8], "rotation": 90, "texture": "#0"},
				"up": {"uv": [4, 2, 3.5, 8], "rotation": 180, "texture": "#0"},
				"down": {"uv": [3.5, 2, 3, 8], "texture": "#0"}
			}
		},
		{
			"from": [2.5, 7, 5],
			"to": [3, 8, 11],
			"rotation": {"angle": 0, "axis": "y", "origin": [-16, 0, -3]},
			"faces": {
				"north": {"uv": [3, 8, 3.5, 7], "texture": "#0"},
				"east": {"uv": [3, 2, 4, 8], "rotation": 90, "texture": "#0"},
				"south": {"uv": [3, 8, 3.5, 7], "texture": "#0"},
				"west": {"uv": [3, 2, 4, 8], "rotation": 90, "texture": "#0"},
				"up": {"uv": [4, 2, 3.5, 8], "rotation": 180, "texture": "#0"},
				"down": {"uv": [3.5, 2, 3, 8], "texture": "#0"}
			}
		},
		{
			"from": [2.5, 3, 5],
			"to": [3, 7, 6],
			"rotation": {"angle": 0, "axis": "y", "origin": [-16, 0, 0]},
			"faces": {
				"north": {"uv": [3, 3, 3.5, 7], "texture": "#0"},
				"east": {"uv": [3, 3, 4, 7], "texture": "#0"},
				"south": {"uv": [3.5, 3, 4, 7], "texture": "#0"},
				"west": {"uv": [3, 3, 4, 7], "texture": "#0"}
			}
		},
		{
			"from": [12, 8, 4],
			"to": [13, 9, 12],
			"rotation": {"angle": 0, "axis": "y", "origin": [32, 0, -3]},
			"faces": {
				"north": {"uv": [2, 1, 3, 2], "texture": "#0"},
				"east": {"uv": [2, 9, 3, 1], "rotation": 90, "texture": "#0"},
				"south": {"uv": [3, 1, 2, 2], "texture": "#0"},
				"west": {"uv": [2, 9, 3, 1], "rotation": 90, "texture": "#0"},
				"up": {"uv": [2, 1, 3, 9], "rotation": 180, "texture": "#0"},
				"down": {"uv": [3, 1, 2, 9], "texture": "#0"}
			}
		},
		{
			"from": [13, 5.5, 6],
			"to": [13.25, 6, 10],
			"rotation": {"angle": 0, "axis": "z", "origin": [32, 0, 0]},
			"faces": {
				"east": {"uv": [4, 6, 4.5, 2], "rotation": 90, "texture": "#0"},
				"west": {"uv": [4, 6, 4.5, 2], "rotation": 90, "texture": "#0"},
				"up": {"uv": [4.5, 2, 4, 6], "rotation": 180, "texture": "#0"},
				"down": {"uv": [4.5, 2, 4, 6], "texture": "#0"}
			}
		},
		{
			"from": [13.001, 3.001, 8.501],
			"to": [13.249, 6.999, 8.999],
			"rotation": {"angle": 0, "axis": "y", "origin": [32, 0, 0]},
			"faces": {
				"north": {"uv": [4.5, 2, 4, 6], "texture": "#0"},
				"east": {"uv": [4.5, 2, 4, 6], "texture": "#0"},
				"south": {"uv": [4.5, 2, 4, 6], "texture": "#0"},
				"west": {"uv": [4.5, 2, 4, 6], "texture": "#0"}
			}
		},
		{
			"from": [12, 1, 4],
			"to": [13, 2, 12],
			"rotation": {"angle": 0, "axis": "y", "origin": [32, 0, -3]},
			"faces": {
				"north": {"uv": [2, 2, 3, 1], "texture": "#0"},
				"east": {"uv": [3, 9, 2, 1], "rotation": 90, "texture": "#0"},
				"south": {"uv": [3, 2, 2, 1], "texture": "#0"},
				"west": {"uv": [3, 9, 2, 1], "rotation": 90, "texture": "#0"},
				"up": {"uv": [2, 1, 3, 9], "rotation": 180, "texture": "#0"},
				"down": {"uv": [3, 1, 2, 9], "texture": "#0"}
			}
		},
		{
			"from": [12, 2, 4],
			"to": [13, 8, 5],
			"rotation": {"angle": 0, "axis": "y", "origin": [32, 0, 0]},
			"faces": {
				"north": {"uv": [2, 2, 3, 8], "texture": "#0"},
				"east": {"uv": [3, 2, 2, 8], "texture": "#0"},
				"south": {"uv": [2, 2, 1, 8], "texture": "#0"},
				"west": {"uv": [2, 2, 3, 8], "texture": "#0"}
			}
		},
		{
			"from": [13, 4, 6],
			"to": [13.25, 4.5, 10],
			"rotation": {"angle": 0, "axis": "z", "origin": [32, 0, 0]},
			"faces": {
				"east": {"uv": [4, 6, 4.5, 2], "rotation": 90, "texture": "#0"},
				"west": {"uv": [4, 6, 4.5, 2], "rotation": 90, "texture": "#0"},
				"up": {"uv": [4.5, 2, 4, 6], "rotation": 180, "texture": "#0"},
				"down": {"uv": [4.5, 2, 4, 6], "texture": "#0"}
			}
		},
		{
			"from": [13.001, 3.001, 7.001],
			"to": [13.249, 6.999, 7.499],
			"rotation": {"angle": 0, "axis": "y", "origin": [32, 0, 0]},
			"faces": {
				"north": {"uv": [4.5, 2, 4, 6], "texture": "#0"},
				"east": {"uv": [4.5, 2, 4, 6], "texture": "#0"},
				"south": {"uv": [4.5, 2, 4, 6], "texture": "#0"},
				"west": {"uv": [4.5, 2, 4, 6], "texture": "#0"}
			}
		},
		{
			"from": [13, 3, 10],
			"to": [13.5, 7, 11],
			"rotation": {"angle": 0, "axis": "y", "origin": [32, 0, 0]},
			"faces": {
				"north": {"uv": [4, 3, 3.5, 7], "texture": "#0"},
				"east": {"uv": [3, 3, 4, 7], "texture": "#0"},
				"south": {"uv": [3.5, 3, 3, 7], "texture": "#0"},
				"west": {"uv": [4, 3, 3, 7], "texture": "#0"}
			}
		},
		{
			"from": [12, 2, 11],
			"to": [13, 8, 12],
			"rotation": {"angle": 0, "axis": "y", "origin": [32, 0, 0]},
			"faces": {
				"north": {"uv": [1, 2, 2, 8], "texture": "#0"},
				"east": {"uv": [2, 2, 3, 8], "texture": "#0"},
				"west": {"uv": [3, 2, 2, 8], "texture": "#0"}
			}
		},
		{
			"from": [13, 2, 5],
			"to": [13.5, 3, 11],
			"rotation": {"angle": 0, "axis": "y", "origin": [32, 0, -3]},
			"faces": {
				"north": {"uv": [3.5, 7, 3, 8], "texture": "#0"},
				"east": {"uv": [4, 8, 3, 2], "rotation": 90, "texture": "#0"},
				"south": {"uv": [3.5, 7, 3, 8], "texture": "#0"},
				"west": {"uv": [4, 8, 3, 2], "rotation": 90, "texture": "#0"},
				"up": {"uv": [3.5, 2, 4, 8], "rotation": 180, "texture": "#0"},
				"down": {"uv": [3, 2, 3.5, 8], "texture": "#0"}
			}
		},
		{
			"from": [13, 7, 5],
			"to": [13.5, 8, 11],
			"rotation": {"angle": 0, "axis": "y", "origin": [32, 0, -3]},
			"faces": {
				"north": {"uv": [3.5, 8, 3, 7], "texture": "#0"},
				"east": {"uv": [3, 8, 4, 2], "rotation": 90, "texture": "#0"},
				"south": {"uv": [3.5, 8, 3, 7], "texture": "#0"},
				"west": {"uv": [3, 8, 4, 2], "rotation": 90, "texture": "#0"},
				"up": {"uv": [3.5, 2, 4, 8], "rotation": 180, "texture": "#0"},
				"down": {"uv": [3, 2, 3.5, 8], "texture": "#0"}
			}
		},
		{
			"from": [13, 3, 5],
			"to": [13.5, 7, 6],
			"rotation": {"angle": 0, "axis": "y", "origin": [32, 0, 0]},
			"faces": {
				"north": {"uv": [3.5, 3, 3, 7], "texture": "#0"},
				"east": {"uv": [4, 3, 3, 7], "texture": "#0"},
				"south": {"uv": [4, 3, 3.5, 7], "texture": "#0"},
				"west": {"uv": [4, 3, 3, 7], "texture": "#0"}
			}
		},
		{
			"from": [10, 10, 6],
			"to": [11, 10.5, 10],
			"rotation": {"angle": 0, "axis": "y", "origin": [0, 0, 16]},
			"faces": {
				"east": {"uv": [3, 3, 3.5, 7], "rotation": 90, "texture": "#0"},
				"west": {"uv": [3.5, 3, 4, 7], "rotation": 90, "texture": "#0"},
				"up": {"uv": [4, 3, 3, 7], "texture": "#0"},
				"down": {"uv": [4, 3, 3, 7], "texture": "#0"}
			}
		},
		{
			"from": [7, 10, 6],
			"to": [7.5, 10.25, 10],
			"rotation": {"angle": 0, "axis": "y", "origin": [0, 0, 16]},
			"faces": {
				"east": {"uv": [4, 2, 4.5, 6], "rotation": 90, "texture": "#0"},
				"west": {"uv": [4, 6, 4.5, 2], "rotation": 90, "texture": "#0"},
				"up": {"uv": [4, 2, 4.5, 6], "texture": "#0"},
				"down": {"uv": [4, 2, 4.5, 6], "texture": "#0"}
			}
		},
		{
			"from": [6, 10, 8.5],
			"to": [10, 10.25, 9],
			"rotation": {"angle": 0, "axis": "z", "origin": [0, 0, 16]},
			"faces": {
				"north": {"uv": [4, 6, 4.5, 2], "rotation": 90, "texture": "#0"},
				"south": {"uv": [4, 2, 4.5, 6], "rotation": 90, "texture": "#0"},
				"up": {"uv": [4, 2, 4.5, 6], "rotation": 90, "texture": "#0"},
				"down": {"uv": [4, 2, 4.5, 6], "rotation": 90, "texture": "#0"}
			}
		},
		{
			"from": [8.5, 10, 6],
			"to": [9, 10.25, 10],
			"rotation": {"angle": 0, "axis": "y", "origin": [0, 0, 16]},
			"faces": {
				"east": {"uv": [4, 2, 4.5, 6], "rotation": 90, "texture": "#0"},
				"west": {"uv": [4, 6, 4.5, 2], "rotation": 90, "texture": "#0"},
				"up": {"uv": [4, 2, 4.5, 6], "texture": "#0"},
				"down": {"uv": [4, 2, 4.5, 6], "texture": "#0"}
			}
		},
		{
			"from": [6, 10, 7],
			"to": [10, 10.25, 7.5],
			"rotation": {"angle": 0, "axis": "z", "origin": [0, 0, 16]},
			"faces": {
				"north": {"uv": [4, 6, 4.5, 2], "rotation": 90, "texture": "#0"},
				"south": {"uv": [4, 2, 4.5, 6], "rotation": 90, "texture": "#0"},
				"up": {"uv": [4, 2, 4.5, 6], "rotation": 90, "texture": "#0"},
				"down": {"uv": [4, 2, 4.5, 6], "rotation": 90, "texture": "#0"}
			}
		},
		{
			"from": [5, 10, 6],
			"to": [6, 10.5, 10],
			"rotation": {"angle": 0, "axis": "y", "origin": [0, 0, 16]},
			"faces": {
				"east": {"uv": [3.5, 3, 4, 7], "rotation": 90, "texture": "#0"},
				"west": {"uv": [3, 3, 3.5, 7], "rotation": 90, "texture": "#0"},
				"up": {"uv": [3, 3, 4, 7], "texture": "#0"},
				"down": {"uv": [3, 3, 4, 7], "texture": "#0"}
			}
		},
		{
			"from": [5, 10, 5],
			"to": [11, 10.5, 6],
			"rotation": {"angle": 0, "axis": "y", "origin": [-3, 0, 16]},
			"faces": {
				"north": {"uv": [3.5, 2, 3, 8], "rotation": 90, "texture": "#0"},
				"east": {"uv": [3, 2, 3.5, 3], "rotation": 90, "texture": "#0"},
				"south": {"uv": [4, 2, 3.5, 8], "rotation": 90, "texture": "#0"},
				"west": {"uv": [3, 3, 3.5, 2], "rotation": 90, "texture": "#0"},
				"up": {"uv": [3, 2, 4, 8], "rotation": 90, "texture": "#0"},
				"down": {"uv": [4, 2, 3, 8], "rotation": 90, "texture": "#0"}
			}
		},
		{
			"from": [5, 10, 10],
			"to": [11, 10.5, 11],
			"rotation": {"angle": 0, "axis": "y", "origin": [-3, 0, 16]},
			"faces": {
				"north": {"uv": [4, 2, 3.5, 8], "rotation": 90, "texture": "#0"},
				"east": {"uv": [3, 3, 3.5, 2], "rotation": 90, "texture": "#0"},
				"south": {"uv": [3.5, 2, 3, 8], "rotation": 90, "texture": "#0"},
				"west": {"uv": [3, 2, 3.5, 3], "rotation": 90, "texture": "#0"},
				"up": {"uv": [4, 2, 3, 8], "rotation": 90, "texture": "#0"},
				"down": {"uv": [3, 2, 4, 8], "rotation": 90, "texture": "#0"}
			}
		},
		{
			"from": [4, 9, 5],
			"to": [5, 10, 11],
			"rotation": {"angle": 0, "axis": "y", "origin": [0, 0, 16]},
			"faces": {
				"east": {"uv": [3, 2, 2, 8], "rotation": 90, "texture": "#0"},
				"west": {"uv": [2, 2, 3, 8], "rotation": 90, "texture": "#0"},
				"up": {"uv": [2, 2, 3, 8], "texture": "#0"},
				"down": {"uv": [3, 2, 2, 8], "texture": "#0"}
			}
		},
		{
			"from": [11, 9, 5],
			"to": [12, 10, 11],
			"rotation": {"angle": 0, "axis": "y", "origin": [16, 0, 16]},
			"faces": {
				"east": {"uv": [2, 8, 3, 2], "rotation": 90, "texture": "#0"},
				"west": {"uv": [3, 2, 2, 8], "rotation": 90, "texture": "#0"},
				"up": {"uv": [3, 2, 2, 8], "texture": "#0"},
				"down": {"uv": [2, 2, 3, 8], "texture": "#0"}
			}
		},
		{
			"from": [11, 0, 4],
			"to": [12, 1, 12],
			"rotation": {"angle": 0, "axis": "y", "origin": [16, 0, 3]},
			"faces": {
				"north": {"uv": [2, 2, 3, 1], "texture": "#0"},
				"east": {"uv": [3, 1, 2, 9], "rotation": 90, "texture": "#0"},
				"south": {"uv": [3, 2, 2, 1], "texture": "#0"},
				"west": {"uv": [3, 1, 2, 9], "rotation": 90, "texture": "#0"},
				"up": {"uv": [2, 9, 3, 1], "texture": "#0"},
				"down": {"uv": [3, 9, 2, 1], "texture": "#0"}
			}
		},
		{
			"from": [10.5, 1.5, 2.5],
			"to": [11.5, 3.5, 3.5],
			"faces": {
				"north": {"uv": [4, 6, 5, 8], "texture": "#0"},
				"east": {"uv": [5, 6, 4, 8], "texture": "#0"},
				"south": {"uv": [5, 6, 4, 8], "texture": "#0"},
				"west": {"uv": [4, 7, 3, 9], "texture": "#0"},
				"up": {"uv": [4, 7, 3, 8], "texture": "#0"},
				"down": {"uv": [5, 7, 4, 8], "texture": "#0"}
			}
		},
		{
			"from": [9.5, 1.5, 2.5],
			"to": [10.5, 2.5, 3.5],
			"faces": {
				"north": {"uv": [4, 6, 5, 7], "texture": "#0"},
				"south": {"uv": [5, 6, 4, 7], "texture": "#0"},
				"west": {"uv": [4, 7, 3, 8], "texture": "#0"},
				"up": {"uv": [4, 7, 3, 8], "texture": "#0"},
				"down": {"uv": [5, 6, 4, 7], "texture": "#0"}
			}
		},
		{
			"from": [6.5, 1.5, 2.5],
			"to": [9.5, 2, 3.5],
			"faces": {
				"north": {"uv": [4.5, 3, 5, 6], "rotation": 90, "texture": "#0"},
				"south": {"uv": [4.5, 3, 5, 6], "rotation": 90, "texture": "#0"},
				"west": {"uv": [4, 7, 3, 8], "texture": "#0"},
				"up": {"uv": [4.5, 6, 5.5, 3], "rotation": 90, "texture": "#0"},
				"down": {"uv": [5.5, 6, 4.5, 3], "rotation": 90, "texture": "#0"}
			}
		},
		{
			"from": [11, 3.5, 2.5],
			"to": [11.5, 6.5, 3.5],
			"faces": {
				"north": {"uv": [4.5, 3, 5, 6], "rotation": 180, "texture": "#0"},
				"east": {"uv": [4.5, 3, 5, 6], "rotation": 180, "texture": "#0"},
				"south": {"uv": [4.5, 3, 5, 6], "rotation": 180, "texture": "#0"},
				"west": {"uv": [4.5, 6, 5.5, 3], "texture": "#0"},
				"down": {"uv": [4, 7, 3, 8], "rotation": 270, "texture": "#0"}
			}
		},
		{
			"from": [4.5, 3.5, 2.5],
			"to": [5, 6.5, 3.5],
			"faces": {
				"north": {"uv": [4.5, 3, 5, 6], "texture": "#0"},
				"east": {"uv": [4.5, 6, 5.5, 3], "rotation": 180, "texture": "#0"},
				"south": {"uv": [4.5, 3, 5, 6], "texture": "#0"},
				"west": {"uv": [4.5, 3, 5, 6], "texture": "#0"},
				"up": {"uv": [4, 7, 3, 8], "rotation": 90, "texture": "#0"}
			}
		},
		{
			"from": [4.5, 1.5, 2.5],
			"to": [6.5, 2.5, 3.5],
			"faces": {
				"north": {"uv": [4, 6, 5, 8], "rotation": 270, "texture": "#0"},
				"east": {"uv": [4, 7, 3, 8], "rotation": 90, "texture": "#0"},
				"south": {"uv": [5, 6, 4, 8], "rotation": 270, "texture": "#0"},
				"west": {"uv": [5, 7, 4, 8], "rotation": 90, "texture": "#0"},
				"up": {"uv": [4, 7, 3, 9], "rotation": 90, "texture": "#0"},
				"down": {"uv": [5, 6, 4, 8], "rotation": 90, "texture": "#0"}
			}
		},
		{
			"from": [4.5, 2.5, 2.5],
			"to": [5.5, 3.5, 3.5],
			"faces": {
				"north": {"uv": [4, 6, 5, 7], "rotation": 270, "texture": "#0"},
				"east": {"uv": [4, 7, 3, 8], "rotation": 90, "texture": "#0"},
				"south": {"uv": [4, 7, 5, 6], "rotation": 270, "texture": "#0"},
				"west": {"uv": [5, 6, 4, 7], "rotation": 90, "texture": "#0"},
				"up": {"uv": [4, 7, 3, 8], "rotation": 90, "texture": "#0"}
			}
		},
		{
			"from": [9.5, 7.5, 2.5],
			"to": [10.5, 8.5, 3.5],
			"rotation": {"angle": 0, "axis": "y", "origin": [0, 16, 0]},
			"faces": {
				"north": {"uv": [4, 7, 5, 6], "texture": "#0"},
				"south": {"uv": [5, 7, 4, 6], "texture": "#0"},
				"west": {"uv": [4, 8, 3, 7], "texture": "#0"},
				"up": {"uv": [5, 7, 4, 6], "texture": "#0"},
				"down": {"uv": [4, 8, 3, 7], "texture": "#0"}
			}
		},
		{
			"from": [6.5, 8, 2.5],
			"to": [9.5, 8.5, 3.5],
			"rotation": {"angle": 0, "axis": "y", "origin": [0, 16, 0]},
			"faces": {
				"north": {"uv": [5, 3, 4.5, 6], "rotation": 90, "texture": "#0"},
				"south": {"uv": [5, 3, 4.5, 6], "rotation": 90, "texture": "#0"},
				"west": {"uv": [4, 8, 3, 7], "texture": "#0"},
				"up": {"uv": [4.5, 6, 5.5, 3], "rotation": 90, "texture": "#0"},
				"down": {"uv": [5.5, 6, 4.5, 3], "rotation": 90, "texture": "#0"}
			}
		},
		{
			"from": [10.5, 6.5, 2.5],
			"to": [11.5, 8.5, 3.5],
			"rotation": {"angle": 0, "axis": "y", "origin": [0, 16, 0]},
			"faces": {
				"north": {"uv": [4, 8, 5, 6], "texture": "#0"},
				"east": {"uv": [5, 8, 4, 6], "texture": "#0"},
				"south": {"uv": [5, 8, 4, 6], "texture": "#0"},
				"west": {"uv": [4, 9, 3, 7], "texture": "#0"},
				"up": {"uv": [5, 8, 4, 7], "texture": "#0"},
				"down": {"uv": [4, 8, 3, 7], "texture": "#0"}
			}
		},
		{
			"from": [4.5, 7.5, 2.5],
			"to": [6.5, 8.5, 3.5],
			"rotation": {"angle": 0, "axis": "y", "origin": [0, 16, 0]},
			"faces": {
				"north": {"uv": [5, 6, 4, 8], "rotation": 270, "texture": "#0"},
				"east": {"uv": [3, 7, 4, 8], "rotation": 90, "texture": "#0"},
				"south": {"uv": [4, 6, 5, 8], "rotation": 270, "texture": "#0"},
				"west": {"uv": [4, 7, 5, 8], "rotation": 90, "texture": "#0"},
				"up": {"uv": [4, 6, 5, 8], "rotation": 90, "texture": "#0"},
				"down": {"uv": [3, 7, 4, 9], "rotation": 90, "texture": "#0"}
			}
		},
		{
			"from": [4.5, 6.5, 2.5],
			"to": [5.5, 7.5, 3.5],
			"rotation": {"angle": 0, "axis": "y", "origin": [0, 16, 0]},
			"faces": {
				"north": {"uv": [5, 6, 4, 7], "rotation": 270, "texture": "#0"},
				"east": {"uv": [3, 7, 4, 8], "rotation": 90, "texture": "#0"},
				"south": {"uv": [5, 7, 4, 6], "rotation": 270, "texture": "#0"},
				"west": {"uv": [4, 6, 5, 7], "rotation": 90, "texture": "#0"},
				"down": {"uv": [3, 7, 4, 8], "rotation": 90, "texture": "#0"}
			}
		},
		{
			"from": [4, 0.5, 3],
			"to": [12, 1.5, 5],
			"rotation": {"angle": 0, "axis": "y", "origin": [3, 0, 0]},
			"faces": {
				"north": {"uv": [3, 1, 2, 9], "rotation": 90, "texture": "#0"},
				"east": {"uv": [3, 2, 2, 1], "texture": "#0"},
				"south": {"uv": [3, 1, 2, 9], "rotation": 90, "texture": "#0"},
				"west": {"uv": [2, 2, 3, 1], "texture": "#0"},
				"up": {"uv": [3, 1, 1, 9], "rotation": 90, "texture": "#0"},
				"down": {"uv": [3, 1, 2, 9], "rotation": 90, "texture": "#0"}
			}
		}
	],
	"display": {
		"thirdperson_righthand": {
			"rotation": [75, 45, 0],
			"translation": [0, 2.5, 0],
			"scale": [0.375, 0.375, 0.375]
		},
		"thirdperson_lefthand": {
			"rotation": [75, 45, 0],
			"translation": [0, 2.5, 0],
			"scale": [0.375, 0.375, 0.375]
		},
		"firstperson_righthand": {
			"rotation": [0, 45, 0],
			"scale": [0.4, 0.4, 0.4]
		},
		"firstperson_lefthand": {
			"rotation": [0, 45, 0],
			"scale": [0.4, 0.4, 0.4]
		},
		"ground": {
			"translation": [0, 3, 0],
			"scale": [0.25, 0.25, 0.25]
		},
		"gui": {
			"rotation": [30, 145, 0],
			"translation": [0, 2.5, 0]
		},
		"head": {
			"translation": [0, 5.5, 0],
			"scale": [1.81, 1.81, 1.81]
		},
		"fixed": {
			"rotation": [-90, 0, 0],
			"translation": [0, 0, -22.25],
			"scale": [3.01, 3.01, 3.01]
		}
	},
	"groups": [
		{
			"name": "shadow",
			"origin": [3, 7.5, 1],
			"color": 0,
			"children": [0, 1, 2, 3, 4, 5]
		},
		{
			"name": "helmet",
			"origin": [3, 0, 0],
			"color": 0,
			"children": [
				6,
				7,
				8,
				9,
				10,
				11,
				12,
				13,
				14,
				15,
				16,
				17,
				18,
				19,
				20,
				21,
				22,
				23,
				24,
				25,
				26,
				27,
				28,
				29,
				30,
				31,
				32,
				33,
				34,
				35,
				36,
				37,
				38,
				39,
				40,
				41,
				42,
				43,
				44,
				45,
				46,
				47,
				48,
				49,
				50,
				51,
				52,
				53,
				54,
				55,
				56,
				57,
				58,
				59,
				60,
				61,
				62,
				63,
				64,
				65,
				66,
				67,
				68,
				69,
				70,
				71,
				72,
				73,
				74,
				75,
				76,
				77,
				78,
				79
			]
		}
	]
}