{
	"credit": "Made with Blockbench",
	"texture_size": [64, 64],
	"textures": {
		"0": "item/helmet_cuphead",
		"particle": "item/helmet_cuphead"
	},
	"elements": [
		{
			"from": [4, 0, 4],
			"to": [12, 1, 12],
			"faces": {
				"north": {"uv": [6, 3.5, 8, 3.75], "texture": "#0"},
				"east": {"uv": [6, 3.75, 8, 4], "texture": "#0"},
				"south": {"uv": [6, 4, 8, 4.25], "texture": "#0"},
				"west": {"uv": [6, 4.25, 8, 4.5], "texture": "#0"},
				"up": {"uv": [2, 2, 0, 0], "texture": "#0"},
				"down": {"uv": [2, 2, 0, 4], "texture": "#0"}
			}
		},
		{
			"from": [4, 7.75, 4],
			"to": [12, 7.75, 12],
			"faces": {
				"up": {"uv": [4, 2, 2, 0], "texture": "#0"},
				"down": {"uv": [4, 2, 2, 4], "texture": "#0"}
			}
		},
		{
			"from": [3, 1, 4],
			"to": [4, 8, 12],
			"faces": {
				"north": {"uv": [4.25, 7, 4.5, 8.75], "texture": "#0"},
				"east": {"uv": [4, 3.5, 6, 5.25], "texture": "#0"},
				"south": {"uv": [4.5, 7, 4.75, 8.75], "texture": "#0"},
				"west": {"uv": [4, 5.25, 6, 7], "texture": "#0"},
				"up": {"uv": [6.25, 7.5, 6, 5.5], "texture": "#0"},
				"down": {"uv": [6.5, 5.5, 6.25, 7.5], "texture": "#0"}
			}
		},
		{
			"from": [12, 1, 4],
			"to": [13, 8, 12],
			"faces": {
				"north": {"uv": [4.75, 7, 5, 8.75], "texture": "#0"},
				"east": {"uv": [0, 5.75, 2, 7.5], "texture": "#0"},
				"south": {"uv": [5, 7, 5.25, 8.75], "texture": "#0"},
				"west": {"uv": [2, 5.75, 4, 7.5], "texture": "#0"},
				"up": {"uv": [6.75, 3, 6.5, 1], "texture": "#0"},
				"down": {"uv": [6.75, 5.5, 6.5, 7.5], "texture": "#0"}
			}
		},
		{
			"from": [4, 1, 12],
			"to": [12, 8, 13],
			"rotation": {"angle": 0, "axis": "y", "origin": [16, 0, 0]},
			"faces": {
				"north": {"uv": [4, 1.75, 6, 3.5], "texture": "#0"},
				"east": {"uv": [7, 1, 7.25, 2.75], "texture": "#0"},
				"south": {"uv": [2, 4, 4, 5.75], "texture": "#0"},
				"west": {"uv": [4, 7, 4.25, 8.75], "texture": "#0"},
				"up": {"uv": [8, 5.25, 6, 5], "texture": "#0"},
				"down": {"uv": [8, 5.25, 6, 5.5], "texture": "#0"}
			}
		},
		{
			"from": [7.5, 6.00343, 13],
			"to": [8.5, 7.00343, 15],
			"rotation": {"angle": 0, "axis": "y", "origin": [16, 0.00343, 0]},
			"faces": {
				"east": {"uv": [7.25, 2.75, 7.75, 3], "texture": "#0"},
				"west": {"uv": [7.25, 3, 7.75, 3.25], "texture": "#0"},
				"up": {"uv": [6.75, 3.5, 6.5, 3], "texture": "#0"},
				"down": {"uv": [7, 7.25, 6.75, 7.75], "texture": "#0"}
			}
		},
		{
			"from": [7.5, 3.00343, 2],
			"to": [8.5, 4.00343, 3],
			"rotation": {"angle": 0, "axis": "y", "origin": [16, 0.00343, 0]},
			"faces": {
				"north": {"uv": [2.25, 7.5, 2.5, 7.75], "texture": "#0"},
				"east": {"uv": [2.5, 7.5, 2.75, 7.75], "texture": "#0"},
				"west": {"uv": [2.5, 7.5, 2.75, 7.75], "texture": "#0"},
				"up": {"uv": [3, 7.75, 2.75, 7.5], "texture": "#0"},
				"down": {"uv": [3.25, 7.5, 3, 7.75], "texture": "#0"}
			}
		},
		{
			"from": [9.25, 5.25343, 2.75],
			"to": [10.25, 5.75343, 3],
			"rotation": {"angle": 0, "axis": "y", "origin": [15.25, -1.49657, 0]},
			"faces": {
				"north": {"uv": [0, 7.75, 0.125, 7.875], "texture": "#0"},
				"east": {"uv": [0, 7.75, 0.125, 7.875], "texture": "#0"},
				"south": {"uv": [0, 7.75, 0.125, 7.875], "texture": "#0"},
				"west": {"uv": [0, 7.75, 0.125, 7.875], "texture": "#0"},
				"up": {"uv": [0, 7.75, 0.125, 7.875], "texture": "#0"},
				"down": {"uv": [0, 7.75, 0.125, 7.875], "texture": "#0"}
			}
		},
		{
			"from": [9.25, 4.25343, 2.75],
			"to": [10.25, 4.75343, 3],
			"rotation": {"angle": 0, "axis": "y", "origin": [15.25, -1.49657, 0]},
			"faces": {
				"north": {"uv": [0, 7.75, 0.125, 7.875], "texture": "#0"},
				"east": {"uv": [0, 7.75, 0.125, 7.875], "texture": "#0"},
				"south": {"uv": [0, 7.75, 0.125, 7.875], "texture": "#0"},
				"west": {"uv": [0, 7.75, 0.125, 7.875], "texture": "#0"},
				"up": {"uv": [0, 7.75, 0.125, 7.875], "texture": "#0"},
				"down": {"uv": [0, 7.75, 0.125, 7.875], "texture": "#0"}
			}
		},
		{
			"from": [9.375, 4.00343, 2.75],
			"to": [10.125, 4.25343, 3],
			"rotation": {"angle": 0, "axis": "y", "origin": [15.25, -1.49657, 0]},
			"faces": {
				"north": {"uv": [0, 7.75, 0.125, 7.875], "texture": "#0"},
				"east": {"uv": [0, 7.75, 0.125, 7.875], "texture": "#0"},
				"south": {"uv": [0, 7.75, 0.125, 7.875], "texture": "#0"},
				"west": {"uv": [0, 7.75, 0.125, 7.875], "texture": "#0"},
				"up": {"uv": [0, 7.75, 0.125, 7.875], "texture": "#0"},
				"down": {"uv": [0, 7.75, 0.125, 7.875], "texture": "#0"}
			}
		},
		{
			"from": [9.375, 5.75343, 2.75],
			"to": [10.125, 6.00343, 3],
			"rotation": {"angle": 0, "axis": "y", "origin": [15.25, -1.49657, 0]},
			"faces": {
				"north": {"uv": [0, 7.75, 0.125, 7.875], "texture": "#0"},
				"east": {"uv": [0, 7.75, 0.125, 7.875], "texture": "#0"},
				"south": {"uv": [0, 7.75, 0.125, 7.875], "texture": "#0"},
				"west": {"uv": [0, 7.75, 0.125, 7.875], "texture": "#0"},
				"up": {"uv": [0, 7.75, 0.125, 7.875], "texture": "#0"},
				"down": {"uv": [0, 7.75, 0.125, 7.875], "texture": "#0"}
			}
		},
		{
			"from": [9.25, 4.75343, 2.75],
			"to": [10, 5.25343, 3],
			"rotation": {"angle": 0, "axis": "y", "origin": [15.25, -1.49657, 0]},
			"faces": {
				"north": {"uv": [0, 7.75, 0.125, 7.875], "texture": "#0"},
				"east": {"uv": [0, 7.75, 0.125, 7.875], "texture": "#0"},
				"south": {"uv": [0, 7.75, 0.125, 7.875], "texture": "#0"},
				"west": {"uv": [0, 7.75, 0.125, 7.875], "texture": "#0"},
				"up": {"uv": [0, 7.75, 0.125, 7.875], "texture": "#0"},
				"down": {"uv": [0, 7.75, 0.125, 7.875], "texture": "#0"}
			}
		},
		{
			"from": [9.91161, 4.96682, 2.75],
			"to": [10.26161, 5.21682, 3],
			"rotation": {"angle": 45, "axis": "z", "origin": [9.91161, 5.09182, 2.875]},
			"faces": {
				"north": {"uv": [0, 7.75, 0.125, 7.875], "texture": "#0"},
				"east": {"uv": [0, 7.75, 0.125, 7.875], "texture": "#0"},
				"south": {"uv": [0, 7.75, 0.125, 7.875], "texture": "#0"},
				"west": {"uv": [0, 7.75, 0.125, 7.875], "texture": "#0"},
				"up": {"uv": [0, 7.75, 0.125, 7.875], "texture": "#0"},
				"down": {"uv": [0, 7.75, 0.125, 7.875], "texture": "#0"}
			}
		},
		{
			"from": [9.83839, 4.61326, 2.75],
			"to": [10.18839, 4.86326, 3],
			"rotation": {"angle": -45, "axis": "z", "origin": [10.08839, 4.73826, 2.875]},
			"faces": {
				"north": {"uv": [0, 7.75, 0.125, 7.875], "texture": "#0"},
				"east": {"uv": [0, 7.75, 0.125, 7.875], "texture": "#0"},
				"south": {"uv": [0, 7.75, 0.125, 7.875], "texture": "#0"},
				"west": {"uv": [0, 7.75, 0.125, 7.875], "texture": "#0"},
				"up": {"uv": [0, 7.75, 0.125, 7.875], "texture": "#0"},
				"down": {"uv": [0, 7.75, 0.125, 7.875], "texture": "#0"}
			}
		},
		{
			"from": [5.875, 4.00343, 2.75],
			"to": [6.625, 4.25343, 3],
			"rotation": {"angle": 0, "axis": "y", "origin": [11.75, -1.49657, 0]},
			"faces": {
				"north": {"uv": [0, 7.75, 0.125, 7.875], "texture": "#0"},
				"east": {"uv": [0, 7.75, 0.125, 7.875], "texture": "#0"},
				"south": {"uv": [0, 7.75, 0.125, 7.875], "texture": "#0"},
				"west": {"uv": [0, 7.75, 0.125, 7.875], "texture": "#0"},
				"up": {"uv": [0, 7.75, 0.125, 7.875], "texture": "#0"},
				"down": {"uv": [0, 7.75, 0.125, 7.875], "texture": "#0"}
			}
		},
		{
			"from": [5.75, 4.25343, 2.75],
			"to": [6.75, 4.75343, 3],
			"rotation": {"angle": 0, "axis": "y", "origin": [11.75, -1.49657, 0]},
			"faces": {
				"north": {"uv": [0, 7.75, 0.125, 7.875], "texture": "#0"},
				"east": {"uv": [0, 7.75, 0.125, 7.875], "texture": "#0"},
				"south": {"uv": [0, 7.75, 0.125, 7.875], "texture": "#0"},
				"west": {"uv": [0, 7.75, 0.125, 7.875], "texture": "#0"},
				"up": {"uv": [0, 7.75, 0.125, 7.875], "texture": "#0"},
				"down": {"uv": [0, 7.75, 0.125, 7.875], "texture": "#0"}
			}
		},
		{
			"from": [5.75, 4.75343, 2.75],
			"to": [6.5, 5.25343, 3],
			"rotation": {"angle": 0, "axis": "y", "origin": [11.75, -1.49657, 0]},
			"faces": {
				"north": {"uv": [0, 7.75, 0.125, 7.875], "texture": "#0"},
				"east": {"uv": [0, 7.75, 0.125, 7.875], "texture": "#0"},
				"south": {"uv": [0, 7.75, 0.125, 7.875], "texture": "#0"},
				"west": {"uv": [0, 7.75, 0.125, 7.875], "texture": "#0"},
				"up": {"uv": [0, 7.75, 0.125, 7.875], "texture": "#0"},
				"down": {"uv": [0, 7.75, 0.125, 7.875], "texture": "#0"}
			}
		},
		{
			"from": [5.875, 5.75343, 2.75],
			"to": [6.625, 6.00343, 3],
			"rotation": {"angle": 0, "axis": "y", "origin": [11.75, -1.49657, 0]},
			"faces": {
				"north": {"uv": [0, 7.75, 0.125, 7.875], "texture": "#0"},
				"east": {"uv": [0, 7.75, 0.125, 7.875], "texture": "#0"},
				"south": {"uv": [0, 7.75, 0.125, 7.875], "texture": "#0"},
				"west": {"uv": [0, 7.75, 0.125, 7.875], "texture": "#0"},
				"up": {"uv": [0, 7.75, 0.125, 7.875], "texture": "#0"},
				"down": {"uv": [0, 7.75, 0.125, 7.875], "texture": "#0"}
			}
		},
		{
			"from": [5.75, 5.25343, 2.75],
			"to": [6.75, 5.75343, 3],
			"rotation": {"angle": 0, "axis": "y", "origin": [11.75, -1.49657, 0]},
			"faces": {
				"north": {"uv": [0, 7.75, 0.125, 7.875], "texture": "#0"},
				"east": {"uv": [0, 7.75, 0.125, 7.875], "texture": "#0"},
				"south": {"uv": [0, 7.75, 0.125, 7.875], "texture": "#0"},
				"west": {"uv": [0, 7.75, 0.125, 7.875], "texture": "#0"},
				"up": {"uv": [0, 7.75, 0.125, 7.875], "texture": "#0"},
				"down": {"uv": [0, 7.75, 0.125, 7.875], "texture": "#0"}
			}
		},
		{
			"from": [6.41161, 4.96682, 2.75],
			"to": [6.76161, 5.21682, 3],
			"rotation": {"angle": 45, "axis": "z", "origin": [6.41161, 5.09182, 2.875]},
			"faces": {
				"north": {"uv": [0, 7.75, 0.125, 7.875], "texture": "#0"},
				"east": {"uv": [0, 7.75, 0.125, 7.875], "texture": "#0"},
				"south": {"uv": [0, 7.75, 0.125, 7.875], "texture": "#0"},
				"west": {"uv": [0, 7.75, 0.125, 7.875], "texture": "#0"},
				"up": {"uv": [0, 7.75, 0.125, 7.875], "texture": "#0"},
				"down": {"uv": [0, 7.75, 0.125, 7.875], "texture": "#0"}
			}
		},
		{
			"from": [6.33839, 4.61326, 2.75],
			"to": [6.68839, 4.86326, 3],
			"rotation": {"angle": -45, "axis": "z", "origin": [6.58839, 4.73826, 2.875]},
			"faces": {
				"north": {"uv": [0, 7.75, 0.125, 7.875], "texture": "#0"},
				"east": {"uv": [0, 7.75, 0.125, 7.875], "texture": "#0"},
				"south": {"uv": [0, 7.75, 0.125, 7.875], "texture": "#0"},
				"west": {"uv": [0, 7.75, 0.125, 7.875], "texture": "#0"},
				"up": {"uv": [0, 7.75, 0.125, 7.875], "texture": "#0"},
				"down": {"uv": [0, 7.75, 0.125, 7.875], "texture": "#0"}
			}
		},
		{
			"from": [7, 7.00343, 9.5],
			"to": [9, 10.00343, 11.5],
			"rotation": {"angle": 0, "axis": "y", "origin": [16, -0.99657, 0]},
			"faces": {
				"north": {"uv": [6.75, 2.75, 7.25, 3.5], "texture": "#0"},
				"east": {"uv": [5.25, 7, 5.75, 7.75], "texture": "#0"},
				"south": {"uv": [7, 5.5, 7.5, 6.25], "texture": "#0"},
				"west": {"uv": [5.75, 7, 5.25, 7.75], "texture": "#0"},
				"down": {"uv": [7.5, 7, 7, 7.5], "texture": "#0"}
			}
		},
		{
			"from": [6.999, 8.84391, 9.72944],
			"to": [9.001, 10.84591, 14.73144],
			"rotation": {"angle": -22.5, "axis": "x", "origin": [8, 9.84491, 11.73044]},
			"faces": {
				"east": {"uv": [6, 0, 7.25, 0.5], "texture": "#0"},
				"south": {"uv": [7.25, 0, 7.75, 0.5], "texture": "#0"},
				"west": {"uv": [7.25, 0, 6, 0.5], "texture": "#0"},
				"up": {"uv": [6.5, 2.25, 6, 1], "texture": "#0"},
				"down": {"uv": [6.5, 1, 6, 2.25], "texture": "#0"}
			}
		},
		{
			"from": [7.501, 5.44377, 14.35455],
			"to": [8.499, 6.44177, 16.35255],
			"rotation": {"angle": 45, "axis": "x", "origin": [8, 5.94277, 15.35355]},
			"faces": {
				"east": {"uv": [7.25, 3.25, 7.75, 3.5], "texture": "#0"},
				"west": {"uv": [0, 7.5, 0.5, 7.75], "texture": "#0"},
				"up": {"uv": [0.75, 8, 0.5, 7.5], "texture": "#0"},
				"down": {"uv": [7.75, 0.5, 7.5, 1], "texture": "#0"}
			}
		},
		{
			"from": [7.5, 1.925, 13],
			"to": [8.5, 2.925, 15],
			"rotation": {"angle": 0, "axis": "y", "origin": [16, 8.925, 0]},
			"faces": {
				"east": {"uv": [1.5, 7.5, 2, 7.75], "texture": "#0"},
				"west": {"uv": [7.5, 1.75, 8, 2], "texture": "#0"},
				"up": {"uv": [2.25, 8, 2, 7.5], "texture": "#0"},
				"down": {"uv": [7.75, 2, 7.5, 2.5], "texture": "#0"}
			}
		},
		{
			"from": [7.5, 3.33921, 15.41421],
			"to": [8.5, 5.58921, 16.41421],
			"rotation": {"angle": 0, "axis": "y", "origin": [16, 8.33921, 0.41421]},
			"faces": {
				"north": {"uv": [5.75, 7, 6, 7.625], "texture": "#0"},
				"east": {"uv": [7.25, 0.5, 7.5, 1.125], "texture": "#0"},
				"south": {"uv": [7.25, 1.25, 7.5, 1.875], "texture": "#0"},
				"west": {"uv": [7.25, 2, 7.5, 2.625], "texture": "#0"}
			}
		},
		{
			"from": [7.501, 2.48666, 14.35455],
			"to": [8.499, 3.48466, 16.35255],
			"rotation": {"angle": -45, "axis": "x", "origin": [8, 2.98566, 15.35355]},
			"faces": {
				"east": {"uv": [0.75, 7.5, 1.25, 7.75], "texture": "#0"},
				"west": {"uv": [7.5, 1, 8, 1.25], "texture": "#0"},
				"up": {"uv": [1.5, 8, 1.25, 7.5], "texture": "#0"},
				"down": {"uv": [7.75, 1.25, 7.5, 1.75], "texture": "#0"}
			}
		},
		{
			"from": [4, 1, 3],
			"to": [12, 8, 4],
			"rotation": {"angle": 0, "axis": "y", "origin": [16, 0, 0]},
			"faces": {
				"north": {"uv": [0, 4, 2, 5.75], "texture": "#0"},
				"east": {"uv": [6.75, 1, 7, 2.75], "texture": "#0"},
				"south": {"uv": [4, 0, 6, 1.75], "texture": "#0"},
				"west": {"uv": [6.75, 5.5, 7, 7.25], "texture": "#0"},
				"up": {"uv": [8, 4.75, 6, 4.5], "texture": "#0"},
				"down": {"uv": [8, 4.75, 6, 5], "texture": "#0"}
			}
		}
	],
	"display": {
		"head": {
			"translation": [0, 8, 0],
			"scale": [1.91, 1.91, 1.91]
		}
	}
}