{
	"credit": "Made with Blockbench",
	"texture_size": [128, 128],
	"textures": {
		"0": "item/tvhead",
		"particle": "item/tvhead"
	},
	"elements": [
		{
			"from": [-1.25, 0, -0.25],
			"to": [17, 17, -0.25],
			"shade": false,
			"rotation": {"angle": 0, "axis": "x", "origin": [8, 0.5, 7.75]},
			"faces": {
				"north": {"uv": [5.25, 5, 7.5, 7.125], "texture": "#0"},
				"east": {"uv": [0, 0, 0, 2.125], "texture": "#0"},
				"south": {"uv": [6, 0, 8.25, 2.125], "texture": "#0"},
				"west": {"uv": [0, 0, 0, 2.125], "texture": "#0"},
				"up": {"uv": [2.25, 0, 0, 0], "texture": "#0"},
				"down": {"uv": [2.25, 0, 0, 0], "texture": "#0"}
			}
		},
		{
			"from": [-6, -1.75, -1],
			"to": [-1.25, 22, 5],
			"shade": false,
			"rotation": {"angle": 0, "axis": "y", "origin": [0.75, 8.5, -0.5]},
			"faces": {
				"north": {"uv": [8, 9.125, 8.625, 12.125], "texture": "#0"},
				"east": {"uv": [0, 8.5, 0.75, 11.5], "texture": "#0"},
				"south": {"uv": [8.625, 9.125, 9.25, 12.125], "texture": "#0"},
				"west": {"uv": [0.75, 8.5, 1.5, 11.5], "texture": "#0"},
				"up": {"uv": [8.125, 7.125, 7.5, 6.375], "texture": "#0"},
				"down": {"uv": [7.75, 10.125, 7.125, 10.875], "texture": "#0"}
			}
		},
		{
			"from": [17, -1.75, -1],
			"to": [21.75, 22, 5],
			"shade": false,
			"rotation": {"angle": 0, "axis": "y", "origin": [16.75, 8.5, -0.5]},
			"faces": {
				"north": {"uv": [3, 9.25, 3.625, 12.25], "texture": "#0"},
				"east": {"uv": [1.5, 8.5, 2.25, 11.5], "texture": "#0"},
				"south": {"uv": [3.625, 9.25, 4.25, 12.25], "texture": "#0"},
				"west": {"uv": [2.25, 8.5, 3, 11.5], "texture": "#0"},
				"up": {"uv": [9.875, 10.875, 9.25, 10.125], "texture": "#0"},
				"down": {"uv": [10.5, 10.125, 9.875, 10.875], "texture": "#0"}
			}
		},
		{
			"from": [-1.25, 16.5, -1],
			"to": [17, 22, 5],
			"shade": false,
			"rotation": {"angle": 0, "axis": "z", "origin": [7.75, 8.5, -0.5]},
			"faces": {
				"north": {"uv": [8.25, 7.375, 10.5, 8.125], "texture": "#0"},
				"east": {"uv": [6, 4.125, 6.75, 4.875], "texture": "#0"},
				"south": {"uv": [9, 2, 11.25, 2.75], "texture": "#0"},
				"west": {"uv": [6.75, 4.125, 7.5, 4.875], "texture": "#0"},
				"up": {"uv": [11.25, 3.5, 9, 2.75], "texture": "#0"},
				"down": {"uv": [6.5, 9.25, 4.25, 10], "texture": "#0"}
			}
		},
		{
			"from": [-4, 10.44563, 1.98918],
			"to": [20, 18.19563, 21.98918],
			"shade": false,
			"rotation": {"angle": 22.5, "axis": "x", "origin": [8, 14.32063, 11.98918]},
			"faces": {
				"north": {"uv": [6, 2.125, 9, 3.125], "texture": "#0"},
				"east": {"uv": [8, 8.125, 10.5, 9.125], "texture": "#0"},
				"south": {"uv": [6, 3.125, 9, 4.125], "texture": "#0"},
				"west": {"uv": [8.25, 0, 10.75, 1], "texture": "#0"},
				"up": {"uv": [3, 2.5, 0, 0], "texture": "#0"},
				"down": {"uv": [3, 2.5, 0, 5], "texture": "#0"}
			}
		},
		{
			"from": [-4, 6.19563, 2.73918],
			"to": [20, 13.94563, 22.73918],
			"shade": false,
			"rotation": {"angle": 0, "axis": "x", "origin": [8, 10.07063, 12.73918]},
			"faces": {
				"north": {"uv": [5.25, 7.125, 8.25, 8.125], "texture": "#0"},
				"east": {"uv": [8.25, 1, 10.75, 2], "texture": "#0"},
				"south": {"uv": [0, 7.5, 3, 8.5], "texture": "#0"},
				"west": {"uv": [8.25, 6.375, 10.75, 7.375], "texture": "#0"},
				"up": {"uv": [6, 2.5, 3, 0], "texture": "#0"},
				"down": {"uv": [6, 2.5, 3, 5], "texture": "#0"}
			}
		},
		{
			"from": [-2.5, -1.30437, 1.48918],
			"to": [18.5, 7.94563, 21.48918],
			"shade": false,
			"rotation": {"angle": 0, "axis": "x", "origin": [8, 4.07063, 11.48918]},
			"faces": {
				"north": {"uv": [7.5, 4.125, 10.125, 5.25], "texture": "#0"},
				"east": {"uv": [3, 8.125, 5.5, 9.25], "texture": "#0"},
				"south": {"uv": [7.5, 5.25, 10.125, 6.375], "texture": "#0"},
				"west": {"uv": [5.5, 8.125, 8, 9.25], "texture": "#0"},
				"up": {"uv": [2.625, 7.5, 0, 5], "texture": "#0"},
				"down": {"uv": [5.25, 5, 2.625, 7.5], "texture": "#0"}
			}
		},
		{
			"from": [-1.25, -1.75, -1],
			"to": [17, 1, 3],
			"shade": false,
			"rotation": {"angle": 0, "axis": "z", "origin": [7.75, 8.5, -0.5]},
			"faces": {
				"north": {"uv": [4.25, 10, 6.5, 10.375], "texture": "#0"},
				"east": {"uv": [10.125, 6, 10.625, 6.375], "texture": "#0"},
				"south": {"uv": [10.125, 4, 12.375, 4.375], "texture": "#0"},
				"west": {"uv": [6, 10.375, 6.5, 10.75], "texture": "#0"},
				"up": {"uv": [5.25, 8, 3, 7.5], "texture": "#0"},
				"down": {"uv": [11.25, 3.5, 9, 4], "texture": "#0"}
			}
		},
		{
			"from": [-1.25, 1.5, -1],
			"to": [17, 4, 3],
			"shade": false,
			"rotation": {"angle": 0, "axis": "z", "origin": [7.75, 8.5, -0.5]},
			"faces": {
				"north": {"uv": [10.125, 4.375, 12.375, 4.75], "texture": "#0"},
				"east": {"uv": [10.625, 6, 11.125, 6.375], "texture": "#0"},
				"south": {"uv": [10.125, 4.75, 12.375, 5.125], "texture": "#0"},
				"west": {"uv": [10.5, 10.625, 11, 11], "texture": "#0"},
				"up": {"uv": [11.5, 9.625, 9.25, 9.125], "texture": "#0"},
				"down": {"uv": [11.5, 9.625, 9.25, 10.125], "texture": "#0"}
			}
		},
		{
			"from": [-1.25, 1, -1],
			"to": [3.75, 1.5, 3],
			"shade": false,
			"rotation": {"angle": 0, "axis": "z", "origin": [7.75, 8.5, -0.5]},
			"faces": {
				"north": {"uv": [6.875, 4.875, 7.5, 5], "texture": "#0"},
				"east": {"uv": [4.5, 8, 5, 8.125], "texture": "#0"},
				"south": {"uv": [3.875, 8, 4.5, 8.125], "texture": "#0"},
				"west": {"uv": [8.25, 2, 8.75, 2.125], "texture": "#0"},
				"up": {"uv": [11.125, 9.125, 10.5, 8.625], "texture": "#0"},
				"down": {"uv": [11.125, 10.125, 10.5, 10.625], "texture": "#0"}
			}
		},
		{
			"from": [10.25, 1, -1],
			"to": [17, 1.5, 3],
			"shade": false,
			"rotation": {"angle": 0, "axis": "z", "origin": [19.75, 8.5, -0.5]},
			"faces": {
				"north": {"uv": [6, 4.875, 6.875, 5], "texture": "#0"},
				"east": {"uv": [9, 4, 9.5, 4.125], "texture": "#0"},
				"south": {"uv": [3, 8, 3.875, 8.125], "texture": "#0"},
				"west": {"uv": [9.5, 4, 10, 4.125], "texture": "#0"},
				"up": {"uv": [5.125, 10.875, 4.25, 10.375], "texture": "#0"},
				"down": {"uv": [6, 10.375, 5.125, 10.875], "texture": "#0"}
			}
		},
		{
			"from": [6, 21, 13],
			"to": [7, 23, 14],
			"shade": false,
			"rotation": {"angle": 0, "axis": "y", "origin": [6, 21, 13]},
			"faces": {
				"north": {"uv": [8.125, 6.375, 8.25, 6.625], "texture": "#0"},
				"east": {"uv": [8.125, 6.625, 8.25, 6.875], "texture": "#0"},
				"south": {"uv": [8.125, 6.875, 8.25, 7.125], "texture": "#0"},
				"west": {"uv": [7.75, 9.25, 7.875, 9.5], "texture": "#0"},
				"up": {"uv": [5.125, 8.125, 5, 8], "texture": "#0"},
				"down": {"uv": [5.25, 8, 5.125, 8.125], "texture": "#0"}
			}
		},
		{
			"from": [5, 23, 13],
			"to": [6, 25, 14],
			"shade": false,
			"rotation": {"angle": 0, "axis": "y", "origin": [5, 23, 13]},
			"faces": {
				"north": {"uv": [7.875, 9.25, 8, 9.5], "texture": "#0"},
				"east": {"uv": [7.75, 9.5, 7.875, 9.75], "texture": "#0"},
				"south": {"uv": [7.875, 9.5, 8, 9.75], "texture": "#0"},
				"west": {"uv": [7.75, 9.75, 7.875, 10], "texture": "#0"},
				"up": {"uv": [8.875, 2.125, 8.75, 2], "texture": "#0"},
				"down": {"uv": [9, 2, 8.875, 2.125], "texture": "#0"}
			}
		},
		{
			"from": [4, 25, 13],
			"to": [5, 27, 14],
			"shade": false,
			"rotation": {"angle": 0, "axis": "y", "origin": [4, 25, 13]},
			"faces": {
				"north": {"uv": [7.875, 9.75, 8, 10], "texture": "#0"},
				"east": {"uv": [7.75, 10, 7.875, 10.25], "texture": "#0"},
				"south": {"uv": [7.875, 10, 8, 10.25], "texture": "#0"},
				"west": {"uv": [7.75, 10.25, 7.875, 10.5], "texture": "#0"},
				"up": {"uv": [10.125, 4.125, 10, 4], "texture": "#0"},
				"down": {"uv": [10.875, 1.875, 10.75, 2], "texture": "#0"}
			}
		},
		{
			"from": [3, 27, 13],
			"to": [4, 29, 14],
			"shade": false,
			"rotation": {"angle": 0, "axis": "y", "origin": [3, 27, 13]},
			"faces": {
				"north": {"uv": [7.875, 10.25, 8, 10.5], "texture": "#0"},
				"east": {"uv": [7.75, 10.5, 7.875, 10.75], "texture": "#0"},
				"south": {"uv": [7.875, 10.5, 8, 10.75], "texture": "#0"},
				"west": {"uv": [6.375, 10.75, 6.5, 11], "texture": "#0"},
				"up": {"uv": [10.875, 6, 10.75, 5.875], "texture": "#0"},
				"down": {"uv": [11, 1.875, 10.875, 2], "texture": "#0"}
			}
		},
		{
			"from": [2, 29, 12],
			"to": [5, 32, 15],
			"shade": false,
			"rotation": {"angle": 0, "axis": "y", "origin": [3, 29, 13]},
			"faces": {
				"north": {"uv": [10.75, 0, 11.125, 0.375], "texture": "#0"},
				"east": {"uv": [10.75, 0.375, 11.125, 0.75], "texture": "#0"},
				"south": {"uv": [10.75, 0.75, 11.125, 1.125], "texture": "#0"},
				"west": {"uv": [10.75, 1.125, 11.125, 1.5], "texture": "#0"},
				"up": {"uv": [11.125, 1.875, 10.75, 1.5], "texture": "#0"},
				"down": {"uv": [11.125, 5.125, 10.75, 5.5], "texture": "#0"}
			}
		},
		{
			"from": [10, 29, 12],
			"to": [13, 32, 15],
			"shade": false,
			"rotation": {"angle": 0, "axis": "y", "origin": [11, 29, 13]},
			"faces": {
				"north": {"uv": [10.75, 5.5, 11.125, 5.875], "texture": "#0"},
				"east": {"uv": [6, 10.75, 6.375, 11.125], "texture": "#0"},
				"south": {"uv": [10.75, 6.375, 11.125, 6.75], "texture": "#0"},
				"west": {"uv": [10.75, 6.75, 11.125, 7.125], "texture": "#0"},
				"up": {"uv": [4.625, 11.25, 4.25, 10.875], "texture": "#0"},
				"down": {"uv": [5, 10.875, 4.625, 11.25], "texture": "#0"}
			}
		},
		{
			"from": [10, 25, 13],
			"to": [11, 27, 14],
			"shade": false,
			"rotation": {"angle": 0, "axis": "y", "origin": [10, 25, 13]},
			"faces": {
				"north": {"uv": [10.75, 7.125, 10.875, 7.375], "texture": "#0"},
				"east": {"uv": [7.75, 10.75, 7.875, 11], "texture": "#0"},
				"south": {"uv": [7.875, 10.75, 8, 11], "texture": "#0"},
				"west": {"uv": [5, 10.875, 5.125, 11.125], "texture": "#0"},
				"up": {"uv": [11, 6, 10.875, 5.875], "texture": "#0"},
				"down": {"uv": [7.75, 10.875, 7.625, 11], "texture": "#0"}
			}
		},
		{
			"from": [11, 27, 13],
			"to": [12, 29, 14],
			"shade": false,
			"rotation": {"angle": 0, "axis": "y", "origin": [11, 27, 13]},
			"faces": {
				"north": {"uv": [5.125, 10.875, 5.25, 11.125], "texture": "#0"},
				"east": {"uv": [5.25, 10.875, 5.375, 11.125], "texture": "#0"},
				"south": {"uv": [5.375, 10.875, 5.5, 11.125], "texture": "#0"},
				"west": {"uv": [5.5, 10.875, 5.625, 11.125], "texture": "#0"},
				"up": {"uv": [9.375, 11, 9.25, 10.875], "texture": "#0"},
				"down": {"uv": [9.5, 10.875, 9.375, 11], "texture": "#0"}
			}
		},
		{
			"from": [9, 23, 13],
			"to": [10, 25, 14],
			"shade": false,
			"rotation": {"angle": 0, "axis": "y", "origin": [9, 23, 13]},
			"faces": {
				"north": {"uv": [5.625, 10.875, 5.75, 11.125], "texture": "#0"},
				"east": {"uv": [5.75, 10.875, 5.875, 11.125], "texture": "#0"},
				"south": {"uv": [5.875, 10.875, 6, 11.125], "texture": "#0"},
				"west": {"uv": [7.125, 10.875, 7.25, 11.125], "texture": "#0"},
				"up": {"uv": [9.625, 11, 9.5, 10.875], "texture": "#0"},
				"down": {"uv": [9.75, 10.875, 9.625, 11], "texture": "#0"}
			}
		},
		{
			"from": [8, 21, 13],
			"to": [9, 23, 14],
			"shade": false,
			"rotation": {"angle": 0, "axis": "y", "origin": [8, 21, 13]},
			"faces": {
				"north": {"uv": [10.875, 7.125, 11, 7.375], "texture": "#0"},
				"east": {"uv": [7.25, 10.875, 7.375, 11.125], "texture": "#0"},
				"south": {"uv": [7.375, 10.875, 7.5, 11.125], "texture": "#0"},
				"west": {"uv": [7.5, 10.875, 7.625, 11.125], "texture": "#0"},
				"up": {"uv": [9.875, 11, 9.75, 10.875], "texture": "#0"},
				"down": {"uv": [10, 10.875, 9.875, 11], "texture": "#0"}
			}
		},
		{
			"from": [1, 1, -2],
			"to": [2, 2, -1],
			"shade": false,
			"rotation": {"angle": 0, "axis": "y", "origin": [1, 1, -2]},
			"faces": {
				"north": {"uv": [10, 10.875, 10.125, 11], "texture": "#0"},
				"east": {"uv": [10.125, 10.875, 10.25, 11], "texture": "#0"},
				"south": {"uv": [10.25, 10.875, 10.375, 11], "texture": "#0"},
				"west": {"uv": [10.375, 10.875, 10.5, 11], "texture": "#0"},
				"up": {"uv": [11.125, 2, 11, 1.875], "texture": "#0"},
				"down": {"uv": [11.125, 5.875, 11, 6], "texture": "#0"}
			}
		},
		{
			"from": [5, 14, 11],
			"to": [10, 21, 16],
			"shade": false,
			"rotation": {"angle": 0, "axis": "y", "origin": [8, 17, 11]},
			"faces": {
				"north": {"uv": [6.5, 9.25, 7.125, 10.125], "texture": "#0"},
				"east": {"uv": [7.125, 9.25, 7.75, 10.125], "texture": "#0"},
				"south": {"uv": [10.125, 5.125, 10.75, 6], "texture": "#0"},
				"west": {"uv": [6.5, 10.125, 7.125, 11], "texture": "#0"},
				"up": {"uv": [11.125, 8, 10.5, 7.375], "texture": "#0"},
				"down": {"uv": [11.125, 8, 10.5, 8.625], "texture": "#0"}
			}
		}
	],
	"display": {
		"thirdperson_righthand": {
			"rotation": [75, 45, 0],
			"translation": [0, 2.5, 0],
			"scale": [0.375, 0.375, 0.375]
		},
		"thirdperson_lefthand": {
			"rotation": [75, 45, 0],
			"translation": [0, 2.5, 0],
			"scale": [0.375, 0.375, 0.375]
		},
		"firstperson_righthand": {
			"rotation": [0, 45, 0],
			"scale": [0.4, 0.4, 0.4]
		},
		"firstperson_lefthand": {
			"rotation": [0, 45, 0],
			"scale": [0.4, 0.4, 0.4]
		},
		"ground": {
			"translation": [0, 3, 0],
			"scale": [0.25, 0.25, 0.25]
		},
		"gui": {
			"rotation": [30, 225, 0],
			"translation": [0.5, -1.5, 0],
			"scale": [0.38, 0.38, 0.38]
		},
		"head": {
			"translation": [0, 1, -0.75],
			"scale": [0.8, 0.8, 0.8]
		},
		"fixed": {
			"rotation": [-89.5, 0, 0],
			"translation": [0, -1.75, -9.75],
			"scale": [1.25, 1.25, 1.25]
		}
	},
	"groups": [
		{
			"name": "group",
			"origin": [8, 8, 8],
			"color": 0,
			"shade": false,
			"children": [0, 1, 2, 3, 4, 5, 6, 7, 8, 9, 10, 11, 12, 13, 14, 15, 16, 17, 18, 19, 20, 21, 22]
		}
	]
}