{
	"credit": "Made with Blockbench",
	"texture_size": [64, 64],
	"textures": {
		"0": "item/eva_01_helmet",
		"particle": "item/eva_01_helmet"
	},
	"elements": [
		{
			"from": [3.23217, 8.28033, 5],
			"to": [3.73217, 9.78033, 9],
			"rotation": {"angle": -45, "axis": "z", "origin": [3.73217, 8.53033, 7.5]},
			"faces": {
				"north": {"uv": [10, 6.25, 10.75, 6.5], "rotation": 270, "texture": "#0"},
				"east": {"uv": [10, 8.25, 10.75, 6.25], "rotation": 270, "texture": "#0"},
				"south": {"uv": [10, 8, 10.75, 8.25], "rotation": 270, "texture": "#0"},
				"west": {"uv": [10, 6.25, 10.75, 8.25], "rotation": 270, "texture": "#0"},
				"down": {"uv": [10.5, 8.25, 10.75, 6.25], "rotation": 180, "texture": "#0"}
			}
		},
		{
			"from": [11.84105, 8.31066, 5],
			"to": [12.34105, 9.81066, 9],
			"rotation": {"angle": 45, "axis": "z", "origin": [12.09105, 9.06066, 7]},
			"faces": {
				"north": {"uv": [10, 6.5, 10.75, 6.25], "rotation": 270, "texture": "#0"},
				"east": {"uv": [10, 8.25, 10.75, 6.25], "rotation": 270, "texture": "#0"},
				"south": {"uv": [10, 8.25, 10.75, 8], "rotation": 270, "texture": "#0"},
				"west": {"uv": [10, 6.25, 10.75, 8.25], "rotation": 270, "texture": "#0"},
				"down": {"uv": [10.5, 8.25, 10.75, 6.25], "rotation": 180, "texture": "#0"}
			}
		},
		{
			"from": [3.45079, 6.60868, 4.5],
			"to": [4.45079, 8.45868, 8.5],
			"rotation": {"angle": -22.5, "axis": "z", "origin": [3.95079, 9.20868, 8]},
			"faces": {
				"north": {"uv": [9, 5.75, 10, 6.25], "rotation": 270, "texture": "#0"},
				"south": {"uv": [10.75, 7.75, 11.75, 8.25], "rotation": 270, "texture": "#0"},
				"west": {"uv": [9.75, 6.25, 10.75, 8.25], "rotation": 270, "texture": "#0"},
				"up": {"uv": [9, 5.75, 9.75, 6], "rotation": 270, "texture": "#0"},
				"down": {"uv": [10.75, 7.25, 11.75, 7.75], "rotation": 270, "texture": "#0"}
			}
		},
		{
			"from": [2.49388, 5.49793, 4],
			"to": [3.49388, 6.99793, 8],
			"rotation": {"angle": 0, "axis": "y", "origin": [15.99388, 7.49793, -1.5]},
			"faces": {
				"north": {"uv": [9, 5.75, 9.75, 6.25], "rotation": 270, "texture": "#0"},
				"east": {"uv": [2.5, 0.25, 2.75, 0], "rotation": 270, "texture": "#0"},
				"south": {"uv": [9, 5.25, 9.75, 5.75], "rotation": 270, "texture": "#0"},
				"west": {"uv": [9, 6.25, 9.75, 8.25], "rotation": 270, "texture": "#0"},
				"up": {"uv": [9, 6.25, 9.75, 5.75], "rotation": 270, "texture": "#0"}
			}
		},
		{
			"from": [12.50612, 5.49793, 4],
			"to": [13.50612, 6.99793, 8],
			"rotation": {"angle": 0, "axis": "y", "origin": [0.00612, 7.49793, -1.5]},
			"faces": {
				"north": {"uv": [9, 6.25, 9.75, 5.75], "rotation": 270, "texture": "#0"},
				"east": {"uv": [9, 8.25, 9.75, 6.25], "rotation": 270, "texture": "#0"},
				"south": {"uv": [9, 5.75, 9.75, 5.25], "rotation": 270, "texture": "#0"},
				"west": {"uv": [2.5, 0, 2.75, 0.25], "rotation": 270, "texture": "#0"},
				"up": {"uv": [9, 5.75, 9.75, 6.25], "rotation": 270, "texture": "#0"}
			}
		},
		{
			"from": [11.54921, 6.60868, 4.5],
			"to": [12.54921, 8.45868, 8.5],
			"rotation": {"angle": 22.5, "axis": "z", "origin": [12.04921, 9.20868, 8]},
			"faces": {
				"north": {"uv": [9, 6.25, 10, 5.75], "rotation": 270, "texture": "#0"},
				"east": {"uv": [9.75, 8.25, 10.75, 6.25], "rotation": 270, "texture": "#0"},
				"south": {"uv": [10.75, 8.25, 11.75, 7.75], "rotation": 270, "texture": "#0"},
				"up": {"uv": [9, 6, 9.75, 5.75], "rotation": 270, "texture": "#0"},
				"down": {"uv": [10.75, 7.75, 11.75, 7.25], "rotation": 270, "texture": "#0"}
			}
		},
		{
			"from": [4.2625, 9.26777, 5],
			"to": [11.7375, 9.76777, 10],
			"rotation": {"angle": 0, "axis": "y", "origin": [10.7375, 9.26777, 7.5]},
			"faces": {
				"north": {"uv": [15.75, 1.25, 16, 5], "rotation": 270, "texture": "#0"},
				"east": {"uv": [13.5, 1.25, 16, 1.5], "rotation": 180, "texture": "#0"},
				"south": {"uv": [13.5, 1.25, 13.75, 5], "rotation": 270, "texture": "#0"},
				"west": {"uv": [13.5, 1.25, 16, 1.5], "rotation": 180, "texture": "#0"},
				"up": {"uv": [13.5, 1.25, 16, 5], "rotation": 270, "texture": "#0"},
				"down": {"uv": [16, 1.25, 13.5, 5], "rotation": 270, "texture": "#0"}
			}
		},
		{
			"from": [-0.27672, 2.34465, 4.5],
			"to": [0.72328, 3.34465, 9.5],
			"rotation": {"angle": 22.5, "axis": "z", "origin": [2.22328, 3.84465, 5]},
			"faces": {
				"south": {"uv": [7.25, 11.75, 7.75, 12.25], "rotation": 270, "texture": "#0"},
				"west": {"uv": [7.25, 9.25, 7.75, 11.75], "rotation": 270, "texture": "#0"},
				"up": {"uv": [7.75, 9.25, 8.25, 11.75], "texture": "#0"},
				"down": {"uv": [7.75, 9.25, 7.25, 11.75], "rotation": 180, "texture": "#0"}
			}
		},
		{
			"from": [-0.27672, 2.34465, 3.5],
			"to": [0.72328, 3.34465, 4.5],
			"rotation": {"angle": 22.5, "axis": "z", "origin": [2.22328, 3.84465, 5]},
			"faces": {
				"north": {"uv": [6, 0.5, 6.5, 0], "rotation": 270, "texture": "#0"},
				"east": {"uv": [6, 0, 6.5, 0.5], "rotation": 270, "texture": "#0"},
				"west": {"uv": [6, 0, 6.5, 0.5], "rotation": 270, "texture": "#0"},
				"up": {"uv": [6.5, 0, 6, 0.5], "rotation": 180, "texture": "#0"},
				"down": {"uv": [6, 0, 6.5, 0.25], "rotation": 270, "texture": "#0"}
			}
		},
		{
			"from": [-1.42266, -0.86698, 4.25],
			"to": [0.57734, 0.13302, 5.25],
			"rotation": {"angle": 22.5, "axis": "z", "origin": [-6.92266, 7.63302, -1]},
			"faces": {
				"north": {"uv": [5, 0, 6, 0.5], "rotation": 180, "texture": "#0"},
				"east": {"uv": [6, 0, 6.5, 0.5], "rotation": 270, "texture": "#0"},
				"up": {"uv": [6, 0.5, 5, 1], "rotation": 180, "texture": "#0"},
				"down": {"uv": [6, 0, 5, 0.25], "rotation": 180, "texture": "#0"}
			}
		},
		{
			"from": [15.42266, -0.86698, 4.25],
			"to": [17.42266, 0.13302, 5.25],
			"rotation": {"angle": -22.5, "axis": "z", "origin": [22.92266, 7.63302, -1]},
			"faces": {
				"north": {"uv": [6, 0, 5, 0.5], "rotation": 180, "texture": "#0"},
				"west": {"uv": [6, 0.5, 6.5, 0], "rotation": 270, "texture": "#0"},
				"up": {"uv": [5, 0.5, 6, 1], "rotation": 180, "texture": "#0"},
				"down": {"uv": [5, 0, 6, 0.25], "rotation": 180, "texture": "#0"}
			}
		},
		{
			"from": [15.27672, 2.34465, 3.5],
			"to": [16.27672, 3.34465, 4.5],
			"rotation": {"angle": -22.5, "axis": "z", "origin": [13.77672, 3.84465, 5]},
			"faces": {
				"north": {"uv": [6, 0, 6.5, 0.5], "rotation": 270, "texture": "#0"},
				"east": {"uv": [6, 0.5, 6.5, 0], "rotation": 270, "texture": "#0"},
				"west": {"uv": [6, 0.5, 6.5, 0], "rotation": 270, "texture": "#0"},
				"up": {"uv": [6, 0, 6.5, 0.5], "rotation": 180, "texture": "#0"},
				"down": {"uv": [6, 0.25, 6.5, 0], "rotation": 270, "texture": "#0"}
			}
		},
		{
			"from": [0.72328, 3.34465, 5.5],
			"to": [3.72328, 4.34465, 9.5],
			"rotation": {"angle": 22.5, "axis": "z", "origin": [2.22328, 3.84465, 5]},
			"faces": {
				"north": {"uv": [9.75, 9.25, 10.25, 10.75], "rotation": 270, "texture": "#0"},
				"south": {"uv": [9.75, 12.25, 8.25, 11.75], "rotation": 180, "texture": "#0"},
				"west": {"uv": [9.25, 9.25, 9.75, 11.25], "rotation": 270, "texture": "#0"},
				"up": {"uv": [10.25, 9.25, 12.25, 10.75], "rotation": 270, "texture": "#0"}
			}
		},
		{
			"from": [2.49388, 4.49793, 3.5],
			"to": [3.49388, 5.49793, 10.5],
			"rotation": {"angle": 0, "axis": "y", "origin": [-0.25612, 6.49793, -0.5]},
			"faces": {
				"north": {"uv": [6.75, 10.75, 7.25, 11.25], "rotation": 270, "texture": "#0"},
				"east": {"uv": [2.5, 0.25, 2.75, 0], "rotation": 270, "texture": "#0"},
				"west": {"uv": [12.25, 9.25, 12.75, 12.75], "rotation": 270, "texture": "#0"},
				"up": {"uv": [12.25, 12.75, 12.75, 9.25], "rotation": 180, "texture": "#0"},
				"down": {"uv": [13.25, 9.25, 12.75, 12.75], "rotation": 180, "texture": "#0"}
			}
		},
		{
			"from": [12.50612, 4.49793, 3.5],
			"to": [13.50612, 5.49793, 10.5],
			"rotation": {"angle": 0, "axis": "y", "origin": [16.25612, 6.49793, -0.5]},
			"faces": {
				"north": {"uv": [6.75, 11.25, 7.25, 10.75], "rotation": 270, "texture": "#0"},
				"east": {"uv": [12.25, 12.75, 12.75, 9.25], "rotation": 270, "texture": "#0"},
				"west": {"uv": [2.5, 0, 2.75, 0.25], "rotation": 270, "texture": "#0"},
				"up": {"uv": [12.75, 12.75, 12.25, 9.25], "rotation": 180, "texture": "#0"},
				"down": {"uv": [12.75, 9.25, 13.25, 12.75], "rotation": 180, "texture": "#0"}
			}
		},
		{
			"from": [2.49388, 4.65121, 10.2706],
			"to": [3.49388, 5.65121, 14.2706],
			"rotation": {"angle": -22.5, "axis": "x", "origin": [2.99388, 5.15121, 10.7706]},
			"faces": {
				"east": {"uv": [13.25, 11.25, 13.75, 9.25], "rotation": 270, "texture": "#0"},
				"south": {"uv": [13.25, 11.25, 13.75, 11.75], "rotation": 270, "texture": "#0"},
				"west": {"uv": [13.25, 9.25, 13.75, 11.25], "rotation": 270, "texture": "#0"},
				"up": {"uv": [13.75, 9.25, 14.25, 11.25], "rotation": 180, "texture": "#0"},
				"down": {"uv": [13.25, 9.25, 13.75, 11.25], "rotation": 180, "texture": "#0"}
			}
		},
		{
			"from": [12.50612, 4.65121, 10.2706],
			"to": [13.50612, 5.65121, 14.2706],
			"rotation": {"angle": -22.5, "axis": "x", "origin": [13.00612, 5.15121, 10.7706]},
			"faces": {
				"east": {"uv": [13.25, 11.25, 13.75, 9.25], "rotation": 270, "texture": "#0"},
				"south": {"uv": [13.25, 11.75, 13.75, 11.25], "rotation": 270, "texture": "#0"},
				"west": {"uv": [13.25, 9.25, 13.75, 11.25], "rotation": 270, "texture": "#0"},
				"up": {"uv": [14.25, 9.25, 13.75, 11.25], "rotation": 180, "texture": "#0"},
				"down": {"uv": [13.75, 9.25, 13.25, 11.25], "rotation": 180, "texture": "#0"}
			}
		},
		{
			"from": [3.49388, 4.65121, 13.2706],
			"to": [12.49388, 5.65121, 14.2706],
			"rotation": {"angle": -22.5, "axis": "x", "origin": [2.99388, 5.15121, 10.7706]},
			"faces": {
				"north": {"uv": [13.5, 8.25, 9, 8.75], "rotation": 180, "texture": "#0"},
				"east": {"uv": [2.5, 0.25, 2.75, 0], "rotation": 270, "texture": "#0"},
				"south": {"uv": [13.5, 8.75, 9, 9.25], "rotation": 180, "texture": "#0"},
				"up": {"uv": [13.5, 9.25, 9, 8.75], "rotation": 180, "texture": "#0"},
				"down": {"uv": [13.5, 8.25, 9, 8.75], "rotation": 180, "texture": "#0"}
			}
		},
		{
			"from": [-1.42266, -0.86698, 5.25],
			"to": [0.57734, 0.13302, 10.25],
			"rotation": {"angle": 22.5, "axis": "z", "origin": [-6.92266, 7.63302, -1]},
			"faces": {
				"east": {"uv": [7.75, 12.25, 8.25, 9.75], "rotation": 270, "texture": "#0"},
				"south": {"uv": [9.25, 12.25, 8.25, 11.75], "rotation": 180, "texture": "#0"},
				"west": {"uv": [7.75, 9.75, 8.25, 12.25], "rotation": 270, "texture": "#0"},
				"up": {"uv": [9.25, 11.75, 8.25, 9.25], "rotation": 180, "texture": "#0"},
				"down": {"uv": [9.25, 9.25, 8.25, 11.75], "rotation": 180, "texture": "#0"}
			}
		},
		{
			"from": [12.27672, 3.34465, 5.5],
			"to": [15.27672, 4.34465, 9.5],
			"rotation": {"angle": -22.5, "axis": "z", "origin": [13.77672, 3.84465, 5]},
			"faces": {
				"north": {"uv": [9.75, 10.75, 10.25, 9.25], "rotation": 270, "texture": "#0"},
				"east": {"uv": [9.25, 11.25, 9.75, 9.25], "rotation": 270, "texture": "#0"},
				"south": {"uv": [8.25, 12.25, 9.75, 11.75], "rotation": 180, "texture": "#0"},
				"up": {"uv": [10.25, 10.75, 12.25, 9.25], "rotation": 270, "texture": "#0"}
			}
		},
		{
			"from": [15.27672, 2.34465, 4.5],
			"to": [16.27672, 3.34465, 9.5],
			"rotation": {"angle": -22.5, "axis": "z", "origin": [13.77672, 3.84465, 5]},
			"faces": {
				"east": {"uv": [7.25, 11.75, 7.75, 9.25], "rotation": 270, "texture": "#0"},
				"south": {"uv": [7.25, 12.25, 7.75, 11.75], "rotation": 270, "texture": "#0"},
				"up": {"uv": [8.25, 9.25, 7.75, 11.75], "texture": "#0"},
				"down": {"uv": [7.25, 9.25, 7.75, 11.75], "rotation": 180, "texture": "#0"}
			}
		},
		{
			"from": [15.42266, -0.86698, 5.25],
			"to": [17.42266, 0.13302, 10.25],
			"rotation": {"angle": -22.5, "axis": "z", "origin": [22.92266, 7.63302, -1]},
			"faces": {
				"east": {"uv": [7.75, 12.25, 8.25, 9.75], "rotation": 270, "texture": "#0"},
				"south": {"uv": [8.25, 12.25, 9.25, 11.75], "rotation": 180, "texture": "#0"},
				"west": {"uv": [7.75, 9.75, 8.25, 12.25], "rotation": 270, "texture": "#0"},
				"up": {"uv": [8.25, 11.75, 9.25, 9.25], "rotation": 180, "texture": "#0"},
				"down": {"uv": [8.25, 9.25, 9.25, 11.75], "rotation": 180, "texture": "#0"}
			}
		},
		{
			"from": [3.5, 0.5, 3.5],
			"to": [12.5, 8.5, 11.75],
			"rotation": {"angle": 0, "axis": "y", "origin": [0, 7.5, 0]},
			"faces": {
				"north": {"uv": [0, 1.25, 4.5, 5.25], "texture": "#0"},
				"east": {"uv": [4.5, 1.25, 9, 5.25], "texture": "#0"},
				"south": {"uv": [9, 1.25, 13.5, 5.25], "texture": "#0"},
				"west": {"uv": [9, 1.25, 4.5, 5.25], "texture": "#0"},
				"up": {"uv": [0, 5.25, 4.5, 9.25], "texture": "#0"},
				"down": {"uv": [4.5, 5.25, 9, 9.25], "texture": "#0"}
			}
		},
		{
			"from": [5, 7.5, 2.5],
			"to": [11, 8.5, 3.5],
			"rotation": {"angle": 0, "axis": "y", "origin": [0, 7.5, 0]},
			"faces": {
				"north": {"uv": [0, 9.25, 0.5, 12.25], "rotation": 270, "texture": "#0"},
				"east": {"uv": [0, 12.25, 0.5, 12.75], "rotation": 270, "texture": "#0"},
				"west": {"uv": [0, 12.75, 0.5, 12.25], "rotation": 270, "texture": "#0"},
				"up": {"uv": [0, 9.25, 0.5, 12.25], "rotation": 270, "texture": "#0"}
			}
		},
		{
			"from": [4.5, 6.5, 1.5],
			"to": [11.5, 7.5, 3.5],
			"rotation": {"angle": 0, "axis": "y", "origin": [0, 7.5, 0]},
			"faces": {
				"north": {"uv": [1.5, 9.25, 2, 12.25], "rotation": 270, "texture": "#0"},
				"east": {"uv": [0.5, 9.25, 1, 10.25], "rotation": 270, "texture": "#0"},
				"west": {"uv": [0, 13.25, 0.5, 12.25], "rotation": 270, "texture": "#0"},
				"up": {"uv": [1, 9.25, 2, 12.25], "rotation": 270, "texture": "#0"},
				"down": {"uv": [2, 9.25, 1, 12.25], "rotation": 270, "texture": "#0"}
			}
		},
		{
			"from": [4.4481, 3.49739, 1.75438],
			"to": [11.5481, 4.99739, 3.75438],
			"rotation": {"angle": 0, "axis": "y", "origin": [-0.0019, 7.49739, 0.30438]},
			"faces": {
				"north": {"uv": [5, 12.75, 4, 9.25], "rotation": 270, "texture": "#0"},
				"east": {"uv": [5.75, 10.25, 5, 9.25], "rotation": 270, "texture": "#0"},
				"west": {"uv": [5.75, 9.25, 5, 10.25], "rotation": 270, "texture": "#0"},
				"up": {"uv": [5, 12.75, 4, 9.25], "rotation": 270, "texture": "#0"},
				"down": {"uv": [4, 12.75, 5, 9.25], "rotation": 270, "texture": "#0"}
			}
		},
		{
			"from": [7.61449, 3.49839, 0.72245],
			"to": [11.46249, 4.99639, 2.22045],
			"rotation": {"angle": -22.5, "axis": "y", "origin": [8.91349, 4.24739, 1.47145]},
			"faces": {
				"north": {"uv": [2.75, 9.25, 3.5, 11.25], "rotation": 270, "texture": "#0"},
				"west": {"uv": [2.5, 0, 2.75, 0.25], "rotation": 270, "texture": "#0"},
				"up": {"uv": [4.25, 9.25, 3.5, 11.25], "rotation": 270, "texture": "#0"},
				"down": {"uv": [3.75, 12.75, 3, 14.75], "rotation": 270, "texture": "#0"}
			}
		},
		{
			"from": [4.53751, 3.49839, 0.72245],
			"to": [8.38551, 4.99639, 2.22045],
			"rotation": {"angle": 22.5, "axis": "y", "origin": [7.08651, 4.24739, 1.47145]},
			"faces": {
				"north": {"uv": [2.75, 11.25, 3.5, 9.25], "rotation": 270, "texture": "#0"},
				"east": {"uv": [2.5, 0.25, 2.75, 0], "rotation": 270, "texture": "#0"},
				"up": {"uv": [4.25, 11.25, 3.5, 9.25], "rotation": 270, "texture": "#0"},
				"down": {"uv": [3.75, 14.75, 3, 12.75], "rotation": 270, "texture": "#0"}
			}
		},
		{
			"from": [7.60519, 0.99739, 0.84645],
			"to": [10.45519, 1.99739, 2.34645],
			"rotation": {"angle": -22.5, "axis": "y", "origin": [8.90519, 1.24739, 1.59645]},
			"faces": {
				"north": {"uv": [5.75, 9.25, 6.25, 10.75], "rotation": 270, "texture": "#0"},
				"west": {"uv": [2.5, 0, 2.75, 0.25], "rotation": 270, "texture": "#0"},
				"up": {"uv": [6.75, 10.75, 7.25, 9.25], "rotation": 270, "texture": "#0"},
				"down": {"uv": [2.5, 0, 2.75, 0.25], "rotation": 270, "texture": "#0"}
			}
		},
		{
			"from": [5.54481, 0.99739, 0.84645],
			"to": [8.39481, 1.99739, 2.34645],
			"rotation": {"angle": 22.5, "axis": "y", "origin": [7.09481, 1.24739, 1.59645]},
			"faces": {
				"north": {"uv": [5.75, 10.75, 6.25, 9.25], "rotation": 270, "texture": "#0"},
				"east": {"uv": [2.5, 0.25, 2.75, 0], "rotation": 270, "texture": "#0"},
				"up": {"uv": [6.75, 9.25, 7.25, 10.75], "rotation": 270, "texture": "#0"},
				"down": {"uv": [2.5, 0.25, 2.75, 0], "rotation": 270, "texture": "#0"}
			}
		},
		{
			"from": [5.37522, 0.99839, 1.4977],
			"to": [10.62322, 1.99639, 3.4957],
			"rotation": {"angle": 0, "axis": "y", "origin": [-0.92578, 4.49739, 0.0467]},
			"faces": {
				"north": {"uv": [5.75, 9.25, 6.25, 10.75], "rotation": 270, "texture": "#0"},
				"east": {"uv": [6.25, 10.25, 6.75, 9.25], "rotation": 270, "texture": "#0"},
				"south": {"uv": [4.75, 12.75, 3.75, 15.25], "rotation": 270, "texture": "#0"},
				"west": {"uv": [6.25, 9.25, 6.75, 10.25], "rotation": 270, "texture": "#0"},
				"up": {"uv": [2.5, 0, 2.75, 0.25], "rotation": 270, "texture": "#0"},
				"down": {"uv": [3.75, 12.75, 4.75, 15.25], "rotation": 270, "texture": "#0"}
			}
		},
		{
			"from": [7.03724, 4.99939, 0.72114],
			"to": [8.38524, 6.49739, 2.21914],
			"rotation": {"angle": 22.5, "axis": "y", "origin": [7.08624, 5.74839, 1.47014]},
			"faces": {
				"north": {"uv": [2.75, 9.25, 2, 10.25], "rotation": 90, "texture": "#0"},
				"east": {"uv": [2.75, 9.75, 2, 9.25], "rotation": 90, "texture": "#0"},
				"west": {"uv": [2.75, 9.75, 2, 9.25], "rotation": 90, "texture": "#0"},
				"up": {"uv": [2.75, 10.25, 2, 9.25], "rotation": 90, "texture": "#0"}
			}
		},
		{
			"from": [7.61476, 4.99939, 0.72114],
			"to": [8.96276, 6.49739, 2.21914],
			"rotation": {"angle": -22.5, "axis": "y", "origin": [8.91376, 5.74839, 1.47014]},
			"faces": {
				"north": {"uv": [2.75, 10.25, 2, 9.25], "rotation": 90, "texture": "#0"},
				"east": {"uv": [2.75, 9.25, 2, 9.75], "rotation": 90, "texture": "#0"},
				"west": {"uv": [2.75, 9.25, 2, 9.75], "rotation": 90, "texture": "#0"},
				"up": {"uv": [2.75, 9.25, 2, 10.25], "rotation": 90, "texture": "#0"}
			}
		},
		{
			"from": [5.5, 2, 1.5],
			"to": [10.5, 4, 3.5],
			"rotation": {"angle": 0, "axis": "y", "origin": [0, 8, 0]},
			"faces": {
				"north": {"uv": [13.5, 5, 14.5, 7.5], "rotation": 270, "texture": "#0"},
				"east": {"uv": [14.5, 5, 15.5, 6], "rotation": 270, "texture": "#0"},
				"west": {"uv": [15.5, 5, 14.5, 6], "rotation": 270, "texture": "#0"},
				"up": {"uv": [3, 0, 3.25, 0.25], "rotation": 270, "texture": "#0"},
				"down": {"uv": [3, 0, 3.25, 0.25], "rotation": 270, "texture": "#0"}
			}
		},
		{
			"from": [7.5, -1, 1.625],
			"to": [8.5, 1, 2.625],
			"rotation": {"angle": 0, "axis": "y", "origin": [0, 8, 0.125]},
			"faces": {
				"north": {"uv": [3, 0.5, 4, 1], "rotation": 270, "texture": "#0"},
				"east": {"uv": [4, 0.5, 5, 0], "rotation": 270, "texture": "#0"},
				"south": {"uv": [4, 0.5, 5, 1], "rotation": 270, "texture": "#0"},
				"west": {"uv": [4, 0, 5, 0.5], "rotation": 270, "texture": "#0"},
				"down": {"uv": [3.5, 0, 4, 0.5], "rotation": 180, "texture": "#0"}
			}
		},
		{
			"from": [10.43934, 5, 1.39645],
			"to": [10.43934, 6.5, 4.39645],
			"rotation": {"angle": 45, "axis": "y", "origin": [9.93934, 6, 3.39645]},
			"faces": {
				"east": {"uv": [0, 0, 2.5, 1.25], "texture": "#0"}
			}
		},
		{
			"from": [5.56066, 5, 1.39645],
			"to": [5.56066, 6.5, 4.39645],
			"rotation": {"angle": -45, "axis": "y", "origin": [6.06066, 6, 3.39645]},
			"faces": {
				"west": {"uv": [2.5, 0, 0, 1.25], "texture": "#0"}
			}
		},
		{
			"from": [7.5, 6.825, -2.25],
			"to": [8.5, 8.5, -1.25],
			"rotation": {"angle": -45, "axis": "x", "origin": [8, 10.5, 0.25]},
			"faces": {
				"north": {"uv": [0, 13.5, 0.75, 13.75], "rotation": 270, "texture": "#0"},
				"east": {"uv": [0, 13.25, 0.75, 13.75], "rotation": 270, "texture": "#0"},
				"south": {"uv": [0, 13.25, 0.75, 13.5], "rotation": 270, "texture": "#0"},
				"west": {"uv": [0, 13.75, 0.75, 13.25], "rotation": 270, "texture": "#0"},
				"up": {"uv": [0.5, 13.25, 0.75, 13.75], "rotation": 180, "texture": "#0"}
			}
		},
		{
			"from": [7.575, 8.475, -2.175],
			"to": [8.425, 9.525, -1.325],
			"rotation": {"angle": -45, "axis": "x", "origin": [8, 10.5, 0.25]},
			"faces": {
				"north": {"uv": [3.5, 0.25, 4, 0.5], "rotation": 270, "texture": "#0"},
				"east": {"uv": [3.5, 0, 4, 0.5], "rotation": 270, "texture": "#0"},
				"south": {"uv": [3.5, 0, 4, 0.25], "rotation": 270, "texture": "#0"},
				"west": {"uv": [3.5, 0.5, 4, 0], "rotation": 270, "texture": "#0"}
			}
		},
		{
			"from": [7.5, 9.5, -2.25],
			"to": [8.5, 15.5, -1.25],
			"rotation": {"angle": -45, "axis": "x", "origin": [8, 10.5, 0.25]},
			"faces": {
				"north": {"uv": [0, 14, 3, 14.25], "rotation": 270, "texture": "#0"},
				"east": {"uv": [0, 13.75, 3, 14.25], "rotation": 270, "texture": "#0"},
				"south": {"uv": [0, 13.75, 3, 14], "rotation": 270, "texture": "#0"},
				"west": {"uv": [0, 14.25, 3, 13.75], "rotation": 270, "texture": "#0"},
				"up": {"uv": [2.75, 13.75, 3, 14.25], "rotation": 180, "texture": "#0"},
				"down": {"uv": [2.5, 0, 2.75, 0.25], "rotation": 270, "texture": "#0"}
			}
		}
	],
	"display": {
		"thirdperson_righthand": {
			"rotation": [75, 45, 0],
			"translation": [0, 1.5, 0],
			"scale": [0.375, 0.375, 0.375]
		},
		"thirdperson_lefthand": {
			"rotation": [75, 45, 0],
			"translation": [0, 1.5, 0],
			"scale": [0.375, 0.375, 0.375]
		},
		"firstperson_righthand": {
			"rotation": [0, 45, 0],
			"scale": [0.4, 0.4, 0.4]
		},
		"firstperson_lefthand": {
			"rotation": [0, 45, 0],
			"scale": [0.4, 0.4, 0.4]
		},
		"ground": {
			"translation": [0, 3, 0],
			"scale": [0.25, 0.25, 0.25]
		},
		"gui": {
			"rotation": [30, 145, 0],
			"translation": [0.5, 3.25, 0],
			"scale": [0.9, 0.9, 0.9]
		},
		"head": {
			"translation": [0, 6.3, 0.75],
			"scale": [1.81, 1.81, 1.81]
		},
		"fixed": {
			"rotation": [-90, 0, 0],
			"translation": [0, 2.5, -25],
			"scale": [3.6, 3.6, 3.6]
		}
	},
	"groups": [
		0,
		1,
		2,
		3,
		4,
		5,
		6,
		7,
		8,
		9,
		10,
		11,
		12,
		13,
		14,
		15,
		16,
		17,
		18,
		19,
		20,
		21,
		{
			"name": "Head",
			"origin": [5.56066, 6, 3.39645],
			"color": 0,
			"children": [22, 23, 24, 25, 26, 27, 28, 29, 30, 31, 32, 33, 34, 35, 36, 37, 38, 39]
		}
	]
}