{
	"credit": "Made with Blockbench",
	"texture_size": [32, 32],
	"textures": {
		"0": "item/skull_hat",
		"particle": "item/skull_hat"
	},
	"elements": [
		{
			"from": [10.5, 1, 3.25],
			"to": [11.5, 2, 4],
			"faces": {
				"north": {"uv": [0.75, 4, 1.25, 4.5], "texture": "#0"},
				"east": {"uv": [0.75, 4.5, 1.125, 5], "texture": "#0"},
				"south": {"uv": [0.75, 4, 1.25, 4.5], "texture": "#0"},
				"west": {"uv": [1.125, 4.5, 0.75, 5], "texture": "#0"},
				"down": {"uv": [1.25, 5, 1.75, 4.625], "texture": "#0"}
			}
		},
		{
			"from": [8.5, 1, 3.25],
			"to": [9.5, 2, 4],
			"faces": {
				"north": {"uv": [0.75, 4, 1.25, 4.5], "texture": "#0"},
				"east": {"uv": [0.75, 4.5, 1.125, 5], "texture": "#0"},
				"south": {"uv": [0.75, 4, 1.25, 4.5], "texture": "#0"},
				"west": {"uv": [1.125, 4.5, 0.75, 5], "texture": "#0"},
				"down": {"uv": [1.25, 5, 1.75, 4.625], "texture": "#0"}
			}
		},
		{
			"from": [12, 3, 4],
			"to": [13, 8, 12],
			"faces": {
				"north": {"uv": [0, 0.5, 0.5, 3], "texture": "#0"},
				"east": {"uv": [5.5, 0, 8, 4], "rotation": 90, "texture": "#0"},
				"south": {"uv": [0, 0.5, 0.5, 3], "texture": "#0"},
				"west": {"uv": [0, 0, 2, 1.25], "texture": "#missing"},
				"up": {"uv": [0, 6, 4, 6.5], "rotation": 90, "texture": "#0"},
				"down": {"uv": [0, 6.5, 4, 7], "rotation": 90, "texture": "#0"}
			}
		},
		{
			"from": [11.5, 3, 3],
			"to": [12, 6.5, 5],
			"faces": {
				"north": {"uv": [0.5, 1.25, 0.75, 3], "texture": "#0"},
				"east": {"uv": [2.75, 2.75, 3.75, 4.5], "texture": "#0"},
				"west": {"uv": [3.75, 2.75, 2.75, 4.5], "texture": "#0"},
				"down": {"uv": [3.75, 3.5, 4, 4.5], "texture": "#0"}
			}
		},
		{
			"from": [6.5, 4.5, 3],
			"to": [9.5, 6.5, 5],
			"faces": {
				"north": {"uv": [1.75, 1.25, 3.25, 2.25], "texture": "#0"},
				"east": {"uv": [4, 5.5, 5, 6.5], "texture": "#0"},
				"west": {"uv": [5, 5.5, 4, 6.5], "texture": "#0"},
				"down": {"uv": [0, 0, 0.75, 0.5], "texture": "#missing"}
			}
		},
		{
			"from": [4.5, 3.5, 4],
			"to": [11.5, 6.5, 4],
			"faces": {
				"north": {"uv": [0, 8, 3.5, 9.5], "texture": "#0"},
				"south": {"uv": [0, 0, 1.75, 0.75], "texture": "#missing"}
			}
		},
		{
			"from": [4, 6.5, 4],
			"to": [12, 9, 12],
			"faces": {
				"north": {"uv": [0.5, 0, 4.5, 1.25], "texture": "#0"},
				"east": {"uv": [0.5, 0, 4.5, 1.25], "texture": "#0"},
				"south": {"uv": [0.5, 0, 4.5, 1.25], "texture": "#0"},
				"west": {"uv": [0.5, 0, 4.5, 1.25], "texture": "#0"},
				"up": {"uv": [8, 0, 12, 4], "texture": "#0"},
				"down": {"uv": [0, 0, 2, 2], "texture": "#missing"}
			}
		},
		{
			"from": [4, 6.5, 3],
			"to": [12, 8, 4],
			"faces": {
				"north": {"uv": [0.5, 0.5, 4.5, 1.25], "texture": "#0"},
				"east": {"uv": [4, 3.75, 4.5, 4.5], "texture": "#0"},
				"west": {"uv": [4, 3.75, 4.5, 4.5], "texture": "#0"},
				"up": {"uv": [0, 6, 4, 6.5], "texture": "#0"},
				"down": {"uv": [0, 5.5, 4, 6], "texture": "#0"}
			}
		},
		{
			"from": [4, 2, 12],
			"to": [12, 8, 13],
			"faces": {
				"north": {"uv": [0, 0, 2, 1.5], "texture": "#missing"},
				"east": {"uv": [5, 4, 8, 4.5], "rotation": 90, "texture": "#0"},
				"south": {"uv": [5, 0, 8, 4], "rotation": 90, "texture": "#0"},
				"west": {"uv": [5, 4, 8, 4.5], "rotation": 90, "texture": "#0"},
				"up": {"uv": [0, 6, 4, 6.5], "texture": "#0"},
				"down": {"uv": [0, 6.5, 4, 7], "texture": "#0"}
			}
		},
		{
			"from": [4, 2.82298, 6.86261],
			"to": [12, 3.82298, 12.36261],
			"rotation": {"angle": 22.5, "axis": "x", "origin": [8, 3.32298, 10.11261]},
			"faces": {
				"north": {"uv": [0, 0, 2, 0.25], "rotation": 180, "texture": "#missing"},
				"east": {"uv": [15.5, 8.25, 16, 11], "rotation": 90, "texture": "#0"},
				"west": {"uv": [15.5, 11, 16, 8.25], "rotation": 90, "texture": "#0"},
				"up": {"uv": [0, 0, 2, 1.375], "texture": "#missing"},
				"down": {"uv": [12, 0, 16, 2.75], "rotation": 180, "texture": "#0"}
			}
		},
		{
			"from": [4.5, 0.69454, 4.33744],
			"to": [11.5, 3.69454, 5.73744],
			"rotation": {"angle": 45, "axis": "x", "origin": [8, 2.94454, 5.23744]},
			"faces": {
				"north": {"uv": [0, 0, 1.75, 0.75], "texture": "#missing"},
				"east": {"uv": [15.25, 6.75, 16, 8.25], "texture": "#0"},
				"south": {"uv": [12.5, 5.25, 16, 6.75], "texture": "#0"},
				"west": {"uv": [16, 6.75, 15.25, 8.25], "texture": "#0"}
			}
		},
		{
			"from": [4, 3, 5],
			"to": [12, 4.4, 10],
			"rotation": {"angle": 0, "axis": "x", "origin": [8, 3.5, 6.25]},
			"faces": {
				"north": {"uv": [0, 0, 2, 0.35], "rotation": 180, "texture": "#missing"},
				"south": {"uv": [0, 0, 2, 0.35], "texture": "#missing"},
				"up": {"uv": [0, 0, 2, 1.25], "rotation": 180, "texture": "#missing"},
				"down": {"uv": [12, 2.75, 16, 5.25], "texture": "#0"}
			}
		},
		{
			"from": [8.5, 2, 3],
			"to": [11.5, 4.5, 4],
			"faces": {
				"north": {"uv": [0.75, 2.25, 2.25, 4], "texture": "#0"},
				"east": {"uv": [4.5, 0, 5, 1.75], "texture": "#0"},
				"south": {"uv": [0, 0, 0.75, 0.875], "texture": "#missing"},
				"up": {"uv": [0, 7, 1.5, 7.5], "texture": "#0"},
				"down": {"uv": [0.75, 5, 2.25, 5.5], "texture": "#0"}
			}
		},
		{
			"from": [4.5, 2, 3],
			"to": [7.5, 4.5, 4],
			"rotation": {"angle": 0, "axis": "y", "origin": [16, 0, 0]},
			"faces": {
				"north": {"uv": [2.25, 2.25, 0.75, 4], "texture": "#0"},
				"south": {"uv": [0.75, 0, 0, 0.875], "texture": "#missing"},
				"west": {"uv": [5, 0, 4.5, 1.75], "texture": "#0"},
				"up": {"uv": [1.5, 7, 0, 7.5], "texture": "#0"},
				"down": {"uv": [2.25, 5, 0.75, 5.5], "texture": "#0"}
			}
		},
		{
			"from": [7.5, 2, 3],
			"to": [8.5, 3.5, 4],
			"faces": {
				"north": {"uv": [2.25, 2.75, 2.75, 4], "texture": "#0"},
				"south": {"uv": [0, 0, 0.25, 0.625], "texture": "#missing"},
				"up": {"uv": [0, 7.5, 0.5, 8], "texture": "#0"},
				"down": {"uv": [2.25, 4, 2.75, 4.5], "texture": "#0"}
			}
		},
		{
			"from": [8.2706, 3.65328, 3],
			"to": [9.2706, 5.65328, 4],
			"rotation": {"angle": 22.5, "axis": "z", "origin": [8.7706, 4.15328, 3.5]},
			"faces": {
				"north": {"uv": [0.5, 3.5, 0, 4.5], "texture": "#0"},
				"south": {"uv": [0.25, 0, 0, 0.5], "texture": "#missing"},
				"west": {"uv": [0.5, 3.5, 0, 4.5], "texture": "#0"}
			}
		},
		{
			"from": [6.7294, 3.65328, 3],
			"to": [7.7294, 5.65328, 4],
			"rotation": {"angle": -22.5, "axis": "z", "origin": [7.2294, 4.15328, 3.5]},
			"faces": {
				"north": {"uv": [0, 3.5, 0.5, 4.5], "texture": "#0"},
				"east": {"uv": [0, 3.5, 0.5, 4.5], "texture": "#0"},
				"south": {"uv": [0, 0, 0.25, 0.5], "texture": "#missing"}
			}
		},
		{
			"from": [6.5, 1, 3.25],
			"to": [7.5, 2, 4],
			"rotation": {"angle": 0, "axis": "y", "origin": [16, 0, 0]},
			"faces": {
				"north": {"uv": [1.25, 4, 0.75, 4.5], "texture": "#0"},
				"east": {"uv": [0.75, 4.5, 1.125, 5], "texture": "#0"},
				"south": {"uv": [1.25, 4, 0.75, 4.5], "texture": "#0"},
				"west": {"uv": [1.125, 4.5, 0.75, 5], "texture": "#0"},
				"down": {"uv": [1.75, 5, 1.25, 4.625], "texture": "#0"}
			}
		},
		{
			"from": [4.5, 1, 3.25],
			"to": [5.5, 2, 4],
			"rotation": {"angle": 0, "axis": "y", "origin": [16, 0, 0]},
			"faces": {
				"north": {"uv": [1.25, 4, 0.75, 4.5], "texture": "#0"},
				"east": {"uv": [0.75, 4.5, 1.125, 5], "texture": "#0"},
				"south": {"uv": [1.25, 4, 0.75, 4.5], "texture": "#0"},
				"west": {"uv": [1.125, 4.5, 0.75, 5], "texture": "#0"},
				"down": {"uv": [1.75, 5, 1.25, 4.625], "texture": "#0"}
			}
		},
		{
			"from": [4, 3, 3],
			"to": [4.5, 6.5, 5],
			"rotation": {"angle": 0, "axis": "y", "origin": [16, 0, 0]},
			"faces": {
				"north": {"uv": [0.75, 1.25, 0.5, 3], "texture": "#0"},
				"east": {"uv": [2.75, 2.75, 3.75, 4.5], "texture": "#0"},
				"west": {"uv": [3.75, 2.75, 2.75, 4.5], "texture": "#0"},
				"down": {"uv": [4, 3.5, 3.75, 4.5], "texture": "#0"}
			}
		},
		{
			"from": [3, 3, 4],
			"to": [4, 8, 12],
			"rotation": {"angle": 0, "axis": "y", "origin": [16, 0, 0]},
			"faces": {
				"north": {"uv": [0.5, 0.5, 0, 3], "texture": "#0"},
				"east": {"uv": [2, 0, 0, 1.25], "texture": "#missing"},
				"south": {"uv": [0, 0.5, 0.5, 3], "texture": "#0"},
				"west": {"uv": [5.5, 0, 8, 4], "rotation": 90, "texture": "#0"},
				"up": {"uv": [0, 6, 4, 6.5], "rotation": 90, "texture": "#0"},
				"down": {"uv": [0, 6.5, 4, 7], "rotation": 90, "texture": "#0"}
			}
		}
	],
	"display": {
		"thirdperson_righthand": {
			"rotation": [75, 45, 0],
			"translation": [0, 1.5, 0],
			"scale": [0.375, 0.375, 0.375]
		},
		"thirdperson_lefthand": {
			"rotation": [75, 45, 0],
			"translation": [0, 1.5, 0],
			"scale": [0.375, 0.375, 0.375]
		},
		"firstperson_righthand": {
			"rotation": [0, 45, 0],
			"scale": [0.4, 0.4, 0.4]
		},
		"firstperson_lefthand": {
			"rotation": [0, 45, 0],
			"scale": [0.4, 0.4, 0.4]
		},
		"ground": {
			"translation": [0, 3, 0],
			"scale": [0.25, 0.25, 0.25]
		},
		"gui": {
			"rotation": [30, 225, 0],
			"translation": [0, 1.5, 0],
			"scale": [0.625, 0.625, 0.625]
		},
		"head": {
			"translation": [0, 5.71, 0],
			"scale": [1.81, 1.81, 1.81]
		},
		"fixed": {
			"rotation": [-90, 0, 0],
			"translation": [0, 0, -19],
			"scale": [3.01, 3.01, 3.01]
		}
	}
}