{
	"credit": "Made with Blockbench",
	"texture_size": [64, 64],
	"textures": {
		"0": "item/gir_dog",
		"particle": "item/gir_dog"
	},
	"elements": [
		{
			"from": [4, 0, 4],
			"to": [12, 8, 12],
			"faces": {
				"north": {"uv": [11.75, 11.75, 16, 16], "texture": "#0"},
				"east": {"uv": [12, 0, 16, 4], "texture": "#0"},
				"south": {"uv": [11.75, 11.75, 16, 16], "texture": "#0"},
				"west": {"uv": [12, 0, 16, 4], "texture": "#0"},
				"up": {"uv": [11.75, 16, 16, 11.75], "texture": "#0"},
				"down": {"uv": [11.75, 11.75, 16, 16], "texture": "#0"}
			}
		},
		{
			"from": [9, 2, 3],
			"to": [13, 6, 5],
			"faces": {
				"north": {"uv": [8, 4, 10, 6], "texture": "#0"},
				"east": {"uv": [12, 4, 13, 6], "texture": "#0"},
				"south": {"uv": [8, 4, 10, 6], "texture": "#0"},
				"west": {"uv": [13, 4, 14, 6], "texture": "#0"},
				"up": {"uv": [10, 4, 12, 5], "texture": "#0"},
				"down": {"uv": [10, 5, 12, 6], "texture": "#0"}
			}
		},
		{
			"from": [3, 2, 3],
			"to": [7, 6, 5],
			"rotation": {"angle": 0, "axis": "y", "origin": [16, 0, 0]},
			"faces": {
				"north": {"uv": [10, 4, 8, 6], "texture": "#0"},
				"east": {"uv": [14, 4, 13, 6], "texture": "#0"},
				"south": {"uv": [10, 4, 8, 6], "texture": "#0"},
				"west": {"uv": [13, 4, 12, 6], "texture": "#0"},
				"up": {"uv": [12, 4, 10, 5], "texture": "#0"},
				"down": {"uv": [12, 5, 10, 6], "texture": "#0"}
			}
		},
		{
			"from": [7.5, 1, 3.75],
			"to": [8.5, 1.5, 4],
			"faces": {
				"north": {"uv": [1.25, 8, 1.75, 8.25], "texture": "#0"},
				"east": {"uv": [1.25, 8, 1.5, 8.25], "texture": "#0"},
				"west": {"uv": [1.5, 8, 1.75, 8.25], "texture": "#0"},
				"up": {"uv": [1.25, 8, 1.75, 8.25], "texture": "#0"},
				"down": {"uv": [1.25, 8, 1.75, 8.25], "texture": "#0"}
			}
		},
		{
			"from": [7.25, -1.78858, 3.69396],
			"to": [8.75, 0.21142, 4.19396],
			"rotation": {"angle": 22.5, "axis": "x", "origin": [11.5, -0.78858, 3.94396]},
			"faces": {
				"north": {"uv": [2, 8, 4.75, 11.5], "texture": "#0"},
				"east": {"uv": [2, 8, 2.75, 11.5], "texture": "#0"},
				"south": {"uv": [2, 8, 4.75, 11.5], "texture": "#0"},
				"west": {"uv": [4, 8, 4.75, 11.5], "texture": "#0"},
				"down": {"uv": [2, 11.5, 4.75, 10.75], "texture": "#0"}
			}
		},
		{
			"from": [10, 8, 10.625],
			"to": [11.5, 13, 11.375],
			"rotation": {"angle": 0, "axis": "y", "origin": [0, 0, -0.125]},
			"faces": {
				"north": {"uv": [0.25, 8, 1, 10.5], "texture": "#0"},
				"east": {"uv": [0.25, 8, 0.5, 10.5], "texture": "#0"},
				"south": {"uv": [0.25, 8, 1, 10.5], "texture": "#0"},
				"west": {"uv": [0.75, 8, 1, 10.5], "texture": "#0"},
				"up": {"uv": [0.25, 8, 1, 8.25], "texture": "#0"}
			}
		},
		{
			"from": [11.5, 9.5, 10.625],
			"to": [12, 12.5, 11.375],
			"rotation": {"angle": 0, "axis": "y", "origin": [16, 0, -0.125]},
			"faces": {
				"north": {"uv": [0, 8.25, 0.25, 9.75], "texture": "#0"},
				"east": {"uv": [0, 8.25, 0.25, 9.75], "texture": "#0"},
				"south": {"uv": [0, 8.25, 0.25, 9.75], "texture": "#0"},
				"up": {"uv": [0, 8, 0.25, 8.25], "texture": "#0"},
				"down": {"uv": [0, 8, 0.25, 8.25], "texture": "#0"}
			}
		},
		{
			"from": [9.5, 8, 10.625],
			"to": [10, 11, 11.375],
			"rotation": {"angle": 0, "axis": "y", "origin": [16, 0, -0.125]},
			"faces": {
				"north": {"uv": [1, 9, 1.25, 10.5], "texture": "#0"},
				"south": {"uv": [1, 9, 1.25, 10.5], "texture": "#0"},
				"west": {"uv": [1, 9, 1.25, 10.5], "texture": "#0"},
				"up": {"uv": [1, 8.75, 1.25, 9], "texture": "#0"}
			}
		},
		{
			"from": [4.5, 8, 10.625],
			"to": [6, 13, 11.375],
			"rotation": {"angle": 0, "axis": "y", "origin": [16, 0, -0.125]},
			"faces": {
				"north": {"uv": [1, 8, 0.25, 10.5], "texture": "#0"},
				"east": {"uv": [1, 8, 0.75, 10.5], "texture": "#0"},
				"south": {"uv": [1, 8, 0.25, 10.5], "texture": "#0"},
				"west": {"uv": [0.5, 8, 0.25, 10.5], "texture": "#0"},
				"up": {"uv": [1, 8, 0.25, 8.25], "texture": "#0"}
			}
		},
		{
			"from": [4, 9.5, 10.625],
			"to": [4.5, 12.5, 11.375],
			"rotation": {"angle": 0, "axis": "y", "origin": [0, 0, -0.125]},
			"faces": {
				"north": {"uv": [0.25, 8.25, 0, 9.75], "texture": "#0"},
				"south": {"uv": [0.25, 8.25, 0, 9.75], "texture": "#0"},
				"west": {"uv": [0.25, 8.25, 0, 9.75], "texture": "#0"},
				"up": {"uv": [0.25, 8, 0, 8.25], "texture": "#0"},
				"down": {"uv": [0.25, 8, 0, 8.25], "texture": "#0"}
			}
		},
		{
			"from": [6, 8, 10.625],
			"to": [6.5, 11, 11.375],
			"rotation": {"angle": 0, "axis": "y", "origin": [0, 0, -0.125]},
			"faces": {
				"north": {"uv": [1.25, 9, 1, 10.5], "texture": "#0"},
				"east": {"uv": [1.25, 9, 1, 10.5], "texture": "#0"},
				"south": {"uv": [1.25, 9, 1, 10.5], "texture": "#0"},
				"up": {"uv": [1.25, 8.75, 1, 9], "texture": "#0"}
			}
		}
	],
	"display": {
		"thirdperson_righthand": {
			"rotation": [75, 45, 0],
			"translation": [0, 1.5, 0],
			"scale": [0.375, 0.375, 0.375]
		},
		"thirdperson_lefthand": {
			"rotation": [75, 45, 0],
			"translation": [0, 1.5, 0],
			"scale": [0.375, 0.375, 0.375]
		},
		"firstperson_righthand": {
			"rotation": [0, 45, 0],
			"scale": [0.4, 0.4, 0.4]
		},
		"firstperson_lefthand": {
			"rotation": [0, 45, 0],
			"scale": [0.4, 0.4, 0.4]
		},
		"ground": {
			"translation": [0, 3, 0],
			"scale": [0.25, 0.25, 0.25]
		},
		"gui": {
			"rotation": [30, 225, 0],
			"translation": [0, 1, 0],
			"scale": [0.625, 0.625, 0.625]
		},
		"head": {
			"translation": [0, 7.25, 0],
			"scale": [1.81, 1.81, 1.81]
		},
		"fixed": {
			"rotation": [-90, 0, 0],
			"translation": [0, 0, -22],
			"scale": [3.01, 3.01, 3.01]
		}
	}
}