{
	"credit": "Made with Blockbench",
	"texture_size": [32, 32],
	"textures": {
		"0": "item/guy_manuel_helmet",
		"1": "item/mc_gold_block",
		"2": "item/guy_manuel_helmet_ear_ani",
		"3": "item/guy_manuel_helmet_ani",
		"particle": "item/guy_manuel_helmet"
	},
	"elements": [
		{
			"from": [3, 0, 1.75],
			"to": [13, 1, 2.75],
			"rotation": {"angle": 0, "axis": "y", "origin": [8, 4.25, 8]},
			"faces": {
				"north": {"uv": [15, 14, 1, 16], "texture": "#1"},
				"east": {"uv": [3, 14, 4, 15], "texture": "#1"},
				"south": {"uv": [3, 14, 13, 15], "texture": "#1"},
				"west": {"uv": [12, 14, 13, 15], "texture": "#1"},
				"up": {"uv": [3, 14, 13, 15], "texture": "#1"},
				"down": {"uv": [3, 14, 13, 15], "texture": "#1"}
			}
		},
		{
			"from": [4, 1, 2.75],
			"to": [12, 8, 7.75],
			"rotation": {"angle": 0, "axis": "y", "origin": [8, 4.25, 9]},
			"faces": {
				"north": {"uv": [0, 5, 8, 12], "texture": "#0"},
				"east": {"uv": [13, 5, 8, 12], "texture": "#0"},
				"west": {"uv": [8, 5, 13, 12], "texture": "#0"},
				"up": {"uv": [8, 5, 0, 0], "texture": "#0"}
			}
		},
		{
			"from": [3.999, 0.999, 2.749],
			"to": [12.001, 8.001, 7.751],
			"rotation": {"angle": 0, "axis": "y", "origin": [8, 4.25, 9]},
			"faces": {
				"north": {"uv": [0, 5, 8, 12], "texture": "#3"},
				"east": {"uv": [13, 5, 8, 12], "texture": "#3"},
				"west": {"uv": [8, 5, 13, 12], "texture": "#3"},
				"up": {"uv": [8, 5, 0, 0], "texture": "#3"}
			}
		},
		{
			"from": [4, 0, 10.75],
			"to": [12, 6, 11.75],
			"rotation": {"angle": 0, "axis": "y", "origin": [8, 4.25, 8]},
			"faces": {
				"east": {"uv": [16, 4, 14, 16], "texture": "#1"},
				"south": {"uv": [0, 4, 16, 16], "texture": "#1"},
				"west": {"uv": [14, 4, 16, 16], "texture": "#1"},
				"up": {"uv": [16, 4, 0, 6], "texture": "#1"},
				"down": {"uv": [1, 14, 9, 15], "texture": "#1"}
			}
		},
		{
			"from": [4, 6, 9.75],
			"to": [12, 8, 10.75],
			"rotation": {"angle": 0, "axis": "y", "origin": [8, 4.25, 8]},
			"faces": {
				"south": {"uv": [0, 14, 8, 16], "texture": "#0"},
				"up": {"uv": [0, 13, 8, 14], "texture": "#0"}
			}
		},
		{
			"from": [13, 3, 6.75],
			"to": [14, 6, 9.75],
			"rotation": {"angle": 0, "axis": "y", "origin": [8, 4.25, 8]},
			"faces": {
				"north": {"uv": [1, 9, 2, 12], "texture": "#1"},
				"east": {"uv": [0, 0, 6, 6], "texture": "#2"},
				"south": {"uv": [1, 9, 2, 12], "texture": "#1"},
				"up": {"uv": [1, 3, 2, 6], "texture": "#1"},
				"down": {"uv": [14, 5, 15, 8], "texture": "#1"}
			}
		},
		{
			"from": [2, 3, 6.75],
			"to": [3, 6, 9.75],
			"rotation": {"angle": 0, "axis": "y", "origin": [8, 4.25, 8]},
			"faces": {
				"north": {"uv": [2, 9, 1, 12], "texture": "#1"},
				"south": {"uv": [2, 9, 1, 12], "texture": "#1"},
				"west": {"uv": [6, 0, 0, 6], "texture": "#2"},
				"up": {"uv": [2, 3, 1, 6], "texture": "#1"},
				"down": {"uv": [15, 5, 14, 8], "texture": "#1"}
			}
		},
		{
			"from": [3, 8, 7.75],
			"to": [13, 9, 9.75],
			"rotation": {"angle": 0, "axis": "y", "origin": [8, 4.25, 8]},
			"faces": {
				"north": {"uv": [0, 5, 16, 7], "texture": "#1"},
				"east": {"uv": [15, 5, 16, 9], "rotation": 90, "texture": "#1"},
				"south": {"uv": [0, 7, 16, 9], "texture": "#1"},
				"west": {"uv": [0, 5, 1, 9], "rotation": 90, "texture": "#1"},
				"up": {"uv": [0, 5, 16, 9], "texture": "#1"}
			}
		},
		{
			"from": [12, 6, 6.75],
			"to": [13, 8, 10.75],
			"rotation": {"angle": 0, "axis": "y", "origin": [8, 4.25, 8]},
			"faces": {
				"north": {"uv": [8, 0, 10, 4], "texture": "#1"},
				"east": {"uv": [0, 0, 8, 4], "texture": "#1"},
				"south": {"uv": [14, 0, 16, 4], "texture": "#1"},
				"up": {"uv": [8, 0, 0, 1], "rotation": 90, "texture": "#1"}
			}
		},
		{
			"from": [12, 4, 5.75],
			"to": [13, 6, 10.75],
			"rotation": {"angle": 0, "axis": "y", "origin": [8, 4.25, 8]},
			"faces": {
				"north": {"uv": [10, 4, 12, 8], "texture": "#1"},
				"east": {"uv": [0, 4, 10, 8], "texture": "#1"},
				"south": {"uv": [14, 4, 16, 8], "texture": "#1"},
				"up": {"uv": [1, 9, 6, 10], "texture": "#1"}
			}
		},
		{
			"from": [12, 2, 4.75],
			"to": [13, 4, 10.75],
			"rotation": {"angle": 0, "axis": "y", "origin": [8, 4.25, 8]},
			"faces": {
				"north": {"uv": [12, 8, 14, 12], "texture": "#1"},
				"east": {"uv": [0, 8, 12, 12], "texture": "#1"},
				"south": {"uv": [14, 8, 16, 12], "texture": "#1"},
				"up": {"uv": [1, 10, 7, 11], "rotation": 90, "texture": "#1"}
			}
		},
		{
			"from": [12, 0, 2.75],
			"to": [13, 2, 10.75],
			"rotation": {"angle": 0, "axis": "y", "origin": [8, 4.25, 8]},
			"faces": {
				"north": {"uv": [13, 12, 15, 16], "texture": "#1"},
				"east": {"uv": [16, 12, 0, 16], "texture": "#1"},
				"south": {"uv": [14, 12, 16, 16], "texture": "#1"},
				"up": {"uv": [9, 13, 1, 14], "rotation": 90, "texture": "#1"},
				"down": {"uv": [1, 14, 9, 15], "rotation": 90, "texture": "#1"}
			}
		},
		{
			"from": [3, 6, 6.75],
			"to": [4, 8, 10.75],
			"rotation": {"angle": 0, "axis": "y", "origin": [8, 4.25, 8]},
			"faces": {
				"north": {"uv": [10, 0, 8, 4], "texture": "#1"},
				"south": {"uv": [16, 0, 14, 4], "texture": "#1"},
				"west": {"uv": [8, 0, 0, 4], "texture": "#1"},
				"up": {"uv": [8, 1, 0, 0], "rotation": 90, "texture": "#1"}
			}
		},
		{
			"from": [3, 4, 5.75],
			"to": [4, 6, 10.75],
			"rotation": {"angle": 0, "axis": "y", "origin": [8, 4.25, 8]},
			"faces": {
				"north": {"uv": [12, 4, 10, 8], "texture": "#1"},
				"south": {"uv": [16, 4, 14, 8], "texture": "#1"},
				"west": {"uv": [10, 4, 0, 8], "texture": "#1"},
				"up": {"uv": [6, 9, 1, 10], "texture": "#1"}
			}
		},
		{
			"from": [3, 2, 4.75],
			"to": [4, 4, 10.75],
			"rotation": {"angle": 0, "axis": "y", "origin": [8, 4.25, 8]},
			"faces": {
				"north": {"uv": [14, 8, 12, 12], "texture": "#1"},
				"south": {"uv": [16, 8, 14, 12], "texture": "#1"},
				"west": {"uv": [12, 8, 0, 12], "texture": "#1"},
				"up": {"uv": [1, 11, 7, 10], "rotation": 90, "texture": "#1"}
			}
		},
		{
			"from": [3, 0, 2.75],
			"to": [4, 2, 10.75],
			"rotation": {"angle": 0, "axis": "y", "origin": [8, 4.25, 8]},
			"faces": {
				"north": {"uv": [15, 12, 13, 16], "texture": "#1"},
				"south": {"uv": [16, 12, 14, 16], "texture": "#1"},
				"west": {"uv": [0, 12, 16, 16], "texture": "#1"},
				"up": {"uv": [9, 14, 1, 13], "rotation": 90, "texture": "#1"},
				"down": {"uv": [1, 15, 9, 14], "rotation": 90, "texture": "#1"}
			}
		},
		{
			"from": [4, 0, 2.75],
			"to": [12, 0, 10.75],
			"rotation": {"angle": 0, "axis": "y", "origin": [8, 4.25, 8]},
			"faces": {
				"down": {"uv": [15, 15, 16, 16], "rotation": 90, "texture": "#1"}
			}
		}
	],
	"display": {
		"thirdperson_righthand": {
			"rotation": [75, 45, 0],
			"translation": [0, 1.5, 0],
			"scale": [0.375, 0.375, 0.375]
		},
		"thirdperson_lefthand": {
			"rotation": [75, 45, 0],
			"translation": [0, 1.5, 0],
			"scale": [0.375, 0.375, 0.375]
		},
		"firstperson_righthand": {
			"rotation": [0, 45, 0],
			"scale": [0.4, 0.4, 0.4]
		},
		"firstperson_lefthand": {
			"rotation": [0, 45, 0],
			"scale": [0.4, 0.4, 0.4]
		},
		"ground": {
			"translation": [0, 3, 0],
			"scale": [0.25, 0.25, 0.25]
		},
		"gui": {
			"rotation": [30, 225, 0],
			"translation": [0, 2.25, 0],
			"scale": [0.625, 0.625, 0.625]
		},
		"head": {
			"translation": [0, 7.25, 2.25],
			"scale": [1.81, 1.81, 1.81]
		},
		"fixed": {
			"rotation": [-90, 0, 0],
			"translation": [0, 4, -23.5],
			"scale": [3.2, 3.2, 3.2]
		}
	}
}