{
	"credit": "Made with Blockbench",
	"texture_size": [64, 64],
	"textures": {
		"0": "item/lego_head",
		"3": "item/lego_face2",
		"particle": "item/lego_head"
	},
	"elements": [
		{
			"from": [5.59592, 8.5, 7.005],
			"to": [10.40592, 9.5, 8.995],
			"rotation": {"angle": -22.5, "axis": "y", "origin": [8.00092, 3.625, 8]},
			"faces": {
				"north": {"uv": [0.4525, 0, 1.655, 0.25], "texture": "#missing"},
				"east": {"uv": [9, 0.5, 10, 1], "texture": "#0"},
				"south": {"uv": [0.4525, 0, 1.655, 0.25], "texture": "#missing"},
				"west": {"uv": [9, 0, 10, 0.5], "texture": "#0"},
				"up": {"uv": [9, 1, 10, 3.5], "texture": "#0"}
			}
		},
		{
			"from": [5.59592, 8.5, 7.005],
			"to": [10.40592, 9.5, 8.995],
			"rotation": {"angle": 22.5, "axis": "y", "origin": [8.00092, 3.625, 8]},
			"faces": {
				"north": {"uv": [0.4525, 0, 1.655, 0.25], "texture": "#missing"},
				"east": {"uv": [10, 0.5, 11, 1], "texture": "#0"},
				"south": {"uv": [0.4525, 0, 1.655, 0.25], "texture": "#missing"},
				"west": {"uv": [10, 0, 11, 0.5], "texture": "#0"},
				"up": {"uv": [10, 1, 11, 3.5], "texture": "#0"}
			}
		},
		{
			"from": [7.00592, 8.5, 5.595],
			"to": [8.99592, 9.5, 10.405],
			"rotation": {"angle": -22.5, "axis": "y", "origin": [8.00092, 3.625, 8]},
			"faces": {
				"north": {"uv": [11, 0.5, 12, 1], "texture": "#0"},
				"east": {"uv": [0.4525, 0, 1.655, 0.25], "texture": "#missing"},
				"south": {"uv": [11, 0, 12, 0.5], "texture": "#0"},
				"west": {"uv": [0.4525, 0, 1.655, 0.25], "texture": "#missing"},
				"up": {"uv": [11, 1, 12, 3.5], "texture": "#0"}
			}
		},
		{
			"from": [7.00592, 8.5, 5.595],
			"to": [8.99592, 9.5, 10.405],
			"rotation": {"angle": 22.5, "axis": "y", "origin": [8.00092, 3.625, 8]},
			"faces": {
				"north": {"uv": [8, 0, 9, 0.5], "texture": "#0"},
				"east": {"uv": [0.4525, 0, 1.655, 0.25], "texture": "#missing"},
				"south": {"uv": [8, 0.5, 9, 1], "texture": "#0"},
				"west": {"uv": [0.4525, 0, 1.655, 0.25], "texture": "#missing"},
				"up": {"uv": [8, 1, 9, 3.5], "texture": "#0"}
			}
		},
		{
			"from": [10.92185, 0, 6.61183],
			"to": [11.42185, 0.5, 9.45183],
			"rotation": {"angle": -22.5, "axis": "y", "origin": [8.07685, 5.125, 8.03183]},
			"faces": {
				"east": {"uv": [13.5, 0, 15, 0.25], "texture": "#0"},
				"west": {"uv": [13.5, 0.5, 15, 0.75], "texture": "#0"},
				"down": {"uv": [13.5, 0.25, 15, 0.5], "texture": "#0"}
			}
		},
		{
			"from": [10.92185, 0, 6.54817],
			"to": [11.42185, 0.5, 9.38817],
			"rotation": {"angle": 22.5, "axis": "y", "origin": [8.07685, 5.125, 7.96817]},
			"faces": {
				"east": {"uv": [12, 0.75, 13.5, 1], "texture": "#0"},
				"west": {"uv": [12, 1.25, 13.5, 1.5], "texture": "#0"},
				"down": {"uv": [12, 1, 13.5, 1.25], "texture": "#0"}
			}
		},
		{
			"from": [6.61183, 0, 10.92185],
			"to": [9.45183, 0.5, 11.42185],
			"rotation": {"angle": 22.5, "axis": "y", "origin": [8.03183, 5.125, 8.07685]},
			"faces": {
				"north": {"uv": [12, 0.5, 13.5, 0.75], "texture": "#0"},
				"south": {"uv": [12, 0, 13.5, 0.25], "texture": "#0"},
				"down": {"uv": [12, 0.25, 13.5, 0.5], "texture": "#0"}
			}
		},
		{
			"from": [6.54817, 0, 10.92185],
			"to": [9.38817, 0.5, 11.42185],
			"rotation": {"angle": -22.5, "axis": "y", "origin": [7.96817, 5.125, 8.07685]},
			"faces": {
				"north": {"uv": [13.5, 2.25, 15, 2.5], "texture": "#0"},
				"east": {"uv": [13.5, 2.75, 15, 3], "texture": "#0"},
				"south": {"uv": [13.5, 2.75, 15, 3], "texture": "#0"},
				"west": {"uv": [13.5, 2.25, 15, 2.5], "texture": "#0"},
				"down": {"uv": [13.5, 2.5, 15, 2.75], "texture": "#0"}
			}
		},
		{
			"from": [4.57815, 0, 6.61183],
			"to": [5.07815, 0.5, 9.45183],
			"rotation": {"angle": 22.5, "axis": "y", "origin": [7.92315, 5.125, 8.03183]},
			"faces": {
				"north": {"uv": [12, 2.25, 13.5, 2.5], "texture": "#0"},
				"east": {"uv": [12, 2.75, 13.5, 3], "texture": "#0"},
				"south": {"uv": [12, 2.75, 13.5, 3], "texture": "#0"},
				"west": {"uv": [12, 2.25, 13.5, 2.5], "texture": "#0"},
				"down": {"uv": [12, 2.5, 13.5, 2.75], "texture": "#0"}
			}
		},
		{
			"from": [4.57815, 0, 6.54817],
			"to": [5.07815, 0.5, 9.38817],
			"rotation": {"angle": -22.5, "axis": "y", "origin": [7.92315, 5.125, 7.96817]},
			"faces": {
				"north": {"uv": [13.5, 1.5, 15, 1.75], "texture": "#0"},
				"east": {"uv": [13.5, 2, 15, 2.25], "texture": "#0"},
				"south": {"uv": [13.5, 2, 15, 2.25], "texture": "#0"},
				"west": {"uv": [13.5, 1.5, 15, 1.75], "texture": "#0"},
				"down": {"uv": [13.5, 1.75, 15, 2], "texture": "#0"}
			}
		},
		{
			"from": [6.54817, 0, 4.57815],
			"to": [9.38817, 0.5, 5.07815],
			"rotation": {"angle": 22.5, "axis": "y", "origin": [7.96817, 5.125, 7.92315]},
			"faces": {
				"north": {"uv": [12, 1.5, 13.5, 1.75], "texture": "#0"},
				"south": {"uv": [12, 2, 13.5, 2.25], "texture": "#0"},
				"down": {"uv": [12, 1.75, 13.5, 2], "texture": "#0"}
			}
		},
		{
			"from": [6.61183, 0, 4.57815],
			"to": [9.45183, 0.5, 5.07815],
			"rotation": {"angle": -22.5, "axis": "y", "origin": [8.03183, 5.125, 7.92315]},
			"faces": {
				"north": {"uv": [13.5, 0.75, 15, 1], "texture": "#0"},
				"east": {"uv": [13.5, 0.75, 15, 1], "texture": "#0"},
				"south": {"uv": [13.5, 1.25, 15, 1.5], "texture": "#0"},
				"down": {"uv": [13.5, 1, 15, 1.25], "texture": "#0"}
			}
		},
		{
			"from": [5.88043, 0.5, 2.96131],
			"to": [10.02543, 8.5, 12.96131],
			"rotation": {"angle": 22.5, "axis": "y", "origin": [8.07543, 9.375, 7.86631]},
			"faces": {
				"north": {"uv": [0, 4, 2, 8], "texture": "#0"},
				"south": {"uv": [0, 0, 2, 4], "texture": "#0"},
				"up": {"uv": [0, 8, 2, 13], "texture": "#0"},
				"down": {"uv": [0, 8, 2, 13], "texture": "#0"}
			}
		},
		{
			"from": [5.97562, 0.5, 2.9527],
			"to": [10.12062, 8.5, 12.9527],
			"rotation": {"angle": -22.5, "axis": "y", "origin": [7.90562, 9.375, 7.8577]},
			"faces": {
				"north": {"uv": [6, 0, 8, 4], "texture": "#0"},
				"south": {"uv": [6, 4, 8, 8], "texture": "#0"},
				"up": {"uv": [6, 8, 8, 13], "texture": "#0"},
				"down": {"uv": [6, 8, 8, 13], "texture": "#0"}
			}
		},
		{
			"from": [3.04008, 0.5, 5.88067],
			"to": [13.04008, 8.5, 10.02567],
			"rotation": {"angle": 22.5, "axis": "y", "origin": [8.13508, 9.375, 8.07567]},
			"faces": {
				"east": {"uv": [4, 0, 6, 4], "texture": "#0"},
				"west": {"uv": [4, 4, 6, 8], "texture": "#0"},
				"up": {"uv": [4, 8, 6, 13], "rotation": 90, "texture": "#0"},
				"down": {"uv": [4, 8, 6, 13], "rotation": 90, "texture": "#0"}
			}
		},
		{
			"from": [3.04869, 0.5, 5.97586],
			"to": [13.04869, 8.5, 10.12086],
			"rotation": {"angle": -22.5, "axis": "y", "origin": [8.14369, 9.375, 7.90586]},
			"faces": {
				"east": {"uv": [2, 0, 4, 4], "texture": "#0"},
				"west": {"uv": [2, 4, 4, 8], "texture": "#0"},
				"up": {"uv": [2, 8, 4, 13], "rotation": 90, "texture": "#0"},
				"down": {"uv": [2, 8, 4, 13], "rotation": 90, "texture": "#0"}
			}
		},
		{
			"from": [5.94277, 0.5, 2.89485],
			"to": [10.13777, 8.5, 2.89485],
			"rotation": {"angle": -22.5, "axis": "y", "origin": [7.89777, 9.375, 7.84985]},
			"faces": {
				"north": {"uv": [12, 0, 16, 8], "texture": "#3"}
			}
		},
		{
			"from": [13.0973, 0.5, 5.85438],
			"to": [13.0973, 8.5, 10.04938],
			"rotation": {"angle": 22.5, "axis": "y", "origin": [8.1423, 9.375, 8.09438]},
			"faces": {
				"east": {"uv": [8, 0, 12, 8], "texture": "#3"}
			}
		},
		{
			"from": [13.10515, 0.5, 5.94277],
			"to": [13.10515, 8.5, 10.13777],
			"rotation": {"angle": -22.5, "axis": "y", "origin": [8.15015, 9.375, 7.89777]},
			"faces": {
				"east": {"uv": [4, 0, 8, 8], "texture": "#3"}
			}
		},
		{
			"from": [5.95062, 0.5, 13.0973],
			"to": [10.14562, 8.5, 13.0973],
			"rotation": {"angle": 22.5, "axis": "y", "origin": [7.90562, 9.375, 8.1423]},
			"faces": {
				"south": {"uv": [0, 0, 4, 8], "texture": "#3"}
			}
		},
		{
			"from": [5.86223, 0.5, 13.10515],
			"to": [10.05723, 8.5, 13.10515],
			"rotation": {"angle": -22.5, "axis": "y", "origin": [8.10223, 9.375, 8.15015]},
			"faces": {
				"south": {"uv": [12, 8, 16, 16], "texture": "#3"}
			}
		},
		{
			"from": [2.9027, 0.5, 5.95062],
			"to": [2.9027, 8.5, 10.14562],
			"rotation": {"angle": 22.5, "axis": "y", "origin": [7.8577, 9.375, 7.90562]},
			"faces": {
				"west": {"uv": [8, 8, 12, 16], "texture": "#3"}
			}
		},
		{
			"from": [2.89485, 0.5, 5.86223],
			"to": [2.89485, 8.5, 10.05723],
			"rotation": {"angle": -22.5, "axis": "y", "origin": [7.84985, 9.375, 8.10223]},
			"faces": {
				"west": {"uv": [4, 8, 8, 16], "texture": "#3"}
			}
		},
		{
			"from": [5.85438, 0.5, 2.9027],
			"to": [10.04938, 8.5, 2.9027],
			"rotation": {"angle": 22.5, "axis": "y", "origin": [8.09438, 9.375, 7.8577]},
			"faces": {
				"north": {"uv": [0, 8, 4, 16], "texture": "#3"}
			}
		},
		{
			"from": [3.04869, 8.51, 5.97586],
			"to": [3.74869, 8.51, 10.12086],
			"rotation": {"angle": -22.5, "axis": "y", "origin": [8.14369, 8.374, 7.90586]},
			"faces": {
				"east": {"uv": [2, 0, 4, 4], "texture": "#0"},
				"west": {"uv": [2, 4, 4, 8], "texture": "#0"},
				"up": {"uv": [2, 12.75, 4, 13], "rotation": 90, "texture": "#0"},
				"down": {"uv": [2, 12.75, 4, 13], "rotation": 90, "texture": "#0"}
			}
		},
		{
			"from": [12.25314, 8.51, 5.97355],
			"to": [12.95314, 8.51, 10.11855],
			"rotation": {"angle": 22.5, "axis": "y", "origin": [7.85814, 8.374, 7.90355]},
			"faces": {
				"east": {"uv": [4, 4, 2, 8], "texture": "#0"},
				"west": {"uv": [4, 0, 2, 4], "texture": "#0"},
				"up": {"uv": [2, 13, 4, 12.75], "rotation": 90, "texture": "#0"},
				"down": {"uv": [4, 12.75, 2, 13], "rotation": 180, "texture": "#0"}
			}
		},
		{
			"from": [3.04774, 8.51, 5.87914],
			"to": [3.74774, 8.51, 10.02414],
			"rotation": {"angle": 22.5, "axis": "y", "origin": [8.14274, 8.374, 8.09414]},
			"faces": {
				"east": {"uv": [4, 0, 2, 4], "texture": "#0"},
				"west": {"uv": [4, 4, 2, 8], "texture": "#0"},
				"up": {"uv": [4, 12.75, 2, 13], "rotation": 90, "texture": "#0"},
				"down": {"uv": [4, 12.75, 2, 13], "rotation": 180, "texture": "#0"}
			}
		},
		{
			"from": [12.25409, 8.51, 5.88145],
			"to": [12.95409, 8.51, 10.02645],
			"rotation": {"angle": -22.5, "axis": "y", "origin": [7.85909, 8.374, 8.09645]},
			"faces": {
				"east": {"uv": [2, 4, 4, 8], "texture": "#0"},
				"west": {"uv": [2, 0, 4, 4], "texture": "#0"},
				"up": {"uv": [4, 13, 2, 12.75], "rotation": 90, "texture": "#0"},
				"down": {"uv": [4, 12.75, 2, 13], "rotation": 180, "texture": "#0"}
			}
		},
		{
			"from": [5.97331, 8.51, 3.04826],
			"to": [10.11831, 8.51, 3.74826],
			"rotation": {"angle": 22.5, "axis": "y", "origin": [7.90331, 8.374, 8.14326]},
			"faces": {
				"north": {"uv": [4, 4, 2, 8], "texture": "#0"},
				"south": {"uv": [4, 0, 2, 4], "texture": "#0"},
				"up": {"uv": [4, 12.75, 2, 13], "rotation": 180, "texture": "#0"},
				"down": {"uv": [4, 12.75, 2, 13], "rotation": 180, "texture": "#0"}
			}
		},
		{
			"from": [5.8789, 8.51, 12.25366],
			"to": [10.0239, 8.51, 12.95366],
			"rotation": {"angle": 22.5, "axis": "y", "origin": [8.0939, 8.374, 7.85866]},
			"faces": {
				"north": {"uv": [4, 0, 2, 4], "texture": "#0"},
				"south": {"uv": [4, 4, 2, 8], "texture": "#0"},
				"up": {"uv": [2, 13, 4, 12.75], "rotation": 180, "texture": "#0"},
				"down": {"uv": [4, 12.75, 2, 13], "rotation": 180, "texture": "#0"}
			}
		},
		{
			"from": [5.97562, 8.51, 12.2527],
			"to": [10.12062, 8.51, 12.9527],
			"rotation": {"angle": -22.5, "axis": "y", "origin": [7.90562, 8.374, 7.8577]},
			"faces": {
				"north": {"uv": [2, 0, 4, 4], "texture": "#0"},
				"south": {"uv": [2, 4, 4, 8], "texture": "#0"},
				"up": {"uv": [4, 13, 2, 12.75], "rotation": 180, "texture": "#0"},
				"down": {"uv": [4, 12.75, 2, 13], "rotation": 180, "texture": "#0"}
			}
		},
		{
			"from": [5.88121, 8.51, 3.0473],
			"to": [10.02621, 8.51, 3.7473],
			"rotation": {"angle": -22.5, "axis": "y", "origin": [8.09621, 8.374, 8.1423]},
			"faces": {
				"north": {"uv": [2, 4, 4, 8], "texture": "#0"},
				"south": {"uv": [2, 0, 4, 4], "texture": "#0"},
				"up": {"uv": [2, 12.75, 4, 13], "rotation": 180, "texture": "#0"},
				"down": {"uv": [4, 12.75, 2, 13], "rotation": 180, "texture": "#0"}
			}
		},
		{
			"from": [3.04869, 0.499, 5.97586],
			"to": [3.74869, 0.499, 10.12086],
			"rotation": {"angle": -22.5, "axis": "y", "origin": [8.14369, 0.349, 7.90586]},
			"faces": {
				"east": {"uv": [2, 0, 4, 4], "texture": "#0"},
				"west": {"uv": [2, 4, 4, 8], "texture": "#0"},
				"up": {"uv": [2, 12.75, 4, 13], "rotation": 90, "texture": "#0"},
				"down": {"uv": [2, 12.75, 4, 13], "rotation": 90, "texture": "#0"}
			}
		},
		{
			"from": [12.25314, 0.499, 5.97355],
			"to": [12.95314, 0.499, 10.11855],
			"rotation": {"angle": 22.5, "axis": "y", "origin": [7.85814, 0.349, 7.90355]},
			"faces": {
				"east": {"uv": [4, 4, 2, 8], "texture": "#0"},
				"west": {"uv": [4, 0, 2, 4], "texture": "#0"},
				"up": {"uv": [2, 13, 4, 12.75], "rotation": 90, "texture": "#0"},
				"down": {"uv": [4, 12.75, 2, 13], "rotation": 180, "texture": "#0"}
			}
		},
		{
			"from": [3.04774, 0.499, 5.87914],
			"to": [3.74774, 0.499, 10.02414],
			"rotation": {"angle": 22.5, "axis": "y", "origin": [8.14274, 0.349, 8.09414]},
			"faces": {
				"east": {"uv": [4, 0, 2, 4], "texture": "#0"},
				"west": {"uv": [4, 4, 2, 8], "texture": "#0"},
				"up": {"uv": [4, 12.75, 2, 13], "rotation": 90, "texture": "#0"},
				"down": {"uv": [4, 12.75, 2, 13], "rotation": 180, "texture": "#0"}
			}
		},
		{
			"from": [12.25409, 0.499, 5.88145],
			"to": [12.95409, 0.499, 10.02645],
			"rotation": {"angle": -22.5, "axis": "y", "origin": [7.85909, 0.349, 8.09645]},
			"faces": {
				"east": {"uv": [2, 4, 4, 8], "texture": "#0"},
				"west": {"uv": [2, 0, 4, 4], "texture": "#0"},
				"up": {"uv": [4, 13, 2, 12.75], "rotation": 90, "texture": "#0"},
				"down": {"uv": [4, 12.75, 2, 13], "rotation": 180, "texture": "#0"}
			}
		},
		{
			"from": [5.97331, 0.499, 3.04826],
			"to": [10.11831, 0.499, 3.74826],
			"rotation": {"angle": 22.5, "axis": "y", "origin": [7.90331, 0.349, 8.14326]},
			"faces": {
				"north": {"uv": [4, 4, 2, 8], "texture": "#0"},
				"south": {"uv": [4, 0, 2, 4], "texture": "#0"},
				"up": {"uv": [4, 12.75, 2, 13], "rotation": 180, "texture": "#0"},
				"down": {"uv": [4, 12.75, 2, 13], "rotation": 180, "texture": "#0"}
			}
		},
		{
			"from": [5.8789, 0.499, 12.25366],
			"to": [10.0239, 0.499, 12.95366],
			"rotation": {"angle": 22.5, "axis": "y", "origin": [8.0939, 0.349, 7.85866]},
			"faces": {
				"north": {"uv": [4, 0, 2, 4], "texture": "#0"},
				"south": {"uv": [4, 4, 2, 8], "texture": "#0"},
				"up": {"uv": [2, 13, 4, 12.75], "rotation": 180, "texture": "#0"},
				"down": {"uv": [4, 12.75, 2, 13], "rotation": 180, "texture": "#0"}
			}
		},
		{
			"from": [5.97562, 0.499, 12.2527],
			"to": [10.12062, 0.499, 12.9527],
			"rotation": {"angle": -22.5, "axis": "y", "origin": [7.90562, 0.349, 7.8577]},
			"faces": {
				"north": {"uv": [2, 0, 4, 4], "texture": "#0"},
				"south": {"uv": [2, 4, 4, 8], "texture": "#0"},
				"up": {"uv": [4, 13, 2, 12.75], "rotation": 180, "texture": "#0"},
				"down": {"uv": [4, 12.75, 2, 13], "rotation": 180, "texture": "#0"}
			}
		},
		{
			"from": [5.88121, 0.499, 3.0473],
			"to": [10.02621, 0.499, 3.7473],
			"rotation": {"angle": -22.5, "axis": "y", "origin": [8.09621, 0.349, 8.1423]},
			"faces": {
				"north": {"uv": [2, 4, 4, 8], "texture": "#0"},
				"south": {"uv": [2, 0, 4, 4], "texture": "#0"},
				"up": {"uv": [2, 12.75, 4, 13], "rotation": 180, "texture": "#0"},
				"down": {"uv": [4, 12.75, 2, 13], "rotation": 180, "texture": "#0"}
			}
		}
	],
	"display": {
		"thirdperson_righthand": {
			"rotation": [75, 45, 0],
			"translation": [0, 2.5, 0],
			"scale": [0.375, 0.375, 0.375]
		},
		"firstperson_righthand": {
			"rotation": [0, 45, 0],
			"scale": [0.4, 0.4, 0.4]
		},
		"ground": {
			"translation": [0, 3, 0],
			"scale": [0.25, 0.25, 0.25]
		},
		"gui": {
			"rotation": [30, 225, 0],
			"translation": [0, 2, 0],
			"scale": [0.625, 0.625, 0.625]
		},
		"head": {
			"translation": [0, 6.96, 0],
			"scale": [1.89, 1.89, 1.89]
		},
		"fixed": {
			"rotation": [-90, 0, 0],
			"translation": [0, 0, -21.75],
			"scale": [3.16, 3.16, 3.16]
		}
	},
	"groups": [
		0,
		1,
		2,
		3,
		4,
		5,
		6,
		7,
		8,
		9,
		10,
		11,
		12,
		13,
		14,
		15,
		{
			"name": "Face",
			"origin": [8.09438, 9.375, 7.8577],
			"color": 0,
			"children": [16, 17, 18, 19, 20, 21, 22, 23]
		},
		{
			"name": "shadow",
			"origin": [7.85631, 9.375, 8.09414],
			"color": 0,
			"children": [24, 25, 26, 27, 28, 29, 30, 31]
		},
		{
			"name": "shadow",
			"origin": [7.85631, 9.375, 8.09414],
			"color": 0,
			"children": [32, 33, 34, 35, 36, 37, 38, 39]
		}
	]
}