{
	"credit": "Made with Blockbench",
	"texture_size": [128, 128],
	"textures": {
		"3": "item/thomas_helmet_screen",
		"4": "item/thomas_helmet"
	},
	"elements": [
		{
			"from": [3.5, 2, 3.5],
			"to": [12.5, 6, 12.5],
			"faces": {
				"north": {"uv": [0, 9, 4.5, 11], "texture": "#4"},
				"east": {"uv": [0, 9, 4.5, 11], "texture": "#4"},
				"south": {"uv": [0, 9, 4.5, 11], "texture": "#4"},
				"west": {"uv": [0, 9, 4.5, 11], "texture": "#4"},
				"up": {"uv": [0, 0, 4.5, 4.5], "texture": "#4"},
				"down": {"uv": [0, 0, 4.5, 4.5], "texture": "#4"}
			}
		},
		{
			"from": [2.5, 2.25, 7.75],
			"to": [13.5, 5.75, 11.25],
			"faces": {
				"north": {"uv": [0, 13.75, 5.5, 15.5], "texture": "#4"},
				"east": {"uv": [8.5, 12, 10.25, 13.75], "texture": "#4"},
				"south": {"uv": [0, 12, 5.5, 13.75], "texture": "#4"},
				"west": {"uv": [8.5, 12, 10.25, 13.75], "texture": "#4"},
				"up": {"uv": [0, 12, 5.5, 13.75], "texture": "#4"},
				"down": {"uv": [0, 12, 5.5, 13.75], "texture": "#4"}
			}
		},
		{
			"from": [2, 2.75, 8.25],
			"to": [14, 5.25, 10.75],
			"faces": {
				"north": {"uv": [7.125, 12, 13.125, 13.25], "texture": "#4"},
				"east": {"uv": [7.125, 12, 8.375, 13.25], "texture": "#4"},
				"south": {"uv": [7.125, 12, 13.125, 13.25], "texture": "#4"},
				"west": {"uv": [7.125, 12, 8.375, 13.25], "texture": "#4"},
				"up": {"uv": [7.125, 12, 13.125, 13.25], "texture": "#4"},
				"down": {"uv": [7.125, 12, 13.125, 13.25], "texture": "#4"}
			}
		},
		{
			"name": "head",
			"from": [4, 0, 4],
			"to": [12, 8, 12],
			"rotation": {"angle": 0, "axis": "y", "origin": [0, 4.5, 0]},
			"faces": {
				"north": {"uv": [4.5, 0, 8.5, 4], "texture": "#4"},
				"east": {"uv": [4.5, 4, 8.5, 8], "texture": "#4"},
				"south": {"uv": [4.5, 8, 8.5, 12], "texture": "#4"},
				"west": {"uv": [4.5, 4, 8.5, 8], "texture": "#4"},
				"up": {"uv": [8.5, 4, 12.5, 8], "texture": "#4"},
				"down": {"uv": [8.5, 8, 12.5, 12], "texture": "#4"}
			}
		},
		{
			"from": [12.48, 2.49, 2.99],
			"to": [13.11, 5.51, 6.01],
			"faces": {
				"north": {"uv": [6, 1, 7, 6], "texture": "#3"},
				"east": {"uv": [1, 1, 6, 6], "texture": "#3"},
				"south": {"uv": [0, 1, 1, 6], "texture": "#3"}
			}
		},
		{
			"from": [2.89, 2.49, 2.99],
			"to": [3.52, 5.51, 6.01],
			"rotation": {"angle": 0, "axis": "y", "origin": [16, 0, 0]},
			"faces": {
				"north": {"uv": [9, 1, 10, 6], "texture": "#3"},
				"west": {"uv": [10, 1, 15, 6], "texture": "#3"}
			}
		},
		{
			"from": [3.49, 2.49, 2.99],
			"to": [12.51, 5.51, 3.51],
			"faces": {
				"north": {"uv": [0.5, 10, 15.5, 15], "texture": "#3"}
			}
		},
		{
			"from": [3.5, 2.5, 3],
			"to": [12.5, 5.5, 3.5],
			"faces": {
				"north": {"uv": [8.625, 2.5, 12.375, 3.75], "texture": "#4"},
				"up": {"uv": [8.625, 2.25, 12.375, 2.5], "texture": "#4"},
				"down": {"uv": [8.625, 3.75, 12.375, 4], "texture": "#4"}
			}
		},
		{
			"from": [12.5, 2.5, 3],
			"to": [13.1, 5.5, 6],
			"faces": {
				"north": {"uv": [10, 0.25, 10.25, 1.5], "texture": "#4"},
				"east": {"uv": [8.75, 0.25, 10, 1.5], "texture": "#4"},
				"south": {"uv": [8.5, 1.5, 8.75, 0.25], "texture": "#4"},
				"up": {"uv": [8.75, 0, 10, 0.25], "rotation": 90, "texture": "#4"},
				"down": {"uv": [8.75, 0, 10, 0.25], "rotation": 90, "texture": "#4"}
			}
		},
		{
			"from": [2.9, 2.5, 3],
			"to": [3.5, 5.5, 6],
			"rotation": {"angle": 0, "axis": "y", "origin": [16, 0, 0]},
			"faces": {
				"north": {"uv": [10.25, 0.25, 10, 1.5], "texture": "#4"},
				"south": {"uv": [8.5, 1.5, 8.75, 0.25], "texture": "#4"},
				"west": {"uv": [10, 0.25, 8.75, 1.5], "texture": "#4"},
				"up": {"uv": [8.75, 0, 10, 0.25], "rotation": 90, "texture": "#4"},
				"down": {"uv": [8.75, 0.25, 10, 0], "rotation": 90, "texture": "#4"}
			}
		}
	],
	"display": {
		"thirdperson_righthand": {
			"rotation": [75, 45, 0],
			"translation": [0, 1.5, 0],
			"scale": [0.375, 0.375, 0.375]
		},
		"thirdperson_lefthand": {
			"rotation": [75, 45, 0],
			"translation": [0, 1.5, 0],
			"scale": [0.375, 0.375, 0.375]
		},
		"firstperson_righthand": {
			"rotation": [0, 45, 0],
			"scale": [0.4, 0.4, 0.4]
		},
		"firstperson_lefthand": {
			"rotation": [0, 45, 0],
			"scale": [0.4, 0.4, 0.4]
		},
		"ground": {
			"translation": [0, 3, 0],
			"scale": [0.25, 0.25, 0.25]
		},
		"gui": {
			"rotation": [30, 225, 0],
			"translation": [0, 2.25, 0],
			"scale": [0.625, 0.625, 0.625]
		},
		"head": {
			"translation": [0, 7.25, 0],
			"scale": [1.81, 1.81, 1.81]
		},
		"fixed": {
			"rotation": [-90, 0, 0],
			"translation": [0, 0, -22.25],
			"scale": [3.01, 3.01, 3.01]
		}
	},
	"groups": [
		0,
		1,
		2,
		3,
		{
			"name": "LEDs",
			"origin": [16, 0, 0],
			"color": 0,
			"children": [4, 5, 6]
		},
		7,
		8,
		9
	]
}