{
	"credit": "Made with Blockbench",
	"texture_size": [64, 64],
	"textures": {
		"0": "item/lain_hood",
		"particle": "item/lain_hood"
	},
	"elements": [
		{
			"from": [3, 0, 3],
			"to": [4, 6, 13],
			"rotation": {"angle": 0, "axis": "y", "origin": [4, 0, 4]},
			"faces": {
				"north": {"uv": [3.25, 6.5, 3, 8], "texture": "#0"},
				"east": {"uv": [4.5, 1.5, 7, 3], "texture": "#0"},
				"south": {"uv": [3, 6.5, 3.25, 8], "texture": "#0"},
				"west": {"uv": [0, 5, 2.5, 6.5], "texture": "#0"},
				"down": {"uv": [3, 6.5, 2.75, 9], "texture": "#0"}
			}
		},
		{
			"from": [12, 0, 3],
			"to": [13, 6, 13],
			"rotation": {"angle": 0, "axis": "y", "origin": [12, 0, 4]},
			"faces": {
				"north": {"uv": [3, 6.5, 3.25, 8], "texture": "#0"},
				"east": {"uv": [2.5, 5, 0, 6.5], "texture": "#0"},
				"south": {"uv": [3.25, 6.5, 3, 8], "texture": "#0"},
				"west": {"uv": [7, 1.5, 4.5, 3], "texture": "#0"},
				"down": {"uv": [2.75, 6.5, 3, 9], "texture": "#0"}
			}
		},
		{
			"from": [4, 0, 12],
			"to": [12, 6, 13],
			"rotation": {"angle": 0, "axis": "y", "origin": [12, 0, 4]},
			"faces": {
				"north": {"uv": [6.75, 1.5, 4.75, 3], "texture": "#0"},
				"south": {"uv": [2.25, 5, 0.25, 6.5], "texture": "#0"},
				"down": {"uv": [2.75, 6.5, 3, 9], "rotation": 270, "texture": "#0"}
			}
		},
		{
			"from": [3, 9, 3],
			"to": [13, 11, 13],
			"rotation": {"angle": 0, "axis": "y", "origin": [4, 0, 4]},
			"faces": {
				"north": {"uv": [2.5, 5.5, 5, 6], "texture": "#0"},
				"east": {"uv": [2.5, 6, 5, 6.5], "texture": "#0"},
				"south": {"uv": [5, 6, 7.5, 6.5], "texture": "#0"},
				"west": {"uv": [2.5, 6, 5, 6.5], "texture": "#0"},
				"up": {"uv": [10, 6.25, 7.5, 3.75], "texture": "#0"}
			}
		},
		{
			"from": [3, 6, 3],
			"to": [13, 9, 13],
			"rotation": {"angle": 0, "axis": "y", "origin": [4, 0, 4]},
			"faces": {
				"north": {"uv": [4.5, 3, 7, 3.75], "texture": "#0"},
				"east": {"uv": [5, 3.75, 7.5, 4.5], "texture": "#0"},
				"south": {"uv": [5, 4.5, 7.5, 5.25], "texture": "#0"},
				"west": {"uv": [5, 3.75, 7.5, 4.5], "texture": "#0"},
				"down": {"uv": [2.5, 2.5, 0, 5], "texture": "#0"}
			}
		},
		{
			"from": [12, 10, 7.5],
			"to": [15, 13, 8.5],
			"faces": {
				"north": {"uv": [7, 0, 7.75, 0.75], "texture": "#0"},
				"east": {"uv": [8.5, 0, 8.75, 0.75], "texture": "#0"},
				"south": {"uv": [7.75, 0, 8.5, 0.75], "texture": "#0"},
				"up": {"uv": [7, 0.75, 7.75, 1], "texture": "#0"}
			}
		},
		{
			"from": [11, 11, 7.5],
			"to": [12, 13, 8.5],
			"rotation": {"angle": 0, "axis": "z", "origin": [12, 11.5, 8]},
			"faces": {
				"north": {"uv": [7.5, 1.25, 7, 1.5], "rotation": 90, "texture": "#0"},
				"south": {"uv": [7.5, 1.5, 7, 1.25], "rotation": 90, "texture": "#0"},
				"west": {"uv": [7.75, 1, 7, 0.75], "rotation": 90, "texture": "#0"},
				"up": {"uv": [7.5, 1.5, 7, 1.25], "rotation": 90, "texture": "#0"}
			}
		},
		{
			"from": [13, 9, 7.5],
			"to": [15, 10, 8.5],
			"faces": {
				"north": {"uv": [7, 1.5, 7.5, 1.25], "texture": "#0"},
				"east": {"uv": [7.125, 1.5, 7.375, 1.25], "texture": "#0"},
				"south": {"uv": [7, 1.5, 7.5, 1.25], "texture": "#0"},
				"down": {"uv": [7.75, 0.75, 8.5, 1], "texture": "#0"}
			}
		},
		{
			"from": [4, 11, 7.5],
			"to": [5, 13, 8.5],
			"rotation": {"angle": 0, "axis": "z", "origin": [4, 11.5, 8]},
			"faces": {
				"north": {"uv": [7.5, 1.5, 7, 1.25], "rotation": 90, "texture": "#0"},
				"east": {"uv": [7.75, 0.75, 7, 1], "rotation": 90, "texture": "#0"},
				"south": {"uv": [7.5, 1.25, 7, 1.5], "rotation": 90, "texture": "#0"},
				"up": {"uv": [7.5, 1.25, 7, 1.5], "rotation": 90, "texture": "#0"}
			}
		},
		{
			"from": [1, 10, 7.5],
			"to": [4, 13, 8.5],
			"rotation": {"angle": 0, "axis": "y", "origin": [16, 0, 0]},
			"faces": {
				"north": {"uv": [7.75, 0, 7, 0.75], "texture": "#0"},
				"south": {"uv": [8.5, 0, 7.75, 0.75], "texture": "#0"},
				"west": {"uv": [8.75, 0, 8.5, 0.75], "texture": "#0"},
				"up": {"uv": [7.75, 0.75, 7, 1], "texture": "#0"}
			}
		},
		{
			"from": [1, 9, 7.5],
			"to": [3, 10, 8.5],
			"rotation": {"angle": 0, "axis": "y", "origin": [16, 0, 0]},
			"faces": {
				"north": {"uv": [7.5, 1.5, 7, 1.25], "texture": "#0"},
				"south": {"uv": [7.5, 1.5, 7, 1.25], "texture": "#0"},
				"west": {"uv": [7.375, 1.5, 7.125, 1.25], "texture": "#0"},
				"down": {"uv": [8.5, 0.75, 7.75, 1], "texture": "#0"}
			}
		}
	],
	"display": {
		"thirdperson_righthand": {
			"rotation": [75, 45, 0],
			"translation": [0, 2.5, 0],
			"scale": [0.375, 0.375, 0.375]
		},
		"thirdperson_lefthand": {
			"rotation": [75, 45, 0],
			"translation": [0, 2.5, 0],
			"scale": [0.375, 0.375, 0.375]
		},
		"firstperson_righthand": {
			"rotation": [0, 45, 0],
			"scale": [0.4, 0.4, 0.4]
		},
		"firstperson_lefthand": {
			"rotation": [0, 45, 0],
			"scale": [0.4, 0.4, 0.4]
		},
		"ground": {
			"translation": [0, 3, 0],
			"scale": [0.25, 0.25, 0.25]
		},
		"gui": {
			"rotation": [30, 225, 0],
			"translation": [0, 0.5, 0],
			"scale": [0.625, 0.625, 0.625]
		},
		"head": {
			"translation": [0, 5.75, 0],
			"scale": [1.62, 1.62, 1.62]
		},
		"fixed": {
			"rotation": [-90, 0, 0],
			"translation": [0, 0, -5],
			"scale": [3.44, 3.44, 3.44]
		}
	}
}