{
	"credit": "Made with Blockbench",
	"texture_size": [32, 32],
	"textures": {
		"0": "item/mc_white_shulker_box",
		"1": "item/kyubey_ears",
		"particle": "item/mc_white_shulker_box"
	},
	"elements": [
		{
			"from": [10.49084, 6.86152, 6.30537],
			"to": [11.49084, 9.86152, 9.30537],
			"rotation": {"angle": -22.5, "axis": "z", "origin": [12.812, 6.56155, 5.36837]},
			"faces": {
				"north": {"uv": [4, 4, 3, 7], "texture": "#1"},
				"east": {"uv": [0, 4, 3, 7], "texture": "#1"},
				"south": {"uv": [3, 4, 4, 7], "texture": "#1"},
				"west": {"uv": [0, 0, 0, 0], "texture": "#1"},
				"up": {"uv": [0, 7, 3, 8], "rotation": 90, "texture": "#1"},
				"down": {"uv": [0, 0, 0, 0], "rotation": 270, "texture": "#1"}
			}
		},
		{
			"from": [12.5926, 1.86536, 6.80537],
			"to": [13.0926, 8.86536, 8.80537],
			"rotation": {"angle": 22.5, "axis": "z", "origin": [12.8426, 6.86536, 7.80537]},
			"faces": {
				"north": {"uv": [6.5, 0, 7, 7], "texture": "#1"},
				"east": {"uv": [4, 0, 6.5, 7], "texture": "#1"},
				"south": {"uv": [6.5, 0, 7, 7], "texture": "#1"},
				"west": {"uv": [4, 0, 6.5, 7], "texture": "#1"}
			}
		},
		{
			"from": [14.80538, 0.47352, 6.80537],
			"to": [15.30538, 2.47352, 8.80537],
			"rotation": {"angle": 45, "axis": "z", "origin": [15.05538, 1.97352, 7.80537]},
			"faces": {
				"north": {"uv": [2.5, 8, 3, 10], "texture": "#1"},
				"east": {"uv": [0, 8, 2.5, 10], "texture": "#1"},
				"south": {"uv": [2.5, 8, 3, 10], "texture": "#1"},
				"west": {"uv": [0, 8, 2.5, 10], "texture": "#1"},
				"down": {"uv": [0, 10, 2.5, 10.5], "rotation": 90, "texture": "#1"}
			}
		},
		{
			"from": [2.9074, 1.86536, 6.80537],
			"to": [3.4074, 8.86536, 8.80537],
			"rotation": {"angle": -22.5, "axis": "z", "origin": [3.1574, 6.86536, 7.80537]},
			"faces": {
				"north": {"uv": [7, 0, 6.5, 7], "texture": "#1"},
				"east": {"uv": [6.5, 0, 4, 7], "texture": "#1"},
				"south": {"uv": [7, 0, 6.5, 7], "texture": "#1"},
				"west": {"uv": [6.5, 0, 4, 7], "texture": "#1"}
			}
		},
		{
			"from": [0.69462, 0.47352, 6.80537],
			"to": [1.19462, 2.47352, 8.80537],
			"rotation": {"angle": -45, "axis": "z", "origin": [0.94462, 1.97352, 7.80537]},
			"faces": {
				"north": {"uv": [3, 8, 2.5, 10], "texture": "#1"},
				"east": {"uv": [2.5, 8, 0, 10], "texture": "#1"},
				"south": {"uv": [3, 8, 2.5, 10], "texture": "#1"},
				"west": {"uv": [2.5, 8, 0, 10], "texture": "#1"},
				"down": {"uv": [0, 10.5, 2.5, 10], "rotation": 90, "texture": "#1"}
			}
		},
		{
			"from": [11.5926, 3.11536, 6.05537],
			"to": [12.0926, 3.61536, 9.55537],
			"rotation": {"angle": 22.5, "axis": "z", "origin": [12.8426, 6.86536, 7.80537]},
			"faces": {
				"north": {"uv": [10.5, 0, 11, 0.5], "texture": "#1"},
				"east": {"uv": [7, 0, 10.5, 0.5], "texture": "#1"},
				"south": {"uv": [10.5, 0, 11, 0.5], "texture": "#1"},
				"west": {"uv": [7, 0, 10.5, 0.5], "texture": "#1"},
				"up": {"uv": [7, 0, 10.5, 0.5], "rotation": 90, "texture": "#1"},
				"down": {"uv": [7, 0, 10.5, 0.5], "rotation": 90, "texture": "#1"}
			}
		},
		{
			"from": [12.0926, 3.11536, 9.55537],
			"to": [13.5926, 3.61536, 10.05537],
			"rotation": {"angle": 22.5, "axis": "z", "origin": [12.8426, 6.86536, 7.80537]},
			"faces": {
				"north": {"uv": [7, 0.5, 8.5, 1], "texture": "#1"},
				"east": {"uv": [10.5, 0, 11, 0.5], "texture": "#1"},
				"south": {"uv": [7, 0.5, 8.5, 1], "texture": "#1"},
				"west": {"uv": [10.5, 0, 11, 0.5], "texture": "#1"},
				"up": {"uv": [7, 0.5, 8.5, 1], "texture": "#1"},
				"down": {"uv": [7, 0.5, 8.5, 1], "texture": "#1"}
			}
		},
		{
			"from": [14.89393, 3.57312, 6.05537],
			"to": [15.39393, 4.07312, 9.55537],
			"rotation": {"angle": 22.5, "axis": "z", "origin": [14.64393, 3.82312, 6.80537]},
			"faces": {
				"north": {"uv": [10.5, 0, 11, 0.5], "texture": "#1"},
				"east": {"uv": [7, 0, 10.5, 0.5], "texture": "#1"},
				"south": {"uv": [10.5, 0, 11, 0.5], "texture": "#1"},
				"west": {"uv": [7, 0, 10.5, 0.5], "texture": "#1"},
				"up": {"uv": [7, 0, 10.5, 0.5], "rotation": 90, "texture": "#1"},
				"down": {"uv": [7, 0, 10.5, 0.5], "rotation": 90, "texture": "#1"}
			}
		},
		{
			"from": [13.39393, 3.57312, 5.55537],
			"to": [14.89393, 4.07312, 6.05537],
			"rotation": {"angle": 22.5, "axis": "z", "origin": [14.64393, 3.82312, 6.80537]},
			"faces": {
				"north": {"uv": [7, 0.5, 8.5, 1], "texture": "#1"},
				"east": {"uv": [10.5, 0, 11, 0.5], "texture": "#1"},
				"south": {"uv": [7, 0.5, 8.5, 1], "texture": "#1"},
				"west": {"uv": [10.5, 0, 11, 0.5], "texture": "#1"},
				"up": {"uv": [7, 0.5, 8.5, 1], "texture": "#1"},
				"down": {"uv": [7, 0.5, 8.5, 1], "texture": "#1"}
			}
		},
		{
			"from": [10.32584, 7.12152, 6.31537],
			"to": [10.55584, 7.35152, 9.29537],
			"rotation": {"angle": -22.5, "axis": "z", "origin": [12.812, 6.56155, 5.36837]},
			"faces": {
				"north": {"uv": [3.5, 6.5, 4, 7], "texture": "#1"},
				"south": {"uv": [3.5, 6.5, 4, 7], "texture": "#1"}
			}
		},
		{
			"from": [9.40569, 4.72506, 6.30837],
			"to": [10.40169, 8.72106, 9.30437],
			"rotation": {"angle": -45, "axis": "z", "origin": [12.812, 6.56155, 5.36837]},
			"faces": {
				"north": {"uv": [3, 0, 4, 4], "texture": "#1"},
				"south": {"uv": [4, 0, 3, 4], "texture": "#1"},
				"west": {"uv": [3, 0, 0, 4], "texture": "#1"},
				"down": {"uv": [4.5, 0, 5.4, 4], "rotation": 270, "texture": "#1"}
			}
		},
		{
			"from": [5.44416, 7.12152, 6.31537],
			"to": [5.67416, 7.35152, 9.29537],
			"rotation": {"angle": 22.5, "axis": "z", "origin": [3.188, 6.56155, 5.36837]},
			"faces": {
				"north": {"uv": [4, 6.5, 3.5, 7], "texture": "#1"},
				"south": {"uv": [4, 6.5, 3.5, 7], "texture": "#1"}
			}
		},
		{
			"from": [5.59831, 4.72506, 6.30837],
			"to": [6.59431, 8.72106, 9.30437],
			"rotation": {"angle": 45, "axis": "z", "origin": [3.188, 6.56155, 5.36837]},
			"faces": {
				"north": {"uv": [4, 0, 3, 4], "texture": "#1"},
				"east": {"uv": [3, 0, 0, 4], "texture": "#1"},
				"south": {"uv": [4, 0, 3, 4], "texture": "#1"},
				"down": {"uv": [4.5, 4, 5.4, 0], "rotation": 270, "texture": "#1"}
			}
		},
		{
			"from": [3.9074, 3.11536, 6.05537],
			"to": [4.4074, 3.61536, 9.55537],
			"rotation": {"angle": -22.5, "axis": "z", "origin": [3.1574, 6.86536, 7.80537]},
			"faces": {
				"north": {"uv": [11, 0, 10.5, 0.5], "texture": "#1"},
				"east": {"uv": [10.5, 0, 7, 0.5], "texture": "#1"},
				"south": {"uv": [11, 0, 10.5, 0.5], "texture": "#1"},
				"west": {"uv": [10.5, 0, 7, 0.5], "texture": "#1"},
				"up": {"uv": [7, 0.5, 10.5, 0], "rotation": 90, "texture": "#1"},
				"down": {"uv": [7, 0.5, 10.5, 0], "rotation": 90, "texture": "#1"}
			}
		},
		{
			"from": [2.4074, 3.11536, 9.55537],
			"to": [3.9074, 3.61536, 10.05537],
			"rotation": {"angle": -22.5, "axis": "z", "origin": [3.1574, 6.86536, 7.80537]},
			"faces": {
				"north": {"uv": [9.5, 0, 8, 0.5], "texture": "#1"},
				"east": {"uv": [11, 0, 10.5, 0.5], "texture": "#1"},
				"south": {"uv": [9.5, 0, 8, 0.5], "texture": "#1"},
				"west": {"uv": [11, 0, 10.5, 0.5], "texture": "#1"},
				"up": {"uv": [9.5, 0, 8, 0.5], "texture": "#1"},
				"down": {"uv": [9.5, 0, 8, 0.5], "texture": "#1"}
			}
		},
		{
			"from": [4.50916, 6.86152, 6.30537],
			"to": [5.50916, 9.86152, 9.30537],
			"rotation": {"angle": 22.5, "axis": "z", "origin": [3.188, 6.56155, 5.36837]},
			"faces": {
				"north": {"uv": [3, 4, 4, 7], "texture": "#1"},
				"east": {"uv": [0, 0, 0, 0], "texture": "#1"},
				"south": {"uv": [3, 4, 4, 7], "texture": "#1"},
				"west": {"uv": [3, 4, 0, 7], "texture": "#1"},
				"up": {"uv": [0, 8, 3, 7], "rotation": 90, "texture": "#1"},
				"down": {"uv": [0, 0, 0, 0], "rotation": 270, "texture": "#1"}
			}
		},
		{
			"from": [1.10607, 3.57312, 5.55537],
			"to": [2.60607, 4.07312, 6.05537],
			"rotation": {"angle": -22.5, "axis": "z", "origin": [1.35607, 3.82312, 6.80537]},
			"faces": {
				"north": {"uv": [9.5, 0, 8, 0.5], "texture": "#1"},
				"east": {"uv": [11, 0, 10.5, 0.5], "texture": "#1"},
				"south": {"uv": [9.5, 0, 8, 0.5], "texture": "#1"},
				"west": {"uv": [11, 0, 10.5, 0.5], "texture": "#1"},
				"up": {"uv": [9.5, 0, 8, 0.5], "texture": "#1"},
				"down": {"uv": [9.5, 0, 8, 0.5], "texture": "#1"}
			}
		},
		{
			"from": [0.60607, 3.57312, 6.05537],
			"to": [1.10607, 4.07312, 9.55537],
			"rotation": {"angle": -22.5, "axis": "z", "origin": [1.35607, 3.82312, 6.80537]},
			"faces": {
				"north": {"uv": [11, 0, 10.5, 0.5], "texture": "#1"},
				"east": {"uv": [10.5, 0, 7, 0.5], "texture": "#1"},
				"south": {"uv": [11, 0, 10.5, 0.5], "texture": "#1"},
				"west": {"uv": [10.5, 0, 7, 0.5], "texture": "#1"},
				"up": {"uv": [7, 0.5, 10.5, 0], "rotation": 90, "texture": "#1"},
				"down": {"uv": [7, 0.5, 10.5, 0], "rotation": 90, "texture": "#1"}
			}
		},
		{
			"from": [4, 0, 4],
			"to": [12, 0, 12],
			"rotation": {"angle": 0, "axis": "y", "origin": [4, 0, -5]},
			"faces": {
				"up": {"uv": [1, 1, 15, 15], "texture": "#0"},
				"down": {"uv": [1, 1, 15, 15], "texture": "#0"}
			}
		},
		{
			"from": [4, 8, 4],
			"to": [12, 8, 12],
			"rotation": {"angle": 0, "axis": "y", "origin": [4, 0, -5]},
			"faces": {
				"up": {"uv": [1, 1, 15, 15], "texture": "#0"},
				"down": {"uv": [0, 0, 8, 8], "texture": "#missing"}
			}
		},
		{
			"from": [4, 6.75, 4],
			"to": [12, 6.75, 12],
			"rotation": {"angle": 0, "axis": "y", "origin": [4, 0, -5]},
			"faces": {
				"up": {"uv": [0, 0, 8, 8], "texture": "#missing"},
				"down": {"uv": [1, 1, 15, 15], "texture": "#0"}
			}
		},
		{
			"from": [4, 0, 4],
			"to": [4, 8, 12],
			"rotation": {"angle": 0, "axis": "y", "origin": [4, 0, -5]},
			"faces": {
				"east": {"uv": [1, 1, 15, 15], "texture": "#0"},
				"west": {"uv": [1, 1, 15, 15], "texture": "#0"}
			}
		},
		{
			"from": [12, 0, 4],
			"to": [12, 8, 12],
			"rotation": {"angle": 0, "axis": "y", "origin": [4, 0, -5]},
			"faces": {
				"east": {"uv": [1, 1, 15, 15], "texture": "#0"},
				"west": {"uv": [0, 0, 16, 16], "texture": "#0"}
			}
		},
		{
			"from": [4, 0, 12],
			"to": [12, 8, 12],
			"rotation": {"angle": 0, "axis": "y", "origin": [4, 0, -5]},
			"faces": {
				"north": {"uv": [1, 1, 15, 15], "texture": "#0"},
				"south": {"uv": [1, 1, 15, 15], "texture": "#0"}
			}
		},
		{
			"from": [4, 6, 4],
			"to": [12, 8, 4],
			"rotation": {"angle": 0, "axis": "y", "origin": [4, 0, -5]},
			"faces": {
				"north": {"uv": [1, 1, 15, 4.5], "texture": "#0"},
				"south": {"uv": [1, 1, 15, 4.5], "texture": "#0"}
			}
		},
		{
			"from": [4, 0, 4],
			"to": [12, 2, 4],
			"rotation": {"angle": 0, "axis": "y", "origin": [4, 0, -5]},
			"faces": {
				"north": {"uv": [1, 11.5, 15, 15], "texture": "#0"},
				"south": {"uv": [1, 11.5, 15, 15], "texture": "#0"}
			}
		},
		{
			"from": [11, 2, 4],
			"to": [12, 6, 4],
			"rotation": {"angle": 0, "axis": "y", "origin": [4, 0, -5]},
			"faces": {
				"north": {"uv": [2, 4.5, 4, 11.5], "texture": "#0"},
				"south": {"uv": [2, 4.5, 4, 11.5], "texture": "#0"}
			}
		},
		{
			"from": [4, 2, 4],
			"to": [5, 6, 4],
			"rotation": {"angle": 0, "axis": "y", "origin": [4, 0, -5]},
			"faces": {
				"north": {"uv": [12, 4, 14, 12], "texture": "#0"},
				"south": {"uv": [12, 4, 14, 12], "texture": "#0"}
			}
		}
	],
	"display": {
		"thirdperson_righthand": {
			"rotation": [75, 45, 0],
			"translation": [0, 1.5, 0],
			"scale": [0.375, 0.375, 0.375]
		},
		"thirdperson_lefthand": {
			"rotation": [75, 45, 0],
			"translation": [0, 1.5, 0],
			"scale": [0.375, 0.375, 0.375]
		},
		"firstperson_righthand": {
			"rotation": [0, 225, 0],
			"scale": [0.4, 0.4, 0.4]
		},
		"firstperson_lefthand": {
			"rotation": [0, 225, 0],
			"scale": [0.4, 0.4, 0.4]
		},
		"ground": {
			"translation": [0, 3, 0],
			"scale": [0.25, 0.25, 0.25]
		},
		"gui": {
			"rotation": [30, 225, 0],
			"translation": [0, 1.5, 0],
			"scale": [0.625, 0.625, 0.625]
		},
		"head": {
			"translation": [0, 7.21, 0],
			"scale": [1.81, 1.81, 1.81]
		},
		"fixed": {
			"rotation": [-90, 0, 0],
			"translation": [0, 0, -25.75],
			"scale": [3.44, 3.44, 3.44]
		}
	},
	"groups": [
		{
			"name": "garfield_hood",
			"origin": [8, 8, 8],
			"color": 0,
			"children": [
				{
					"name": "detailed_mouth",
					"origin": [4.35952, 2.5334, 3.5],
					"color": 0,
					"children": []
				},
				{
					"name": "group",
					"origin": [0, 0, 0],
					"color": 0,
					"children": [0, 1, 2, 3, 4, 5, 6, 7, 8, 9, 10, 11, 12, 13, 14, 15, 16, 17]
				},
				18,
				19,
				20,
				21,
				22,
				23,
				24,
				25,
				26,
				27
			]
		}
	]
}