{
	"credit": "Made with Blockbench",
	"texture_size": [128, 128],
	"textures": {
		"0": "item/princesshair",
		"particle": "item/princesshair"
	},
	"elements": [
		{
			"from": [5.5, 16.69239, -1],
			"to": [11.5, 22.69239, 1],
			"rotation": {"angle": -45, "axis": "z", "origin": [8.5, 19.69239, 0]},
			"faces": {
				"north": {"uv": [11, 12, 11.75, 12.75], "texture": "#0"},
				"east": {"uv": [8.25, 1.5, 8.5, 2.25], "texture": "#0"},
				"south": {"uv": [11.75, 12, 12.5, 12.75], "texture": "#0"},
				"west": {"uv": [6.25, 8.5, 6.5, 9.25], "texture": "#0"},
				"up": {"uv": [5.25, 6.625, 4.5, 6.375], "texture": "#0"},
				"down": {"uv": [7.5, 4, 6.75, 4.25], "texture": "#0"}
			}
		},
		{
			"from": [5.5, 15.69239, 0.5],
			"to": [11.5, 21.69239, 9.5],
			"rotation": {"angle": -45, "axis": "z", "origin": [8.5, 18.69239, 1.5]},
			"faces": {
				"north": {"uv": [12.125, 1.5, 12.875, 2.25], "texture": "#0"},
				"east": {"uv": [10.75, 0, 11.875, 0.75], "texture": "#0"},
				"south": {"uv": [2.25, 12.125, 3, 12.875], "texture": "#0"},
				"west": {"uv": [10.75, 0.75, 11.875, 1.5], "texture": "#0"},
				"up": {"uv": [5.25, 6.375, 4.5, 5.25], "texture": "#0"},
				"down": {"uv": [3, 10.125, 2.25, 11.25], "texture": "#0"}
			}
		},
		{
			"from": [3.75, 14.75305, 4.5],
			"to": [10, 22.25305, 13.5],
			"rotation": {"angle": 22.5, "axis": "z", "origin": [7.5, 18.50305, 9]},
			"faces": {
				"north": {"uv": [9, 11, 9.75, 12], "texture": "#0"},
				"east": {"uv": [9.25, 2.25, 10.375, 3.25], "texture": "#0"},
				"south": {"uv": [6.25, 11.125, 7, 12.125], "texture": "#0"},
				"west": {"uv": [4.5, 9.25, 5.625, 10.25], "texture": "#0"},
				"up": {"uv": [4.5, 11.875, 3.75, 10.75], "texture": "#0"},
				"down": {"uv": [11.5, 4, 10.75, 5.125], "texture": "#0"}
			}
		},
		{
			"from": [6.75, 14.75305, 4.5],
			"to": [13.25, 22.25305, 13.5],
			"rotation": {"angle": -22.5, "axis": "z", "origin": [9.5, 18.50305, 9]},
			"faces": {
				"north": {"uv": [10.375, 2.25, 11.25, 3.25], "texture": "#0"},
				"east": {"uv": [9.25, 5.5, 10.375, 6.5], "texture": "#0"},
				"south": {"uv": [10.375, 5.5, 11.25, 6.5], "texture": "#0"},
				"west": {"uv": [5.625, 9.25, 6.75, 10.25], "texture": "#0"},
				"up": {"uv": [5.375, 11.375, 4.5, 10.25], "texture": "#0"},
				"down": {"uv": [6.25, 10.25, 5.375, 11.375], "texture": "#0"}
			}
		},
		{
			"from": [-3, 6.5, 0],
			"to": [3, 15, 4],
			"rotation": {"angle": -45, "axis": "z", "origin": [8.5, 10.5, 9.5]},
			"faces": {
				"north": {"uv": [3, 11, 3.75, 12.125], "texture": "#0"},
				"east": {"uv": [6.75, 9, 7.25, 10.125], "texture": "#0"},
				"south": {"uv": [8.25, 11, 9, 12.125], "texture": "#0"},
				"west": {"uv": [7.75, 11.5, 8.25, 12.625], "texture": "#0"},
				"up": {"uv": [0.75, 13.25, 0, 12.75], "texture": "#0"},
				"down": {"uv": [1.5, 12.75, 0.75, 13.25], "texture": "#0"}
			}
		},
		{
			"from": [-2.75, 7.5, 4],
			"to": [2.25, 14.5, 12],
			"rotation": {"angle": -45, "axis": "z", "origin": [8.5, 10.5, 13.5]},
			"faces": {
				"north": {"uv": [12.25, 7.25, 12.875, 8.125], "texture": "#0"},
				"east": {"uv": [10.25, 10.375, 11.25, 11.25], "texture": "#0"},
				"south": {"uv": [12.25, 8.125, 12.875, 9], "texture": "#0"},
				"west": {"uv": [10.5, 7.25, 11.5, 8.125], "texture": "#0"},
				"up": {"uv": [10.375, 13, 9.75, 12], "texture": "#0"},
				"down": {"uv": [11, 12, 10.375, 13], "texture": "#0"}
			}
		},
		{
			"from": [4, 16, 0],
			"to": [12.25, 22, 4],
			"rotation": {"angle": -45, "axis": "z", "origin": [8.5, 10.5, 9.5]},
			"faces": {
				"north": {"uv": [11.25, 2.25, 12.25, 3], "texture": "#0"},
				"east": {"uv": [7.75, 12.625, 8.25, 13.375], "texture": "#0"},
				"south": {"uv": [11.25, 5.125, 12.25, 5.875], "texture": "#0"},
				"west": {"uv": [1.5, 12.75, 2, 13.5], "texture": "#0"},
				"up": {"uv": [13.25, 6.5, 12.25, 6], "texture": "#0"},
				"down": {"uv": [13.25, 11.125, 12.25, 11.625], "texture": "#0"}
			}
		},
		{
			"from": [4.25, 16.75, 4],
			"to": [11.25, 21.75, 12],
			"rotation": {"angle": -45, "axis": "z", "origin": [8.5, 10.5, 13.5]},
			"faces": {
				"north": {"uv": [12.25, 9, 13.125, 9.625], "texture": "#0"},
				"east": {"uv": [11.25, 5.875, 12.25, 6.5], "texture": "#0"},
				"south": {"uv": [12.25, 9.625, 13.125, 10.25], "texture": "#0"},
				"west": {"uv": [11.875, 0.875, 12.875, 1.5], "texture": "#0"},
				"up": {"uv": [8.25, 11.5, 7.375, 10.5], "texture": "#0"},
				"down": {"uv": [11.375, 8.125, 10.5, 9.125], "texture": "#0"}
			}
		},
		{
			"from": [2.5, 19.25, 0.5],
			"to": [3.75, 22.25, 4],
			"rotation": {"angle": -45, "axis": "z", "origin": [7, 10.75, 9.5]},
			"faces": {
				"north": {"uv": [7, 11.125, 7.125, 11.5], "texture": "#0"},
				"east": {"uv": [8.25, 10.5, 8.75, 10.875], "texture": "#0"},
				"south": {"uv": [7.125, 11.125, 7.25, 11.5], "texture": "#0"},
				"west": {"uv": [10.5, 9.125, 11, 9.5], "texture": "#0"},
				"up": {"uv": [5.875, 13.375, 5.75, 12.875], "texture": "#0"},
				"down": {"uv": [6, 12.875, 5.875, 13.375], "texture": "#0"}
			}
		},
		{
			"from": [-4.5, 21, 0.5],
			"to": [-2.25, 22.25, 4],
			"rotation": {"angle": -45, "axis": "z", "origin": [0, 10.75, 9.5]},
			"faces": {
				"north": {"uv": [6.5, 2.25, 6.75, 2.375], "texture": "#0"},
				"east": {"uv": [7.5, 6.5, 8, 6.625], "texture": "#0"},
				"south": {"uv": [1.5, 7.5, 1.75, 7.625], "texture": "#0"},
				"west": {"uv": [6.75, 10.125, 7.25, 10.25], "texture": "#0"},
				"up": {"uv": [1.75, 7.5, 1.5, 7], "texture": "#0"},
				"down": {"uv": [2.25, 12.5, 2, 13], "texture": "#0"}
			}
		},
		{
			"from": [-2, 16, 0.5],
			"to": [-0.5, 17.5, 1.75],
			"rotation": {"angle": 0, "axis": "y", "origin": [-2, -0.5, 0.5]},
			"faces": {
				"north": {"uv": [9, 5.5, 9.25, 5.75], "texture": "#0"},
				"east": {"uv": [7.875, 10.25, 8, 10.5], "texture": "#0"},
				"south": {"uv": [6.5, 9, 6.75, 9.25], "texture": "#0"},
				"west": {"uv": [10, 11, 10.125, 11.25], "texture": "#0"},
				"up": {"uv": [11, 5.5, 10.75, 5.375], "texture": "#0"},
				"down": {"uv": [8.5, 10.875, 8.25, 11], "texture": "#0"}
			}
		},
		{
			"from": [17.5, 16, 0.5],
			"to": [19, 17.5, 1.75],
			"rotation": {"angle": 0, "axis": "y", "origin": [17.5, -0.5, 0.5]},
			"faces": {
				"north": {"uv": [7.375, 10.25, 7.625, 10.5], "texture": "#0"},
				"east": {"uv": [10.125, 11, 10.25, 11.25], "texture": "#0"},
				"south": {"uv": [7.625, 10.25, 7.875, 10.5], "texture": "#0"},
				"west": {"uv": [7.25, 11.125, 7.375, 11.375], "texture": "#0"},
				"up": {"uv": [8.75, 11, 8.5, 10.875], "texture": "#0"},
				"down": {"uv": [11.25, 5.375, 11, 5.5], "texture": "#0"}
			}
		},
		{
			"from": [4.25, 18.75, 0.5],
			"to": [12.5, 20.5, 15.5],
			"rotation": {"angle": 0, "axis": "y", "origin": [7.75, 3, 0.5]},
			"faces": {
				"north": {"uv": [12.5, 12.75, 13.5, 13], "texture": "#0"},
				"east": {"uv": [12.25, 11.625, 14.125, 11.875], "texture": "#0"},
				"south": {"uv": [12.875, 0.875, 13.875, 1.125], "texture": "#0"},
				"west": {"uv": [0, 12.5, 1.875, 12.75], "texture": "#0"},
				"up": {"uv": [5.5, 8.5, 4.5, 6.625], "texture": "#0"},
				"down": {"uv": [6.5, 6.625, 5.5, 8.5], "texture": "#0"}
			}
		},
		{
			"from": [1.25, 4.5, 9.5],
			"to": [16, 18.75, 15.5],
			"rotation": {"angle": 0, "axis": "y", "origin": [7.75, 4.75, 2.5]},
			"faces": {
				"north": {"uv": [0, 0, 1.75, 1.75], "texture": "#0"},
				"east": {"uv": [7.5, 4, 8.25, 5.75], "texture": "#0"},
				"south": {"uv": [0, 1.75, 1.75, 3.5], "texture": "#0"},
				"west": {"uv": [1.5, 7.625, 2.25, 9.375], "texture": "#0"},
				"up": {"uv": [9.25, 6.5, 7.5, 5.75], "texture": "#0"},
				"down": {"uv": [9.75, 6.5, 8, 7.25], "texture": "#0"}
			}
		},
		{
			"from": [3, -11, 14.5],
			"to": [17.25, 2.75, 20.5],
			"rotation": {"angle": 45, "axis": "z", "origin": [3.25, -3.25, 7.5]},
			"faces": {
				"north": {"uv": [1.75, 0, 3.5, 1.75], "texture": "#0"},
				"east": {"uv": [2.25, 7.625, 3, 9.375], "texture": "#0"},
				"south": {"uv": [1.75, 1.75, 3.5, 3.5], "texture": "#0"},
				"west": {"uv": [8, 7.25, 8.75, 9], "texture": "#0"},
				"up": {"uv": [10, 0.75, 8.25, 0], "texture": "#0"},
				"down": {"uv": [10, 0.75, 8.25, 1.5], "texture": "#0"}
			}
		},
		{
			"from": [1.75, -2.75, 15.25],
			"to": [15.5, 11.5, 21.25],
			"rotation": {"angle": -45, "axis": "x", "origin": [8.625, 4.375, 18.25]},
			"faces": {
				"north": {"uv": [0, 3.5, 1.75, 5.25], "texture": "#0"},
				"east": {"uv": [8.25, 4, 9, 5.75], "texture": "#0"},
				"south": {"uv": [3.5, 0, 5.25, 1.75], "texture": "#0"},
				"west": {"uv": [8.5, 1.5, 9.25, 3.25], "texture": "#0"},
				"up": {"uv": [10.25, 4, 8.5, 3.25], "texture": "#0"},
				"down": {"uv": [6.25, 8.5, 4.5, 9.25], "texture": "#0"}
			}
		},
		{
			"from": [1.25, 15.375, 8.125],
			"to": [16, 22.625, 17.375],
			"rotation": {"angle": 22.5, "axis": "x", "origin": [8.625, 19.375, 10.25]},
			"faces": {
				"north": {"uv": [6.75, 2.25, 8.5, 3.125], "texture": "#0"},
				"east": {"uv": [6.25, 10.25, 7.375, 11.125], "texture": "#0"},
				"south": {"uv": [6.75, 3.125, 8.5, 4], "texture": "#0"},
				"west": {"uv": [10.25, 9.5, 11.375, 10.375], "texture": "#0"},
				"up": {"uv": [8.25, 1.125, 6.5, 0], "texture": "#0"},
				"down": {"uv": [8.25, 1.125, 6.5, 2.25], "texture": "#0"}
			}
		},
		{
			"from": [2.5, 2.25, 14.25],
			"to": [14.75, 17.5, 20.65],
			"rotation": {"angle": -22.5, "axis": "x", "origin": [8.625, 9.375, 17.25]},
			"faces": {
				"north": {"uv": [5.25, 2.375, 6.75, 4.25], "texture": "#0"},
				"east": {"uv": [3.75, 7.125, 4.5, 9], "texture": "#0"},
				"south": {"uv": [3, 5.25, 4.5, 7.125], "texture": "#0"},
				"west": {"uv": [7.25, 6.625, 8, 8.5], "texture": "#0"},
				"up": {"uv": [1.5, 10.125, 0, 9.375], "texture": "#0"},
				"down": {"uv": [3, 9.375, 1.5, 10.125], "texture": "#0"}
			}
		},
		{
			"from": [1.75, -8.625, 11.125],
			"to": [15.5, -2.625, 25.375],
			"rotation": {"angle": -45, "axis": "x", "origin": [8.625, -5.625, 18.25]},
			"faces": {
				"north": {"uv": [8.75, 7.25, 10.5, 8], "texture": "#0"},
				"east": {"uv": [8.75, 8, 10.5, 8.75], "texture": "#0"},
				"south": {"uv": [8.75, 8.75, 10.5, 9.5], "texture": "#0"},
				"west": {"uv": [9, 4, 10.75, 4.75], "texture": "#0"},
				"up": {"uv": [3.5, 5.25, 1.75, 3.5], "texture": "#0"},
				"down": {"uv": [5.25, 1.75, 3.5, 3.5], "texture": "#0"}
			}
		},
		{
			"from": [1.75, -12.5, 10.5],
			"to": [15.5, 1.75, 16.5],
			"rotation": {"angle": 45, "axis": "z", "origin": [8.625, -5.375, 13.5]},
			"faces": {
				"north": {"uv": [3.5, 3.5, 5.25, 5.25], "texture": "#0"},
				"east": {"uv": [7.25, 8.5, 8, 10.25], "texture": "#0"},
				"south": {"uv": [0, 5.25, 1.75, 7], "texture": "#0"},
				"west": {"uv": [3.75, 9, 4.5, 10.75], "texture": "#0"},
				"up": {"uv": [10.75, 5.5, 9, 4.75], "texture": "#0"},
				"down": {"uv": [11, 1.5, 9.25, 2.25], "texture": "#0"}
			}
		},
		{
			"from": [0.64017, -12.89169, 10.5],
			"to": [7.14017, -6.64169, 16.5],
			"rotation": {"angle": 22.5, "axis": "z", "origin": [3.89017, -9.76669, 13.5]},
			"faces": {
				"north": {"uv": [9.75, 11.25, 10.625, 12], "texture": "#0"},
				"east": {"uv": [3, 12.125, 3.75, 12.875], "texture": "#0"},
				"south": {"uv": [11.25, 10.375, 12.125, 11.125], "texture": "#0"},
				"west": {"uv": [4.5, 12.125, 5.25, 12.875], "texture": "#0"},
				"up": {"uv": [11.5, 12, 10.625, 11.25], "texture": "#0"},
				"down": {"uv": [5.375, 11.375, 4.5, 12.125], "texture": "#0"}
			}
		},
		{
			"from": [0.64017, -6.89169, 15.5],
			"to": [7.14017, -0.64169, 21.5],
			"rotation": {"angle": 22.5, "axis": "z", "origin": [3.89017, -3.76669, 18.5]},
			"faces": {
				"north": {"uv": [5.375, 11.375, 6.25, 12.125], "texture": "#0"},
				"east": {"uv": [5.25, 12.125, 6, 12.875], "texture": "#0"},
				"south": {"uv": [11.375, 8.125, 12.25, 8.875], "texture": "#0"},
				"west": {"uv": [6, 12.125, 6.75, 12.875], "texture": "#0"},
				"up": {"uv": [12.25, 9.625, 11.375, 8.875], "texture": "#0"},
				"down": {"uv": [12.25, 9.625, 11.375, 10.375], "texture": "#0"}
			}
		},
		{
			"from": [10.76517, -13.26669, 10.5],
			"to": [17.01517, -6.76669, 16.5],
			"rotation": {"angle": -22.5, "axis": "z", "origin": [13.89017, -10.01669, 13.5]},
			"faces": {
				"north": {"uv": [2.25, 11.25, 3, 12.125], "texture": "#0"},
				"east": {"uv": [11.5, 3, 12.25, 3.875], "texture": "#0"},
				"south": {"uv": [11.5, 3.875, 12.25, 4.75], "texture": "#0"},
				"west": {"uv": [7, 11.5, 7.75, 12.375], "texture": "#0"},
				"up": {"uv": [12.875, 7.25, 12.125, 6.5], "texture": "#0"},
				"down": {"uv": [9, 12.125, 8.25, 12.875], "texture": "#0"}
			}
		},
		{
			"from": [10.51517, -7.01669, 15.5],
			"to": [16.76517, -0.51669, 21.5],
			"rotation": {"angle": -22.5, "axis": "z", "origin": [13.64017, -3.76669, 18.5]},
			"faces": {
				"north": {"uv": [11.5, 7.25, 12.25, 8.125], "texture": "#0"},
				"east": {"uv": [11.5, 11.125, 12.25, 12], "texture": "#0"},
				"south": {"uv": [0, 11.625, 0.75, 12.5], "texture": "#0"},
				"west": {"uv": [0.75, 11.625, 1.5, 12.5], "texture": "#0"},
				"up": {"uv": [12.875, 11.125, 12.125, 10.375], "texture": "#0"},
				"down": {"uv": [13, 2.25, 12.25, 3], "texture": "#0"}
			}
		},
		{
			"from": [8.65851, -9.23044, 9.5],
			"to": [18.65851, 9.76956, 15.5],
			"rotation": {"angle": 22.5, "axis": "z", "origin": [15.65851, 3.76956, 12.5]},
			"faces": {
				"north": {"uv": [5.25, 0, 6.5, 2.375], "texture": "#0"},
				"east": {"uv": [6.5, 6.625, 7.25, 9], "texture": "#0"},
				"south": {"uv": [1.75, 5.25, 3, 7.625], "texture": "#0"},
				"west": {"uv": [0, 7, 0.75, 9.375], "texture": "#0"},
				"up": {"uv": [11, 7.25, 9.75, 6.5], "texture": "#0"},
				"down": {"uv": [11.5, 3.25, 10.25, 4], "texture": "#0"}
			}
		},
		{
			"from": [-0.26537, -8.84776, 9.5],
			"to": [8.73463, 10.15224, 15.5],
			"rotation": {"angle": -22.5, "axis": "z", "origin": [1.73463, 4.15224, 12.5]},
			"faces": {
				"north": {"uv": [5.25, 4.25, 6.375, 6.625], "texture": "#0"},
				"east": {"uv": [0.75, 7, 1.5, 9.375], "texture": "#0"},
				"south": {"uv": [6.375, 4.25, 7.5, 6.625], "texture": "#0"},
				"west": {"uv": [3, 7.125, 3.75, 9.5], "texture": "#0"},
				"up": {"uv": [12.125, 2.25, 11, 1.5], "texture": "#0"},
				"down": {"uv": [12.125, 6.5, 11, 7.25], "texture": "#0"}
			}
		},
		{
			"from": [15, 9.25, 2],
			"to": [16, 13.25, 4.25],
			"rotation": {"angle": 0, "axis": "y", "origin": [15, 11.25, 2.5]},
			"faces": {
				"north": {"uv": [6, 12.875, 6.125, 13.375], "texture": "#0"},
				"east": {"uv": [4.25, 12.75, 4.5, 13.25], "texture": "#0"},
				"south": {"uv": [6.125, 12.875, 6.25, 13.375], "texture": "#0"},
				"west": {"uv": [12.875, 1.125, 13.125, 1.625], "texture": "#0"},
				"up": {"uv": [11.375, 3.25, 11.25, 3], "texture": "#0"},
				"down": {"uv": [11.375, 9.125, 11.25, 9.375], "texture": "#0"}
			}
		},
		{
			"from": [0.75, 9.25, 2.25],
			"to": [1.75, 13.25, 4.5],
			"rotation": {"angle": 0, "axis": "y", "origin": [0.75, 11.25, 2.5]},
			"faces": {
				"north": {"uv": [6.25, 12.875, 6.375, 13.375], "texture": "#0"},
				"east": {"uv": [12.875, 1.625, 13.125, 2.125], "texture": "#0"},
				"south": {"uv": [6.375, 12.875, 6.5, 13.375], "texture": "#0"},
				"west": {"uv": [2.25, 12.875, 2.5, 13.375], "texture": "#0"},
				"up": {"uv": [11.5, 3.25, 11.375, 3], "texture": "#0"},
				"down": {"uv": [11.625, 4.75, 11.5, 5], "texture": "#0"}
			}
		},
		{
			"from": [-0.26537, 5.15224, 5.5],
			"to": [5.73463, 17.15224, 11.5],
			"rotation": {"angle": -22.5, "axis": "z", "origin": [1.73463, 11.15224, 8.5]},
			"faces": {
				"north": {"uv": [8, 9, 8.75, 10.5], "texture": "#0"},
				"east": {"uv": [3, 9.5, 3.75, 11], "texture": "#0"},
				"south": {"uv": [8.75, 9.5, 9.5, 11], "texture": "#0"},
				"west": {"uv": [9.5, 9.5, 10.25, 11], "texture": "#0"},
				"up": {"uv": [13, 3.75, 12.25, 3], "texture": "#0"},
				"down": {"uv": [13, 3.75, 12.25, 4.5], "texture": "#0"}
			}
		},
		{
			"from": [-0.01537, 10.65224, 5.5],
			"to": [3.98463, 17.15224, 11.5],
			"rotation": {"angle": 0, "axis": "z", "origin": [1.98463, 11.15224, 8.5]},
			"faces": {
				"north": {"uv": [6.75, 12.375, 7.25, 13.25], "texture": "#0"},
				"east": {"uv": [1.5, 11.625, 2.25, 12.5], "texture": "#0"},
				"south": {"uv": [7.25, 12.375, 7.75, 13.25], "texture": "#0"},
				"west": {"uv": [11.875, 0, 12.625, 0.875], "texture": "#0"},
				"up": {"uv": [4.25, 13.5, 3.75, 12.75], "texture": "#0"},
				"down": {"uv": [11.5, 12.75, 11, 13.5], "texture": "#0"}
			}
		},
		{
			"from": [-2.4, 6.9, 5.75],
			"to": [-0.9, 8.7, 7],
			"rotation": {"angle": 22.5, "axis": "z", "origin": [-1.75, 7.75, 6.375]},
			"faces": {
				"north": {"uv": [10.75, 5.125, 11, 5.375], "texture": "#0"},
				"east": {"uv": [11.625, 4.75, 11.75, 5], "texture": "#0"},
				"south": {"uv": [11, 5.125, 11.25, 5.375], "texture": "#0"},
				"west": {"uv": [11.75, 4.75, 11.875, 5], "texture": "#0"},
				"up": {"uv": [11.25, 9.5, 11, 9.375], "texture": "#0"},
				"down": {"uv": [11.5, 11.125, 11.25, 11.25], "texture": "#0"}
			}
		},
		{
			"from": [13.01537, 10.65224, 5.5],
			"to": [17.01537, 17.15224, 11.5],
			"rotation": {"angle": 0, "axis": "z", "origin": [15.01537, 11.15224, 8.5]},
			"faces": {
				"north": {"uv": [12.5, 11.875, 13, 12.75], "texture": "#0"},
				"east": {"uv": [3.75, 11.875, 4.5, 12.75], "texture": "#0"},
				"south": {"uv": [12.625, 0, 13.125, 0.875], "texture": "#0"},
				"west": {"uv": [9, 12, 9.75, 12.875], "texture": "#0"},
				"up": {"uv": [12, 13.5, 11.5, 12.75], "texture": "#0"},
				"down": {"uv": [12.5, 12.75, 12, 13.5], "texture": "#0"}
			}
		},
		{
			"from": [11.26537, 5.15224, 5.5],
			"to": [17.26537, 17.15224, 11.5],
			"rotation": {"angle": 22.5, "axis": "z", "origin": [15.26537, 11.15224, 8.5]},
			"faces": {
				"north": {"uv": [10, 0, 10.75, 1.5], "texture": "#0"},
				"east": {"uv": [0, 10.125, 0.75, 11.625], "texture": "#0"},
				"south": {"uv": [0.75, 10.125, 1.5, 11.625], "texture": "#0"},
				"west": {"uv": [1.5, 10.125, 2.25, 11.625], "texture": "#0"},
				"up": {"uv": [13, 5.25, 12.25, 4.5], "texture": "#0"},
				"down": {"uv": [13, 5.25, 12.25, 6], "texture": "#0"}
			}
		},
		{
			"from": [18, 6.7, 5.75],
			"to": [19.65, 8.75, 7],
			"rotation": {"angle": -22.5, "axis": "z", "origin": [18.825, 7.975, 6.375]},
			"faces": {
				"north": {"uv": [11, 9.125, 11.25, 9.375], "texture": "#0"},
				"east": {"uv": [11.875, 4.75, 12, 5], "texture": "#0"},
				"south": {"uv": [9.75, 11, 10, 11.25], "texture": "#0"},
				"west": {"uv": [12, 4.75, 12.125, 5], "texture": "#0"},
				"up": {"uv": [11.75, 5.125, 11.5, 5], "texture": "#0"},
				"down": {"uv": [12, 5, 11.75, 5.125], "texture": "#0"}
			}
		},
		{
			"from": [7, 19.25, 7],
			"to": [8, 25.75, 8],
			"rotation": {"angle": 22.5, "axis": "y", "origin": [7.5, 24.5, 7.5]},
			"faces": {
				"north": {"uv": [3, 12.875, 3.125, 13.75], "texture": "#0"},
				"east": {"uv": [3.125, 12.875, 3.25, 13.75], "texture": "#0"},
				"south": {"uv": [3.25, 12.875, 3.375, 13.75], "texture": "#0"},
				"west": {"uv": [3.375, 12.875, 3.5, 13.75], "texture": "#0"},
				"up": {"uv": [11.375, 9.5, 11.25, 9.375], "texture": "#0"},
				"down": {"uv": [7.375, 11.375, 7.25, 11.5], "texture": "#0"}
			}
		},
		{
			"from": [8, 21.25, 6.5],
			"to": [9, 27.25, 7.5],
			"rotation": {"angle": 0, "axis": "y", "origin": [8, 23.25, 6.5]},
			"faces": {
				"north": {"uv": [3.5, 12.875, 3.625, 13.625], "texture": "#0"},
				"east": {"uv": [3.625, 12.875, 3.75, 13.625], "texture": "#0"},
				"south": {"uv": [4.5, 12.875, 4.625, 13.625], "texture": "#0"},
				"west": {"uv": [4.625, 12.875, 4.75, 13.625], "texture": "#0"},
				"up": {"uv": [12.125, 5.125, 12, 5], "texture": "#0"},
				"down": {"uv": [12.25, 4.75, 12.125, 4.875], "texture": "#0"}
			}
		},
		{
			"from": [9, 20.25, 7],
			"to": [10, 25.75, 8],
			"rotation": {"angle": -22.5, "axis": "y", "origin": [9.5, 24.5, 7.5]},
			"faces": {
				"north": {"uv": [4.75, 12.875, 4.875, 13.625], "texture": "#0"},
				"east": {"uv": [4.875, 12.875, 5, 13.625], "texture": "#0"},
				"south": {"uv": [5, 12.875, 5.125, 13.625], "texture": "#0"},
				"west": {"uv": [5.125, 12.875, 5.25, 13.625], "texture": "#0"},
				"up": {"uv": [12.25, 5, 12.125, 4.875], "texture": "#0"},
				"down": {"uv": [12.25, 5, 12.125, 5.125], "texture": "#0"}
			}
		},
		{
			"from": [6.25, 20.25, 8],
			"to": [7.25, 25.25, 9],
			"rotation": {"angle": 45, "axis": "y", "origin": [6.75, 24.25, 8.5]},
			"faces": {
				"north": {"uv": [5.25, 12.875, 5.375, 13.5], "texture": "#0"},
				"east": {"uv": [5.375, 12.875, 5.5, 13.5], "texture": "#0"},
				"south": {"uv": [5.5, 12.875, 5.625, 13.5], "texture": "#0"},
				"west": {"uv": [5.625, 12.875, 5.75, 13.5], "texture": "#0"},
				"up": {"uv": [6.875, 12.25, 6.75, 12.125], "texture": "#0"},
				"down": {"uv": [7, 12.125, 6.875, 12.25], "texture": "#0"}
			}
		},
		{
			"from": [9.75, 17.25, 8],
			"to": [10.75, 25.25, 9],
			"rotation": {"angle": -45, "axis": "y", "origin": [10.25, 24.25, 8.5]},
			"faces": {
				"north": {"uv": [2.5, 12.875, 2.625, 13.875], "texture": "#0"},
				"east": {"uv": [2.625, 12.875, 2.75, 13.875], "texture": "#0"},
				"south": {"uv": [2.75, 12.875, 2.875, 13.875], "texture": "#0"},
				"west": {"uv": [2.875, 12.875, 3, 13.875], "texture": "#0"},
				"up": {"uv": [6.875, 12.375, 6.75, 12.25], "texture": "#0"},
				"down": {"uv": [7, 12.25, 6.875, 12.375], "texture": "#0"}
			}
		}
	],
	"display": {
		"thirdperson_righthand": {
			"rotation": [75, 45, 0],
			"translation": [0, 2.5, 0],
			"scale": [0.375, 0.375, 0.375]
		},
		"thirdperson_lefthand": {
			"rotation": [75, 45, 0],
			"translation": [0, 2.5, 0],
			"scale": [0.375, 0.375, 0.375]
		},
		"firstperson_righthand": {
			"rotation": [0, 45, 0],
			"scale": [0.4, 0.4, 0.4]
		},
		"firstperson_lefthand": {
			"rotation": [0, 45, 0],
			"scale": [0.4, 0.4, 0.4]
		},
		"ground": {
			"translation": [0, 3, 0],
			"scale": [0.25, 0.25, 0.25]
		},
		"gui": {
			"rotation": [30, 225, 0],
			"translation": [1.5, 0.75, 0],
			"scale": [0.4, 0.4, 0.4]
		},
		"head": {
			"translation": [-0.5, -4, 0]
		},
		"fixed": {
			"rotation": [2, 0, 0],
			"translation": [0, 0.25, -8]
		}
	},
	"groups": [
		{
			"name": "group",
			"origin": [0, 0, 0],
			"color": 0,
			"children": [
				0,
				1,
				2,
				3,
				4,
				5,
				6,
				7,
				8,
				9,
				10,
				11,
				12,
				13,
				14,
				15,
				16,
				17,
				18,
				19,
				20,
				21,
				22,
				23,
				{
					"name": "group",
					"origin": [8, 8, 8],
					"color": 0,
					"children": [24, 25]
				},
				{
					"name": "group",
					"origin": [8, 8, 8],
					"color": 0,
					"children": [26, 27]
				},
				{
					"name": "group",
					"origin": [1.23463, 11.15224, 5],
					"color": 0,
					"children": [
						{
							"name": "group",
							"origin": [1.23463, 11.15224, 5],
							"color": 0,
							"children": [28, 29, 30]
						},
						{
							"name": "group",
							"origin": [1.23463, 11.15224, 5],
							"color": 0,
							"children": [31, 32, 33]
						}
					]
				},
				{
					"name": "group",
					"origin": [0, 0, 0],
					"color": 0,
					"children": [34, 35, 36, 37, 38]
				}
			]
		}
	]
}