{
	"credit": "Made with Blockbench",
	"ambientocclusion": false,
	"texture_size": [64, 64],
	"textures": {
		"1": "item/mc_wandering_trader"
	},
	"elements": [
		{
			"name": "head",
			"from": [4, 6, 4],
			"to": [12, 10, 12],
			"rotation": {"angle": 0, "axis": "y", "origin": [4, -3, 4]},
			"faces": {
				"north": {"uv": [2, 2, 4, 3.25], "texture": "#1"},
				"east": {"uv": [0, 2, 2, 3.25], "texture": "#1"},
				"south": {"uv": [6, 2, 8, 3.25], "texture": "#1"},
				"west": {"uv": [4, 2, 6, 3.25], "texture": "#1"},
				"up": {"uv": [2, 0, 4, 2], "texture": "#1"},
				"down": {"uv": [2, 0, 4, 2], "texture": "#1"}
			}
		},
		{
			"name": "headwear",
			"from": [12.25, -0.25, 3.75],
			"to": [12.25, 10.25, 12.25],
			"rotation": {"angle": 0, "axis": "y", "origin": [4, 3, 4]},
			"faces": {
				"east": {"uv": [8, 2, 10, 4.5], "texture": "#1"},
				"west": {"uv": [12, 2, 14, 4.5], "texture": "#1"}
			}
		},
		{
			"name": "headwear",
			"from": [3.75, -0.25, 3.75],
			"to": [3.75, 10.25, 12.25],
			"rotation": {"angle": 0, "axis": "y", "origin": [12, 3, 4]},
			"faces": {
				"east": {"uv": [14, 2, 12, 4.5], "texture": "#1"},
				"west": {"uv": [10, 2, 8, 4.5], "texture": "#1"}
			}
		},
		{
			"name": "headwear",
			"from": [3.75, -0.25, 12.25],
			"to": [12.25, 10.25, 12.25],
			"rotation": {"angle": 0, "axis": "y", "origin": [4, 3, 4]},
			"faces": {
				"north": {"uv": [14, 2, 16, 4.5], "texture": "#1"},
				"south": {"uv": [14, 2, 16, 4.5], "texture": "#1"}
			}
		},
		{
			"name": "headwear",
			"from": [3.75, -0.25, 3.75],
			"to": [12.25, 10.25, 3.75],
			"rotation": {"angle": 0, "axis": "y", "origin": [4, 3, 12]},
			"faces": {
				"north": {"uv": [12, 2, 10, 4.5], "texture": "#1"},
				"south": {"uv": [12, 2, 10, 4.5], "texture": "#1"}
			}
		}
	],
	"display": {
		"thirdperson_righthand": {
			"rotation": [75, 45, 0],
			"translation": [0, 2.5, 0],
			"scale": [0.375, 0.375, 0.375]
		},
		"thirdperson_lefthand": {
			"rotation": [75, 45, 0],
			"translation": [0, 2.5, 0],
			"scale": [0.375, 0.375, 0.375]
		},
		"firstperson_righthand": {
			"rotation": [0, 45, 0],
			"scale": [0.4, 0.4, 0.4]
		},
		"firstperson_lefthand": {
			"rotation": [0, 225, 0],
			"scale": [0.4, 0.4, 0.4]
		},
		"ground": {
			"translation": [0, 3, 0],
			"scale": [0.25, 0.25, 0.25]
		},
		"gui": {
			"rotation": [30, 225, 0],
			"translation": [0, 1, 0],
			"scale": [0.625, 0.625, 0.625]
		},
		"head": {
			"translation": [0, 6, 0],
			"scale": [1.81, 1.81, 1.81]
		},
		"fixed": {
			"rotation": [-90, 0, 0],
			"translation": [0, 0, -18.5],
			"scale": [2.83, 2.83, 2.83]
		}
	}
}