{
	"credit": "Made with Blockbench",
	"ambientocclusion": false,
	"texture_size": [64, 64],
	"textures": {
		"0": "item/hood_miku_hair",
		"particle": "item/hood_miku_hair"
	},
	"elements": [
		{
			"from": [2.999, 2.499, 9.499],
			"to": [4.001, 8.501, 13.501],
			"rotation": {"angle": -22.5, "axis": "z", "origin": [3.5, 12.5, 13]},
			"faces": {
				"north": {"uv": [2.5, 4.5, 2.25, 6], "texture": "#0"},
				"east": {"uv": [3.25, 8, 2.25, 9.5], "texture": "#0"},
				"south": {"uv": [10.75, 3.75, 10.5, 5.25], "texture": "#0"},
				"west": {"uv": [2.25, 6.5, 1.25, 8], "texture": "#0"},
				"up": {"uv": [6.25, 9.5, 6.5, 8.5], "texture": "#0"}
			}
		},
		{
			"from": [-1.99391, -2.6061, 9.5],
			"to": [-0.49391, 3.3939, 13.5],
			"rotation": {"angle": -22.5, "axis": "z", "origin": [-1.24391, 0.3939, 13]},
			"faces": {
				"north": {"uv": [4.125, 9.5, 3.75, 11], "texture": "#0"},
				"east": {"uv": [8, 3, 9, 4.5], "texture": "#0"},
				"south": {"uv": [9.875, 3.75, 9.5, 5.25], "texture": "#0"},
				"west": {"uv": [9, 3, 8, 4.5], "texture": "#0"}
			}
		},
		{
			"from": [-3.08487, -8.09073, 9.25],
			"to": [-1.08487, -2.09073, 13.75],
			"rotation": {"angle": 0, "axis": "z", "origin": [-2.08487, 0.90927, 13]},
			"faces": {
				"north": {"uv": [10, 2, 9.5, 3.5], "texture": "#0"},
				"east": {"uv": [0, 6.5, 1.125, 8], "texture": "#0"},
				"south": {"uv": [2.75, 9.5, 2.25, 11], "texture": "#0"},
				"west": {"uv": [1.125, 6.5, 0, 8], "texture": "#0"},
				"up": {"uv": [9.5, 6.375, 10, 5.25], "texture": "#0"},
				"down": {"uv": [0, 9.75, 0.5, 10.875], "texture": "#0"}
			}
		},
		{
			"from": [-6.58612, -12.4888, 9.25],
			"to": [-5.08612, -8.4888, 13.75],
			"rotation": {"angle": 22.5, "axis": "z", "origin": [-5.83612, 0.5112, 13]},
			"faces": {
				"north": {"uv": [4.625, 6, 4.25, 7], "texture": "#0"},
				"east": {"uv": [9.625, 8.25, 8.5, 9.25], "texture": "#0"},
				"south": {"uv": [10.875, 5.25, 10.5, 6.25], "texture": "#0"},
				"west": {"uv": [9.625, 8.25, 8.5, 9.25], "texture": "#0"},
				"down": {"uv": [9.75, 10, 10.125, 11.125], "texture": "#0"}
			}
		},
		{
			"from": [-6.56709, -15.58447, 9.5],
			"to": [-5.56709, -12.58447, 11.5],
			"rotation": {"angle": 22.5, "axis": "z", "origin": [-6.06709, 0.41553, 13]},
			"faces": {
				"north": {"uv": [7.25, 11.5, 7, 12.25], "texture": "#0"},
				"east": {"uv": [10.5, 10, 11, 10.75], "texture": "#0"},
				"south": {"uv": [11.75, 10.75, 11.5, 11.5], "texture": "#0"},
				"west": {"uv": [11, 10, 10.5, 10.75], "texture": "#0"},
				"down": {"uv": [6.5, 7, 6.75, 7.5], "texture": "#0"}
			}
		},
		{
			"from": [-1.58387, -9.08973, 9.501],
			"to": [-1.08587, -1.09173, 13.499],
			"rotation": {"angle": 0, "axis": "z", "origin": [-2.08487, 0.90927, 13]},
			"faces": {
				"north": {"uv": [10.125, 11.25, 10, 13.25], "texture": "#0"},
				"east": {"uv": [5.75, 3, 4.75, 5], "texture": "#0"},
				"south": {"uv": [11.375, 10, 11.25, 12], "texture": "#0"}
			}
		},
		{
			"from": [-0.66732, -12.71122, 9.501],
			"to": [-0.16932, -11.21322, 13.499],
			"rotation": {"angle": 0, "axis": "z", "origin": [-2.16832, 0.78778, 13]},
			"faces": {
				"north": {"uv": [3.125, 12.5, 3, 12.875], "texture": "#0"},
				"east": {"uv": [11.5, 9.25, 10.5, 9.625], "texture": "#0"},
				"south": {"uv": [12.625, 3, 12.5, 3.375], "texture": "#0"}
			}
		},
		{
			"from": [0.09805, 2.87952, 9.501],
			"to": [0.59605, 4.37752, 13.499],
			"rotation": {"angle": 0, "axis": "z", "origin": [-1.40295, 9.37852, 13]},
			"faces": {
				"north": {"uv": [3.375, 12.5, 3.25, 12.875], "texture": "#0"},
				"east": {"uv": [11.75, 0.75, 10.75, 1.125], "texture": "#0"},
				"south": {"uv": [3.625, 12.5, 3.5, 12.875], "texture": "#0"}
			}
		},
		{
			"from": [-6.56709, -14.58447, 12.5],
			"to": [-5.56709, -12.58447, 13.5],
			"rotation": {"angle": 22.5, "axis": "z", "origin": [-6.06709, 0.41553, 13]},
			"faces": {
				"north": {"uv": [3.75, 12, 3.5, 12.5], "texture": "#0"},
				"east": {"uv": [7.5, 12, 7.25, 12.5], "texture": "#0"},
				"south": {"uv": [12.25, 7, 12, 7.5], "texture": "#0"},
				"west": {"uv": [12.25, 4.75, 12, 5.25], "texture": "#0"},
				"down": {"uv": [6.25, 9.5, 6.5, 9.75], "texture": "#0"}
			}
		},
		{
			"from": [11.999, 2.499, 9.499],
			"to": [13.001, 8.501, 13.501],
			"rotation": {"angle": 22.5, "axis": "z", "origin": [12.5, 12.5, 13]},
			"faces": {
				"north": {"uv": [2.25, 4.5, 2.5, 6], "texture": "#0"},
				"east": {"uv": [1.25, 6.5, 2.25, 8], "texture": "#0"},
				"south": {"uv": [10.5, 3.75, 10.75, 5.25], "texture": "#0"},
				"west": {"uv": [2.25, 8, 3.25, 9.5], "texture": "#0"},
				"up": {"uv": [6.5, 9.5, 6.25, 8.5], "texture": "#0"}
			}
		},
		{
			"from": [16.49391, -2.6061, 9.5],
			"to": [17.99391, 3.3939, 13.5],
			"rotation": {"angle": 22.5, "axis": "z", "origin": [17.24391, 0.3939, 13]},
			"faces": {
				"north": {"uv": [3.75, 9.5, 4.125, 11], "texture": "#0"},
				"east": {"uv": [8, 3, 9, 4.5], "texture": "#0"},
				"south": {"uv": [9.5, 3.75, 9.875, 5.25], "texture": "#0"},
				"west": {"uv": [9, 3, 8, 4.5], "texture": "#0"}
			}
		},
		{
			"from": [17.08487, -8.09073, 9.25],
			"to": [19.08487, -2.09073, 13.75],
			"rotation": {"angle": 0, "axis": "z", "origin": [18.08487, 0.90927, 13]},
			"faces": {
				"north": {"uv": [9.5, 2, 10, 3.5], "texture": "#0"},
				"east": {"uv": [0, 6.5, 1.125, 8], "texture": "#0"},
				"south": {"uv": [2.25, 9.5, 2.75, 11], "texture": "#0"},
				"west": {"uv": [1.125, 6.5, 0, 8], "texture": "#0"},
				"up": {"uv": [10, 6.375, 9.5, 5.25], "texture": "#0"},
				"down": {"uv": [0.5, 9.75, 0, 10.875], "texture": "#0"}
			}
		},
		{
			"from": [21.08612, -12.4888, 9.25],
			"to": [22.58612, -8.4888, 13.75],
			"rotation": {"angle": -22.5, "axis": "z", "origin": [21.83612, 0.5112, 13]},
			"faces": {
				"north": {"uv": [4.25, 6, 4.625, 7], "texture": "#0"},
				"east": {"uv": [8.5, 8.25, 9.625, 9.25], "texture": "#0"},
				"south": {"uv": [10.5, 5.25, 10.875, 6.25], "texture": "#0"},
				"west": {"uv": [8.5, 8.25, 9.625, 9.25], "texture": "#0"},
				"down": {"uv": [10.125, 10, 9.75, 11.125], "texture": "#0"}
			}
		},
		{
			"from": [21.56709, -15.58447, 9.5],
			"to": [22.56709, -12.58447, 11.5],
			"rotation": {"angle": -22.5, "axis": "z", "origin": [22.06709, 0.41553, 13]},
			"faces": {
				"north": {"uv": [7, 11.5, 7.25, 12.25], "texture": "#0"},
				"east": {"uv": [10.5, 10, 11, 10.75], "texture": "#0"},
				"south": {"uv": [11.5, 10.75, 11.75, 11.5], "texture": "#0"},
				"west": {"uv": [11, 10, 10.5, 10.75], "texture": "#0"},
				"down": {"uv": [6.75, 7, 6.5, 7.5], "texture": "#0"}
			}
		},
		{
			"from": [17.08587, -9.08973, 9.501],
			"to": [17.58387, -1.09173, 13.499],
			"rotation": {"angle": 0, "axis": "z", "origin": [18.08487, 0.90927, 13]},
			"faces": {
				"north": {"uv": [10, 11.25, 10.125, 13.25], "texture": "#0"},
				"south": {"uv": [11.25, 10, 11.375, 12], "texture": "#0"},
				"west": {"uv": [4.75, 3, 5.75, 5], "texture": "#0"}
			}
		},
		{
			"from": [16.16932, -12.71122, 9.501],
			"to": [16.66732, -11.21322, 13.499],
			"rotation": {"angle": 0, "axis": "z", "origin": [18.16832, 0.78778, 13]},
			"faces": {
				"north": {"uv": [3, 12.5, 3.125, 12.875], "texture": "#0"},
				"south": {"uv": [12.5, 3, 12.625, 3.375], "texture": "#0"},
				"west": {"uv": [10.5, 9.25, 11.5, 9.625], "texture": "#0"}
			}
		},
		{
			"from": [15.40395, 2.87952, 9.501],
			"to": [15.90195, 4.37752, 13.499],
			"rotation": {"angle": 0, "axis": "z", "origin": [17.40295, 9.37852, 13]},
			"faces": {
				"north": {"uv": [3.25, 12.5, 3.375, 12.875], "texture": "#0"},
				"south": {"uv": [3.5, 12.5, 3.625, 12.875], "texture": "#0"},
				"west": {"uv": [10.75, 0.75, 11.75, 1.125], "texture": "#0"}
			}
		},
		{
			"from": [21.56709, -14.58447, 12.5],
			"to": [22.56709, -12.58447, 13.5],
			"rotation": {"angle": -22.5, "axis": "z", "origin": [22.06709, 0.41553, 13]},
			"faces": {
				"north": {"uv": [3.5, 12, 3.75, 12.5], "texture": "#0"},
				"east": {"uv": [12, 4.75, 12.25, 5.25], "texture": "#0"},
				"south": {"uv": [12, 7, 12.25, 7.5], "texture": "#0"},
				"west": {"uv": [7.25, 12, 7.5, 12.5], "texture": "#0"},
				"down": {"uv": [6.5, 9.5, 6.25, 9.75], "texture": "#0"}
			}
		},
		{
			"from": [7.56504, 4.30652, 3.501],
			"to": [8.56304, 8.30452, 4.499],
			"rotation": {"angle": -22.5, "axis": "z", "origin": [8.06404, 6.80552, 4]},
			"faces": {
				"north": {"uv": [1.25, 11.5, 1.5, 12.5], "texture": "#0"},
				"east": {"uv": [1.5, 11.5, 1.75, 12.5], "texture": "#0"},
				"south": {"uv": [1.75, 11.5, 2, 12.5], "texture": "#0"},
				"west": {"uv": [2, 11.5, 2.25, 12.5], "texture": "#0"},
				"down": {"uv": [10.75, 12.25, 10.5, 12.5], "texture": "#0"}
			}
		},
		{
			"from": [11.53696, 4.30652, 3.501],
			"to": [13.53496, 7.30452, 12.749],
			"rotation": {"angle": 22.5, "axis": "z", "origin": [9.03596, 6.80552, 4]},
			"faces": {
				"north": {"uv": [10.75, 1.75, 11.25, 2.5], "texture": "#0"},
				"east": {"uv": [6.5, 0, 8.875, 0.75], "texture": "#0"},
				"south": {"uv": [10.75, 3.75, 11.25, 4.5], "texture": "#0"},
				"west": {"uv": [8.875, 0, 6.5, 0.75], "texture": "#0"},
				"up": {"uv": [4.75, 10.875, 4.25, 8.5], "texture": "#0"},
				"down": {"uv": [5.25, 8.5, 4.75, 10.875], "texture": "#0"}
			}
		},
		{
			"from": [12.15082, 3.22044, 4.501],
			"to": [14.14882, 6.21844, 12.749],
			"rotation": {"angle": 0, "axis": "z", "origin": [13.14982, 4.71944, 8.5]},
			"faces": {
				"north": {"uv": [10.75, 4.5, 11.25, 5.25], "texture": "#0"},
				"east": {"uv": [4.25, 7, 6.375, 7.75], "texture": "#0"},
				"south": {"uv": [10.5, 10.75, 11, 11.5], "texture": "#0"},
				"west": {"uv": [4.25, 7, 6.375, 7.75], "texture": "#0"},
				"up": {"uv": [1.75, 10.875, 1.25, 8.75], "texture": "#0"},
				"down": {"uv": [2.25, 8.75, 1.75, 10.875], "texture": "#0"}
			}
		},
		{
			"from": [13.80097, 1.48894, 5.501],
			"to": [14.79897, 3.48694, 12.749],
			"rotation": {"angle": -22.5, "axis": "z", "origin": [13.79997, 4.98794, 8.5]},
			"faces": {
				"north": {"uv": [12.25, 4.75, 12.5, 5.25], "texture": "#0"},
				"east": {"uv": [9, 7, 10.875, 7.5], "texture": "#0"},
				"south": {"uv": [5, 12.25, 5.25, 12.75], "texture": "#0"},
				"west": {"uv": [10.875, 7, 9, 7.5], "texture": "#0"},
				"down": {"uv": [9.75, 11.875, 9.5, 10], "texture": "#0"}
			}
		},
		{
			"from": [13.80097, 0.48894, 6.501],
			"to": [14.79897, 1.48694, 12.749],
			"rotation": {"angle": -22.5, "axis": "z", "origin": [13.79997, 4.98794, 8.5]},
			"faces": {
				"north": {"uv": [12.5, 2, 12.75, 2.25], "texture": "#0"},
				"east": {"uv": [10.25, 1.25, 11.875, 1.5], "texture": "#0"},
				"south": {"uv": [12.5, 2.75, 12.75, 3], "texture": "#0"},
				"west": {"uv": [11.875, 1.25, 10.25, 1.5], "texture": "#0"},
				"down": {"uv": [1.25, 10.5, 1, 12.125], "texture": "#0"}
			}
		},
		{
			"from": [13.80097, -0.51106, 7.501],
			"to": [14.79897, 0.48694, 12.749],
			"rotation": {"angle": -22.5, "axis": "z", "origin": [13.79997, 4.98794, 8.5]},
			"faces": {
				"north": {"uv": [12.5, 1.75, 12.75, 2], "texture": "#0"},
				"east": {"uv": [11, 6, 12.375, 6.25], "texture": "#0"},
				"south": {"uv": [2, 12.5, 2.25, 12.75], "texture": "#0"},
				"west": {"uv": [12.375, 6, 11, 6.25], "texture": "#0"},
				"down": {"uv": [11.5, 3.75, 11.25, 5.125], "texture": "#0"}
			}
		},
		{
			"from": [6.56504, 5.30652, 3.501],
			"to": [7.56304, 8.30452, 4.499],
			"rotation": {"angle": -22.5, "axis": "z", "origin": [8.06404, 6.80552, 4]},
			"faces": {
				"north": {"uv": [11, 11.5, 11.25, 12.25], "texture": "#0"},
				"south": {"uv": [0, 11.75, 0.25, 12.5], "texture": "#0"},
				"west": {"uv": [0.25, 11.75, 0.5, 12.5], "texture": "#0"},
				"down": {"uv": [11, 12.25, 10.75, 12.5], "texture": "#0"}
			}
		},
		{
			"from": [4.56504, 3.30652, 3.501],
			"to": [5.56304, 7.30452, 4.499],
			"rotation": {"angle": -22.5, "axis": "z", "origin": [8.06404, 6.80552, 4]},
			"faces": {
				"north": {"uv": [1.25, 11.5, 1.5, 12.5], "texture": "#0"},
				"east": {"uv": [1.5, 11.5, 1.75, 12.5], "texture": "#0"},
				"south": {"uv": [1.75, 11.5, 2, 12.5], "texture": "#0"},
				"west": {"uv": [2, 11.5, 2.25, 12.5], "texture": "#0"},
				"down": {"uv": [10.75, 12.25, 10.5, 12.5], "texture": "#0"}
			}
		},
		{
			"from": [10.43696, 3.30652, 3.501],
			"to": [11.43496, 7.30452, 4.499],
			"rotation": {"angle": 22.5, "axis": "z", "origin": [7.93596, 6.80552, 4]},
			"faces": {
				"north": {"uv": [1.5, 11.5, 1.25, 12.5], "texture": "#0"},
				"east": {"uv": [2.25, 11.5, 2, 12.5], "texture": "#0"},
				"south": {"uv": [2, 11.5, 1.75, 12.5], "texture": "#0"},
				"west": {"uv": [1.75, 11.5, 1.5, 12.5], "texture": "#0"},
				"down": {"uv": [10.5, 12.25, 10.75, 12.5], "texture": "#0"}
			}
		},
		{
			"from": [3, 8, 3.5],
			"to": [13, 9, 12.5],
			"rotation": {"angle": 0, "axis": "y", "origin": [0, 0, 0.5]},
			"faces": {
				"north": {"uv": [8.75, 8, 11.25, 8.25], "texture": "#0"},
				"east": {"uv": [6.25, 9.75, 8.5, 10], "texture": "#0"},
				"south": {"uv": [9.5, 3.5, 12, 3.75], "texture": "#0"},
				"west": {"uv": [9.75, 8.25, 12, 8.5], "texture": "#0"},
				"up": {"uv": [2.5, 2.25, 0, 0], "texture": "#0"},
				"down": {"uv": [2.5, 2.25, 0, 4.5], "texture": "#0"}
			}
		},
		{
			"from": [9.5, 0, 11],
			"to": [13.5, 8, 12.75],
			"rotation": {"angle": 0, "axis": "y", "origin": [0, 0, 0.5]},
			"faces": {
				"north": {"uv": [2.25, 6, 3.25, 8], "texture": "#0"},
				"east": {"uv": [7.75, 10, 8, 12], "texture": "#0"},
				"south": {"uv": [2.25, 6, 3.25, 8], "texture": "#0"},
				"west": {"uv": [8, 10, 8.25, 12], "texture": "#0"},
				"up": {"uv": [12.25, 2, 11.25, 1.75], "texture": "#0"},
				"down": {"uv": [12.25, 2, 11.25, 2.25], "texture": "#0"}
			}
		},
		{
			"from": [1.20103, -0.51106, 7.501],
			"to": [2.19903, 0.48694, 12.749],
			"rotation": {"angle": 22.5, "axis": "z", "origin": [2.20003, 4.98794, 8.5]},
			"faces": {
				"north": {"uv": [12.75, 1.75, 12.5, 2], "texture": "#0"},
				"east": {"uv": [11, 6, 12.375, 6.25], "texture": "#0"},
				"south": {"uv": [2.25, 12.5, 2, 12.75], "texture": "#0"},
				"west": {"uv": [12.375, 6, 11, 6.25], "texture": "#0"},
				"down": {"uv": [11.25, 3.75, 11.5, 5.125], "texture": "#0"}
			}
		},
		{
			"from": [1.20103, 0.48894, 6.501],
			"to": [2.19903, 1.48694, 12.749],
			"rotation": {"angle": 22.5, "axis": "z", "origin": [2.20003, 4.98794, 8.5]},
			"faces": {
				"north": {"uv": [12.75, 2, 12.5, 2.25], "texture": "#0"},
				"east": {"uv": [10.25, 1.25, 11.875, 1.5], "texture": "#0"},
				"south": {"uv": [12.75, 2.75, 12.5, 3], "texture": "#0"},
				"west": {"uv": [11.875, 1.25, 10.25, 1.5], "texture": "#0"},
				"down": {"uv": [1, 10.5, 1.25, 12.125], "texture": "#0"}
			}
		},
		{
			"from": [1.20103, 1.48894, 5.501],
			"to": [2.19903, 3.48694, 12.749],
			"rotation": {"angle": 22.5, "axis": "z", "origin": [2.20003, 4.98794, 8.5]},
			"faces": {
				"north": {"uv": [12.5, 4.75, 12.25, 5.25], "texture": "#0"},
				"east": {"uv": [9, 7, 10.875, 7.5], "texture": "#0"},
				"south": {"uv": [5.25, 12.25, 5, 12.75], "texture": "#0"},
				"west": {"uv": [10.875, 7, 9, 7.5], "texture": "#0"},
				"down": {"uv": [9.5, 10, 9.75, 11.875], "texture": "#0"}
			}
		},
		{
			"from": [1.85118, 3.22044, 4.501],
			"to": [3.84918, 6.21844, 12.749],
			"rotation": {"angle": 0, "axis": "z", "origin": [2.85018, 4.71944, 8.5]},
			"faces": {
				"north": {"uv": [11.25, 4.5, 10.75, 5.25], "texture": "#0"},
				"east": {"uv": [6.375, 7, 4.25, 7.75], "texture": "#0"},
				"south": {"uv": [11, 10.75, 10.5, 11.5], "texture": "#0"},
				"west": {"uv": [6.375, 7, 4.25, 7.75], "texture": "#0"},
				"up": {"uv": [1.25, 10.875, 1.75, 8.75], "texture": "#0"},
				"down": {"uv": [1.75, 8.75, 2.25, 10.875], "texture": "#0"}
			}
		},
		{
			"from": [2.46504, 4.30652, 3.501],
			"to": [4.46304, 7.30452, 12.749],
			"rotation": {"angle": -22.5, "axis": "z", "origin": [6.96404, 6.80552, 4]},
			"faces": {
				"north": {"uv": [11.25, 1.75, 10.75, 2.5], "texture": "#0"},
				"east": {"uv": [6.5, 0, 8.875, 0.75], "texture": "#0"},
				"south": {"uv": [11.25, 3.75, 10.75, 4.5], "texture": "#0"},
				"west": {"uv": [8.875, 0, 6.5, 0.75], "texture": "#0"},
				"up": {"uv": [4.25, 10.875, 4.75, 8.5], "texture": "#0"},
				"down": {"uv": [4.75, 8.5, 5.25, 10.875], "texture": "#0"}
			}
		},
		{
			"from": [2.5, 0, 11],
			"to": [6.5, 8, 12.75],
			"rotation": {"angle": 0, "axis": "y", "origin": [16, 0, 0.5]},
			"faces": {
				"north": {"uv": [3.25, 6, 2.25, 8], "texture": "#0"},
				"east": {"uv": [8.25, 10, 8, 12], "texture": "#0"},
				"south": {"uv": [3.25, 6, 2.25, 8], "texture": "#0"},
				"west": {"uv": [8, 10, 7.75, 12], "texture": "#0"},
				"up": {"uv": [11.25, 2, 12.25, 1.75], "texture": "#0"},
				"down": {"uv": [11.25, 2, 12.25, 2.25], "texture": "#0"}
			}
		},
		{
			"from": [3.501, 0.001, 11.251],
			"to": [12.499, 7.999, 12.249],
			"rotation": {"angle": 0, "axis": "y", "origin": [0, 0, 0.5]},
			"faces": {
				"north": {"uv": [0, 4.5, 2.25, 6.5], "texture": "#0"},
				"east": {"uv": [8.25, 10, 8.5, 12], "texture": "#0"},
				"south": {"uv": [0, 4.5, 2.25, 6.5], "texture": "#0"},
				"west": {"uv": [8.5, 10, 8.75, 12], "texture": "#0"},
				"down": {"uv": [12, 9, 9.75, 9.25], "texture": "#0"}
			}
		},
		{
			"from": [3.5, 9, 4],
			"to": [12.5, 10, 12],
			"rotation": {"angle": 0, "axis": "y", "origin": [0, 0, 0.5]},
			"faces": {
				"north": {"uv": [8.5, 9.75, 10.75, 10], "texture": "#0"},
				"east": {"uv": [10, 2.75, 12, 3], "texture": "#0"},
				"south": {"uv": [9.75, 8.5, 12, 8.75], "texture": "#0"},
				"west": {"uv": [10, 3, 12, 3.25], "texture": "#0"},
				"up": {"uv": [4.75, 2, 2.5, 0], "texture": "#0"}
			}
		},
		{
			"from": [4.5, 10, 5],
			"to": [11.5, 10.5, 11],
			"rotation": {"angle": 0, "axis": "y", "origin": [0, 0, 0.5]},
			"faces": {
				"north": {"uv": [11.25, 2.25, 13, 2.375], "texture": "#0"},
				"east": {"uv": [11.5, 5.75, 13, 5.875], "texture": "#0"},
				"south": {"uv": [11.25, 8, 13, 8.125], "texture": "#0"},
				"west": {"uv": [11.5, 6.75, 13, 6.875], "texture": "#0"},
				"up": {"uv": [6.5, 1.5, 4.75, 0], "texture": "#0"}
			}
		},
		{
			"from": [13, 7.25, 10],
			"to": [14.5, 8.75, 12],
			"rotation": {"angle": 0, "axis": "y", "origin": [0, 0, 1]},
			"faces": {
				"north": {"uv": [12, 1.25, 12.375, 1.625], "texture": "#0"},
				"east": {"uv": [11.5, 9.25, 12, 9.625], "texture": "#0"},
				"south": {"uv": [12, 2.75, 12.375, 3.125], "texture": "#0"},
				"up": {"uv": [12.125, 1.25, 11.75, 0.75], "texture": "#0"},
				"down": {"uv": [2.625, 11.75, 2.25, 12.25], "texture": "#0"}
			}
		},
		{
			"from": [14, 1.75, 8],
			"to": [15, 4.75, 11],
			"rotation": {"angle": 0, "axis": "y", "origin": [0, 0, 1]},
			"faces": {
				"north": {"uv": [11.75, 3.75, 12, 4.5], "texture": "#0"},
				"east": {"uv": [0.5, 9.75, 1.25, 10.5], "texture": "#0"},
				"south": {"uv": [4.25, 11.75, 4.5, 12.5], "texture": "#0"},
				"west": {"uv": [10, 2, 10.75, 2.75], "texture": "#0"},
				"up": {"uv": [4.75, 12.5, 4.5, 11.75], "texture": "#0"},
				"down": {"uv": [12, 4.5, 11.75, 5.25], "texture": "#0"}
			}
		},
		{
			"from": [15, 2.25, 8.5],
			"to": [15.5, 4.25, 10.5],
			"rotation": {"angle": 0, "axis": "y", "origin": [0, 0, 1]},
			"faces": {
				"north": {"uv": [11.5, 12.25, 11.625, 12.75], "texture": "#0"},
				"east": {"uv": [11, 6.75, 11.5, 7.25], "texture": "#0"},
				"south": {"uv": [11.75, 12.25, 11.875, 12.75], "texture": "#0"},
				"up": {"uv": [12.375, 12.25, 12.25, 11.75], "texture": "#0"},
				"down": {"uv": [12.375, 12.25, 12.25, 12.75], "texture": "#0"}
			}
		},
		{
			"from": [13.25, 5.75, 10.5],
			"to": [14.75, 7.25, 11.5],
			"rotation": {"angle": 0, "axis": "y", "origin": [0, 1.5, 1]},
			"faces": {
				"north": {"uv": [3, 12, 3.375, 12.375], "texture": "#0"},
				"east": {"uv": [5.25, 12.25, 5.5, 12.625], "texture": "#0"},
				"south": {"uv": [12, 3.25, 12.375, 3.625], "texture": "#0"},
				"up": {"uv": [10.625, 2, 10.25, 1.75], "texture": "#0"}
			}
		},
		{
			"from": [13.25, 7.70587, 9.09884],
			"to": [14.75, 10.20587, 10.09884],
			"rotation": {"angle": 22.5, "axis": "x", "origin": [0, 4.45587, -0.40116]},
			"faces": {
				"north": {"uv": [11.5, 10, 11.875, 10.625], "texture": "#0"},
				"east": {"uv": [11.75, 11.5, 12, 12.125], "texture": "#0"},
				"south": {"uv": [10.5, 11.5, 10.875, 12.125], "texture": "#0"},
				"west": {"uv": [2.75, 12, 3, 12.625], "texture": "#0"}
			}
		},
		{
			"from": [14.501, 0.35816, 2.49872],
			"to": [14.999, 0.85616, 4.99672],
			"rotation": {"angle": -22.5, "axis": "x", "origin": [0.25, 9.85716, 3.24772]},
			"faces": {
				"north": {"uv": [12.5, 5.5, 12.625, 5.625], "texture": "#0"},
				"east": {"uv": [12.25, 7, 12.875, 7.125], "texture": "#0"},
				"west": {"uv": [12.25, 7.25, 12.875, 7.375], "texture": "#0"},
				"up": {"uv": [12.375, 8.875, 12.25, 8.25], "texture": "#0"},
				"down": {"uv": [12.375, 9, 12.25, 9.625], "texture": "#0"}
			}
		},
		{
			"from": [14.501, 0.7946, 3.69284],
			"to": [14.999, 1.2926, 6.19084],
			"rotation": {"angle": 0, "axis": "x", "origin": [0.25, 10.2936, 7.44184]},
			"faces": {
				"east": {"uv": [12.25, 7.5, 12.875, 7.625], "texture": "#0"},
				"south": {"uv": [12.5, 6, 12.625, 6.125], "texture": "#0"},
				"west": {"uv": [12.25, 7.75, 12.875, 7.875], "texture": "#0"},
				"up": {"uv": [9.875, 12.875, 9.75, 12.25], "texture": "#0"},
				"down": {"uv": [12.375, 9.75, 12.25, 10.375], "texture": "#0"}
			}
		},
		{
			"from": [14.251, 0.5446, 2.19284],
			"to": [15.249, 1.5426, 3.69084],
			"rotation": {"angle": 0, "axis": "x", "origin": [0.25, 10.2936, 7.44184]},
			"faces": {
				"north": {"uv": [0, 12.5, 0.25, 12.75], "texture": "#0"},
				"east": {"uv": [12.25, 2.5, 12.625, 2.75], "texture": "#0"},
				"south": {"uv": [12.5, 0, 12.75, 0.25], "texture": "#0"},
				"west": {"uv": [12.25, 6.25, 12.625, 6.5], "texture": "#0"},
				"up": {"uv": [5.75, 12.625, 5.5, 12.25], "texture": "#0"},
				"down": {"uv": [7.25, 12.25, 7, 12.625], "texture": "#0"}
			}
		},
		{
			"from": [13.5, 8, 12],
			"to": [14, 12, 12.5],
			"rotation": {"angle": 0, "axis": "y", "origin": [0, 0, 1]},
			"faces": {
				"north": {"uv": [7.5, 12, 7.625, 13], "texture": "#0"},
				"east": {"uv": [7.75, 12, 7.875, 13], "texture": "#0"},
				"south": {"uv": [8, 12, 8.125, 13], "texture": "#0"},
				"west": {"uv": [8.25, 12, 8.375, 13], "texture": "#0"},
				"up": {"uv": [4.375, 12.625, 4.25, 12.5], "texture": "#0"},
				"down": {"uv": [4.625, 12.5, 4.5, 12.625], "texture": "#0"}
			}
		},
		{
			"from": [13.5, 11.5, 10],
			"to": [14, 12, 12],
			"rotation": {"angle": 0, "axis": "y", "origin": [0, 0, 1]},
			"faces": {
				"east": {"uv": [12.25, 10.75, 12.75, 10.875], "texture": "#0"},
				"west": {"uv": [12.25, 11, 12.75, 11.125], "texture": "#0"},
				"up": {"uv": [11.125, 12.75, 11, 12.25], "texture": "#0"},
				"down": {"uv": [12.375, 11.25, 12.25, 11.75], "texture": "#0"}
			}
		},
		{
			"from": [13.5, 8, 9.5],
			"to": [14, 12, 10],
			"rotation": {"angle": 0, "axis": "y", "origin": [0, 0, 1]},
			"faces": {
				"north": {"uv": [12, 8.25, 12.125, 9.25], "texture": "#0"},
				"east": {"uv": [8.5, 12, 8.625, 13], "texture": "#0"},
				"south": {"uv": [8.75, 12, 8.875, 13], "texture": "#0"},
				"west": {"uv": [9, 12, 9.125, 13], "texture": "#0"},
				"up": {"uv": [12.625, 4.625, 12.5, 4.5], "texture": "#0"},
				"down": {"uv": [12.625, 4.75, 12.5, 4.875], "texture": "#0"}
			}
		},
		{
			"from": [1.5, 7.25, 10],
			"to": [3, 8.75, 12],
			"rotation": {"angle": 0, "axis": "y", "origin": [16, 0, 1]},
			"faces": {
				"north": {"uv": [12.375, 1.25, 12, 1.625], "texture": "#0"},
				"south": {"uv": [12.375, 2.75, 12, 3.125], "texture": "#0"},
				"west": {"uv": [12, 9.25, 11.5, 9.625], "texture": "#0"},
				"up": {"uv": [11.75, 1.25, 12.125, 0.75], "texture": "#0"},
				"down": {"uv": [2.25, 11.75, 2.625, 12.25], "texture": "#0"}
			}
		},
		{
			"from": [2, 8, 9.5],
			"to": [2.5, 12, 10],
			"rotation": {"angle": 0, "axis": "y", "origin": [16, 0, 1]},
			"faces": {
				"north": {"uv": [12.125, 8.25, 12, 9.25], "texture": "#0"},
				"east": {"uv": [9.125, 12, 9, 13], "texture": "#0"},
				"south": {"uv": [8.875, 12, 8.75, 13], "texture": "#0"},
				"west": {"uv": [8.625, 12, 8.5, 13], "texture": "#0"},
				"up": {"uv": [12.5, 4.625, 12.625, 4.5], "texture": "#0"},
				"down": {"uv": [12.5, 4.75, 12.625, 4.875], "texture": "#0"}
			}
		},
		{
			"from": [2, 8, 12],
			"to": [2.5, 12, 12.5],
			"rotation": {"angle": 0, "axis": "y", "origin": [16, 0, 1]},
			"faces": {
				"north": {"uv": [7.625, 12, 7.5, 13], "texture": "#0"},
				"east": {"uv": [8.375, 12, 8.25, 13], "texture": "#0"},
				"south": {"uv": [8.125, 12, 8, 13], "texture": "#0"},
				"west": {"uv": [7.875, 12, 7.75, 13], "texture": "#0"},
				"up": {"uv": [4.25, 12.625, 4.375, 12.5], "texture": "#0"},
				"down": {"uv": [4.5, 12.5, 4.625, 12.625], "texture": "#0"}
			}
		},
		{
			"from": [2, 11.5, 10],
			"to": [2.5, 12, 12],
			"rotation": {"angle": 0, "axis": "y", "origin": [16, 0, 1]},
			"faces": {
				"east": {"uv": [12.75, 11, 12.25, 11.125], "texture": "#0"},
				"west": {"uv": [12.75, 10.75, 12.25, 10.875], "texture": "#0"},
				"up": {"uv": [11, 12.75, 11.125, 12.25], "texture": "#0"},
				"down": {"uv": [12.25, 11.25, 12.375, 11.75], "texture": "#0"}
			}
		},
		{
			"from": [1, 1.75, 8],
			"to": [2, 4.75, 11],
			"rotation": {"angle": 0, "axis": "y", "origin": [16, 0, 1]},
			"faces": {
				"north": {"uv": [12, 3.75, 11.75, 4.5], "texture": "#0"},
				"east": {"uv": [10.75, 2, 10, 2.75], "texture": "#0"},
				"south": {"uv": [4.5, 11.75, 4.25, 12.5], "texture": "#0"},
				"west": {"uv": [1.25, 9.75, 0.5, 10.5], "texture": "#0"},
				"up": {"uv": [4.5, 12.5, 4.75, 11.75], "texture": "#0"},
				"down": {"uv": [11.75, 4.5, 12, 5.25], "texture": "#0"}
			}
		},
		{
			"from": [0.5, 2.25, 8.5],
			"to": [1, 4.25, 10.5],
			"rotation": {"angle": 0, "axis": "y", "origin": [16, 0, 1]},
			"faces": {
				"north": {"uv": [11.625, 12.25, 11.5, 12.75], "texture": "#0"},
				"south": {"uv": [11.875, 12.25, 11.75, 12.75], "texture": "#0"},
				"west": {"uv": [11.5, 6.75, 11, 7.25], "texture": "#0"},
				"up": {"uv": [12.25, 12.25, 12.375, 11.75], "texture": "#0"},
				"down": {"uv": [12.25, 12.25, 12.375, 12.75], "texture": "#0"}
			}
		},
		{
			"from": [1.25, 5.75, 10.5],
			"to": [2.75, 7.25, 11.5],
			"rotation": {"angle": 0, "axis": "y", "origin": [16, 1.5, 1]},
			"faces": {
				"north": {"uv": [3.375, 12, 3, 12.375], "texture": "#0"},
				"south": {"uv": [12.375, 3.25, 12, 3.625], "texture": "#0"},
				"west": {"uv": [5.5, 12.25, 5.25, 12.625], "texture": "#0"},
				"up": {"uv": [10.25, 2, 10.625, 1.75], "texture": "#0"}
			}
		},
		{
			"from": [1.25, 7.70587, 9.09884],
			"to": [2.75, 10.20587, 10.09884],
			"rotation": {"angle": 22.5, "axis": "x", "origin": [16, 4.45587, -0.40116]},
			"faces": {
				"north": {"uv": [11.875, 10, 11.5, 10.625], "texture": "#0"},
				"east": {"uv": [3, 12, 2.75, 12.625], "texture": "#0"},
				"south": {"uv": [10.875, 11.5, 10.5, 12.125], "texture": "#0"},
				"west": {"uv": [12, 11.5, 11.75, 12.125], "texture": "#0"}
			}
		}
	],
	"display": {
		"thirdperson_righthand": {
			"rotation": [75, 45, 0],
			"translation": [0, 2.5, 0],
			"scale": [0.375, 0.375, 0.375]
		},
		"thirdperson_lefthand": {
			"rotation": [75, 45, 0],
			"translation": [0, 2.5, 0],
			"scale": [0.375, 0.375, 0.375]
		},
		"firstperson_righthand": {
			"rotation": [0, 45, 0],
			"scale": [0.4, 0.4, 0.4]
		},
		"firstperson_lefthand": {
			"rotation": [0, 45, 0],
			"scale": [0.4, 0.4, 0.4]
		},
		"ground": {
			"translation": [0, 3, 0],
			"scale": [0.25, 0.25, 0.25]
		},
		"gui": {
			"rotation": [30, 225, 0],
			"translation": [0, 3.25, 0],
			"scale": [0.53, 0.53, 0.53]
		},
		"head": {
			"translation": [0, 7.25, -0.25],
			"scale": [1.81, 1.81, 1.81]
		},
		"fixed": {
			"translation": [0, 11.25, -11.5],
			"scale": [3.02, 3.02, 3.02]
		}
	},
	"groups": [
		{
			"name": "LeftPony",
			"origin": [0.73962, 5.28778, 16.5],
			"color": 0,
			"children": [0, 1, 2, 3, 4, 5, 6, 7, 8]
		},
		{
			"name": "RightPony",
			"origin": [0.73962, 5.28778, 16.5],
			"color": 0,
			"children": [9, 10, 11, 12, 13, 14, 15, 16, 17]
		},
		18,
		19,
		20,
		21,
		22,
		23,
		24,
		25,
		26,
		27,
		28,
		29,
		30,
		31,
		32,
		33,
		34,
		35,
		36,
		37,
		{
			"name": "Clip",
			"origin": [0, 0, 0],
			"color": 0,
			"children": [38, 39, 40, 41, 42, 43, 44, 45, 46, 47, 48, 49, 50, 51, 52, 53, 54, 55, 56]
		}
	]
}