{
	"credit": "Made with Blockbench",
	"texture_size": [32, 32],
	"textures": {
		"0": "item/yellow_pikmin",
		"particle": "item/yellow_pikmin"
	},
	"elements": [
		{
			"from": [4, 0, 4],
			"to": [12, 8, 12],
			"faces": {
				"north": {"uv": [8, 0, 12, 4], "texture": "#0"},
				"east": {"uv": [0, 0, 4, 4], "texture": "#0"},
				"south": {"uv": [0, 0, 4, 4], "texture": "#0"},
				"west": {"uv": [0, 0, 4, 4], "texture": "#0"},
				"up": {"uv": [0, 0, 4, 4], "texture": "#0"},
				"down": {"uv": [0, 0, 4, 4], "texture": "#0"}
			}
		},
		{
			"from": [12, 0, 4],
			"to": [4, 8, 12],
			"faces": {
				"east": {"uv": [0, 0, 2, 2], "texture": "#0"},
				"south": {"uv": [0, 0, 2, 2], "texture": "#0"},
				"west": {"uv": [0, 0, 2, 2], "texture": "#0"},
				"up": {"uv": [2, 0, 4, 2], "texture": "#0"},
				"down": {"uv": [2, 0, 4, 2], "texture": "#0"}
			}
		},
		{
			"from": [12, 2.5, 7.75],
			"to": [13, 5.5, 8.25],
			"rotation": {"angle": 0, "axis": "y", "origin": [0, 0, 4.25]},
			"faces": {
				"north": {"uv": [0, 14.5, 0.5, 16], "texture": "#0"},
				"east": {"uv": [0, 12.75, 0.25, 13.75], "texture": "#0"},
				"south": {"uv": [0, 14.5, 0.25, 16], "texture": "#0"},
				"west": {"uv": [0, 0, 0.5, 3], "texture": "#0"},
				"up": {"uv": [0, 14.25, 0.5, 14.5], "texture": "#0"},
				"down": {"uv": [0, 14, 0.5, 14.25], "texture": "#0"}
			}
		},
		{
			"from": [13, 3, 7.75],
			"to": [14, 5.5, 8.25],
			"rotation": {"angle": 0, "axis": "y", "origin": [0, 0, 4.25]},
			"faces": {
				"north": {"uv": [0.5, 14.75, 1, 16], "texture": "#0"},
				"east": {"uv": [0.25, 12.75, 0.5, 13.75], "texture": "#0"},
				"south": {"uv": [0.75, 14.75, 1, 16], "texture": "#0"},
				"west": {"uv": [0, 0, 0.5, 2.5], "texture": "#0"},
				"up": {"uv": [0, 14.25, 0.5, 14.5], "texture": "#0"},
				"down": {"uv": [0, 14, 0.5, 14.25], "texture": "#0"}
			}
		},
		{
			"from": [14, 3.5, 7.75],
			"to": [15, 5.5, 8.25],
			"rotation": {"angle": 0, "axis": "y", "origin": [0, 0, 4.25]},
			"faces": {
				"north": {"uv": [1, 15, 1.5, 16], "texture": "#0"},
				"east": {"uv": [0.5, 12.75, 0.75, 13.75], "texture": "#0"},
				"south": {"uv": [1, 15, 1.25, 16], "texture": "#0"},
				"west": {"uv": [0, 0, 0.5, 2], "texture": "#0"},
				"up": {"uv": [0, 14.25, 0.5, 14.5], "texture": "#0"},
				"down": {"uv": [0, 14, 0.5, 14.25], "texture": "#0"}
			}
		},
		{
			"from": [15, 4.5, 7.75],
			"to": [16, 5.5, 8.25],
			"rotation": {"angle": 0, "axis": "y", "origin": [0, 0, 4.25]},
			"faces": {
				"north": {"uv": [1.5, 15.5, 2, 16], "texture": "#0"},
				"east": {"uv": [0.75, 13.25, 1, 13.75], "texture": "#0"},
				"south": {"uv": [1.5, 15.5, 1.75, 16], "texture": "#0"},
				"west": {"uv": [0, 0, 0.5, 1], "texture": "#0"},
				"up": {"uv": [0, 14.25, 0.5, 14.5], "texture": "#0"},
				"down": {"uv": [0, 14, 0.5, 14.25], "texture": "#0"}
			}
		},
		{
			"from": [12, 5.25, 7.5],
			"to": [16, 5.5, 7.75],
			"rotation": {"angle": 0, "axis": "y", "origin": [0, 0, 4.25]},
			"faces": {
				"north": {"uv": [0, 13.875, 2, 14], "texture": "#0"},
				"east": {"uv": [1, 13.875, 1.125, 14], "texture": "#0"},
				"south": {"uv": [0, 0, 4, 0.25], "texture": "#missing"},
				"west": {"uv": [0, 0, 0.25, 0.25], "texture": "#0"},
				"up": {"uv": [0, 13.875, 2, 14], "texture": "#0"},
				"down": {"uv": [0, 13.875, 2, 14], "texture": "#0"}
			}
		},
		{
			"from": [3, 2.5, 7.75],
			"to": [4, 5.5, 8.25],
			"rotation": {"angle": 0, "axis": "y", "origin": [16, 0, 4.25]},
			"faces": {
				"north": {"uv": [0.5, 14.5, 0, 16], "texture": "#0"},
				"east": {"uv": [0.5, 0, 0, 3], "texture": "#0"},
				"south": {"uv": [0.25, 14.5, 0, 16], "texture": "#0"},
				"west": {"uv": [0.25, 12.75, 0, 13.75], "texture": "#0"},
				"up": {"uv": [0.5, 14.25, 0, 14.5], "texture": "#0"},
				"down": {"uv": [0.5, 14, 0, 14.25], "texture": "#0"}
			}
		},
		{
			"from": [2, 3, 7.75],
			"to": [3, 5.5, 8.25],
			"rotation": {"angle": 0, "axis": "y", "origin": [16, 0, 4.25]},
			"faces": {
				"north": {"uv": [1, 14.75, 0.5, 16], "texture": "#0"},
				"east": {"uv": [0.5, 0, 0, 2.5], "texture": "#0"},
				"south": {"uv": [1, 14.75, 0.75, 16], "texture": "#0"},
				"west": {"uv": [0.5, 12.75, 0.25, 13.75], "texture": "#0"},
				"up": {"uv": [0.5, 14.25, 0, 14.5], "texture": "#0"},
				"down": {"uv": [0.5, 14, 0, 14.25], "texture": "#0"}
			}
		},
		{
			"from": [1, 3.5, 7.75],
			"to": [2, 5.5, 8.25],
			"rotation": {"angle": 0, "axis": "y", "origin": [16, 0, 4.25]},
			"faces": {
				"north": {"uv": [1.5, 15, 1, 16], "texture": "#0"},
				"east": {"uv": [0.5, 0, 0, 2], "texture": "#0"},
				"south": {"uv": [1.25, 15, 1, 16], "texture": "#0"},
				"west": {"uv": [0.75, 12.75, 0.5, 13.75], "texture": "#0"},
				"up": {"uv": [0.5, 14.25, 0, 14.5], "texture": "#0"},
				"down": {"uv": [0.5, 14, 0, 14.25], "texture": "#0"}
			}
		},
		{
			"from": [0, 4.5, 7.75],
			"to": [1, 5.5, 8.25],
			"rotation": {"angle": 0, "axis": "y", "origin": [16, 0, 4.25]},
			"faces": {
				"north": {"uv": [2, 15.5, 1.5, 16], "texture": "#0"},
				"east": {"uv": [0.5, 0, 0, 1], "texture": "#0"},
				"south": {"uv": [1.75, 15.5, 1.5, 16], "texture": "#0"},
				"west": {"uv": [1, 13.25, 0.75, 13.75], "texture": "#0"},
				"up": {"uv": [0.5, 14.25, 0, 14.5], "texture": "#0"},
				"down": {"uv": [0.5, 14, 0, 14.25], "texture": "#0"}
			}
		},
		{
			"from": [0, 5.25, 7.5],
			"to": [4, 5.5, 7.75],
			"rotation": {"angle": 0, "axis": "y", "origin": [16, 0, 4.25]},
			"faces": {
				"north": {"uv": [2, 13.875, 0, 14], "texture": "#0"},
				"east": {"uv": [0.25, 0, 0, 0.25], "texture": "#0"},
				"south": {"uv": [4, 0, 0, 0.25], "texture": "#missing"},
				"west": {"uv": [1.125, 13.875, 1, 14], "texture": "#0"},
				"up": {"uv": [2, 13.875, 0, 14], "texture": "#0"},
				"down": {"uv": [2, 13.875, 0, 14], "texture": "#0"}
			}
		},
		{
			"from": [4.5, 8, 4.5],
			"to": [11.5, 8.5, 11.5],
			"faces": {
				"north": {"uv": [7.75, 4.5, 11.25, 4.75], "texture": "#0"},
				"east": {"uv": [7.75, 4.5, 11.25, 4.75], "texture": "#0"},
				"south": {"uv": [7.75, 4.5, 11.25, 4.75], "texture": "#0"},
				"west": {"uv": [7.75, 4.5, 11.25, 4.75], "texture": "#0"},
				"up": {"uv": [7.75, 4.5, 11.25, 8], "texture": "#0"}
			}
		},
		{
			"from": [5.25, 8.5, 5.25],
			"to": [10.75, 10, 10.75],
			"faces": {
				"north": {"uv": [5, 4.5, 7.75, 5.25], "texture": "#0"},
				"east": {"uv": [5, 4.5, 7.75, 5.25], "texture": "#0"},
				"south": {"uv": [5, 4.5, 7.75, 5.25], "texture": "#0"},
				"west": {"uv": [5, 4.5, 7.75, 5.25], "texture": "#0"},
				"up": {"uv": [5, 4.5, 7.75, 7.25], "texture": "#0"},
				"down": {"uv": [0, 0, 5.5, 5.5], "texture": "#missing"}
			}
		},
		{
			"from": [6, 10, 6],
			"to": [10, 11.5, 10],
			"faces": {
				"north": {"uv": [3, 5.25, 5, 6], "texture": "#0"},
				"east": {"uv": [3, 5.25, 5, 6], "texture": "#0"},
				"south": {"uv": [3, 5.25, 5, 6], "texture": "#0"},
				"west": {"uv": [3, 5.25, 5, 6], "texture": "#0"},
				"up": {"uv": [3, 5.25, 5, 7.25], "texture": "#0"},
				"down": {"uv": [0, 0, 4, 4], "texture": "#missing"}
			}
		},
		{
			"from": [6.5, 11.25, 6.5],
			"to": [9.5, 14.25, 9.5],
			"rotation": {"angle": 0, "axis": "x", "origin": [8, 12, 7.5]},
			"faces": {
				"north": {"uv": [1.5, 5.75, 3, 7.25], "texture": "#0"},
				"east": {"uv": [1.5, 5.75, 3, 7.25], "texture": "#0"},
				"south": {"uv": [1.5, 5.75, 3, 7.25], "texture": "#0"},
				"west": {"uv": [1.5, 5.75, 3, 7.25], "texture": "#0"},
				"up": {"uv": [1.5, 5.75, 3, 7.25], "texture": "#0"},
				"down": {"uv": [0, 0, 3, 3], "texture": "#missing"}
			}
		},
		{
			"from": [7, 14.25, 7],
			"to": [9, 16.25, 9],
			"rotation": {"angle": 0, "axis": "x", "origin": [8, 11, 7.5]},
			"faces": {
				"north": {"uv": [1, 7.25, 2, 8.25], "texture": "#0"},
				"east": {"uv": [1, 7.25, 2, 8.25], "texture": "#0"},
				"south": {"uv": [1, 7.25, 2, 8.25], "texture": "#0"},
				"west": {"uv": [1, 7.25, 2, 8.25], "texture": "#0"},
				"up": {"uv": [1, 7.25, 2, 8.25], "texture": "#0"},
				"down": {"uv": [0, 0, 2, 2], "texture": "#missing"}
			}
		},
		{
			"from": [7.5, 16, 7.5],
			"to": [8.5, 19, 8.5],
			"rotation": {"angle": 22.5, "axis": "x", "origin": [8, 16, 8]},
			"faces": {
				"north": {"uv": [0, 8.25, 0.5, 9.75], "texture": "#0"},
				"east": {"uv": [0, 8.25, 0.5, 9.75], "texture": "#0"},
				"south": {"uv": [0, 8.25, 0.5, 9.75], "texture": "#0"},
				"west": {"uv": [0, 8.25, 0.5, 9.75], "texture": "#0"},
				"up": {"uv": [0, 0, 1, 1], "texture": "#missing"},
				"down": {"uv": [0, 0, 1, 1], "texture": "#missing"}
			}
		},
		{
			"from": [7.25, 18, 7.25],
			"to": [8.75, 20, 8.75],
			"rotation": {"angle": 22.5, "axis": "x", "origin": [8, 16, 8]},
			"faces": {
				"north": {"uv": [0, 9.75, 0.75, 10.75], "texture": "#0"},
				"east": {"uv": [0, 9.75, 0.75, 10.75], "texture": "#0"},
				"south": {"uv": [0, 9.75, 0.75, 10.75], "texture": "#0"},
				"west": {"uv": [0, 9.75, 0.75, 10.75], "texture": "#0"},
				"up": {"uv": [0, 0, 1.5, 1.5], "texture": "#missing"},
				"down": {"uv": [0.75, 10, 1.5, 10.75], "texture": "#0"}
			}
		},
		{
			"from": [7, 20, 7],
			"to": [9, 21, 9],
			"rotation": {"angle": 22.5, "axis": "x", "origin": [8, 16, 8]},
			"faces": {
				"north": {"uv": [1, 10.75, 0, 11.25], "texture": "#0"},
				"east": {"uv": [0, 10.75, 1, 11.25], "texture": "#0"},
				"south": {"uv": [1, 10.75, 0, 11.25], "texture": "#0"},
				"west": {"uv": [0, 10.75, 1, 11.25], "texture": "#0"},
				"up": {"uv": [2, 10.75, 3, 11.75], "texture": "#0"},
				"down": {"uv": [1, 10.75, 2, 11.75], "texture": "#0"}
			}
		},
		{
			"from": [1.5, 20.5, 1.5],
			"to": [14.5, 20.5, 14.5],
			"rotation": {"angle": 22.5, "axis": "x", "origin": [8, 16, 8]},
			"faces": {
				"north": {"uv": [0, 0, 13, 0], "texture": "#missing"},
				"east": {"uv": [0, 0, 13, 0], "texture": "#0"},
				"south": {"uv": [0, 0, 13, 0], "texture": "#missing"},
				"west": {"uv": [0, 0, 13, 0], "texture": "#missing"},
				"up": {"uv": [9.5, 9.5, 16, 16], "texture": "#0"},
				"down": {"uv": [9.5, 9.5, 16, 16], "texture": "#0"}
			}
		}
	],
	"display": {
		"thirdperson_righthand": {
			"rotation": [75, 45, 0],
			"translation": [0, 1.5, 0],
			"scale": [0.375, 0.375, 0.375]
		},
		"thirdperson_lefthand": {
			"rotation": [75, 45, 0],
			"translation": [0, 1.5, 0],
			"scale": [0.375, 0.375, 0.375]
		},
		"firstperson_righthand": {
			"rotation": [0, 45, 0],
			"scale": [0.4, 0.4, 0.4]
		},
		"firstperson_lefthand": {
			"rotation": [0, 45, 0],
			"scale": [0.4, 0.4, 0.4]
		},
		"ground": {
			"translation": [0, 3, 0],
			"scale": [0.25, 0.25, 0.25]
		},
		"gui": {
			"rotation": [30, 225, 0],
			"translation": [0, -1.75, 0],
			"scale": [0.625, 0.625, 0.625]
		},
		"head": {
			"translation": [0, 7.25, 0],
			"scale": [1.81, 1.81, 1.81]
		},
		"fixed": {
			"rotation": [-90, 0, 0],
			"translation": [0, 0, -22],
			"scale": [3.01, 3.01, 3.01]
		}
	}
}