{
	"credit": "Made with Blockbench",
	"texture_size": [64, 64],
	"textures": {
		"0": "item/mc_bee"
	},
	"elements": [
		{
			"from": [4.5, 0, 4.5],
			"to": [4.5, 7, 11.5],
			"rotation": {"angle": 0, "axis": "z", "origin": [5.5, 3.5, 8]},
			"faces": {
				"east": {"uv": [0, 2.5, 1.75, 4.25], "texture": "#0"},
				"west": {"uv": [1.75, 2.5, 0, 4.25], "texture": "#0"}
			}
		},
		{
			"from": [11.5, 0, 4.5],
			"to": [11.5, 7, 11.5],
			"rotation": {"angle": 0, "axis": "z", "origin": [10.5, 3.5, 8]},
			"faces": {
				"east": {"uv": [0, 2.5, 1.75, 4.25], "texture": "#0"},
				"west": {"uv": [1.75, 2.5, 0, 4.25], "texture": "#0"}
			}
		},
		{
			"from": [4.5, 0, 11.5],
			"to": [11.5, 7, 11.5],
			"rotation": {"angle": 0, "axis": "y", "origin": [8, 3.5, 8]},
			"faces": {
				"north": {"uv": [6.75, 2.5, 8.5, 4.25], "texture": "#0"},
				"south": {"uv": [6.75, 2.5, 8.5, 4.25], "texture": "#0"}
			}
		},
		{
			"from": [4.5, 7, 4.5],
			"to": [11.5, 7, 11.5],
			"rotation": {"angle": 0, "axis": "x", "origin": [8, 3.5, 8]},
			"faces": {
				"up": {"uv": [4.25, 1.75, 2.5, 0], "texture": "#0"},
				"down": {"uv": [1, 15, 15, 1], "rotation": 90, "texture": "#missing"}
			}
		},
		{
			"from": [4.5, 5.75, 4.5],
			"to": [11.5, 5.75, 11.5],
			"rotation": {"angle": 0, "axis": "x", "origin": [8, 3.5, 8]},
			"faces": {
				"up": {"uv": [1, 15, 15, 1], "rotation": 270, "texture": "#missing"},
				"down": {"uv": [4.25, 0, 2.5, 1.75], "texture": "#0"}
			}
		},
		{
			"from": [4.5, 0, 4.5],
			"to": [11.5, 0, 11.5],
			"rotation": {"angle": 0, "axis": "x", "origin": [8, 3.5, 8]},
			"faces": {
				"up": {"uv": [4.25, 1.75, 2.5, 0], "texture": "#0"},
				"down": {"uv": [4.25, 0, 2.5, 1.75], "texture": "#0"}
			}
		},
		{
			"from": [4.5, 0, 4.5],
			"to": [5.5, 7, 4.5],
			"rotation": {"angle": 0, "axis": "y", "origin": [8, 3.5, 8]},
			"faces": {
				"north": {"uv": [4.5, 2.5, 4.75, 4.25], "texture": "#0"},
				"east": {"uv": [0, 0, 0, 0], "texture": "#missing"},
				"south": {"uv": [1, 3, 15, 1], "rotation": 270, "texture": "#missing"},
				"west": {"uv": [0, 0, 0, 0], "texture": "#missing"},
				"up": {"uv": [0, 0, 0, 0], "texture": "#missing"},
				"down": {"uv": [0, 0, 0, 0], "texture": "#missing"}
			}
		},
		{
			"from": [10.5, 0, 4.5],
			"to": [11.5, 7, 4.5],
			"rotation": {"angle": 0, "axis": "y", "origin": [8, 3.5, 8]},
			"faces": {
				"north": {"uv": [2, 2.5, 2.25, 4.25], "texture": "#0"},
				"south": {"uv": [1, 1, 15, 3], "rotation": 270, "texture": "#missing"}
			}
		},
		{
			"from": [5.5, 5, 4.5],
			"to": [10.5, 7, 4.5],
			"rotation": {"angle": 0, "axis": "z", "origin": [8, 3.5, 8]},
			"faces": {
				"north": {"uv": [3, 4.25, 3.5, 3], "rotation": 90, "texture": "#0"},
				"south": {"uv": [3, 1, 13, 5], "texture": "#missing"}
			}
		},
		{
			"from": [5.5, 0, 4.5],
			"to": [10.5, 2, 4.5],
			"rotation": {"angle": 0, "axis": "z", "origin": [8, 3.5, 8]},
			"faces": {
				"north": {"uv": [3.5, 3, 3, 4.25], "rotation": 90, "texture": "#0"},
				"south": {"uv": [3, 1, 13, 5], "rotation": 180, "texture": "#missing"}
			}
		},
		{
			"name": "right_wing",
			"from": [10.15784, 8.72215, 5],
			"to": [19.15784, 8.72215, 11],
			"rotation": {"angle": 22.5, "axis": "z", "origin": [14.65784, 8.72215, 8]},
			"faces": {
				"north": {"uv": [1.5, 6, 3.75, 6], "texture": "#0"},
				"east": {"uv": [0, 6, 1.5, 6], "texture": "#0"},
				"south": {"uv": [5.25, 6, 7.5, 6], "texture": "#0"},
				"west": {"uv": [3.75, 6, 5.25, 6], "texture": "#0"},
				"up": {"uv": [3.75, 6, 1.5, 4.5], "texture": "#0"},
				"down": {"uv": [3.75, 4.5, 1.5, 6], "texture": "#0"}
			}
		},
		{
			"name": "right_wing",
			"from": [-3.15784, 8.72215, 5],
			"to": [5.84216, 8.72215, 11],
			"rotation": {"angle": -22.5, "axis": "z", "origin": [1.34216, 8.72215, 8]},
			"faces": {
				"north": {"uv": [3.75, 6, 1.5, 6], "texture": "#0"},
				"east": {"uv": [5.25, 6, 3.75, 6], "texture": "#0"},
				"south": {"uv": [7.5, 6, 5.25, 6], "texture": "#0"},
				"west": {"uv": [1.5, 6, 0, 6], "texture": "#0"},
				"up": {"uv": [1.5, 6, 3.75, 4.5], "texture": "#0"},
				"down": {"uv": [1.5, 4.5, 3.75, 6], "texture": "#0"}
			}
		},
		{
			"name": "stinger",
			"from": [8, 3, 11.5],
			"to": [8, 4, 13.5],
			"faces": {
				"north": {"uv": [6.5, 2.25, 6.5, 2.5], "texture": "#0"},
				"east": {"uv": [6.5, 2.25, 7, 2.5], "texture": "#0"},
				"south": {"uv": [7, 2.25, 7, 2.5], "texture": "#0"},
				"west": {"uv": [6.5, 2.25, 7, 2.5], "texture": "#0"},
				"up": {"uv": [6.5, 2.25, 6.5, 1.75], "texture": "#0"},
				"down": {"uv": [6.5, 1.75, 6.5, 2.25], "texture": "#0"}
			}
		},
		{
			"name": "right_antenna",
			"from": [11, 5, 1.5],
			"to": [11, 7, 4.5],
			"faces": {
				"north": {"uv": [1.25, 1.5, 1.5, 2], "texture": "#0"},
				"east": {"uv": [2.25, 1.5, 1.5, 2], "texture": "#0"},
				"south": {"uv": [2.25, 1.5, 2.5, 2], "texture": "#0"},
				"west": {"uv": [1.5, 1.5, 2.25, 2], "texture": "#0"},
				"up": {"uv": [1.5, 1.5, 1.25, 0.75], "texture": "#0"},
				"down": {"uv": [1.75, 0.75, 1.5, 1.5], "texture": "#0"}
			}
		},
		{
			"name": "right_antenna",
			"from": [5, 5, 1.5],
			"to": [5, 7, 4.5],
			"rotation": {"angle": 0, "axis": "y", "origin": [16, 0, 0]},
			"faces": {
				"north": {"uv": [1.5, 1.5, 1.25, 2], "texture": "#0"},
				"east": {"uv": [2.25, 1.5, 1.5, 2], "texture": "#0"},
				"south": {"uv": [2.5, 1.5, 2.25, 2], "texture": "#0"},
				"west": {"uv": [1.5, 1.5, 2.25, 2], "texture": "#0"},
				"up": {"uv": [1.25, 1.5, 1.5, 0.75], "texture": "#0"},
				"down": {"uv": [1.5, 0.75, 1.75, 1.5], "texture": "#0"}
			}
		}
	],
	"display": {
		"thirdperson_righthand": {
			"rotation": [75, 45, 0],
			"translation": [0, 1.5, 0],
			"scale": [0.375, 0.375, 0.375]
		},
		"thirdperson_lefthand": {
			"rotation": [75, 45, 0],
			"translation": [0, 1.5, 0],
			"scale": [0.375, 0.375, 0.375]
		},
		"firstperson_righthand": {
			"rotation": [0, 45, 0],
			"scale": [0.4, 0.4, 0.4]
		},
		"firstperson_lefthand": {
			"rotation": [0, 45, 0],
			"scale": [0.4, 0.4, 0.4]
		},
		"ground": {
			"translation": [0, 3, 0],
			"scale": [0.25, 0.25, 0.25]
		},
		"gui": {
			"rotation": [30, 225, 0],
			"translation": [0, 1.75, 0],
			"scale": [0.625, 0.625, 0.625]
		},
		"head": {
			"translation": [0, 9.5, 0],
			"scale": [2.12, 2.12, 2.12]
		},
		"fixed": {
			"rotation": [-90, 0, 0],
			"translation": [0, 0, -25.5],
			"scale": [3.44, 3.44, 3.44]
		}
	},
	"groups": [
		{
			"name": "chicken_hood",
			"origin": [8, 8, 8],
			"color": 0,
			"children": [
				{
					"name": "head",
					"origin": [-1, 7.5, -3],
					"color": 0,
					"children": []
				},
				{
					"name": "body",
					"origin": [0, 16.5, 3.5],
					"color": 0,
					"children": []
				},
				{
					"name": "leg1",
					"origin": [-5, 6.5, 7],
					"color": 0,
					"children": []
				},
				{
					"name": "leg2",
					"origin": [-1, 6.5, 7],
					"color": 0,
					"children": []
				},
				{
					"name": "leg3",
					"origin": [-5, 6.5, 0],
					"color": 0,
					"children": []
				},
				{
					"name": "leg4",
					"origin": [-1, 6.5, 0],
					"color": 0,
					"children": []
				},
				{
					"name": "tail",
					"origin": [-4, 11, 10],
					"color": 0,
					"children": []
				},
				{
					"name": "bunny_hood",
					"origin": [8, 8, 8],
					"color": 0,
					"children": [0, 1, 2, 3, 4, 5, 6, 7, 8, 9]
				},
				{
					"name": "head",
					"origin": [0, 9, -4],
					"color": 0,
					"children": []
				},
				{
					"name": "bill",
					"origin": [0, 9, -4],
					"color": 0,
					"children": []
				},
				{
					"name": "chin",
					"origin": [0, 9, -4],
					"color": 0,
					"children": []
				},
				{
					"name": "body",
					"origin": [0, 8, 0],
					"color": 0,
					"children": []
				},
				{
					"name": "left_wing",
					"origin": [4, 11, 0],
					"color": 0,
					"children": []
				},
				{
					"name": "right_wing",
					"origin": [-4, 11, 0],
					"color": 0,
					"children": []
				},
				{
					"name": "left_leg",
					"origin": [1, 5, 1],
					"color": 0,
					"children": []
				},
				{
					"name": "right_leg",
					"origin": [-2, 5, 1],
					"color": 0,
					"children": []
				}
			]
		},
		10,
		11,
		12,
		13,
		14
	]
}