{
	"credit": "Made with Blockbench",
	"texture_size": [32, 32],
	"textures": {
		"0": "item/banana_hat",
		"particle": "item/banana_hat"
	},
	"elements": [
		{
			"from": [3.998, -0.002, 3.998],
			"to": [12.002, 8.002, 12.002],
			"faces": {
				"north": {"uv": [0, 4, 4, 8], "texture": "#0"},
				"east": {"uv": [4, 4, 8, 8], "texture": "#0"},
				"south": {"uv": [4, 8, 8, 12], "texture": "#0"},
				"west": {"uv": [4, 4, 8, 8], "texture": "#0"},
				"up": {"uv": [8, 4, 12, 8], "texture": "#0"},
				"down": {"uv": [8, 4, 12, 8], "texture": "#0"}
			}
		},
		{
			"from": [12.01, 0.01, 4.01],
			"to": [3.99, 7.99, 11.99],
			"faces": {
				"east": {"uv": [0, 8, 4, 12], "texture": "#0"},
				"south": {"uv": [0, 8, 4, 12], "texture": "#0"},
				"west": {"uv": [0, 8, 4, 12], "texture": "#0"},
				"up": {"uv": [0, 8, 4, 12], "texture": "#0"},
				"down": {"uv": [0, 8, 4, 12], "texture": "#0"}
			}
		},
		{
			"from": [4.5, 8, 4.5],
			"to": [11.5, 10, 11.5],
			"faces": {
				"north": {"uv": [0, 3, 3.5, 4], "texture": "#0"},
				"east": {"uv": [0, 3, 3.5, 4], "texture": "#0"},
				"south": {"uv": [0, 3, 3.5, 4], "texture": "#0"},
				"west": {"uv": [3.5, 3, 0, 4], "texture": "#0"},
				"up": {"uv": [8.25, 4.25, 11.75, 7.75], "texture": "#0"}
			}
		},
		{
			"from": [5, 8.58449, 4.88374],
			"to": [11, 10.58449, 10.88374],
			"rotation": {"angle": -22.5, "axis": "x", "origin": [8, 9.58449, 7.88374]},
			"faces": {
				"east": {"uv": [5, 0, 8, 1], "texture": "#0"},
				"south": {"uv": [8, 0, 5, 1], "texture": "#0"},
				"west": {"uv": [8, 0, 5, 1], "texture": "#0"},
				"up": {"uv": [8.5, 4.5, 11.5, 7.5], "texture": "#0"}
			}
		},
		{
			"from": [5.5, 10.58449, 5.88374],
			"to": [10.5, 12.58449, 10.88374],
			"rotation": {"angle": -22.5, "axis": "x", "origin": [8, 8.58449, 8.38374]},
			"faces": {
				"north": {"uv": [0, 2, 2.5, 3], "texture": "#0"},
				"east": {"uv": [0, 2, 2.5, 3], "texture": "#0"},
				"south": {"uv": [0, 2, 2.5, 3], "texture": "#0"},
				"west": {"uv": [0, 2, 2.5, 3], "texture": "#0"},
				"up": {"uv": [8.75, 4.75, 11.25, 7.25], "texture": "#0"}
			}
		},
		{
			"from": [6.25, 11.52961, 4.79138],
			"to": [9.75, 14.52961, 8.79138],
			"rotation": {"angle": -45, "axis": "x", "origin": [8.75, 12.52961, 7.04138]},
			"faces": {
				"north": {"uv": [3.625, 2.5, 5.375, 4], "texture": "#0"},
				"east": {"uv": [3.625, 2.5, 5.375, 4], "texture": "#0"},
				"south": {"uv": [3.625, 2.5, 5.375, 4], "texture": "#0"},
				"west": {"uv": [3.625, 2.5, 5.375, 4], "texture": "#0"},
				"up": {"uv": [3.625, 1, 5.375, 3], "texture": "#0"}
			}
		},
		{
			"from": [7, 13.52961, 5.54138],
			"to": [9, 16.52961, 8.04138],
			"rotation": {"angle": -45, "axis": "x", "origin": [8.75, 12.52961, 7.04138]},
			"faces": {
				"north": {"uv": [10, 0, 11, 1.5], "texture": "#0"},
				"east": {"uv": [9, 0, 10, 1.5], "texture": "#0"},
				"south": {"uv": [10, 0, 11, 1.5], "texture": "#0"},
				"west": {"uv": [9, 0, 10, 1.5], "texture": "#0"},
				"up": {"uv": [8, 0, 9, 1.25], "texture": "#0"}
			}
		},
		{
			"from": [4.5, -2, 4.5],
			"to": [11.5, 0, 11.5],
			"rotation": {"angle": 0, "axis": "y", "origin": [0, 8, 0]},
			"faces": {
				"north": {"uv": [0, 4, 3.5, 3], "texture": "#0"},
				"east": {"uv": [3.5, 4, 0, 3], "texture": "#0"},
				"south": {"uv": [0, 4, 3.5, 3], "texture": "#0"},
				"west": {"uv": [0, 4, 3.5, 3], "texture": "#0"},
				"down": {"uv": [8.25, 7.75, 11.75, 4.25], "texture": "#0"}
			}
		},
		{
			"from": [5, -2.58449, 4.88374],
			"to": [11, -0.58449, 10.88374],
			"rotation": {"angle": 22.5, "axis": "x", "origin": [8, -1.58449, 7.88374]},
			"faces": {
				"east": {"uv": [5, 1, 8, 0], "texture": "#0"},
				"south": {"uv": [8, 1, 5, 0], "texture": "#0"},
				"west": {"uv": [8, 1, 5, 0], "texture": "#0"},
				"down": {"uv": [8.5, 7.5, 11.5, 4.5], "texture": "#0"}
			}
		},
		{
			"from": [5.5, -4.58449, 5.88374],
			"to": [10.5, -2.58449, 10.88374],
			"rotation": {"angle": 22.5, "axis": "x", "origin": [8, -0.58449, 8.38374]},
			"faces": {
				"north": {"uv": [0, 3, 2.5, 2], "texture": "#0"},
				"east": {"uv": [0, 3, 2.5, 2], "texture": "#0"},
				"south": {"uv": [0, 3, 2.5, 2], "texture": "#0"},
				"west": {"uv": [0, 3, 2.5, 2], "texture": "#0"},
				"down": {"uv": [8.75, 7.25, 11.25, 4.75], "texture": "#0"}
			}
		},
		{
			"from": [6.25, -6.52961, 4.79138],
			"to": [9.75, -3.52961, 8.79138],
			"rotation": {"angle": 45, "axis": "x", "origin": [8.75, -4.52961, 7.04138]},
			"faces": {
				"north": {"uv": [3.625, 4, 5.375, 2.5], "texture": "#0"},
				"east": {"uv": [3.625, 4, 5.375, 2.5], "texture": "#0"},
				"south": {"uv": [3.625, 4, 5.375, 2.5], "texture": "#0"},
				"west": {"uv": [3.625, 4, 5.375, 2.5], "texture": "#0"},
				"down": {"uv": [3.625, 3, 5.375, 1], "texture": "#0"}
			}
		},
		{
			"from": [7, -8.52961, 5.54138],
			"to": [9, -5.52961, 8.04138],
			"rotation": {"angle": 45, "axis": "x", "origin": [8.75, -4.52961, 7.04138]},
			"faces": {
				"north": {"uv": [10, 1.5, 11, 0], "texture": "#0"},
				"east": {"uv": [9, 1.5, 10, 0], "texture": "#0"},
				"south": {"uv": [10, 1.5, 11, 0], "texture": "#0"},
				"west": {"uv": [9, 1.5, 10, 0], "texture": "#0"},
				"down": {"uv": [8, 1.25, 9, 0], "texture": "#0"}
			}
		}
	],
	"display": {
		"thirdperson_righthand": {
			"rotation": [75, 45, 0],
			"translation": [0, 1.5, 0],
			"scale": [0.375, 0.375, 0.375]
		},
		"thirdperson_lefthand": {
			"rotation": [75, 45, 0],
			"translation": [0, 1.5, 0],
			"scale": [0.375, 0.375, 0.375]
		},
		"firstperson_righthand": {
			"rotation": [0, 225, 0],
			"scale": [0.4, 0.4, 0.4]
		},
		"firstperson_lefthand": {
			"rotation": [0, 225, 0],
			"scale": [0.4, 0.4, 0.4]
		},
		"ground": {
			"translation": [0, 3, 0],
			"scale": [0.25, 0.25, 0.25]
		},
		"gui": {
			"rotation": [30, 225, 0],
			"translation": [0, 2.25, 0],
			"scale": [0.625, 0.625, 0.625]
		},
		"head": {
			"translation": [0, 7.21, 0],
			"scale": [1.81, 1.81, 1.81]
		},
		"fixed": {
			"rotation": [0, 0, 90],
			"translation": [-12, 0, -10],
			"scale": [3.01, 3.01, 3.01]
		}
	}
}