{
	"credit": "Made with Blockbench",
	"ambientocclusion": false,
	"texture_size": [64, 64],
	"textures": {
		"2": "item/usagi_wig",
		"particle": "item/usagi_wig"
	},
	"elements": [
		{
			"from": [9.5, 6, 3],
			"to": [12.5, 9, 9],
			"rotation": {"angle": 0, "axis": "z", "origin": [8, 5.5, 9.5]},
			"faces": {
				"north": {"uv": [5, 2, 4.25, 2.75], "texture": "#2"},
				"east": {"uv": [5.5, 1.25, 7, 2], "texture": "#2"},
				"west": {"uv": [5.5, 5.5, 7, 6.25], "texture": "#2"},
				"up": {"uv": [0, 7.5, 0.75, 6], "texture": "#2"},
				"down": {"uv": [3.75, 5.75, 3, 7.25], "texture": "#2"}
			}
		},
		{
			"from": [8.5, 5, 9],
			"to": [13.5, 10, 13],
			"rotation": {"angle": 0, "axis": "z", "origin": [8, 5.5, 9.5]},
			"faces": {
				"north": {"uv": [2, 1.5, 3.25, 2.75], "texture": "#2"},
				"east": {"uv": [4.25, 1.5, 3.25, 2.75], "texture": "#2"},
				"south": {"uv": [3.25, 1.5, 2, 2.75], "texture": "#2"},
				"west": {"uv": [3.25, 1.5, 4.25, 2.75], "texture": "#2"},
				"up": {"uv": [5, 3.75, 3.75, 2.75], "texture": "#2"},
				"down": {"uv": [5, 3.75, 3.75, 4.75], "texture": "#2"}
			}
		},
		{
			"from": [9.5, 9, 8.25],
			"to": [12.5, 12, 8.75],
			"rotation": {"angle": 22.5, "axis": "z", "origin": [11, 12.5, 11]},
			"faces": {
				"north": {"uv": [1, 2.25, 1.75, 3], "texture": "#2"},
				"east": {"uv": [1, 2.25, 1.125, 3], "texture": "#2"},
				"west": {"uv": [1.625, 2.25, 1.75, 3], "texture": "#2"},
				"up": {"uv": [1, 2.25, 1.75, 2.375], "texture": "#2"},
				"down": {"uv": [1, 2.875, 1.75, 3], "texture": "#2"}
			}
		},
		{
			"from": [10, 9.5, 8],
			"to": [12, 11.5, 8.5],
			"rotation": {"angle": 22.5, "axis": "z", "origin": [11, 12.5, 11]},
			"faces": {
				"north": {"uv": [1.125, 2.375, 1.625, 2.875], "texture": "#2"},
				"east": {"uv": [1.125, 2.375, 1.25, 2.875], "texture": "#2"},
				"west": {"uv": [1.5, 2.375, 1.625, 2.875], "texture": "#2"},
				"up": {"uv": [1.125, 2.375, 1.625, 2.5], "texture": "#2"},
				"down": {"uv": [1.625, 2.75, 1.125, 2.875], "texture": "#2"}
			}
		},
		{
			"from": [4, 9.5, 8],
			"to": [6, 11.5, 8.5],
			"rotation": {"angle": -22.5, "axis": "z", "origin": [5, 12.5, 11]},
			"faces": {
				"north": {"uv": [1.625, 2.375, 1.125, 2.875], "texture": "#2"},
				"east": {"uv": [1.625, 2.375, 1.5, 2.875], "texture": "#2"},
				"west": {"uv": [1.25, 2.375, 1.125, 2.875], "texture": "#2"},
				"up": {"uv": [1.625, 2.375, 1.125, 2.5], "texture": "#2"},
				"down": {"uv": [1.125, 2.75, 1.625, 2.875], "texture": "#2"}
			}
		},
		{
			"from": [3.5, 9, 8.25],
			"to": [6.5, 12, 8.75],
			"rotation": {"angle": -22.5, "axis": "z", "origin": [5, 12.5, 11]},
			"faces": {
				"north": {"uv": [1.75, 2.25, 1, 3], "texture": "#2"},
				"east": {"uv": [9.875, 1.5, 9.75, 2], "texture": "#2"},
				"west": {"uv": [9.875, 1, 9.75, 1.5], "texture": "#2"},
				"up": {"uv": [9.25, 4.125, 9.75, 4], "texture": "#2"},
				"down": {"uv": [9.5, 7, 10, 7.125], "texture": "#2"}
			}
		},
		{
			"from": [10.5, 2.5, 10.5],
			"to": [11.5, 8.5, 11.5],
			"rotation": {"angle": 22.5, "axis": "z", "origin": [11, 12.5, 11]},
			"faces": {
				"north": {"uv": [2.75, 9, 3, 10.5], "texture": "#2"},
				"east": {"uv": [4, 9, 4.25, 10.5], "texture": "#2"},
				"south": {"uv": [4.25, 9, 4.5, 10.5], "texture": "#2"},
				"west": {"uv": [4.5, 9, 4.75, 10.5], "texture": "#2"}
			}
		},
		{
			"from": [14.99391, -2.6061, 10.5],
			"to": [16.49391, 3.3939, 11.5],
			"rotation": {"angle": 22.5, "axis": "z", "origin": [15.74391, 0.3939, 11]},
			"faces": {
				"north": {"uv": [7.75, 3.75, 8.125, 5.25], "texture": "#2"},
				"east": {"uv": [8.5, 8.75, 8.75, 10.25], "texture": "#2"},
				"south": {"uv": [8, 1.5, 8.375, 3], "texture": "#2"},
				"west": {"uv": [2.5, 9, 2.75, 10.5], "texture": "#2"}
			}
		},
		{
			"from": [15.58487, -8.09073, 10.25],
			"to": [17.58487, -2.09073, 11.75],
			"rotation": {"angle": 0, "axis": "z", "origin": [16.58487, 0.90927, 11]},
			"faces": {
				"north": {"uv": [4.75, 6.5, 5.25, 8], "texture": "#2"},
				"east": {"uv": [1, 7.75, 1.375, 9.25], "texture": "#2"},
				"south": {"uv": [2, 6.75, 2.5, 8.25], "texture": "#2"},
				"west": {"uv": [1.5, 7.75, 1.875, 9.25], "texture": "#2"},
				"up": {"uv": [9.75, 5.875, 9.25, 5.5], "texture": "#2"},
				"down": {"uv": [10, 6, 9.5, 6.375], "texture": "#2"}
			}
		},
		{
			"from": [19.58612, -12.4888, 10.25],
			"to": [21.08612, -8.4888, 11.75],
			"rotation": {"angle": -22.5, "axis": "z", "origin": [20.33612, 0.5112, 11]},
			"faces": {
				"north": {"uv": [3.5, 8.75, 3.875, 9.75], "texture": "#2"},
				"east": {"uv": [8.75, 7.25, 9.125, 8.25], "texture": "#2"},
				"south": {"uv": [7.5, 8.75, 7.875, 9.75], "texture": "#2"},
				"west": {"uv": [8.75, 8.25, 9.125, 9.25], "texture": "#2"},
				"down": {"uv": [9.875, 8, 9.5, 8.375], "texture": "#2"}
			}
		},
		{
			"from": [20.06709, -15.58447, 10.5],
			"to": [21.06709, -12.58447, 11.5],
			"rotation": {"angle": -22.5, "axis": "z", "origin": [20.56709, 0.41553, 11]},
			"faces": {
				"north": {"uv": [9.5, 0.75, 9.75, 1.5], "texture": "#2"},
				"east": {"uv": [9.5, 1.5, 9.75, 2.25], "texture": "#2"},
				"south": {"uv": [9.5, 2.25, 9.75, 3], "texture": "#2"},
				"west": {"uv": [5.25, 9.5, 5.5, 10.25], "texture": "#2"},
				"down": {"uv": [3.75, 7.25, 3.5, 7.5], "texture": "#2"}
			}
		},
		{
			"from": [15.58487, -9.09073, 10.5],
			"to": [16.08487, -1.09073, 11.5],
			"rotation": {"angle": 0, "axis": "z", "origin": [16.58487, 0.90927, 11]},
			"faces": {
				"north": {"uv": [1.25, 9.25, 1.375, 11.25], "texture": "#2"},
				"south": {"uv": [1.5, 9.25, 1.625, 11.25], "texture": "#2"},
				"west": {"uv": [2, 8.25, 2.25, 10.25], "texture": "#2"}
			}
		},
		{
			"from": [14.66832, -12.71222, 10.5],
			"to": [15.16832, -11.21222, 11.5],
			"rotation": {"angle": 0, "axis": "z", "origin": [16.66832, 0.78778, 11]},
			"faces": {
				"north": {"uv": [9.75, 5.25, 9.875, 5.625], "texture": "#2"},
				"south": {"uv": [5.75, 9.75, 5.875, 10.125], "texture": "#2"},
				"west": {"uv": [9.75, 0.5, 10, 0.875], "texture": "#2"}
			}
		},
		{
			"from": [13.90295, 2.87852, 10.5],
			"to": [14.40295, 4.37852, 11.5],
			"rotation": {"angle": 0, "axis": "z", "origin": [15.90295, 9.37852, 11]},
			"faces": {
				"north": {"uv": [9.75, 4.25, 9.875, 4.625], "texture": "#2"},
				"south": {"uv": [9.75, 4.75, 9.875, 5.125], "texture": "#2"},
				"west": {"uv": [0.25, 9.75, 0.5, 10.125], "texture": "#2"}
			}
		},
		{
			"from": [6, 7, 3.5],
			"to": [10, 8.5, 12.5],
			"rotation": {"angle": 0, "axis": "z", "origin": [8, 5.5, 9.5]},
			"faces": {
				"north": {"uv": [8, 6.25, 9, 6.625], "texture": "#2"},
				"south": {"uv": [8.25, 0, 9.25, 0.375], "texture": "#2"},
				"up": {"uv": [1, 2.25, 0, 0], "texture": "#2"},
				"down": {"uv": [2, 0, 1, 2.25], "texture": "#2"}
			}
		},
		{
			"from": [7.5, 5, 11.75],
			"to": [8.5, 8, 12.75],
			"rotation": {"angle": 0, "axis": "z", "origin": [8, 5.5, 9.5]},
			"faces": {
				"north": {"uv": [7.75, 5.25, 8, 6], "texture": "#2"},
				"south": {"uv": [7.75, 5.25, 8, 6], "texture": "#2"},
				"up": {"uv": [6.75, 1.25, 6.5, 1], "texture": "#2"}
			}
		},
		{
			"from": [3.5, 2, 11.75],
			"to": [12.5, 5, 12.75],
			"rotation": {"angle": 0, "axis": "z", "origin": [8, 5.5, 9.5]},
			"faces": {
				"north": {"uv": [2, 0.75, 4.25, 1.5], "texture": "#2"},
				"east": {"uv": [1.75, 9.25, 2, 10], "texture": "#2"},
				"south": {"uv": [2, 0.75, 4.25, 1.5], "texture": "#2"},
				"west": {"uv": [9.25, 8, 9.5, 8.75], "texture": "#2"},
				"down": {"uv": [9.5, 7, 7.25, 7.25], "texture": "#2"}
			}
		},
		{
			"from": [4, 0, 11.75],
			"to": [12, 2, 12.75],
			"rotation": {"angle": 0, "axis": "z", "origin": [8, 5.5, 9.5]},
			"faces": {
				"north": {"uv": [6.25, 3.25, 8.25, 3.75], "texture": "#2"},
				"east": {"uv": [9.25, 9.5, 9.5, 10], "texture": "#2"},
				"south": {"uv": [6.25, 3.25, 8.25, 3.75], "texture": "#2"},
				"west": {"uv": [9.5, 9.5, 9.75, 10], "texture": "#2"},
				"down": {"uv": [10, 3, 8, 3.25], "texture": "#2"}
			}
		},
		{
			"from": [5, -1, 11.75],
			"to": [11, 0, 12.75],
			"rotation": {"angle": 0, "axis": "z", "origin": [8, 5.5, 9.5]},
			"faces": {
				"north": {"uv": [8.25, 4.25, 9.75, 4.5], "texture": "#2"},
				"east": {"uv": [6.75, 1, 7, 1.25], "texture": "#2"},
				"south": {"uv": [8.25, 4.25, 9.75, 4.5], "texture": "#2"},
				"west": {"uv": [6.75, 5.25, 7, 5.5], "texture": "#2"},
				"down": {"uv": [9.75, 4.5, 8.25, 4.75], "texture": "#2"}
			}
		},
		{
			"from": [11.25, 4.5, 2.5],
			"to": [12.75, 8.5, 5],
			"rotation": {"angle": 0, "axis": "z", "origin": [8, 5.5, 9.5]},
			"faces": {
				"north": {"uv": [8.25, 0.5, 8.625, 1.5], "texture": "#2"},
				"east": {"uv": [7, 1, 7.625, 2], "texture": "#2"},
				"south": {"uv": [8.25, 3.25, 8.625, 4.25], "texture": "#2"},
				"west": {"uv": [7.625, 1, 7, 2], "texture": "#2"},
				"up": {"uv": [9.375, 6.625, 9, 6], "texture": "#2"},
				"down": {"uv": [9.625, 3.25, 9.25, 3.875], "texture": "#2"}
			}
		},
		{
			"from": [11.75, 4, 5],
			"to": [12.75, 8, 7],
			"rotation": {"angle": 0, "axis": "z", "origin": [8, 5.5, 9.5]},
			"faces": {
				"north": {"uv": [7.5, 0, 7.75, 1], "texture": "#2"},
				"east": {"uv": [2.5, 8, 3, 9], "texture": "#2"},
				"south": {"uv": [9.25, 0, 9.5, 1], "texture": "#2"},
				"west": {"uv": [3, 8, 2.5, 9], "texture": "#2"},
				"up": {"uv": [2, 2.75, 1.75, 2.25], "texture": "#2"},
				"down": {"uv": [1.25, 3.5, 1, 4], "texture": "#2"}
			}
		},
		{
			"from": [11.75, 2.5, 7],
			"to": [12.75, 7, 9],
			"rotation": {"angle": 0, "axis": "z", "origin": [8, 5.5, 9.5]},
			"faces": {
				"north": {"uv": [4.75, 9, 5, 10.125], "texture": "#2"},
				"east": {"uv": [2.5, 8, 3, 9], "texture": "#2"},
				"west": {"uv": [7, 7.25, 6.5, 8.375], "texture": "#2"},
				"up": {"uv": [5.5, 6.25, 5.25, 5.75], "texture": "#2"},
				"down": {"uv": [2.25, 6.25, 2, 6.75], "texture": "#2"}
			}
		},
		{
			"from": [11.75, 1, 9],
			"to": [12.75, 6, 11],
			"rotation": {"angle": 0, "axis": "z", "origin": [8, 5.5, 9.5]},
			"faces": {
				"north": {"uv": [7.5, 4.75, 7.75, 6], "texture": "#2"},
				"east": {"uv": [2.5, 6.75, 3, 8], "texture": "#2"},
				"west": {"uv": [3, 6.75, 2.5, 8], "texture": "#2"},
				"down": {"uv": [6.5, 3.75, 6.25, 4.25], "texture": "#2"}
			}
		},
		{
			"from": [11.75, -1, 11],
			"to": [12.75, 5, 12],
			"rotation": {"angle": 0, "axis": "z", "origin": [8, 5.5, 9.5]},
			"faces": {
				"north": {"uv": [2.5, 8.25, 2.25, 9.75], "texture": "#2"},
				"east": {"uv": [5.75, 8.25, 6, 9.75], "texture": "#2"},
				"south": {"uv": [6.25, 8.25, 6, 9.75], "texture": "#2"},
				"west": {"uv": [5.75, 8.25, 6, 9.75], "texture": "#2"},
				"down": {"uv": [1, 6, 0.75, 6.25], "texture": "#2"}
			}
		},
		{
			"from": [3.5, 6, 3],
			"to": [6.5, 9, 9],
			"rotation": {"angle": 0, "axis": "z", "origin": [8, 5.5, 9.5]},
			"faces": {
				"north": {"uv": [4.25, 2, 5, 2.75], "texture": "#2"},
				"east": {"uv": [7, 5.5, 5.5, 6.25], "texture": "#2"},
				"west": {"uv": [7, 1.25, 5.5, 2], "texture": "#2"},
				"up": {"uv": [0.75, 7.5, 0, 6], "texture": "#2"},
				"down": {"uv": [3, 5.75, 3.75, 7.25], "texture": "#2"}
			}
		},
		{
			"from": [2.5, 5, 9],
			"to": [7.5, 10, 13],
			"rotation": {"angle": 0, "axis": "z", "origin": [8, 5.5, 9.5]},
			"faces": {
				"north": {"uv": [3.25, 1.5, 2, 2.75], "texture": "#2"},
				"east": {"uv": [4.25, 1.5, 3.25, 2.75], "texture": "#2"},
				"south": {"uv": [2, 1.5, 3.25, 2.75], "texture": "#2"},
				"west": {"uv": [3.25, 1.5, 4.25, 2.75], "texture": "#2"},
				"up": {"uv": [3.75, 3.75, 5, 2.75], "texture": "#2"},
				"down": {"uv": [3.75, 3.75, 5, 4.75], "texture": "#2"}
			}
		},
		{
			"from": [3.25, 4.5, 2.5],
			"to": [4.75, 8.5, 5],
			"rotation": {"angle": 0, "axis": "z", "origin": [8, 5.5, 9.5]},
			"faces": {
				"north": {"uv": [8.625, 0.5, 8.25, 1.5], "texture": "#2"},
				"east": {"uv": [7, 1, 7.625, 2], "texture": "#2"},
				"south": {"uv": [8.625, 3.25, 8.25, 4.25], "texture": "#2"},
				"west": {"uv": [7.625, 1, 7, 2], "texture": "#2"},
				"up": {"uv": [9, 6.625, 9.375, 6], "texture": "#2"},
				"down": {"uv": [9.25, 3.25, 9.625, 3.875], "texture": "#2"}
			}
		},
		{
			"from": [3.25, 4, 5],
			"to": [4.25, 8, 7],
			"rotation": {"angle": 0, "axis": "z", "origin": [8, 5.5, 9.5]},
			"faces": {
				"north": {"uv": [7.75, 0, 7.5, 1], "texture": "#2"},
				"east": {"uv": [2.5, 8, 3, 9], "texture": "#2"},
				"south": {"uv": [9.5, 0, 9.25, 1], "texture": "#2"},
				"west": {"uv": [3, 8, 2.5, 9], "texture": "#2"},
				"up": {"uv": [1.75, 2.75, 2, 2.25], "texture": "#2"},
				"down": {"uv": [1, 3.5, 1.25, 4], "texture": "#2"}
			}
		},
		{
			"from": [3.25, 2.5, 7],
			"to": [4.25, 7, 9],
			"rotation": {"angle": 0, "axis": "z", "origin": [8, 5.5, 9.5]},
			"faces": {
				"north": {"uv": [5, 9, 4.75, 10.125], "texture": "#2"},
				"east": {"uv": [6.5, 7.25, 7, 8.375], "texture": "#2"},
				"west": {"uv": [3, 8, 2.5, 9], "texture": "#2"},
				"up": {"uv": [5.25, 6.25, 5.5, 5.75], "texture": "#2"},
				"down": {"uv": [2, 6.25, 2.25, 6.75], "texture": "#2"}
			}
		},
		{
			"from": [3.25, 1, 9],
			"to": [4.25, 6, 11],
			"rotation": {"angle": 0, "axis": "z", "origin": [8, 5.5, 9.5]},
			"faces": {
				"north": {"uv": [7.75, 4.75, 7.5, 6], "texture": "#2"},
				"east": {"uv": [2.5, 6.75, 3, 8], "texture": "#2"},
				"west": {"uv": [3, 6.75, 2.5, 8], "texture": "#2"},
				"down": {"uv": [6.25, 3.75, 6.5, 4.25], "texture": "#2"}
			}
		},
		{
			"from": [3.25, -1, 11],
			"to": [4.25, 5, 12],
			"rotation": {"angle": 0, "axis": "z", "origin": [8, 5.5, 9.5]},
			"faces": {
				"north": {"uv": [2.5, 8.25, 2.25, 9.75], "texture": "#2"},
				"east": {"uv": [5.75, 8.25, 6, 9.75], "texture": "#2"},
				"south": {"uv": [6, 8.25, 6.25, 9.75], "texture": "#2"},
				"west": {"uv": [6, 8.25, 5.75, 9.75], "texture": "#2"},
				"down": {"uv": [0.75, 6, 1, 6.25], "texture": "#2"}
			}
		},
		{
			"from": [3, 8.5, 8.5],
			"to": [7, 12.5, 13.5],
			"rotation": {"angle": -22.5, "axis": "z", "origin": [5, 12.5, 11]},
			"faces": {
				"north": {"uv": [6.25, 6.25, 7.25, 7.25], "texture": "#2"},
				"east": {"uv": [4.25, 4.75, 3, 5.75], "texture": "#2"},
				"south": {"uv": [7.25, 6.25, 6.25, 7.25], "texture": "#2"},
				"west": {"uv": [4.25, 4.75, 3, 5.75], "texture": "#2"},
				"up": {"uv": [0, 6, 1, 4.75], "texture": "#2"},
				"down": {"uv": [1, 6, 2, 4.75], "texture": "#2"}
			}
		},
		{
			"from": [9, 8.5, 8.5],
			"to": [13, 12.5, 13.5],
			"rotation": {"angle": 22.5, "axis": "z", "origin": [11, 12.5, 11]},
			"faces": {
				"north": {"uv": [7.25, 6.25, 6.25, 7.25], "texture": "#2"},
				"east": {"uv": [3, 4.75, 4.25, 5.75], "texture": "#2"},
				"south": {"uv": [6.25, 6.25, 7.25, 7.25], "texture": "#2"},
				"west": {"uv": [3, 4.75, 4.25, 5.75], "texture": "#2"},
				"up": {"uv": [1, 6, 0, 4.75], "texture": "#2"},
				"down": {"uv": [2, 6, 1, 4.75], "texture": "#2"}
			}
		},
		{
			"from": [1.59705, 2.87852, 10.5],
			"to": [2.09705, 4.37852, 11.5],
			"rotation": {"angle": 0, "axis": "z", "origin": [0.09705, 9.37852, 11]},
			"faces": {
				"north": {"uv": [9.875, 4.25, 9.75, 4.625], "texture": "#2"},
				"east": {"uv": [0.5, 9.75, 0.25, 10.125], "texture": "#2"},
				"south": {"uv": [9.875, 4.75, 9.75, 5.125], "texture": "#2"}
			}
		},
		{
			"from": [0.83168, -12.71222, 10.5],
			"to": [1.33168, -11.21222, 11.5],
			"rotation": {"angle": 0, "axis": "z", "origin": [-0.66832, 0.78778, 11]},
			"faces": {
				"north": {"uv": [9.875, 5.25, 9.75, 5.625], "texture": "#2"},
				"east": {"uv": [10, 0.5, 9.75, 0.875], "texture": "#2"},
				"south": {"uv": [5.875, 9.75, 5.75, 10.125], "texture": "#2"}
			}
		},
		{
			"from": [-0.08487, -9.09073, 10.5],
			"to": [0.41513, -1.09073, 11.5],
			"rotation": {"angle": 0, "axis": "z", "origin": [-0.58487, 0.90927, 11]},
			"faces": {
				"north": {"uv": [1.375, 9.25, 1.25, 11.25], "texture": "#2"},
				"east": {"uv": [2.25, 8.25, 2, 10.25], "texture": "#2"},
				"south": {"uv": [1.625, 9.25, 1.5, 11.25], "texture": "#2"}
			}
		},
		{
			"from": [-5.06709, -15.58447, 10.5],
			"to": [-4.06709, -12.58447, 11.5],
			"rotation": {"angle": 22.5, "axis": "z", "origin": [-4.56709, 0.41553, 11]},
			"faces": {
				"north": {"uv": [9.75, 0.75, 9.5, 1.5], "texture": "#2"},
				"east": {"uv": [5.5, 9.5, 5.25, 10.25], "texture": "#2"},
				"south": {"uv": [9.75, 2.25, 9.5, 3], "texture": "#2"},
				"west": {"uv": [9.75, 1.5, 9.5, 2.25], "texture": "#2"},
				"down": {"uv": [3.5, 7.25, 3.75, 7.5], "texture": "#2"}
			}
		},
		{
			"from": [-5.08612, -12.4888, 10.25],
			"to": [-3.58612, -8.4888, 11.75],
			"rotation": {"angle": 22.5, "axis": "z", "origin": [-4.33612, 0.5112, 11]},
			"faces": {
				"north": {"uv": [3.875, 8.75, 3.5, 9.75], "texture": "#2"},
				"east": {"uv": [9.125, 8.25, 8.75, 9.25], "texture": "#2"},
				"south": {"uv": [7.875, 8.75, 7.5, 9.75], "texture": "#2"},
				"west": {"uv": [9.125, 7.25, 8.75, 8.25], "texture": "#2"},
				"down": {"uv": [9.5, 8, 9.875, 8.375], "texture": "#2"}
			}
		},
		{
			"from": [-1.58487, -8.09073, 10.25],
			"to": [0.41513, -2.09073, 11.75],
			"rotation": {"angle": 0, "axis": "z", "origin": [-0.58487, 0.90927, 11]},
			"faces": {
				"north": {"uv": [5.25, 6.5, 4.75, 8], "texture": "#2"},
				"east": {"uv": [1.875, 7.75, 1.5, 9.25], "texture": "#2"},
				"south": {"uv": [2.5, 6.75, 2, 8.25], "texture": "#2"},
				"west": {"uv": [1.375, 7.75, 1, 9.25], "texture": "#2"},
				"up": {"uv": [9.25, 5.875, 9.75, 5.5], "texture": "#2"},
				"down": {"uv": [9.5, 6, 10, 6.375], "texture": "#2"}
			}
		},
		{
			"from": [-0.49391, -2.6061, 10.5],
			"to": [1.00609, 3.3939, 11.5],
			"rotation": {"angle": -22.5, "axis": "z", "origin": [0.25609, 0.3939, 11]},
			"faces": {
				"north": {"uv": [8.125, 3.75, 7.75, 5.25], "texture": "#2"},
				"east": {"uv": [2.75, 9, 2.5, 10.5], "texture": "#2"},
				"south": {"uv": [8.375, 1.5, 8, 3], "texture": "#2"},
				"west": {"uv": [8.75, 8.75, 8.5, 10.25], "texture": "#2"}
			}
		},
		{
			"from": [4.5, 2.5, 10.5],
			"to": [5.5, 8.5, 11.5],
			"rotation": {"angle": -22.5, "axis": "z", "origin": [5, 12.5, 11]},
			"faces": {
				"north": {"uv": [3, 9, 2.75, 10.5], "texture": "#2"},
				"east": {"uv": [4.75, 9, 4.5, 10.5], "texture": "#2"},
				"south": {"uv": [4.5, 9, 4.25, 10.5], "texture": "#2"},
				"west": {"uv": [4.25, 9, 4, 10.5], "texture": "#2"}
			}
		}
	],
	"display": {
		"thirdperson_righthand": {
			"rotation": [75, 45, 0],
			"translation": [0, 2.5, 0],
			"scale": [0.375, 0.375, 0.375]
		},
		"thirdperson_lefthand": {
			"rotation": [75, 45, 0],
			"translation": [0, 2.5, 0],
			"scale": [0.375, 0.375, 0.375]
		},
		"firstperson_righthand": {
			"rotation": [0, 45, 0],
			"scale": [0.4, 0.4, 0.4]
		},
		"firstperson_lefthand": {
			"rotation": [0, 45, 0],
			"scale": [0.4, 0.4, 0.4]
		},
		"ground": {
			"translation": [0, 3, 0],
			"scale": [0.25, 0.25, 0.25]
		},
		"gui": {
			"rotation": [30, 225, 0],
			"translation": [0, 3.25, 0],
			"scale": [0.53, 0.53, 0.53]
		},
		"head": {
			"translation": [0, 7.25, 0],
			"scale": [1.81, 1.81, 1.81]
		},
		"fixed": {
			"translation": [0, 11.25, -11.5],
			"scale": [3.02, 3.02, 3.02]
		}
	},
	"groups": [
		0,
		1,
		2,
		3,
		4,
		5,
		6,
		7,
		8,
		9,
		10,
		11,
		12,
		13,
		14,
		15,
		16,
		17,
		18,
		19,
		20,
		21,
		22,
		23,
		24,
		25,
		26,
		27,
		28,
		29,
		30,
		31,
		32,
		33,
		34,
		35,
		36,
		37,
		38,
		39,
		40,
		{
			"name": "LeftPony",
			"origin": [0.73962, 5.28778, 16.5],
			"color": 0,
			"children": []
		},
		{
			"name": "RightPony",
			"origin": [0.73962, 5.28778, 16.5],
			"color": 0,
			"children": []
		}
	]
}