{
	"credit": "Made with Blockbench",
	"texture_size": [64, 64],
	"textures": {
		"2": "item/piglin",
		"particle": "item/piglin"
	},
	"elements": [
		{
			"name": "head",
			"from": [3, 4, 4],
			"to": [13, 8, 12],
			"rotation": {"angle": 0, "axis": "y", "origin": [8, -18.5, 8]},
			"faces": {
				"north": {"uv": [2, 2, 4.5, 3], "texture": "#2"},
				"east": {"uv": [0, 2, 2, 3], "texture": "#2"},
				"south": {"uv": [6.5, 2, 9, 3], "texture": "#2"},
				"west": {"uv": [4.5, 2, 6.5, 3], "texture": "#2"},
				"up": {"uv": [4.5, 2, 2, 0], "texture": "#2"},
				"down": {"uv": [7, 0, 4.5, 2], "texture": "#2"}
			}
		},
		{
			"name": "head",
			"from": [3, 0, 11],
			"to": [13, 4, 12],
			"rotation": {"angle": 0, "axis": "y", "origin": [8, -18.5, 8]},
			"faces": {
				"north": {"uv": [4.5, 1, 7, 2], "texture": "#2"},
				"east": {"uv": [0, 3, 0.25, 4], "texture": "#2"},
				"south": {"uv": [6.5, 3, 9, 4], "texture": "#2"},
				"west": {"uv": [6.25, 3, 6.5, 4], "texture": "#2"},
				"up": {"uv": [4.5, 2, 2, 0], "texture": "#2"},
				"down": {"uv": [7, 0, 4.5, 0.25], "texture": "#2"}
			}
		},
		{
			"name": "head",
			"from": [10, 2, 4],
			"to": [13, 4, 11],
			"rotation": {"angle": 0, "axis": "y", "origin": [8, -18.5, 8]},
			"faces": {
				"north": {"uv": [2, 3, 2.75, 3.5], "texture": "#2"},
				"east": {"uv": [0.25, 3, 2, 3.5], "texture": "#2"},
				"south": {"uv": [8.25, 3, 9, 3.5], "texture": "#2"},
				"west": {"uv": [4.5, 0, 6.5, 0.5], "texture": "#2"},
				"up": {"uv": [4.5, 2, 2, 0], "texture": "#2"},
				"down": {"uv": [5.25, 0, 4.5, 2], "texture": "#2"}
			}
		},
		{
			"name": "head",
			"from": [11, 0, 4],
			"to": [13, 2, 11],
			"rotation": {"angle": 0, "axis": "y", "origin": [8, -18.5, 8]},
			"faces": {
				"north": {"uv": [2, 3.5, 2.5, 4], "texture": "#2"},
				"east": {"uv": [0.25, 3.5, 2, 4], "texture": "#2"},
				"south": {"uv": [8.25, 3.5, 9, 4], "texture": "#2"},
				"west": {"uv": [4.5, 0, 6.5, 1], "texture": "#2"},
				"up": {"uv": [4.5, 2, 2, 0], "texture": "#2"},
				"down": {"uv": [5, 0, 4.5, 2], "texture": "#2"}
			}
		},
		{
			"name": "head",
			"from": [3, 0, 4],
			"to": [5, 2, 11],
			"rotation": {"angle": 0, "axis": "y", "origin": [8, -18.5, 8]},
			"faces": {
				"north": {"uv": [2.5, 3.5, 2, 4], "texture": "#2"},
				"east": {"uv": [6.5, 0, 4.5, 1], "texture": "#2"},
				"south": {"uv": [9, 3.5, 8.25, 4], "texture": "#2"},
				"west": {"uv": [2, 3.5, 0.25, 4], "texture": "#2"},
				"up": {"uv": [2, 2, 4.5, 0], "texture": "#2"},
				"down": {"uv": [4.5, 0, 5, 2], "texture": "#2"}
			}
		},
		{
			"name": "head",
			"from": [3, 2, 4],
			"to": [6, 4, 11],
			"rotation": {"angle": 0, "axis": "y", "origin": [8, -18.5, 8]},
			"faces": {
				"north": {"uv": [2.75, 3, 2, 3.5], "texture": "#2"},
				"east": {"uv": [6.5, 0, 4.5, 0.5], "texture": "#2"},
				"south": {"uv": [9, 3, 8.25, 3.5], "texture": "#2"},
				"west": {"uv": [2, 3, 0.25, 3.5], "texture": "#2"},
				"up": {"uv": [2, 2, 4.5, 0], "texture": "#2"},
				"down": {"uv": [4.5, 0, 5.25, 2], "texture": "#2"}
			}
		},
		{
			"name": "right_ear",
			"from": [12.5, 1, 6],
			"to": [13.5, 6, 10],
			"rotation": {"angle": 22.5, "axis": "z", "origin": [13, 6, 6.5]},
			"faces": {
				"north": {"uv": [10.75, 2.5, 11, 3.75], "texture": "#2"},
				"east": {"uv": [9.75, 2.5, 10.75, 3.75], "texture": "#2"},
				"south": {"uv": [12, 2.5, 12.25, 3.75], "texture": "#2"},
				"west": {"uv": [11, 2.5, 12, 3.75], "texture": "#2"},
				"up": {"uv": [11, 2.5, 10.75, 1.5], "texture": "#2"},
				"down": {"uv": [11.25, 1.5, 11, 2.5], "texture": "#2"}
			}
		},
		{
			"name": "right_ear",
			"from": [2.5, 1, 6],
			"to": [3.5, 6, 10],
			"rotation": {"angle": -22.5, "axis": "z", "origin": [3, 6, 6.5]},
			"faces": {
				"north": {"uv": [11, 2.5, 10.75, 3.75], "texture": "#2"},
				"east": {"uv": [12, 2.5, 11, 3.75], "texture": "#2"},
				"south": {"uv": [12.25, 2.5, 12, 3.75], "texture": "#2"},
				"west": {"uv": [10.75, 2.5, 9.75, 3.75], "texture": "#2"},
				"up": {"uv": [10.75, 2.5, 11, 1.5], "texture": "#2"},
				"down": {"uv": [11, 1.5, 11.25, 2.5], "texture": "#2"}
			}
		}
	],
	"display": {
		"thirdperson_righthand": {
			"rotation": [75, 45, 0],
			"translation": [0, 2.5, 0],
			"scale": [0.375, 0.375, 0.375]
		},
		"thirdperson_lefthand": {
			"rotation": [75, 45, 0],
			"translation": [0, 2.5, 0],
			"scale": [0.375, 0.375, 0.375]
		},
		"firstperson_righthand": {
			"rotation": [0, 45, 0],
			"scale": [0.4, 0.4, 0.4]
		},
		"firstperson_lefthand": {
			"rotation": [0, 225, 0],
			"scale": [0.4, 0.4, 0.4]
		},
		"ground": {
			"translation": [0, 3, 0],
			"scale": [0.25, 0.25, 0.25]
		},
		"gui": {
			"rotation": [30, 225, 0],
			"translation": [0, 1.75, 0],
			"scale": [0.625, 0.625, 0.625]
		},
		"head": {
			"translation": [0, 8.75, 0],
			"scale": [1.81, 1.81, 1.81]
		},
		"fixed": {
			"rotation": [90, 180, -180],
			"translation": [0, 0, -23.5],
			"scale": [3.19, 3.19, 3.19]
		}
	},
	"groups": [
		{
			"name": "head",
			"origin": [0, 24, 0],
			"color": 0,
			"children": [0, 1, 2, 3, 4, 5]
		},
		{
			"name": "left_ear",
			"origin": [-4.5, 30, 0],
			"rotation": [0, 0, -35],
			"color": 0,
			"children": []
		},
		{
			"name": "right_ear",
			"origin": [4.5, 30, 0],
			"rotation": [0, 0, 35],
			"color": 0,
			"children": [6, 7]
		},
		{
			"name": "body",
			"origin": [0, 24, 0],
			"color": 0,
			"children": []
		},
		{
			"name": "jacket",
			"origin": [0, 24, 0],
			"color": 0,
			"children": []
		},
		{
			"name": "left_arm",
			"origin": [-5, 22, 0],
			"color": 0,
			"children": []
		},
		{
			"name": "left_sleeve",
			"origin": [-5, 22, 0],
			"color": 0,
			"children": []
		},
		{
			"name": "right_arm",
			"origin": [5, 22, 0],
			"color": 0,
			"children": []
		},
		{
			"name": "right_sleeve",
			"origin": [5, 22, 0],
			"color": 0,
			"children": []
		},
		{
			"name": "left_leg",
			"origin": [-2, 12, 0],
			"color": 0,
			"children": []
		},
		{
			"name": "left_pants",
			"origin": [-2, 12, 0],
			"color": 0,
			"children": []
		},
		{
			"name": "right_leg",
			"origin": [2, 12, 0],
			"color": 0,
			"children": []
		},
		{
			"name": "right_pants",
			"origin": [2, 12, 0],
			"color": 0,
			"children": []
		}
	]
}