{
	"credit": "Made with Blockbench",
	"ambientocclusion": false,
	"texture_size": [64, 64],
	"textures": {
		"2": "item/misato_wig",
		"particle": "item/misato_wig"
	},
	"elements": [
		{
			"from": [8.5, 6, 3.5],
			"to": [12.25, 9.5, 12],
			"rotation": {"angle": 0, "axis": "z", "origin": [8, 5.5, 9.5]},
			"faces": {
				"north": {"uv": [5, 2, 4.25, 2.75], "texture": "#2"},
				"east": {"uv": [4.75, 1.25, 7, 2], "texture": "#2"},
				"south": {"uv": [4.25, 2, 5, 2.75], "texture": "#2"},
				"west": {"uv": [4.75, 1.25, 7, 2], "texture": "#2"},
				"up": {"uv": [0, 8.25, 0.75, 6], "texture": "#2"},
				"down": {"uv": [3.75, 5.75, 3, 8], "texture": "#2"}
			}
		},
		{
			"from": [6, 7, 4],
			"to": [10, 9, 12.5],
			"rotation": {"angle": 0, "axis": "z", "origin": [8, 5.5, 9.5]},
			"faces": {
				"north": {"uv": [8, 6.25, 9, 6.625], "texture": "#2"},
				"east": {"uv": [0.125, 2.25, 0, 0], "rotation": 90, "texture": "#2"},
				"south": {"uv": [8.25, 0, 9.25, 0.375], "texture": "#2"},
				"west": {"uv": [0.125, 2.25, 0, 0], "rotation": 90, "texture": "#2"},
				"up": {"uv": [1, 2.25, 0, 0], "texture": "#2"},
				"down": {"uv": [2, 0, 1, 2.25], "texture": "#2"}
			}
		},
		{
			"from": [3.501, 5.001, 11.001],
			"to": [12.499, 7.999, 12.999],
			"rotation": {"angle": 0, "axis": "z", "origin": [8, 5.5, 9.5]},
			"faces": {
				"north": {"uv": [7.75, 5.25, 10, 6], "texture": "#2"},
				"east": {"uv": [7.375, 2, 7.875, 2.75], "texture": "#2"},
				"south": {"uv": [7.75, 5.25, 10, 6], "texture": "#2"},
				"west": {"uv": [7.875, 2, 7.375, 2.75], "texture": "#2"},
				"up": {"uv": [7.75, 5.75, 10, 5.25], "texture": "#2"},
				"down": {"uv": [7.75, 5.25, 10, 5.75], "texture": "#2"}
			}
		},
		{
			"from": [3.5, 2, 12],
			"to": [12.5, 5, 13],
			"rotation": {"angle": 0, "axis": "z", "origin": [8, 5.5, 9.5]},
			"faces": {
				"north": {"uv": [2, 0.75, 4.25, 1.5], "texture": "#2"},
				"east": {"uv": [1.75, 9.25, 2, 10], "texture": "#2"},
				"south": {"uv": [2, 0.75, 4.25, 1.5], "texture": "#2"},
				"west": {"uv": [9.25, 8, 9.5, 8.75], "texture": "#2"},
				"down": {"uv": [9.5, 7, 7.25, 7.25], "texture": "#2"}
			}
		},
		{
			"from": [4, 0, 11.75],
			"to": [12, 2, 12.75],
			"rotation": {"angle": 0, "axis": "z", "origin": [8, 5.5, 9.5]},
			"faces": {
				"north": {"uv": [6.25, 3.25, 8.25, 3.75], "texture": "#2"},
				"east": {"uv": [9.25, 9.5, 9.5, 10], "texture": "#2"},
				"south": {"uv": [6.25, 3.25, 8.25, 3.75], "texture": "#2"},
				"west": {"uv": [9.5, 9.5, 9.75, 10], "texture": "#2"},
				"down": {"uv": [10, 3, 8, 3.25], "texture": "#2"}
			}
		},
		{
			"from": [5, -1, 11.75],
			"to": [11, 0, 12.75],
			"rotation": {"angle": 0, "axis": "z", "origin": [8, 5.5, 9.5]},
			"faces": {
				"north": {"uv": [8.25, 4.25, 9.75, 4.5], "texture": "#2"},
				"east": {"uv": [6.75, 1, 7, 1.25], "texture": "#2"},
				"south": {"uv": [8.25, 4.25, 9.75, 4.5], "texture": "#2"},
				"west": {"uv": [6.75, 5.25, 7, 5.5], "texture": "#2"},
				"down": {"uv": [9.75, 4.5, 8.25, 4.75], "texture": "#2"}
			}
		},
		{
			"from": [11.25, 4.5, 3],
			"to": [12.75, 8.5, 5],
			"rotation": {"angle": 0, "axis": "z", "origin": [8, 5.5, 9.5]},
			"faces": {
				"north": {"uv": [8.25, 0.5, 8.625, 1.5], "texture": "#2"},
				"east": {"uv": [7, 1, 7.625, 2], "texture": "#2"},
				"south": {"uv": [8.25, 3.25, 8.625, 4.25], "texture": "#2"},
				"west": {"uv": [7.625, 1, 7, 2], "texture": "#2"},
				"up": {"uv": [9.375, 6.625, 9, 6], "texture": "#2"},
				"down": {"uv": [9.625, 3.25, 9.25, 3.875], "texture": "#2"}
			}
		},
		{
			"from": [11.75, 4, 5],
			"to": [12.75, 8, 7],
			"rotation": {"angle": 0, "axis": "z", "origin": [8, 5.5, 9.5]},
			"faces": {
				"north": {"uv": [7.5, 0, 7.75, 1], "texture": "#2"},
				"east": {"uv": [2.5, 8, 3, 9], "texture": "#2"},
				"south": {"uv": [9.25, 0, 9.5, 1], "texture": "#2"},
				"west": {"uv": [3, 8, 2.5, 9], "texture": "#2"},
				"up": {"uv": [2, 2.75, 1.75, 2.25], "texture": "#2"},
				"down": {"uv": [1.25, 3.5, 1, 4], "texture": "#2"}
			}
		},
		{
			"from": [11.75, 2.5, 7],
			"to": [12.75, 7, 9],
			"rotation": {"angle": 0, "axis": "z", "origin": [8, 5.5, 9.5]},
			"faces": {
				"north": {"uv": [4.75, 9, 5, 10.125], "texture": "#2"},
				"east": {"uv": [2.5, 8, 3, 9], "texture": "#2"},
				"south": {"uv": [10, 0, 10.25, 1], "texture": "#2"},
				"west": {"uv": [7, 7.25, 6.5, 8.375], "texture": "#2"},
				"up": {"uv": [5.5, 6.25, 5.25, 5.75], "texture": "#2"},
				"down": {"uv": [2.25, 6.25, 2, 6.75], "texture": "#2"}
			}
		},
		{
			"from": [11.75, 1, 9],
			"to": [12.75, 6, 11],
			"rotation": {"angle": 0, "axis": "z", "origin": [8, 5.5, 9.5]},
			"faces": {
				"north": {"uv": [7.5, 4.75, 7.75, 6], "texture": "#2"},
				"east": {"uv": [2.5, 6.75, 3, 8], "texture": "#2"},
				"south": {"uv": [10.25, 0, 10.5, 1.25], "texture": "#2"},
				"west": {"uv": [3, 6.75, 2.5, 8], "texture": "#2"},
				"up": {"uv": [5.25, 6.25, 5, 5.75], "texture": "#2"},
				"down": {"uv": [6.5, 3.75, 6.25, 4.25], "texture": "#2"}
			}
		},
		{
			"from": [11.75, -1, 11],
			"to": [12.75, 5, 12],
			"rotation": {"angle": 0, "axis": "z", "origin": [8, 5.5, 9.5]},
			"faces": {
				"north": {"uv": [2.5, 8.25, 2.25, 9.75], "texture": "#2"},
				"east": {"uv": [5.75, 8.25, 6, 9.75], "texture": "#2"},
				"south": {"uv": [6.25, 8.25, 6, 9.75], "texture": "#2"},
				"west": {"uv": [5.75, 8.25, 6, 9.75], "texture": "#2"},
				"up": {"uv": [5.25, 5.375, 5, 5.125], "texture": "#2"},
				"down": {"uv": [1, 6, 0.75, 6.25], "texture": "#2"}
			}
		},
		{
			"from": [3.75, 6, 3.5],
			"to": [7.5, 9.5, 12],
			"rotation": {"angle": 0, "axis": "z", "origin": [8, 5.5, 9.5]},
			"faces": {
				"north": {"uv": [4.25, 2, 5, 2.75], "texture": "#2"},
				"east": {"uv": [7, 1.25, 4.75, 2], "texture": "#2"},
				"south": {"uv": [5, 2, 4.25, 2.75], "texture": "#2"},
				"west": {"uv": [7, 1.25, 4.75, 2], "texture": "#2"},
				"up": {"uv": [0.75, 8.25, 0, 6], "texture": "#2"},
				"down": {"uv": [3, 5.75, 3.75, 8], "texture": "#2"}
			}
		},
		{
			"from": [3.25, 4.5, 3],
			"to": [4.75, 8.5, 5],
			"rotation": {"angle": 0, "axis": "z", "origin": [8, 5.5, 9.5]},
			"faces": {
				"north": {"uv": [8.625, 0.5, 8.25, 1.5], "texture": "#2"},
				"east": {"uv": [7, 1, 7.625, 2], "texture": "#2"},
				"south": {"uv": [8.625, 3.25, 8.25, 4.25], "texture": "#2"},
				"west": {"uv": [7.625, 1, 7, 2], "texture": "#2"},
				"up": {"uv": [9, 6.625, 9.375, 6], "texture": "#2"},
				"down": {"uv": [9.25, 3.25, 9.625, 3.875], "texture": "#2"}
			}
		},
		{
			"from": [3.25, 4, 5],
			"to": [4.25, 8, 7],
			"rotation": {"angle": 0, "axis": "z", "origin": [8, 5.5, 9.5]},
			"faces": {
				"north": {"uv": [7.75, 0, 7.5, 1], "texture": "#2"},
				"east": {"uv": [2.5, 8, 3, 9], "texture": "#2"},
				"south": {"uv": [9.5, 0, 9.25, 1], "texture": "#2"},
				"west": {"uv": [3, 8, 2.5, 9], "texture": "#2"},
				"up": {"uv": [1.75, 2.75, 2, 2.25], "texture": "#2"},
				"down": {"uv": [1, 3.5, 1.25, 4], "texture": "#2"}
			}
		},
		{
			"from": [3.25, 2.5, 7],
			"to": [4.25, 7, 9],
			"rotation": {"angle": 0, "axis": "z", "origin": [8, 5.5, 9.5]},
			"faces": {
				"north": {"uv": [5, 9, 4.75, 10.125], "texture": "#2"},
				"east": {"uv": [6.5, 7.25, 7, 8.375], "texture": "#2"},
				"south": {"uv": [10.25, 0, 10, 1], "texture": "#2"},
				"west": {"uv": [3, 8, 2.5, 9], "texture": "#2"},
				"up": {"uv": [5.25, 6.25, 5.5, 5.75], "texture": "#2"},
				"down": {"uv": [2, 6.25, 2.25, 6.75], "texture": "#2"}
			}
		},
		{
			"from": [3.25, 1, 9],
			"to": [4.25, 6, 11],
			"rotation": {"angle": 0, "axis": "z", "origin": [8, 5.5, 9.5]},
			"faces": {
				"north": {"uv": [7.75, 4.75, 7.5, 6], "texture": "#2"},
				"east": {"uv": [2.5, 6.75, 3, 8], "texture": "#2"},
				"south": {"uv": [10.5, 0, 10.25, 1.25], "texture": "#2"},
				"west": {"uv": [3, 6.75, 2.5, 8], "texture": "#2"},
				"up": {"uv": [5, 6.25, 5.25, 5.75], "texture": "#2"},
				"down": {"uv": [6.25, 3.75, 6.5, 4.25], "texture": "#2"}
			}
		},
		{
			"from": [3.25, -1, 11],
			"to": [4.25, 5, 12],
			"rotation": {"angle": 0, "axis": "z", "origin": [8, 5.5, 9.5]},
			"faces": {
				"north": {"uv": [2.25, 8.25, 2.5, 9.75], "texture": "#2"},
				"east": {"uv": [6, 8.25, 5.75, 9.75], "texture": "#2"},
				"south": {"uv": [6, 8.25, 6.25, 9.75], "texture": "#2"},
				"west": {"uv": [6, 8.25, 5.75, 9.75], "texture": "#2"},
				"up": {"uv": [5, 5.375, 5.25, 5.125], "texture": "#2"},
				"down": {"uv": [0.75, 6, 1, 6.25], "texture": "#2"}
			}
		}
	],
	"display": {
		"thirdperson_righthand": {
			"rotation": [75, 45, 0],
			"translation": [0, 2.5, 0],
			"scale": [0.375, 0.375, 0.375]
		},
		"thirdperson_lefthand": {
			"rotation": [75, 45, 0],
			"translation": [0, 2.5, 0],
			"scale": [0.375, 0.375, 0.375]
		},
		"firstperson_righthand": {
			"rotation": [0, 45, 0],
			"scale": [0.4, 0.4, 0.4]
		},
		"firstperson_lefthand": {
			"rotation": [0, 45, 0],
			"scale": [0.4, 0.4, 0.4]
		},
		"ground": {
			"translation": [0, 3, 0],
			"scale": [0.25, 0.25, 0.25]
		},
		"gui": {
			"rotation": [30, 225, 0],
			"scale": [0.625, 0.625, 0.625]
		},
		"head": {
			"translation": [0, 6, 0],
			"scale": [1.81, 1.81, 1.81]
		},
		"fixed": {
			"translation": [0, 3.25, -4.5]
		}
	},
	"groups": [
		0,
		1,
		2,
		3,
		4,
		5,
		6,
		7,
		8,
		9,
		10,
		11,
		12,
		13,
		14,
		15,
		16,
		{
			"name": "LeftPony",
			"origin": [0.73962, 5.28778, 16.5],
			"color": 0,
			"children": []
		},
		{
			"name": "RightPony",
			"origin": [0.73962, 5.28778, 16.5],
			"color": 0,
			"children": []
		}
	]
}