{
	"credit": "Made with Blockbench",
	"textures": {
		"0": "item/mc_chicken",
		"2": "item/mc_orange_shulker_box",
		"3": "item/mc_white_shulker_box",
		"particle": "item/mc_white_shulker_box"
	},
	"elements": [
		{
			"from": [4.5, 0, 4.5],
			"to": [4.5, 7, 11.5],
			"rotation": {"angle": 0, "axis": "z", "origin": [5.5, 3.5, 8]},
			"faces": {
				"east": {"uv": [1, 15, 15, 1], "rotation": 270, "texture": "#3"},
				"west": {"uv": [1, 15, 15, 1], "rotation": 270, "texture": "#3"}
			}
		},
		{
			"from": [11.5, 0, 4.5],
			"to": [11.5, 7, 11.5],
			"rotation": {"angle": 0, "axis": "z", "origin": [10.5, 3.5, 8]},
			"faces": {
				"east": {"uv": [1, 15, 15, 1], "rotation": 270, "texture": "#3"},
				"west": {"uv": [1, 15, 15, 1], "rotation": 270, "texture": "#3"}
			}
		},
		{
			"from": [4.5, 0, 11.5],
			"to": [11.5, 7, 11.5],
			"rotation": {"angle": 0, "axis": "y", "origin": [8, 3.5, 8]},
			"faces": {
				"north": {"uv": [1, 15, 15, 1], "rotation": 270, "texture": "#3"},
				"south": {"uv": [1, 15, 15, 1], "rotation": 270, "texture": "#3"}
			}
		},
		{
			"from": [4.5, 7, 4.5],
			"to": [11.5, 7, 11.5],
			"rotation": {"angle": 0, "axis": "x", "origin": [8, 3.5, 8]},
			"faces": {
				"up": {"uv": [1, 15, 15, 1], "rotation": 270, "texture": "#3"},
				"down": {"uv": [1, 15, 15, 1], "rotation": 90, "texture": "#missing"}
			}
		},
		{
			"from": [4.5, 5.75, 4.5],
			"to": [11.5, 5.75, 11.5],
			"rotation": {"angle": 0, "axis": "x", "origin": [8, 3.5, 8]},
			"faces": {
				"up": {"uv": [1, 15, 15, 1], "rotation": 270, "texture": "#missing"},
				"down": {"uv": [1, 15, 15, 1], "rotation": 270, "texture": "#2"}
			}
		},
		{
			"from": [4.5, 0, 4.5],
			"to": [11.5, 0, 11.5],
			"rotation": {"angle": 0, "axis": "x", "origin": [8, 3.5, 8]},
			"faces": {
				"up": {"uv": [1, 15, 15, 1], "rotation": 270, "texture": "#3"},
				"down": {"uv": [1, 15, 15, 1], "rotation": 90, "texture": "#3"}
			}
		},
		{
			"from": [4.5, 0, 4.5],
			"to": [5.5, 7, 4.5],
			"rotation": {"angle": 0, "axis": "y", "origin": [8, 3.5, 8]},
			"faces": {
				"north": {"uv": [1, 3, 15, 1], "rotation": 270, "texture": "#3"},
				"east": {"uv": [0, 0, 0, 0], "texture": "#3"},
				"south": {"uv": [1, 3, 15, 1], "rotation": 270, "texture": "#3"},
				"west": {"uv": [0, 0, 0, 0], "texture": "#3"},
				"up": {"uv": [0, 0, 0, 0], "texture": "#3"},
				"down": {"uv": [0, 0, 0, 0], "texture": "#3"}
			}
		},
		{
			"from": [10.5, 0, 4.5],
			"to": [11.5, 7, 4.5],
			"rotation": {"angle": 0, "axis": "y", "origin": [8, 3.5, 8]},
			"faces": {
				"north": {"uv": [1, 1, 15, 3], "rotation": 270, "texture": "#3"},
				"south": {"uv": [1, 1, 15, 3], "rotation": 270, "texture": "#2"}
			}
		},
		{
			"from": [5.5, 5, 4.5],
			"to": [10.5, 7, 4.5],
			"rotation": {"angle": 0, "axis": "z", "origin": [8, 3.5, 8]},
			"faces": {
				"north": {"uv": [3, 1, 13, 5], "texture": "#3"},
				"south": {"uv": [3, 1, 13, 5], "texture": "#2"}
			}
		},
		{
			"from": [5.5, 0, 4.5],
			"to": [10.5, 2, 4.5],
			"rotation": {"angle": 0, "axis": "z", "origin": [8, 3.5, 8]},
			"faces": {
				"north": {"uv": [3, 1, 13, 5], "rotation": 180, "texture": "#3"},
				"south": {"uv": [3, 1, 13, 5], "rotation": 180, "texture": "#2"}
			}
		},
		{
			"name": "bill",
			"from": [6, 0, 2.5],
			"to": [10, 2, 4.5],
			"rotation": {"angle": 0, "axis": "y", "origin": [-3, 0, 0]},
			"faces": {
				"north": {"uv": [4, 1, 5, 2], "texture": "#0"},
				"east": {"uv": [3.5, 1, 4, 2], "texture": "#0"},
				"south": {"uv": [5.5, 1, 6.5, 2], "texture": "#0"},
				"west": {"uv": [5, 1, 5.5, 2], "texture": "#0"},
				"up": {"uv": [5, 1, 4, 0], "texture": "#0"},
				"down": {"uv": [6, 0, 5, 1], "texture": "#0"}
			}
		},
		{
			"name": "chin",
			"from": [7, -2, 3.5],
			"to": [9, 0, 5.5],
			"rotation": {"angle": 0, "axis": "y", "origin": [-3, 0, 0]},
			"faces": {
				"north": {"uv": [4, 3, 4.5, 4], "texture": "#0"},
				"east": {"uv": [3.5, 3, 4, 4], "texture": "#0"},
				"south": {"uv": [5, 3, 5.5, 4], "texture": "#0"},
				"west": {"uv": [4.5, 3, 5, 4], "texture": "#0"},
				"up": {"uv": [4.5, 3, 4, 2], "texture": "#0"},
				"down": {"uv": [5, 2, 4.5, 3], "texture": "#0"}
			}
		},
		{
			"name": "chin",
			"from": [7.5, 7, 5],
			"to": [8.5, 9, 7],
			"rotation": {"angle": 0, "axis": "y", "origin": [-3, 0, -0.5]},
			"faces": {
				"north": {"uv": [4, 3, 4.5, 4], "texture": "#0"},
				"east": {"uv": [3.5, 3, 4, 4], "texture": "#0"},
				"south": {"uv": [5, 3, 5.5, 4], "texture": "#0"},
				"west": {"uv": [4.5, 3, 5, 4], "texture": "#0"},
				"up": {"uv": [4.5, 3, 4, 2], "texture": "#0"},
				"down": {"uv": [5, 2, 4.5, 3], "texture": "#0"}
			}
		},
		{
			"name": "chin",
			"from": [7.5, 7, 7],
			"to": [8.5, 8, 9],
			"rotation": {"angle": 0, "axis": "y", "origin": [-3, 0, -0.5]},
			"faces": {
				"north": {"uv": [4, 3, 4.5, 4], "texture": "#0"},
				"east": {"uv": [3.5, 3, 4, 4], "texture": "#0"},
				"south": {"uv": [5, 3, 5.5, 4], "texture": "#0"},
				"west": {"uv": [4.5, 3, 5, 4], "texture": "#0"},
				"up": {"uv": [4.5, 3, 4, 2], "texture": "#0"},
				"down": {"uv": [5, 2, 4.5, 3], "texture": "#0"}
			}
		},
		{
			"name": "chin",
			"from": [7.5, 7, 9],
			"to": [8.5, 9, 11],
			"rotation": {"angle": 0, "axis": "y", "origin": [-3, 0, -0.5]},
			"faces": {
				"north": {"uv": [4, 3, 4.5, 4], "texture": "#0"},
				"east": {"uv": [3.5, 3, 4, 4], "texture": "#0"},
				"south": {"uv": [5, 3, 5.5, 4], "texture": "#0"},
				"west": {"uv": [4.5, 3, 5, 4], "texture": "#0"},
				"up": {"uv": [4.5, 3, 4, 2], "texture": "#0"},
				"down": {"uv": [5, 2, 4.5, 3], "texture": "#0"}
			}
		}
	],
	"display": {
		"thirdperson_righthand": {
			"rotation": [75, 45, 0],
			"translation": [0, 1.5, 0],
			"scale": [0.375, 0.375, 0.375]
		},
		"thirdperson_lefthand": {
			"rotation": [75, 45, 0],
			"translation": [0, 1.5, 0],
			"scale": [0.375, 0.375, 0.375]
		},
		"firstperson_righthand": {
			"rotation": [0, 45, 0],
			"scale": [0.4, 0.4, 0.4]
		},
		"firstperson_lefthand": {
			"rotation": [0, 45, 0],
			"scale": [0.4, 0.4, 0.4]
		},
		"ground": {
			"translation": [0, 3, 0],
			"scale": [0.25, 0.25, 0.25]
		},
		"gui": {
			"rotation": [30, 225, 0],
			"translation": [0, 1.75, 0],
			"scale": [0.625, 0.625, 0.625]
		},
		"head": {
			"translation": [0, 9.5, 0],
			"scale": [2.12, 2.12, 2.12]
		},
		"fixed": {
			"rotation": [-90, 0, 0],
			"translation": [0, 0, -25.5],
			"scale": [3.44, 3.44, 3.44]
		}
	},
	"groups": [
		{
			"name": "head",
			"origin": [-1, 7.5, -3],
			"color": 0,
			"children": []
		},
		{
			"name": "body",
			"origin": [0, 16.5, 3.5],
			"color": 0,
			"children": []
		},
		{
			"name": "leg1",
			"origin": [-5, 6.5, 7],
			"color": 0,
			"children": []
		},
		{
			"name": "leg2",
			"origin": [-1, 6.5, 7],
			"color": 0,
			"children": []
		},
		{
			"name": "leg3",
			"origin": [-5, 6.5, 0],
			"color": 0,
			"children": []
		},
		{
			"name": "leg4",
			"origin": [-1, 6.5, 0],
			"color": 0,
			"children": []
		},
		{
			"name": "tail",
			"origin": [-4, 11, 10],
			"color": 0,
			"children": []
		},
		{
			"name": "bunny_hood",
			"origin": [8, 8, 8],
			"color": 0,
			"children": [0, 1, 2, 3, 4, 5, 6, 7, 8, 9]
		},
		{
			"name": "head",
			"origin": [0, 9, -4],
			"color": 0,
			"children": []
		},
		{
			"name": "bill",
			"origin": [0, 9, -4],
			"color": 0,
			"children": [10]
		},
		{
			"name": "chin",
			"origin": [0, 9, -4],
			"color": 0,
			"children": [11, 12, 13, 14]
		},
		{
			"name": "body",
			"origin": [0, 8, 0],
			"color": 0,
			"children": []
		},
		{
			"name": "left_wing",
			"origin": [4, 11, 0],
			"color": 0,
			"children": []
		},
		{
			"name": "right_wing",
			"origin": [-4, 11, 0],
			"color": 0,
			"children": []
		},
		{
			"name": "left_leg",
			"origin": [1, 5, 1],
			"color": 0,
			"children": []
		},
		{
			"name": "right_leg",
			"origin": [-2, 5, 1],
			"color": 0,
			"children": []
		}
	]
}