{
	"credit": "Made with Blockbench",
	"textures": {
		"0": "item/mc_white_wool",
		"1": "item/mc_red_wool",
		"particle": "item/mc_white_wool"
	},
	"elements": [
		{
			"from": [4, 0, 4],
			"to": [12, 2, 12],
			"rotation": {"angle": 0, "axis": "y", "origin": [0, 1, 0]},
			"faces": {
				"north": {"uv": [0, 12, 16, 16], "texture": "#0"},
				"east": {"uv": [0, 12, 16, 16], "texture": "#0"},
				"south": {"uv": [0, 12, 16, 16], "texture": "#0"},
				"west": {"uv": [0, 12, 16, 16], "texture": "#0"},
				"up": {"uv": [0, 0, 16, 16], "texture": "#0"},
				"down": {"uv": [0, 0, 16, 16], "texture": "#0"}
			}
		},
		{
			"from": [5, 1.5, 4.75],
			"to": [11, 3.5, 11.25],
			"rotation": {"angle": 0, "axis": "y", "origin": [0, 0.5, 0]},
			"faces": {
				"north": {"uv": [0, 0, 13, 4], "texture": "#1"},
				"east": {"uv": [0, 0, 13, 4], "texture": "#1"},
				"south": {"uv": [0, 0, 13, 4], "texture": "#1"},
				"west": {"uv": [0, 0, 13, 4], "texture": "#1"},
				"up": {"uv": [0, 0, 6, 6.5], "texture": "#1"}
			}
		},
		{
			"from": [5.5, 1.35842, 5.67075],
			"to": [10.5, 4.35842, 10.67075],
			"rotation": {"angle": 22.5, "axis": "x", "origin": [8, 4.10842, 8.17075]},
			"faces": {
				"north": {"uv": [6, 4, 16, 10], "texture": "#1"},
				"east": {"uv": [6, 4, 16, 10], "texture": "#1"},
				"west": {"uv": [6, 4, 16, 10], "texture": "#1"},
				"up": {"uv": [0, 0, 10, 10], "texture": "#1"}
			}
		},
		{
			"from": [6.5, 1.53553, 6.54657],
			"to": [9.5, 4.53553, 11.29657],
			"rotation": {"angle": 45, "axis": "x", "origin": [8, 3.97487, 9.73223]},
			"faces": {
				"north": {"uv": [0, 8, 6, 14], "texture": "#1"},
				"east": {"uv": [0, 8, 9, 14], "texture": "#1"},
				"west": {"uv": [0, 8, 9, 14], "texture": "#1"},
				"up": {"uv": [0, 0, 6, 9], "texture": "#1"}
			}
		},
		{
			"from": [7, 2.90842, 8.82603],
			"to": [9, 6.65842, 10.82603],
			"rotation": {"angle": -22.5, "axis": "x", "origin": [8, 4.34776, 8.76537]},
			"faces": {
				"east": {"uv": [0, 0, 8, 4], "rotation": 270, "texture": "#1"},
				"south": {"uv": [0, 0, 8, 4], "rotation": 270, "texture": "#1"},
				"west": {"uv": [0, 0, 8, 4], "rotation": 270, "texture": "#1"},
				"up": {"uv": [8, 4, 12, 8], "rotation": 180, "texture": "#1"},
				"down": {"uv": [8, 4, 12, 8], "rotation": 180, "texture": "#1"}
			}
		},
		{
			"from": [7.25, 3.90842, 10.82603],
			"to": [8.75, 6.15842, 11.82603],
			"rotation": {"angle": -22.5, "axis": "x", "origin": [8, 4.34776, 8.76537]},
			"faces": {
				"east": {"uv": [0, 0, 4, 2], "rotation": 270, "texture": "#1"},
				"south": {"uv": [0, 0, 2, 3], "rotation": 270, "texture": "#1"},
				"west": {"uv": [0, 0, 4, 2], "rotation": 270, "texture": "#1"},
				"up": {"uv": [0, 0, 4, 2], "rotation": 270, "texture": "#1"},
				"down": {"uv": [0, 0, 2, 3], "rotation": 270, "texture": "#1"}
			}
		},
		{
			"from": [7, 5.5542, 11.10021],
			"to": [9, 7.5542, 13.10021],
			"rotation": {"angle": 0, "axis": "y", "origin": [8, 6.3042, 12.35021]},
			"faces": {
				"north": {"uv": [2, 5, 6, 9], "rotation": 90, "texture": "#0"},
				"east": {"uv": [2, 5, 6, 9], "rotation": 90, "texture": "#0"},
				"south": {"uv": [2, 5, 6, 9], "rotation": 90, "texture": "#0"},
				"west": {"uv": [2, 5, 6, 9], "rotation": 90, "texture": "#0"},
				"up": {"uv": [2, 5, 6, 9], "rotation": 90, "texture": "#0"},
				"down": {"uv": [2, 5, 6, 9], "rotation": 90, "texture": "#0"}
			}
		},
		{
			"from": [4, -5, 4],
			"to": [12, -3, 6.5],
			"rotation": {"angle": 0, "axis": "y", "origin": [0, 1, 0]},
			"faces": {
				"north": {"uv": [0, 1, 16, 5], "texture": "#0"},
				"east": {"uv": [0, 1, 5, 5], "texture": "#0"},
				"south": {"uv": [0, 1, 16, 5], "texture": "#0"},
				"west": {"uv": [0, 1, 5, 5], "texture": "#0"},
				"up": {"uv": [0, 2, 16, 7], "texture": "#0"},
				"down": {"uv": [0, 0, 8, 2], "texture": "#0"}
			}
		},
		{
			"from": [11, -3, 5.5],
			"to": [12, -2, 9.5],
			"rotation": {"angle": 0, "axis": "y", "origin": [0, 1, 0]},
			"faces": {
				"north": {"uv": [5, 4, 7, 6], "texture": "#0"},
				"east": {"uv": [1, 4, 9, 6], "texture": "#0"},
				"south": {"uv": [2, 4, 4, 6], "texture": "#0"},
				"west": {"uv": [1, 4, 9, 6], "texture": "#0"},
				"down": {"uv": [0, 0, 1, 4], "texture": "#0"}
			}
		},
		{
			"from": [9.5, -3, 4.25],
			"to": [11.5, -2.5, 6.25],
			"rotation": {"angle": 0, "axis": "y", "origin": [0, 1, 0]},
			"faces": {
				"north": {"uv": [3, 7, 7, 8], "texture": "#0"},
				"east": {"uv": [3, 5, 4, 9], "rotation": 90, "texture": "#0"},
				"south": {"uv": [7, 7, 3, 8], "texture": "#0"},
				"west": {"uv": [6, 5, 7, 9], "rotation": 90, "texture": "#0"},
				"up": {"uv": [3, 5, 7, 9], "texture": "#0"}
			}
		},
		{
			"from": [4.5, -3, 4.25],
			"to": [6.5, -2.5, 6.25],
			"rotation": {"angle": 0, "axis": "y", "origin": [16, 1, 0]},
			"faces": {
				"north": {"uv": [7, 7, 3, 8], "texture": "#0"},
				"east": {"uv": [6, 9, 7, 5], "rotation": 90, "texture": "#0"},
				"south": {"uv": [3, 7, 7, 8], "texture": "#0"},
				"west": {"uv": [3, 9, 4, 5], "rotation": 90, "texture": "#0"},
				"up": {"uv": [7, 5, 3, 9], "texture": "#0"}
			}
		},
		{
			"from": [11, -2, 5.5],
			"to": [12, 0, 10.5],
			"rotation": {"angle": 0, "axis": "y", "origin": [0, 1, 0]},
			"faces": {
				"north": {"uv": [6, 6, 8, 10], "texture": "#0"},
				"east": {"uv": [0, 6, 10, 10], "texture": "#0"},
				"south": {"uv": [6, 6, 8, 10], "texture": "#0"},
				"west": {"uv": [0, 6, 10, 10], "texture": "#0"},
				"down": {"uv": [0, 0, 1, 5], "texture": "#0"}
			}
		},
		{
			"from": [11, -4, 6.5],
			"to": [12, -3, 8.5],
			"rotation": {"angle": 0, "axis": "y", "origin": [0, 1, 0]},
			"faces": {
				"east": {"uv": [3, 1, 7, 3], "texture": "#0"},
				"south": {"uv": [5, 1, 7, 3], "texture": "#0"},
				"west": {"uv": [3, 1, 7, 3], "texture": "#0"},
				"down": {"uv": [0, 0, 1, 2], "texture": "#0"}
			}
		},
		{
			"from": [11, -5, 6.5],
			"to": [12, -4, 7.5],
			"rotation": {"angle": 0, "axis": "y", "origin": [0, 1, 0]},
			"faces": {
				"east": {"uv": [1, 13, 3, 15], "texture": "#0"},
				"south": {"uv": [3, 13, 5, 15], "texture": "#0"},
				"west": {"uv": [5, 13, 7, 15], "texture": "#0"},
				"down": {"uv": [0, 0, 1, 1], "texture": "#0"}
			}
		},
		{
			"from": [4, -3, 5.5],
			"to": [5, -2, 9.5],
			"rotation": {"angle": 0, "axis": "y", "origin": [16, 1, 0]},
			"faces": {
				"north": {"uv": [7, 4, 5, 6], "texture": "#0"},
				"east": {"uv": [9, 4, 1, 6], "texture": "#0"},
				"south": {"uv": [4, 4, 2, 6], "texture": "#0"},
				"west": {"uv": [9, 4, 1, 6], "texture": "#0"},
				"down": {"uv": [1, 0, 0, 4], "texture": "#0"}
			}
		},
		{
			"from": [4, -4, 6.5],
			"to": [5, -3, 8.5],
			"rotation": {"angle": 0, "axis": "y", "origin": [16, 1, 0]},
			"faces": {
				"east": {"uv": [7, 1, 3, 3], "texture": "#0"},
				"south": {"uv": [7, 1, 5, 3], "texture": "#0"},
				"west": {"uv": [7, 1, 3, 3], "texture": "#0"},
				"down": {"uv": [1, 0, 0, 2], "texture": "#0"}
			}
		},
		{
			"from": [4, -2, 5.5],
			"to": [5, 0, 10.5],
			"rotation": {"angle": 0, "axis": "y", "origin": [16, 1, 0]},
			"faces": {
				"north": {"uv": [8, 6, 6, 10], "texture": "#0"},
				"east": {"uv": [10, 6, 0, 10], "texture": "#0"},
				"south": {"uv": [8, 6, 6, 10], "texture": "#0"},
				"west": {"uv": [10, 6, 0, 10], "texture": "#0"},
				"down": {"uv": [1, 0, 0, 5], "texture": "#0"}
			}
		},
		{
			"from": [4, -5, 6.5],
			"to": [5, -4, 7.5],
			"rotation": {"angle": 0, "axis": "y", "origin": [16, 1, 0]},
			"faces": {
				"east": {"uv": [7, 13, 5, 15], "texture": "#0"},
				"south": {"uv": [5, 13, 3, 15], "texture": "#0"},
				"west": {"uv": [3, 13, 1, 15], "texture": "#0"},
				"down": {"uv": [1, 0, 0, 1], "texture": "#0"}
			}
		},
		{
			"from": [5, -6, 4.25],
			"to": [11, -5, 6.25],
			"rotation": {"angle": 0, "axis": "y", "origin": [0, 1, 0]},
			"faces": {
				"north": {"uv": [2, 5, 14, 7], "texture": "#0"},
				"east": {"uv": [1, 5, 5, 7], "texture": "#0"},
				"south": {"uv": [2, 5, 14, 7], "texture": "#0"},
				"west": {"uv": [15, 5, 11, 7], "texture": "#0"},
				"down": {"uv": [0, 0, 6, 2], "texture": "#0"}
			}
		},
		{
			"from": [6, -7, 4.5],
			"to": [10, -6, 5.5],
			"rotation": {"angle": 0, "axis": "y", "origin": [0, 1, 0]},
			"faces": {
				"north": {"uv": [4, 8, 12, 10], "texture": "#0"},
				"east": {"uv": [2, 8, 4, 10], "texture": "#0"},
				"south": {"uv": [4, 8, 12, 10], "texture": "#0"},
				"west": {"uv": [12, 8, 14, 10], "texture": "#0"},
				"down": {"uv": [0, 0, 4, 1], "texture": "#0"}
			}
		}
	],
	"display": {
		"thirdperson_righthand": {
			"rotation": [75, 45, 0],
			"translation": [0, 2.5, 0],
			"scale": [0.375, 0.375, 0.375]
		},
		"thirdperson_lefthand": {
			"rotation": [75, 45, 0],
			"translation": [0, 2.5, 0],
			"scale": [0.375, 0.375, 0.375]
		},
		"firstperson_righthand": {
			"rotation": [0, 45, 0],
			"scale": [0.4, 0.4, 0.4]
		},
		"firstperson_lefthand": {
			"rotation": [0, 225, 0],
			"scale": [0.4, 0.4, 0.4]
		},
		"ground": {
			"translation": [0, 3, 0],
			"scale": [0.25, 0.25, 0.25]
		},
		"gui": {
			"rotation": [30, 225, 0],
			"translation": [0, 4, 0],
			"scale": [0.625, 0.625, 0.625]
		},
		"head": {
			"translation": [0, 20, 0],
			"scale": [2.12, 2.12, 2.12]
		},
		"fixed": {
			"scale": [0.5, 0.5, 0.5]
		}
	}
}