{
	"credit": "Made with Blockbench",
	"textures": {
		"1": "item/mc_fox",
		"2": "item/mc_orange_shulker_box"
	},
	"elements": [
		{
			"name": "head",
			"from": [4.5, 7, 7.5],
			"to": [6.5, 9, 8.5],
			"rotation": {"angle": 0, "axis": "y", "origin": [8, 0, 14.5]},
			"faces": {
				"north": {"uv": [5.33333, 1, 6, 2], "texture": "#1"},
				"east": {"uv": [5, 1, 5.33333, 2], "texture": "#1"},
				"south": {"uv": [6.33333, 1, 7, 2], "texture": "#1"},
				"west": {"uv": [6, 1, 6.33333, 2], "texture": "#1"},
				"up": {"uv": [6, 1, 5.33333, 0.5], "texture": "#1"},
				"down": {"uv": [6.66667, 0.5, 6, 1], "texture": "#1"}
			}
		},
		{
			"name": "head",
			"from": [9.5, 7, 7.5],
			"to": [11.5, 9, 8.5],
			"rotation": {"angle": 0, "axis": "y", "origin": [8, 0, 14.5]},
			"faces": {
				"north": {"uv": [3, 1, 3.66667, 2], "texture": "#1"},
				"east": {"uv": [2.66667, 1, 3, 2], "texture": "#1"},
				"south": {"uv": [4, 1, 4.66667, 2], "texture": "#1"},
				"west": {"uv": [3.66667, 1, 4, 2], "texture": "#1"},
				"up": {"uv": [3.66667, 1, 3, 0.5], "texture": "#1"},
				"down": {"uv": [4.33333, 0.5, 3.66667, 1], "texture": "#1"}
			}
		},
		{
			"name": "head",
			"from": [6, 0, 1.51],
			"to": [10, 2, 4.51],
			"rotation": {"angle": 0, "axis": "y", "origin": [8, 0, 14.875]},
			"faces": {
				"north": {"uv": [3, 10.5, 4.33333, 11.5], "texture": "#1"},
				"east": {"uv": [2, 10.5, 3, 11.5], "texture": "#1"},
				"south": {"uv": [5.33333, 10.5, 6.66667, 11.5], "texture": "#1"},
				"west": {"uv": [4.33333, 10.5, 5.33333, 11.5], "texture": "#1"},
				"up": {"uv": [4.33333, 10.5, 3, 9], "texture": "#1"},
				"down": {"uv": [5.66667, 9, 4.33333, 10.5], "texture": "#1"}
			}
		},
		{
			"from": [4.5, 0, 4.5],
			"to": [4.5, 7, 11.5],
			"rotation": {"angle": 0, "axis": "z", "origin": [5.5, 3.5, 8]},
			"faces": {
				"east": {"uv": [1, 15, 15, 1], "rotation": 270, "texture": "#2"},
				"west": {"uv": [1, 15, 15, 1], "rotation": 270, "texture": "#2"}
			}
		},
		{
			"from": [11.5, 0, 4.5],
			"to": [11.5, 7, 11.5],
			"rotation": {"angle": 0, "axis": "z", "origin": [10.5, 3.5, 8]},
			"faces": {
				"east": {"uv": [1, 15, 15, 1], "rotation": 270, "texture": "#2"},
				"west": {"uv": [1, 15, 15, 1], "rotation": 270, "texture": "#2"}
			}
		},
		{
			"from": [4.5, 0, 11.5],
			"to": [11.5, 7, 11.5],
			"rotation": {"angle": 0, "axis": "y", "origin": [8, 3.5, 8]},
			"faces": {
				"north": {"uv": [1, 15, 15, 1], "rotation": 270, "texture": "#2"},
				"south": {"uv": [1, 15, 15, 1], "rotation": 270, "texture": "#2"}
			}
		},
		{
			"from": [4.5, 7, 4.5],
			"to": [11.5, 7, 11.5],
			"rotation": {"angle": 0, "axis": "x", "origin": [8, 3.5, 8]},
			"faces": {
				"up": {"uv": [1, 15, 15, 1], "rotation": 270, "texture": "#2"},
				"down": {"uv": [1, 15, 15, 1], "rotation": 90, "texture": "#missing"}
			}
		},
		{
			"from": [4.5, 5.75, 4.5],
			"to": [11.5, 5.75, 11.5],
			"rotation": {"angle": 0, "axis": "x", "origin": [8, 3.5, 8]},
			"faces": {
				"up": {"uv": [1, 15, 15, 1], "rotation": 270, "texture": "#missing"},
				"down": {"uv": [1, 15, 15, 1], "rotation": 270, "texture": "#2"}
			}
		},
		{
			"from": [4.5, 0, 4.5],
			"to": [11.5, 0, 11.5],
			"rotation": {"angle": 0, "axis": "x", "origin": [8, 3.5, 8]},
			"faces": {
				"up": {"uv": [1, 15, 15, 1], "rotation": 270, "texture": "#2"},
				"down": {"uv": [1, 15, 15, 1], "rotation": 90, "texture": "#2"}
			}
		},
		{
			"from": [4.5, 0, 4.5],
			"to": [5.5, 7, 4.5],
			"rotation": {"angle": 0, "axis": "y", "origin": [8, 3.5, 8]},
			"faces": {
				"north": {"uv": [1, 3, 15, 1], "rotation": 270, "texture": "#2"},
				"south": {"uv": [1, 3, 15, 1], "rotation": 270, "texture": "#2"}
			}
		},
		{
			"from": [10.5, 0, 4.5],
			"to": [11.5, 7, 4.5],
			"rotation": {"angle": 0, "axis": "y", "origin": [8, 3.5, 8]},
			"faces": {
				"north": {"uv": [1, 1, 15, 3], "rotation": 270, "texture": "#2"},
				"south": {"uv": [1, 1, 15, 3], "rotation": 270, "texture": "#2"}
			}
		},
		{
			"from": [5.5, 5, 4.5],
			"to": [10.5, 7, 4.5],
			"rotation": {"angle": 0, "axis": "z", "origin": [8, 3.5, 8]},
			"faces": {
				"north": {"uv": [3, 1, 13, 5], "texture": "#2"},
				"south": {"uv": [3, 1, 13, 5], "texture": "#2"}
			}
		},
		{
			"from": [5.5, 0, 4.5],
			"to": [10.5, 2, 4.5],
			"rotation": {"angle": 0, "axis": "z", "origin": [8, 3.5, 8]},
			"faces": {
				"north": {"uv": [3, 1, 13, 5], "rotation": 180, "texture": "#2"},
				"south": {"uv": [3, 1, 13, 5], "rotation": 180, "texture": "#2"}
			}
		}
	],
	"display": {
		"thirdperson_righthand": {
			"rotation": [75, 45, 0],
			"translation": [0, 1.5, 0],
			"scale": [0.375, 0.375, 0.375]
		},
		"thirdperson_lefthand": {
			"rotation": [75, 45, 0],
			"translation": [0, 1.5, 0],
			"scale": [0.375, 0.375, 0.375]
		},
		"firstperson_righthand": {
			"rotation": [0, 45, 0],
			"scale": [0.4, 0.4, 0.4]
		},
		"firstperson_lefthand": {
			"rotation": [0, 45, 0],
			"scale": [0.4, 0.4, 0.4]
		},
		"ground": {
			"translation": [0, 3, 0],
			"scale": [0.25, 0.25, 0.25]
		},
		"gui": {
			"rotation": [30, 225, 0],
			"translation": [0, 1.75, 0],
			"scale": [0.625, 0.625, 0.625]
		},
		"head": {
			"translation": [0, 9.5, 0],
			"scale": [2.12, 2.12, 2.12]
		},
		"fixed": {
			"rotation": [-90, 0, 0],
			"translation": [0, 0, -25.5],
			"scale": [3.44, 3.44, 3.44]
		}
	},
	"groups": [
		{
			"name": "head",
			"origin": [-1, 7.5, -3],
			"color": 0,
			"children": [0, 1, 2]
		},
		{
			"name": "body",
			"origin": [0, 16.5, 3.5],
			"color": 0,
			"children": []
		},
		{
			"name": "leg1",
			"origin": [-5, 6.5, 7],
			"color": 0,
			"children": []
		},
		{
			"name": "leg2",
			"origin": [-1, 6.5, 7],
			"color": 0,
			"children": []
		},
		{
			"name": "leg3",
			"origin": [-5, 6.5, 0],
			"color": 0,
			"children": []
		},
		{
			"name": "leg4",
			"origin": [-1, 6.5, 0],
			"color": 0,
			"children": []
		},
		{
			"name": "tail",
			"origin": [-4, 11, 10],
			"color": 0,
			"children": []
		},
		{
			"name": "bunny_hood",
			"origin": [8, 8, 8],
			"color": 0,
			"children": [3, 4, 5, 6, 7, 8, 9, 10, 11, 12]
		}
	]
}