{
	"credit": "Made with Blockbench",
	"textures": {
		"2": "item/mc_brown_shulker_box",
		"particle": "item/mc_brown_shulker_box"
	},
	"elements": [
		{
			"from": [4.5, 2, 4.5],
			"to": [4.5, 9, 11.5],
			"rotation": {"angle": 0, "axis": "z", "origin": [5.5, 5.5, 8]},
			"faces": {
				"north": {"uv": [0, 0, 0, 0], "texture": "#2"},
				"east": {"uv": [0, 0, 16, 16], "rotation": 270, "texture": "#2"},
				"south": {"uv": [0, 0, 0, 0], "texture": "#2"},
				"west": {"uv": [1, 15, 15, 1], "rotation": 270, "texture": "#2"},
				"up": {"uv": [0, 0, 0, 0], "texture": "#2"},
				"down": {"uv": [0, 0, 0, 0], "texture": "#2"}
			}
		},
		{
			"from": [11.5, 2, 4.5],
			"to": [11.5, 9, 11.5],
			"rotation": {"angle": 0, "axis": "z", "origin": [10.5, 5.5, 8]},
			"faces": {
				"north": {"uv": [0, 0, 0, 0], "texture": "#2"},
				"east": {"uv": [1, 15, 15, 1], "rotation": 270, "texture": "#2"},
				"south": {"uv": [0, 0, 0, 0], "texture": "#2"},
				"west": {"uv": [1, 15, 15, 1], "rotation": 270, "texture": "#2"},
				"up": {"uv": [0, 0, 0, 0], "texture": "#2"},
				"down": {"uv": [0, 0, 0, 0], "texture": "#2"}
			}
		},
		{
			"from": [4.5, 2, 11.5],
			"to": [11.5, 9, 11.5],
			"rotation": {"angle": 0, "axis": "y", "origin": [8, 5.5, 8]},
			"faces": {
				"north": {"uv": [1, 15, 15, 1], "rotation": 270, "texture": "#2"},
				"east": {"uv": [0, 0, 0, 0], "texture": "#2"},
				"south": {"uv": [1, 15, 15, 1], "rotation": 270, "texture": "#2"},
				"west": {"uv": [0, 0, 0, 0], "texture": "#2"},
				"up": {"uv": [0, 0, 0, 0], "texture": "#2"},
				"down": {"uv": [0, 0, 0, 0], "texture": "#2"}
			}
		},
		{
			"from": [4.5, 9, 4.5],
			"to": [11.5, 9, 11.5],
			"rotation": {"angle": 0, "axis": "x", "origin": [8, 5.5, 8]},
			"faces": {
				"north": {"uv": [0, 0, 0, 0], "texture": "#2"},
				"east": {"uv": [0, 0, 0, 0], "texture": "#2"},
				"south": {"uv": [0, 0, 0, 0], "texture": "#2"},
				"west": {"uv": [0, 0, 0, 0], "texture": "#2"},
				"up": {"uv": [1, 15, 15, 1], "rotation": 270, "texture": "#2"},
				"down": {"uv": [1, 15, 15, 1], "rotation": 90, "texture": "#2"}
			}
		},
		{
			"from": [4.5, 7.75, 4.5],
			"to": [11.5, 7.75, 11.5],
			"rotation": {"angle": 0, "axis": "x", "origin": [8, 5.5, 8]},
			"faces": {
				"north": {"uv": [0, 0, 0, 0], "texture": "#2"},
				"east": {"uv": [0, 0, 0, 0], "texture": "#2"},
				"south": {"uv": [0, 0, 0, 0], "texture": "#2"},
				"west": {"uv": [0, 0, 0, 0], "texture": "#2"},
				"up": {"uv": [1, 15, 15, 1], "rotation": 270, "texture": "#2"},
				"down": {"uv": [1, 15, 15, 1], "rotation": 90, "texture": "#2"}
			}
		},
		{
			"from": [4.5, 2, 4.5],
			"to": [11.5, 2, 11.5],
			"rotation": {"angle": 0, "axis": "x", "origin": [8, 5.5, 8]},
			"faces": {
				"north": {"uv": [0, 0, 0, 0], "texture": "#2"},
				"east": {"uv": [0, 0, 0, 0], "texture": "#2"},
				"south": {"uv": [0, 0, 0, 0], "texture": "#2"},
				"west": {"uv": [0, 0, 0, 0], "texture": "#2"},
				"up": {"uv": [1, 15, 15, 1], "rotation": 270, "texture": "#2"},
				"down": {"uv": [1, 15, 15, 1], "rotation": 90, "texture": "#2"}
			}
		},
		{
			"from": [8.5, 14.5, 7.75],
			"to": [9.5, 15, 8.25],
			"rotation": {"angle": -22.5, "axis": "z", "origin": [8, 5.5, 11.25]},
			"faces": {
				"north": {"uv": [9, 2, 11, 1], "rotation": 90, "texture": "#2"},
				"east": {"uv": [1, 3, 2, 2], "rotation": 270, "texture": "#2"},
				"south": {"uv": [9, 2, 11, 1], "rotation": 90, "texture": "#2"},
				"west": {"uv": [1, 3, 2, 2], "rotation": 270, "texture": "#2"},
				"up": {"uv": [9, 2, 11, 1], "rotation": 90, "texture": "#2"},
				"down": {"uv": [0, 0, 0, 0], "texture": "#2"}
			}
		},
		{
			"from": [8, 9, 7.75],
			"to": [9, 14.5, 8.25],
			"rotation": {"angle": -22.5, "axis": "z", "origin": [8, 5.5, 11.25]},
			"faces": {
				"north": {"uv": [1, 2, 13, 4], "rotation": 90, "texture": "#2"},
				"east": {"uv": [0, 0, 0, 0], "texture": "#2"},
				"south": {"uv": [1, 14, 15, 10], "rotation": 90, "texture": "#2"},
				"west": {"uv": [3, 2, 15, 3], "rotation": 270, "texture": "#2"},
				"up": {"uv": [14, 14, 15, 13], "rotation": 180, "texture": "#2"},
				"down": {"uv": [1, 5, 15, 1], "texture": "#2"}
			}
		},
		{
			"from": [9, 9, 7.75],
			"to": [10, 14.5, 8.25],
			"rotation": {"angle": -22.5, "axis": "z", "origin": [8, 5.5, 11.25]},
			"faces": {
				"north": {"uv": [1, 12, 13, 14], "rotation": 90, "texture": "#2"},
				"east": {"uv": [3, 2, 15, 3], "rotation": 270, "texture": "#2"},
				"south": {"uv": [1, 14, 15, 10], "rotation": 90, "texture": "#2"},
				"west": {"uv": [0, 0, 0, 0], "texture": "#2"},
				"up": {"uv": [14, 14, 15, 13], "rotation": 180, "texture": "#2"},
				"down": {"uv": [1, 5, 15, 1], "texture": "#2"}
			}
		},
		{
			"from": [7, 9, 7.75],
			"to": [8, 14.5, 8.25],
			"rotation": {"angle": 22.5, "axis": "z", "origin": [8, 5.5, 11.25]},
			"faces": {
				"north": {"uv": [1, 12, 13, 14], "rotation": 90, "texture": "#2"},
				"east": {"uv": [3, 2, 15, 3], "rotation": 270, "texture": "#2"},
				"south": {"uv": [1, 10, 15, 14], "rotation": 90, "texture": "#2"},
				"west": {"uv": [0, 0, 0, 0], "texture": "#2"},
				"up": {"uv": [14, 14, 15, 13], "rotation": 180, "texture": "#2"},
				"down": {"uv": [15, 5, 1, 1], "texture": "#2"}
			}
		},
		{
			"from": [6, 9, 7.75],
			"to": [7, 14.5, 8.25],
			"rotation": {"angle": 22.5, "axis": "z", "origin": [8, 5.5, 11.25]},
			"faces": {
				"north": {"uv": [1, 2, 13, 4], "rotation": 90, "texture": "#2"},
				"east": {"uv": [0, 0, 0, 0], "texture": "#2"},
				"south": {"uv": [1, 10, 15, 14], "rotation": 90, "texture": "#2"},
				"west": {"uv": [3, 2, 15, 3], "rotation": 270, "texture": "#2"},
				"up": {"uv": [14, 14, 15, 13], "rotation": 180, "texture": "#2"},
				"down": {"uv": [15, 5, 1, 1], "texture": "#2"}
			}
		},
		{
			"from": [6.5, 14.5, 7.75],
			"to": [7.5, 15, 8.25],
			"rotation": {"angle": 22.5, "axis": "z", "origin": [8, 5.5, 11.25]},
			"faces": {
				"north": {"uv": [9, 1, 11, 2], "rotation": 90, "texture": "#2"},
				"east": {"uv": [1, 3, 2, 2], "rotation": 270, "texture": "#2"},
				"south": {"uv": [9, 1, 11, 2], "rotation": 90, "texture": "#2"},
				"west": {"uv": [1, 3, 2, 2], "rotation": 270, "texture": "#2"},
				"up": {"uv": [9, 1, 11, 2], "rotation": 90, "texture": "#2"},
				"down": {"uv": [0, 0, 0, 0], "texture": "#2"}
			}
		},
		{
			"from": [4.5, 2, 4.5],
			"to": [5.5, 9, 4.5],
			"rotation": {"angle": 0, "axis": "y", "origin": [8, 5.5, 8]},
			"faces": {
				"north": {"uv": [1, 3, 15, 1], "rotation": 270, "texture": "#2"},
				"east": {"uv": [0, 0, 0, 0], "texture": "#2"},
				"south": {"uv": [0, 0, 16, 16], "rotation": 270, "texture": "#2"},
				"west": {"uv": [0, 0, 0, 0], "texture": "#2"},
				"up": {"uv": [0, 0, 0, 0], "texture": "#2"},
				"down": {"uv": [0, 0, 0, 0], "texture": "#2"}
			}
		},
		{
			"from": [10.5, 2, 4.5],
			"to": [11.5, 9, 4.5],
			"rotation": {"angle": 0, "axis": "y", "origin": [8, 5.5, 8]},
			"faces": {
				"north": {"uv": [1, 1, 15, 3], "rotation": 270, "texture": "#2"},
				"east": {"uv": [0, 0, 0, 0], "texture": "#2"},
				"south": {"uv": [0, 16, 16, 0], "rotation": 270, "texture": "#2"},
				"west": {"uv": [0, 0, 0, 0], "texture": "#2"},
				"up": {"uv": [0, 0, 0, 0], "texture": "#2"},
				"down": {"uv": [0, 0, 0, 0], "texture": "#2"}
			}
		},
		{
			"from": [5.5, 7, 4.5],
			"to": [10.5, 9, 4.5],
			"rotation": {"angle": 0, "axis": "z", "origin": [8, 5.5, 8]},
			"faces": {
				"north": {"uv": [3, 1, 13, 5], "texture": "#2"},
				"east": {"uv": [0, 0, 0, 0], "texture": "#2"},
				"south": {"uv": [0, 16, 16, 0], "rotation": 180, "texture": "#2"},
				"west": {"uv": [0, 0, 0, 0], "texture": "#2"},
				"up": {"uv": [0, 0, 0, 0], "texture": "#2"},
				"down": {"uv": [0, 0, 0, 0], "texture": "#2"}
			}
		},
		{
			"from": [5.5, 2, 4.5],
			"to": [10.5, 3, 4.5],
			"rotation": {"angle": 0, "axis": "z", "origin": [8, 5.5, 8]},
			"faces": {
				"north": {"uv": [3, 1, 13, 3], "rotation": 180, "texture": "#2"},
				"east": {"uv": [0, 0, 0, 0], "texture": "#2"},
				"south": {"uv": [0, 16, 16, 0], "texture": "#2"},
				"west": {"uv": [0, 0, 0, 0], "texture": "#2"},
				"up": {"uv": [0, 0, 0, 0], "texture": "#2"},
				"down": {"uv": [0, 0, 0, 0], "texture": "#2"}
			}
		}
	],
	"display": {
		"thirdperson_righthand": {
			"rotation": [75, 45, 0],
			"translation": [0, 1.5, 0],
			"scale": [0.375, 0.375, 0.375]
		},
		"thirdperson_lefthand": {
			"rotation": [75, 45, 0],
			"translation": [0, 1.5, 0],
			"scale": [0.375, 0.375, 0.375]
		},
		"firstperson_righthand": {
			"rotation": [0, 45, 0],
			"scale": [0.4, 0.4, 0.4]
		},
		"firstperson_lefthand": {
			"rotation": [0, 45, 0],
			"scale": [0.4, 0.4, 0.4]
		},
		"ground": {
			"translation": [0, 3, 0],
			"scale": [0.25, 0.25, 0.25]
		},
		"gui": {
			"rotation": [30, 225, 0],
			"scale": [0.625, 0.625, 0.625]
		},
		"head": {
			"translation": [0, 5.5, 0],
			"scale": [2.12, 2.12, 2.12]
		},
		"fixed": {
			"rotation": [-90, 0, 0],
			"translation": [0, 0, -20.75],
			"scale": [3.44, 3.44, 3.44]
		}
	}
}