{
	"credit": "Made with Blockbench",
	"texture_size": [64, 64],
	"textures": {
		"1": "item/tourguide",
		"particle": "item/tourguide"
	},
	"elements": [
		{
			"from": [6.5, -0.5, 26],
			"to": [8.5, 1.5, 30],
			"faces": {
				"north": {"uv": [8.25, 7.25, 8.75, 7.75], "texture": "#1"},
				"east": {"uv": [8.25, 1.25, 9.25, 1.75], "texture": "#1"},
				"south": {"uv": [7.75, 8.25, 8.25, 8.75], "texture": "#1"},
				"west": {"uv": [8.25, 1.75, 9.25, 2.25], "texture": "#1"},
				"up": {"uv": [8.75, 3.25, 8.25, 2.25], "texture": "#1"},
				"down": {"uv": [8.75, 3.25, 8.25, 4.25], "texture": "#1"}
			}
		},
		{
			"from": [6.5, -0.5, 6],
			"to": [8.5, 1.5, 10],
			"faces": {
				"north": {"uv": [8.25, 8.25, 8.75, 8.75], "texture": "#1"},
				"east": {"uv": [8.25, 4.25, 9.25, 4.75], "texture": "#1"},
				"south": {"uv": [8.75, 2.25, 9.25, 2.75], "texture": "#1"},
				"west": {"uv": [8.25, 4.75, 9.25, 5.25], "texture": "#1"},
				"up": {"uv": [8.75, 6.25, 8.25, 5.25], "texture": "#1"},
				"down": {"uv": [8.75, 6.25, 8.25, 7.25], "texture": "#1"}
			}
		},
		{
			"from": [-8, 0, -16],
			"to": [23, 1, 4],
			"faces": {
				"north": {"uv": [7.75, 0, 15.5, 0.25], "texture": "#1"},
				"east": {"uv": [7.75, 8, 12.75, 8.25], "texture": "#1"},
				"south": {"uv": [7.75, 0.25, 15.5, 0.5], "texture": "#1"},
				"west": {"uv": [8.25, 1, 13.25, 1.25], "texture": "#1"},
				"up": {"uv": [7.75, 5, 0, 0], "texture": "#1"},
				"down": {"uv": [7.75, 5, 0, 10], "texture": "#1"}
			}
		},
		{
			"from": [7, 0, 4],
			"to": [8, 1, 32],
			"faces": {
				"north": {"uv": [8.25, 7.75, 8.5, 8], "texture": "#1"},
				"east": {"uv": [7.75, 0.5, 14.75, 0.75], "texture": "#1"},
				"south": {"uv": [8.5, 7.75, 8.75, 8], "texture": "#1"},
				"west": {"uv": [7.75, 0.75, 14.75, 1], "texture": "#1"},
				"up": {"uv": [8, 8, 7.75, 1], "texture": "#1"},
				"down": {"uv": [8.25, 1, 8, 8], "texture": "#1"}
			}
		}
	],
	"display": {
		"thirdperson_righthand": {
			"rotation": [0, -180, 0],
			"translation": [-0.5, 8, 17]
		},
		"thirdperson_lefthand": {
			"rotation": [0, -180, 0],
			"translation": [0.25, 8, 17]
		},
		"firstperson_righthand": {
			"rotation": [-85, 2, 0]
		},
		"firstperson_lefthand": {
			"rotation": [-67, -180, 0]
		},
		"ground": {
			"rotation": [92, 0, 0],
			"translation": [0, 17.5, 7.5]
		},
		"gui": {
			"rotation": [95, 0, 0],
			"translation": [0.25, -4.25, 0],
			"scale": [0.54, 0.54, 0.54]
		},
		"head": {
			"rotation": [-90.5, -180, 0],
			"translation": [0, 2.5, -7]
		},
		"fixed": {
			"rotation": [-89, -180, 0],
			"translation": [0, 0, -8.5]
		}
	},
	"groups": [
		{
			"name": "group",
			"origin": [8, 8, 8],
			"color": 0,
			"children": [0, 1, 2, 3]
		}
	]
}