{
	"credit": "Made with Blockbench",
	"ambientocclusion": false,
	"textures": {
		"1": "item/moon_sceptre_rework"
	},
	"elements": [
		{
			"from": [7.25, 0, 7.25],
			"to": [8.75, 0.25, 8.75],
			"rotation": {"angle": 0, "axis": "y", "origin": [7, 0, 7]},
			"faces": {
				"north": {"uv": [12, 12, 13.5, 12.25], "texture": "#1"},
				"east": {"uv": [0, 13, 1.5, 13.25], "texture": "#1"},
				"south": {"uv": [2, 13, 3.5, 13.25], "texture": "#1"},
				"west": {"uv": [13, 2, 14.5, 2.25], "texture": "#1"},
				"down": {"uv": [7.5, 5, 6, 6.5], "texture": "#1"}
			}
		},
		{
			"from": [7.25, 0.5, 7.25],
			"to": [8.75, 0.75, 8.75],
			"rotation": {"angle": 0, "axis": "y", "origin": [7, 0, 7]},
			"faces": {
				"north": {"uv": [13, 3, 14.5, 3.25], "texture": "#1"},
				"east": {"uv": [4, 13, 5.5, 13.25], "texture": "#1"},
				"south": {"uv": [13, 4, 14.5, 4.25], "texture": "#1"},
				"west": {"uv": [13, 5, 14.5, 5.25], "texture": "#1"},
				"up": {"uv": [8.5, 1.5, 7, 0], "texture": "#1"}
			}
		},
		{
			"from": [7.125, 0.25, 7.125],
			"to": [8.875, 0.5, 8.875],
			"rotation": {"angle": 0, "axis": "y", "origin": [7.125, 0, 6.875]},
			"faces": {
				"north": {"uv": [0, 12, 2, 12.25], "texture": "#1"},
				"east": {"uv": [12, 0, 14, 0.25], "texture": "#1"},
				"south": {"uv": [12, 1, 14, 1.25], "texture": "#1"},
				"west": {"uv": [2, 12, 4, 12.25], "texture": "#1"},
				"up": {"uv": [5, 2, 3, 0], "texture": "#1"},
				"down": {"uv": [5, 2, 3, 4], "texture": "#1"}
			}
		},
		{
			"from": [7.5, 0.5, 7.5],
			"to": [8.5, 6.5, 8.5],
			"rotation": {"angle": 0, "axis": "y", "origin": [7, 0, 7]},
			"faces": {
				"north": {"uv": [3, 4, 4, 8], "texture": "#1"},
				"east": {"uv": [4, 4, 5, 8], "texture": "#1"},
				"south": {"uv": [5, 0, 6, 4], "texture": "#1"},
				"west": {"uv": [5, 4, 6, 8], "texture": "#1"}
			}
		},
		{
			"from": [6.75, 6.5, 7.5],
			"to": [9.25, 9, 8.5],
			"rotation": {"angle": 0, "axis": "y", "origin": [7, 2, 7]},
			"faces": {
				"north": {"uv": [0, 0, 2.5, 2.5], "texture": "#1"},
				"east": {"uv": [0, 6, 1, 8.5], "texture": "#1"},
				"south": {"uv": [0, 0, 2.5, 2.5], "texture": "#1"},
				"west": {"uv": [6, 0, 7, 2.5], "texture": "#1"},
				"up": {"uv": [8.5, 4, 6, 3], "texture": "#1"},
				"down": {"uv": [8.5, 4, 6, 5], "texture": "#1"}
			}
		},
		{
			"from": [9.76367, 10.41012, 7.5],
			"to": [10.26367, 11.41012, 8.5],
			"rotation": {"angle": -22.5, "axis": "z", "origin": [9.39213, 10.58348, 8]},
			"faces": {
				"north": {"uv": [5, 12, 5.5, 13], "texture": "#1"},
				"east": {"uv": [9, 1, 10, 2], "texture": "#1"},
				"south": {"uv": [12, 5, 12.5, 6], "texture": "#1"},
				"west": {"uv": [2, 9, 3, 10], "texture": "#1"},
				"up": {"uv": [6.5, 13, 6, 12], "texture": "#1"}
			}
		},
		{
			"from": [7.50285, 13.539, 7.494],
			"to": [8.50085, 14.037, 8.492],
			"rotation": {"angle": 0, "axis": "z", "origin": [8.32849, 13.16647, 7.993]},
			"faces": {
				"north": {"uv": [10, 12, 11, 12.5], "texture": "#1"},
				"east": {"uv": [12, 10, 13, 10.5], "texture": "#1"},
				"south": {"uv": [11, 12, 12, 12.5], "texture": "#1"},
				"west": {"uv": [12, 11, 13, 11.5], "texture": "#1"},
				"up": {"uv": [2, 11, 1, 10], "texture": "#1"},
				"down": {"uv": [11, 1, 10, 2], "texture": "#1"}
			}
		},
		{
			"from": [8.56449, 9.71094, 7.499],
			"to": [9.56649, 10.21294, 8.501],
			"rotation": {"angle": 45, "axis": "z", "origin": [9.39213, 10.58348, 8]},
			"faces": {
				"north": {"uv": [12, 2, 13, 2.5], "texture": "#1"},
				"south": {"uv": [4, 12, 5, 12.5], "texture": "#1"},
				"up": {"uv": [10, 1, 9, 0], "texture": "#1"},
				"down": {"uv": [2, 9, 1, 10], "texture": "#1"}
			}
		},
		{
			"from": [6.63404, 13.36339, 7.493],
			"to": [7.63604, 13.86539, 8.495],
			"rotation": {"angle": 22.5, "axis": "z", "origin": [7.13504, 13.61439, 7.994]},
			"faces": {
				"north": {"uv": [8, 12, 9, 12.5], "texture": "#1"},
				"east": {"uv": [12, 8, 13, 8.5], "texture": "#1"},
				"south": {"uv": [9, 12, 10, 12.5], "texture": "#1"},
				"west": {"uv": [12, 9, 13, 9.5], "texture": "#1"},
				"up": {"uv": [1, 11, 0, 10], "texture": "#1"},
				"down": {"uv": [11, 0, 10, 1], "texture": "#1"}
			}
		},
		{
			"from": [7.96194, 9.46194, 7.5],
			"to": [8.96194, 10.21194, 8.5],
			"rotation": {"angle": 22.5, "axis": "z", "origin": [9.39213, 10.58348, 8]},
			"faces": {
				"north": {"uv": [5, 10, 6, 10.75], "texture": "#1"},
				"south": {"uv": [6, 10, 7, 10.75], "texture": "#1"},
				"up": {"uv": [9, 9, 8, 8], "texture": "#1"},
				"down": {"uv": [1, 9, 0, 10], "texture": "#1"}
			}
		},
		{
			"from": [8.96194, 9.96194, 7.5],
			"to": [9.46194, 10.21194, 8.5],
			"rotation": {"angle": 22.5, "axis": "z", "origin": [9.39213, 10.58348, 8]},
			"faces": {
				"north": {"uv": [15, 7, 15.5, 7.25], "texture": "#1"},
				"east": {"uv": [1, 14, 2, 14.25], "texture": "#1"},
				"south": {"uv": [8, 15, 8.5, 15.25], "texture": "#1"},
				"up": {"uv": [7.5, 13, 7, 12], "texture": "#1"}
			}
		},
		{
			"from": [7.499, 8.999, 7.499],
			"to": [8.501, 9.751, 8.501],
			"rotation": {"angle": 0, "axis": "z", "origin": [23.25, 9.5, 8]},
			"faces": {
				"north": {"uv": [11, 8, 12, 8.75], "texture": "#1"},
				"south": {"uv": [11, 9, 12, 9.75], "texture": "#1"},
				"up": {"uv": [10, 9, 9, 8], "texture": "#1"}
			}
		},
		{
			"from": [7.499, 9.749, 7.499],
			"to": [8.501, 10.751, 8.501],
			"rotation": {"angle": -45, "axis": "y", "origin": [8, 10.25, 8]},
			"faces": {
				"north": {"uv": [10, 2, 11, 3], "texture": "#1"},
				"east": {"uv": [10, 2, 11, 3], "texture": "#1"},
				"south": {"uv": [10, 2, 11, 3], "texture": "#1"},
				"west": {"uv": [10, 2, 11, 3], "texture": "#1"},
				"up": {"uv": [10, 2, 11, 3], "texture": "#1"},
				"down": {"uv": [10, 2, 11, 3], "texture": "#1"}
			}
		},
		{
			"from": [6.7274, 9.15128, 7.498],
			"to": [7.7314, 9.90528, 8.502],
			"rotation": {"angle": -22.5, "axis": "z", "origin": [7.2294, 9.65328, 8]},
			"faces": {
				"north": {"uv": [11, 6, 12, 6.75], "texture": "#1"},
				"south": {"uv": [11, 7, 12, 7.75], "texture": "#1"},
				"up": {"uv": [10, 8, 9, 7], "texture": "#1"},
				"down": {"uv": [9, 9, 8, 10], "texture": "#1"}
			}
		},
		{
			"from": [6.78023, 9.87968, 7.497],
			"to": [7.53623, 10.88568, 8.503],
			"rotation": {"angle": 45, "axis": "z", "origin": [7.28323, 9.38268, 8]},
			"faces": {
				"north": {"uv": [11, 4, 11.75, 5], "texture": "#1"},
				"east": {"uv": [9, 6, 10, 7], "texture": "#1"},
				"south": {"uv": [5, 11, 5.75, 12], "texture": "#1"},
				"west": {"uv": [7, 9, 8, 10], "texture": "#1"}
			}
		},
		{
			"from": [6.0183, 10.31519, 7.496],
			"to": [6.7763, 11.32319, 8.504],
			"rotation": {"angle": 22.5, "axis": "z", "origin": [6.5223, 9.81919, 8]},
			"faces": {
				"north": {"uv": [11, 2, 11.75, 3], "texture": "#1"},
				"east": {"uv": [9, 5, 10, 6], "texture": "#1"},
				"south": {"uv": [3, 11, 3.75, 12], "texture": "#1"},
				"west": {"uv": [6, 9, 7, 10], "texture": "#1"}
			}
		},
		{
			"from": [6.42751, 12.5584, 7.493],
			"to": [7.44151, 13.3224, 8.507],
			"rotation": {"angle": 45, "axis": "z", "origin": [6.60787, 12.44386, 8]},
			"faces": {
				"north": {"uv": [11, 0, 12, 0.75], "texture": "#1"},
				"east": {"uv": [1, 11, 2, 11.75], "texture": "#1"},
				"south": {"uv": [11, 1, 12, 1.75], "texture": "#1"},
				"up": {"uv": [10, 5, 9, 4], "texture": "#1"},
				"down": {"uv": [6, 9, 5, 10], "texture": "#1"}
			}
		},
		{
			"from": [7.44441, 12.5654, 7.493],
			"to": [8.19441, 12.8154, 8.493],
			"rotation": {"angle": 45, "axis": "z", "origin": [6.61777, 12.44386, 7.993]},
			"faces": {
				"north": {"uv": [4, 14, 4.75, 14.25], "texture": "#1"},
				"east": {"uv": [2, 14, 3, 14.25], "texture": "#1"},
				"south": {"uv": [5, 14, 5.75, 14.25], "texture": "#1"},
				"west": {"uv": [3, 14, 4, 14.25], "texture": "#1"},
				"up": {"uv": [11.75, 11, 11, 10], "texture": "#1"},
				"down": {"uv": [11.75, 11, 11, 12], "texture": "#1"}
			}
		},
		{
			"from": [5.73033, 11.61122, 7.494],
			"to": [6.49233, 12.62322, 8.506],
			"rotation": {"angle": -22.5, "axis": "z", "origin": [6.60787, 12.44386, 8]},
			"faces": {
				"north": {"uv": [9, 10, 9.75, 11], "texture": "#1"},
				"east": {"uv": [9, 3, 10, 4], "texture": "#1"},
				"south": {"uv": [10, 9, 10.75, 10], "texture": "#1"},
				"west": {"uv": [4, 9, 5, 10], "texture": "#1"}
			}
		},
		{
			"from": [5.48133, 11.00867, 7.495],
			"to": [6.24133, 12.01867, 8.505],
			"rotation": {"angle": 0, "axis": "z", "origin": [6.60787, 12.44386, 8]},
			"faces": {
				"north": {"uv": [7, 10, 7.75, 11], "texture": "#1"},
				"east": {"uv": [9, 2, 10, 3], "texture": "#1"},
				"south": {"uv": [10, 7, 10.75, 8], "texture": "#1"},
				"west": {"uv": [3, 9, 4, 10], "texture": "#1"}
			}
		},
		{
			"from": [7.75, 7.825, 8.5],
			"to": [8.25, 8.325, 8.6],
			"rotation": {"angle": 0, "axis": "y", "origin": [7, 2, 9]},
			"faces": {
				"east": {"uv": [1.5, 15.25, 1, 15], "rotation": 90, "texture": "#1"},
				"south": {"uv": [1.5, 15.5, 1, 15], "texture": "#1"},
				"west": {"uv": [1, 15.25, 1.5, 15], "rotation": 90, "texture": "#1"},
				"up": {"uv": [1, 15, 1.5, 15.25], "texture": "#1"},
				"down": {"uv": [1.5, 15, 1, 15.25], "texture": "#1"}
			}
		},
		{
			"from": [8.125, 7.175, 8.5],
			"to": [8.625, 7.675, 8.6],
			"rotation": {"angle": 0, "axis": "y", "origin": [7, 2, 9]},
			"faces": {
				"east": {"uv": [1, 15.25, 0.5, 15], "rotation": 90, "texture": "#1"},
				"south": {"uv": [1, 15.5, 0.5, 15], "texture": "#1"},
				"west": {"uv": [0.5, 15.25, 1, 15], "rotation": 90, "texture": "#1"},
				"up": {"uv": [0.5, 15, 1, 15.25], "texture": "#1"},
				"down": {"uv": [1, 15, 0.5, 15.25], "texture": "#1"}
			}
		},
		{
			"from": [7.375, 7.175, 8.5],
			"to": [7.875, 7.675, 8.6],
			"rotation": {"angle": 0, "axis": "y", "origin": [9, 2, 9]},
			"faces": {
				"east": {"uv": [1.5, 15, 2, 15.25], "rotation": 90, "texture": "#1"},
				"south": {"uv": [1.5, 15.5, 2, 15], "texture": "#1"},
				"west": {"uv": [2, 15, 1.5, 15.25], "rotation": 90, "texture": "#1"},
				"up": {"uv": [2, 15, 1.5, 15.25], "texture": "#1"},
				"down": {"uv": [1.5, 15, 2, 15.25], "texture": "#1"}
			}
		},
		{
			"from": [8.125, 7.05, 7.4],
			"to": [8.625, 7.55, 7.5],
			"rotation": {"angle": 0, "axis": "y", "origin": [7, 2, 7]},
			"faces": {
				"north": {"uv": [0.5, 15.5, 1, 15], "texture": "#1"},
				"east": {"uv": [1, 15, 0.5, 15.25], "rotation": 90, "texture": "#1"},
				"west": {"uv": [0.5, 15, 1, 15.25], "rotation": 90, "texture": "#1"},
				"up": {"uv": [0.5, 15.25, 1, 15], "texture": "#1"},
				"down": {"uv": [1, 15.25, 0.5, 15], "texture": "#1"}
			}
		},
		{
			"from": [7.375, 7.05, 7.4],
			"to": [7.875, 7.55, 7.5],
			"rotation": {"angle": 0, "axis": "y", "origin": [9, 2, 7]},
			"faces": {
				"north": {"uv": [2, 15.5, 1.5, 15], "texture": "#1"},
				"east": {"uv": [1.5, 15.25, 2, 15], "rotation": 90, "texture": "#1"},
				"west": {"uv": [2, 15.25, 1.5, 15], "rotation": 90, "texture": "#1"},
				"up": {"uv": [2, 15.25, 1.5, 15], "texture": "#1"},
				"down": {"uv": [1.5, 15.25, 2, 15], "texture": "#1"}
			}
		},
		{
			"from": [7.75, 7.7, 7.4],
			"to": [8.25, 8.2, 7.5],
			"rotation": {"angle": 0, "axis": "y", "origin": [7, 2, 7]},
			"faces": {
				"north": {"uv": [1, 15.5, 1.5, 15], "texture": "#1"},
				"east": {"uv": [1.5, 15, 1, 15.25], "rotation": 90, "texture": "#1"},
				"west": {"uv": [1, 15, 1.5, 15.25], "rotation": 90, "texture": "#1"},
				"up": {"uv": [1, 15.25, 1.5, 15], "texture": "#1"},
				"down": {"uv": [1.5, 15.25, 1, 15], "texture": "#1"}
			}
		},
		{
			"from": [8.75, 8.25, 7.49],
			"to": [9.75, 9.25, 7.49],
			"rotation": {"angle": 0, "axis": "y", "origin": [7, 2, 7]},
			"faces": {
				"north": {"uv": [9, 7, 8, 8], "texture": "#1"},
				"south": {"uv": [8, 7, 9, 8], "texture": "#1"}
			}
		},
		{
			"from": [6.25, 8.25, 7.49],
			"to": [7.25, 9.25, 7.49],
			"rotation": {"angle": 0, "axis": "y", "origin": [9, 2, 7]},
			"faces": {
				"north": {"uv": [8, 7, 9, 8], "texture": "#1"},
				"south": {"uv": [9, 7, 8, 8], "texture": "#1"}
			}
		},
		{
			"from": [8.75, 8.25, 8.51],
			"to": [9.75, 9.25, 8.51],
			"rotation": {"angle": 0, "axis": "y", "origin": [7, 2, 9]},
			"faces": {
				"north": {"uv": [9, 7, 8, 8], "texture": "#1"},
				"south": {"uv": [8, 7, 9, 8], "texture": "#1"}
			}
		},
		{
			"from": [6.25, 8.25, 8.51],
			"to": [7.25, 9.25, 8.51],
			"rotation": {"angle": 0, "axis": "y", "origin": [9, 2, 9]},
			"faces": {
				"north": {"uv": [8, 7, 9, 8], "texture": "#1"},
				"south": {"uv": [9, 7, 8, 8], "texture": "#1"}
			}
		},
		{
			"from": [7.625, 5.625, 7.4],
			"to": [7.875, 5.875, 7.5],
			"rotation": {"angle": 0, "axis": "y", "origin": [0.25, 2, 0]},
			"faces": {
				"north": {"uv": [0.75, 2.5, 1, 2.75], "texture": "#1"},
				"east": {"uv": [1, 2.5, 1.1, 2.75], "texture": "#1"},
				"west": {"uv": [1, 2.5, 1.1, 2.75], "texture": "#1"},
				"up": {"uv": [1, 2.5, 1.25, 2.6], "texture": "#1"},
				"down": {"uv": [1, 2.5, 1.25, 2.6], "texture": "#1"}
			}
		},
		{
			"from": [7.5, 5.5, 7.4],
			"to": [7.75, 5.75, 7.5],
			"rotation": {"angle": 0, "axis": "y", "origin": [0.25, 2, 0]},
			"faces": {
				"north": {"uv": [0.75, 2.5, 1, 2.75], "texture": "#1"},
				"east": {"uv": [1, 2.5, 1.1, 2.75], "texture": "#1"},
				"west": {"uv": [1, 2.5, 1.1, 2.75], "texture": "#1"},
				"up": {"uv": [1, 2.5, 1.25, 2.6], "texture": "#1"},
				"down": {"uv": [1, 2.5, 1.25, 2.6], "texture": "#1"}
			}
		},
		{
			"from": [7.75, 5.75, 7.4],
			"to": [8, 6, 7.5],
			"rotation": {"angle": 0, "axis": "y", "origin": [0.25, 2, 0]},
			"faces": {
				"north": {"uv": [0.75, 2.5, 1, 2.75], "texture": "#1"},
				"west": {"uv": [1, 2.5, 1.1, 2.75], "texture": "#1"},
				"down": {"uv": [1, 2.5, 1.25, 2.6], "texture": "#1"}
			}
		},
		{
			"from": [8.25, 5.5, 7.4],
			"to": [8.5, 5.75, 7.5],
			"rotation": {"angle": 0, "axis": "y", "origin": [15.75, 2, 0]},
			"faces": {
				"north": {"uv": [0.75, 2.5, 1, 2.75], "texture": "#1"},
				"east": {"uv": [1, 2.5, 1.25, 2.75], "texture": "#1"},
				"west": {"uv": [1, 2.5, 1.25, 2.75], "texture": "#1"},
				"up": {"uv": [1, 2.5, 1.25, 2.75], "texture": "#1"},
				"down": {"uv": [1, 2.5, 1.25, 2.75], "texture": "#1"}
			}
		},
		{
			"from": [8.125, 5.625, 7.4],
			"to": [8.375, 5.875, 7.5],
			"rotation": {"angle": 0, "axis": "y", "origin": [15.75, 2, 0]},
			"faces": {
				"north": {"uv": [0.75, 2.5, 1, 2.75], "texture": "#1"},
				"east": {"uv": [1, 2.5, 1.1, 2.75], "texture": "#1"},
				"west": {"uv": [1, 2.5, 1.1, 2.75], "texture": "#1"},
				"up": {"uv": [1, 2.5, 1.25, 2.6], "texture": "#1"},
				"down": {"uv": [1, 2.5, 1.25, 2.6], "texture": "#1"}
			}
		},
		{
			"from": [8, 5.75, 7.4],
			"to": [8.25, 6, 7.5],
			"rotation": {"angle": 0, "axis": "y", "origin": [15.75, 2, 0]},
			"faces": {
				"north": {"uv": [0.75, 2.5, 1, 2.75], "texture": "#1"},
				"east": {"uv": [1, 2.5, 1.25, 2.75], "texture": "#1"},
				"down": {"uv": [1, 2.5, 1.25, 2.75], "texture": "#1"}
			}
		},
		{
			"from": [7.875, 6.25, 7.4],
			"to": [8.125, 6.5, 7.5],
			"rotation": {"angle": 0, "axis": "y", "origin": [0.25, 2, 0]},
			"faces": {
				"north": {"uv": [0.75, 2.5, 1, 2.75], "texture": "#1"},
				"east": {"uv": [1, 2.5, 1.25, 2.75], "texture": "#1"},
				"west": {"uv": [1, 2.5, 1.25, 2.75], "texture": "#1"},
				"up": {"uv": [1, 2.5, 1.25, 2.75], "texture": "#1"}
			}
		},
		{
			"from": [7.5, 6, 7.4],
			"to": [8.5, 6.25, 7.5],
			"rotation": {"angle": 0, "axis": "y", "origin": [0.25, 2, 0]},
			"faces": {
				"north": {"uv": [0, 2.5, 1, 2.75], "texture": "#1"},
				"east": {"uv": [1, 2.5, 1.25, 2.75], "texture": "#1"},
				"west": {"uv": [1, 2.5, 1.25, 2.75], "texture": "#1"},
				"up": {"uv": [1, 2.5, 1.25, 2.75], "texture": "#1"},
				"down": {"uv": [1, 2.5, 1.25, 2.75], "texture": "#1"}
			}
		},
		{
			"from": [7.625, 5.625, 8.5],
			"to": [7.875, 5.875, 8.6],
			"rotation": {"angle": 0, "axis": "y", "origin": [0.25, 2, 16]},
			"faces": {
				"east": {"uv": [1.25, 2.5, 1.35, 2.75], "texture": "#1"},
				"south": {"uv": [1, 2.5, 1.25, 2.75], "texture": "#1"},
				"west": {"uv": [1.25, 2.5, 1.35, 2.75], "texture": "#1"},
				"up": {"uv": [1, 2.75, 1.25, 2.85], "texture": "#1"},
				"down": {"uv": [1, 2.75, 1.25, 2.85], "texture": "#1"}
			}
		},
		{
			"from": [7.75, 5.75, 8.5],
			"to": [8, 6, 8.6],
			"rotation": {"angle": 0, "axis": "y", "origin": [0.25, 2, 16]},
			"faces": {
				"south": {"uv": [1, 2.5, 1.25, 2.75], "texture": "#1"},
				"west": {"uv": [1.25, 2.5, 1.35, 2.75], "texture": "#1"},
				"down": {"uv": [1, 2.75, 1.25, 2.85], "texture": "#1"}
			}
		},
		{
			"from": [7.875, 6.25, 8.5],
			"to": [8.125, 6.5, 8.6],
			"rotation": {"angle": 0, "axis": "y", "origin": [0.25, 2, 16]},
			"faces": {
				"east": {"uv": [1.25, 2.5, 1, 2.75], "texture": "#1"},
				"south": {"uv": [1, 2.5, 0.75, 2.75], "texture": "#1"},
				"west": {"uv": [1.25, 2.5, 1, 2.75], "texture": "#1"},
				"up": {"uv": [1, 2.75, 1.25, 2.5], "texture": "#1"}
			}
		},
		{
			"from": [7.5, 6, 8.5],
			"to": [8.5, 6.25, 8.6],
			"rotation": {"angle": 0, "axis": "y", "origin": [0.25, 2, 16]},
			"faces": {
				"east": {"uv": [1.25, 2.5, 1, 2.75], "texture": "#1"},
				"south": {"uv": [1, 2.5, 0, 2.75], "texture": "#1"},
				"west": {"uv": [1.25, 2.5, 1, 2.75], "texture": "#1"},
				"up": {"uv": [1, 2.75, 1.25, 2.5], "texture": "#1"},
				"down": {"uv": [1, 2.75, 1.25, 2.5], "texture": "#1"}
			}
		},
		{
			"from": [7.5, 5.5, 8.5],
			"to": [7.75, 5.75, 8.6],
			"rotation": {"angle": 0, "axis": "y", "origin": [0.25, 2, 16]},
			"faces": {
				"east": {"uv": [1.25, 2.5, 1.35, 2.75], "texture": "#1"},
				"south": {"uv": [1, 2.5, 1.25, 2.75], "texture": "#1"},
				"west": {"uv": [1.25, 2.5, 1.35, 2.75], "texture": "#1"},
				"up": {"uv": [1, 2.75, 1.25, 2.85], "texture": "#1"},
				"down": {"uv": [1, 2.75, 1.25, 2.85], "texture": "#1"}
			}
		},
		{
			"from": [8, 5.75, 8.5],
			"to": [8.25, 6, 8.6],
			"rotation": {"angle": 0, "axis": "y", "origin": [15.75, 2, 16]},
			"faces": {
				"east": {"uv": [1.25, 2.5, 1, 2.75], "texture": "#1"},
				"south": {"uv": [1, 2.5, 0.75, 2.75], "texture": "#1"},
				"down": {"uv": [1, 2.75, 1.25, 2.5], "texture": "#1"}
			}
		},
		{
			"from": [8.125, 5.625, 8.5],
			"to": [8.375, 5.875, 8.6],
			"rotation": {"angle": 0, "axis": "y", "origin": [15.75, 2, 16]},
			"faces": {
				"east": {"uv": [1.25, 2.5, 1.35, 2.75], "texture": "#1"},
				"south": {"uv": [1, 2.5, 1.25, 2.75], "texture": "#1"},
				"west": {"uv": [1.25, 2.5, 1.35, 2.75], "texture": "#1"},
				"up": {"uv": [1, 2.75, 1.25, 2.85], "texture": "#1"},
				"down": {"uv": [1, 2.75, 1.25, 2.85], "texture": "#1"}
			}
		},
		{
			"from": [8.25, 5.5, 8.5],
			"to": [8.5, 5.75, 8.6],
			"rotation": {"angle": 0, "axis": "y", "origin": [15.75, 2, 16]},
			"faces": {
				"east": {"uv": [1.25, 2.5, 1, 2.75], "texture": "#1"},
				"south": {"uv": [1, 2.5, 0.75, 2.75], "texture": "#1"},
				"west": {"uv": [1.25, 2.5, 1, 2.75], "texture": "#1"},
				"up": {"uv": [1, 2.75, 1.25, 2.5], "texture": "#1"},
				"down": {"uv": [1, 2.75, 1.25, 2.5], "texture": "#1"}
			}
		}
	],
	"display": {
		"thirdperson_righthand": {
			"rotation": [0, -180, 0],
			"translation": [0, 6, 0],
			"scale": [1.5, 1.5, 1.5]
		},
		"thirdperson_lefthand": {
			"translation": [0, 6, 0],
			"scale": [1.5, 1.5, 1.5]
		},
		"firstperson_righthand": {
			"rotation": [-45, 90, 0],
			"translation": [4.5, 1.75, -1],
			"scale": [1.5, 1.5, 1.5]
		},
		"firstperson_lefthand": {
			"rotation": [-45, -90, 0],
			"translation": [4.5, 1.75, -1],
			"scale": [1.5, 1.5, 1.5]
		},
		"ground": {
			"translation": [0, 5.5, 0]
		},
		"gui": {
			"rotation": [-20, -180, 45],
			"translation": [0.75, 0.5, 0],
			"scale": [1.28, 1.28, 1.28]
		},
		"head": {
			"translation": [0, 4.5, 0],
			"scale": [3.6, 3.6, 3.6]
		},
		"fixed": {
			"rotation": [-90, 0, 0],
			"translation": [0, 0, 1.75],
			"scale": [4, 4, 4]
		}
	}
}