{
	"credit": "Made with Blockbench",
	"texture_size": [64, 64],
	"textures": {
		"0": "item/spoon",
		"particle": "item/spoon"
	},
	"elements": [
		{
			"from": [6, 0, -16],
			"to": [11, 2, 2],
			"faces": {
				"north": {"uv": [3.25, 7, 4.5, 7.5], "texture": "#0"},
				"east": {"uv": [2.5, 3.25, 7, 3.75], "texture": "#0"},
				"south": {"uv": [3.25, 7.5, 4.5, 8], "texture": "#0"},
				"west": {"uv": [3.5, 0, 8, 0.5], "texture": "#0"},
				"up": {"uv": [1.25, 7.75, 0, 3.25], "texture": "#0"},
				"down": {"uv": [2.5, 3.25, 1.25, 7.75], "texture": "#0"}
			}
		},
		{
			"from": [7, 0.5, 2],
			"to": [10, 1.5, 13],
			"faces": {
				"north": {"uv": [4.5, 7.5, 5.25, 7.75], "texture": "#0"},
				"east": {"uv": [6.5, 5.5, 9.25, 5.75], "texture": "#0"},
				"south": {"uv": [4.75, 8.25, 5.5, 8.5], "texture": "#0"},
				"west": {"uv": [6.5, 5.75, 9.25, 6], "texture": "#0"},
				"up": {"uv": [4.25, 3.25, 3.5, 0.5], "texture": "#0"},
				"down": {"uv": [3.25, 3.75, 2.5, 6.5], "texture": "#0"}
			}
		},
		{
			"from": [5, -1, 15],
			"to": [12, 0, 28],
			"faces": {
				"north": {"uv": [7.75, 0.75, 9.5, 1], "texture": "#0"},
				"east": {"uv": [4.25, 3, 7.5, 3.25], "texture": "#0"},
				"south": {"uv": [7.75, 1, 9.5, 1.25], "texture": "#0"},
				"west": {"uv": [6, 1.5, 9.25, 1.75], "texture": "#0"},
				"up": {"uv": [1.75, 3.25, 0, 0], "texture": "#0"},
				"down": {"uv": [3.5, 0, 1.75, 3.25], "texture": "#0"}
			}
		},
		{
			"from": [3, 0, 15],
			"to": [5, 1, 28],
			"faces": {
				"north": {"uv": [6.25, 8.25, 6.75, 8.5], "texture": "#0"},
				"east": {"uv": [6, 1.75, 9.25, 2], "texture": "#0"},
				"south": {"uv": [8.25, 7.75, 8.75, 8], "texture": "#0"},
				"west": {"uv": [6.25, 3.75, 9.5, 4], "texture": "#0"},
				"up": {"uv": [3.75, 7, 3.25, 3.75], "texture": "#0"},
				"down": {"uv": [4.25, 3.75, 3.75, 7], "texture": "#0"}
			}
		},
		{
			"from": [5, 0, 28],
			"to": [12, 1, 31],
			"faces": {
				"north": {"uv": [7.75, 1.25, 9.5, 1.5], "texture": "#0"},
				"east": {"uv": [5.5, 8.25, 6.25, 8.5], "texture": "#0"},
				"south": {"uv": [4.5, 7.75, 6.25, 8], "texture": "#0"},
				"west": {"uv": [7.75, 8.25, 8.5, 8.5], "texture": "#0"},
				"up": {"uv": [6, 1.25, 4.25, 0.5], "texture": "#0"},
				"down": {"uv": [6, 1.25, 4.25, 2], "texture": "#0"}
			}
		},
		{
			"from": [5, 0, 13],
			"to": [12, 1, 15],
			"faces": {
				"north": {"uv": [6.5, 7.75, 8.25, 8], "texture": "#0"},
				"east": {"uv": [0, 8.5, 0.5, 8.75], "texture": "#0"},
				"south": {"uv": [0, 8, 1.75, 8.25], "texture": "#0"},
				"west": {"uv": [0.5, 8.5, 1, 8.75], "texture": "#0"},
				"up": {"uv": [7.75, 1, 6, 0.5], "texture": "#0"},
				"down": {"uv": [7.75, 1, 6, 1.5], "texture": "#0"}
			}
		},
		{
			"from": [12, 0, 15],
			"to": [14, 1, 28],
			"faces": {
				"north": {"uv": [1.75, 8.5, 2.25, 8.75], "texture": "#0"},
				"east": {"uv": [6.25, 4, 9.5, 4.25], "texture": "#0"},
				"south": {"uv": [4.75, 8.5, 5.25, 8.75], "texture": "#0"},
				"west": {"uv": [6.25, 4.25, 9.5, 4.5], "texture": "#0"},
				"up": {"uv": [4.75, 7, 4.25, 3.75], "texture": "#0"},
				"down": {"uv": [5.25, 3.75, 4.75, 7], "texture": "#0"}
			}
		},
		{
			"from": [2, 1, 13],
			"to": [3, 2, 29],
			"faces": {
				"north": {"uv": [7.25, 8.75, 7.5, 9], "texture": "#0"},
				"east": {"uv": [4.25, 2, 8.25, 2.25], "texture": "#0"},
				"south": {"uv": [7.5, 8.75, 7.75, 9], "texture": "#0"},
				"west": {"uv": [4.25, 2.25, 8.25, 2.5], "texture": "#0"},
				"up": {"uv": [5.5, 7.75, 5.25, 3.75], "texture": "#0"},
				"down": {"uv": [5.75, 3.75, 5.5, 7.75], "texture": "#0"}
			}
		},
		{
			"from": [14, 1, 13],
			"to": [15, 2, 29],
			"faces": {
				"north": {"uv": [8.75, 7.5, 9, 7.75], "texture": "#0"},
				"east": {"uv": [4.25, 2.5, 8.25, 2.75], "texture": "#0"},
				"south": {"uv": [7.75, 8.75, 8, 9], "texture": "#0"},
				"west": {"uv": [4.25, 2.75, 8.25, 3], "texture": "#0"},
				"up": {"uv": [6, 7.75, 5.75, 3.75], "texture": "#0"},
				"down": {"uv": [6.25, 3.75, 6, 7.75], "texture": "#0"}
			}
		},
		{
			"from": [3, 1, 12],
			"to": [14, 2, 13],
			"faces": {
				"north": {"uv": [6.5, 6, 9.25, 6.25], "texture": "#0"},
				"east": {"uv": [8.75, 7.75, 9, 8], "texture": "#0"},
				"south": {"uv": [6.5, 6.25, 9.25, 6.5], "texture": "#0"},
				"west": {"uv": [8, 8.75, 8.25, 9], "texture": "#0"},
				"up": {"uv": [9.25, 6.75, 6.5, 6.5], "texture": "#0"},
				"down": {"uv": [9.25, 6.75, 6.5, 7], "texture": "#0"}
			}
		},
		{
			"from": [3, 1, 30],
			"to": [14, 2, 31],
			"faces": {
				"north": {"uv": [7, 3.25, 9.75, 3.5], "texture": "#0"},
				"east": {"uv": [8.75, 8, 9, 8.25], "texture": "#0"},
				"south": {"uv": [7, 3.5, 9.75, 3.75], "texture": "#0"},
				"west": {"uv": [8.25, 8.75, 8.5, 9], "texture": "#0"},
				"up": {"uv": [9.25, 7.25, 6.5, 7], "texture": "#0"},
				"down": {"uv": [9.25, 7.25, 6.5, 7.5], "texture": "#0"}
			}
		},
		{
			"from": [5, 2, 31],
			"to": [12, 3, 32],
			"faces": {
				"north": {"uv": [8, 0, 9.75, 0.25], "texture": "#0"},
				"east": {"uv": [8.5, 8.75, 8.75, 9], "texture": "#0"},
				"south": {"uv": [8, 0.25, 9.75, 0.5], "texture": "#0"},
				"west": {"uv": [8.75, 8.5, 9, 8.75], "texture": "#0"},
				"up": {"uv": [5, 8.25, 3.25, 8], "texture": "#0"},
				"down": {"uv": [6.75, 8, 5, 8.25], "texture": "#0"}
			}
		},
		{
			"from": [4, 2, 11],
			"to": [13, 3, 12],
			"faces": {
				"north": {"uv": [7.5, 3, 9.75, 3.25], "texture": "#0"},
				"east": {"uv": [8.75, 8.75, 9, 9], "texture": "#0"},
				"south": {"uv": [6.5, 7.5, 8.75, 7.75], "texture": "#0"},
				"west": {"uv": [0, 9, 0.25, 9.25], "texture": "#0"},
				"up": {"uv": [2.25, 8, 0, 7.75], "texture": "#0"},
				"down": {"uv": [10, 0.5, 7.75, 0.75], "texture": "#0"}
			}
		},
		{
			"from": [1, 2, 14],
			"to": [2, 3, 26],
			"faces": {
				"north": {"uv": [0.25, 9, 0.5, 9.25], "texture": "#0"},
				"east": {"uv": [6.25, 4.5, 9.25, 4.75], "texture": "#0"},
				"south": {"uv": [0.5, 9, 0.75, 9.25], "texture": "#0"},
				"west": {"uv": [6.25, 4.75, 9.25, 5], "texture": "#0"},
				"up": {"uv": [6.5, 8, 6.25, 5], "texture": "#0"},
				"down": {"uv": [2.75, 6.5, 2.5, 9.5], "texture": "#0"}
			}
		},
		{
			"from": [15, 2, 14],
			"to": [16, 3, 26],
			"faces": {
				"north": {"uv": [0.75, 9, 1, 9.25], "texture": "#0"},
				"east": {"uv": [6.5, 5, 9.5, 5.25], "texture": "#0"},
				"south": {"uv": [2, 9, 2.25, 9.25], "texture": "#0"},
				"west": {"uv": [6.5, 5.25, 9.5, 5.5], "texture": "#0"},
				"up": {"uv": [3, 9.5, 2.75, 6.5], "texture": "#0"},
				"down": {"uv": [3.25, 6.5, 3, 9.5], "texture": "#0"}
			}
		},
		{
			"from": [3, 1, 28],
			"to": [5, 2, 30],
			"faces": {
				"north": {"uv": [5.25, 8.5, 5.75, 8.75], "texture": "#0"},
				"east": {"uv": [5.75, 8.5, 6.25, 8.75], "texture": "#0"},
				"south": {"uv": [6.25, 8.5, 6.75, 8.75], "texture": "#0"},
				"west": {"uv": [6.75, 8.5, 7.25, 8.75], "texture": "#0"},
				"up": {"uv": [5, 7.5, 4.5, 7], "texture": "#0"},
				"down": {"uv": [2.25, 8, 1.75, 8.5], "texture": "#0"}
			}
		},
		{
			"from": [12, 1, 28],
			"to": [14, 2, 30],
			"faces": {
				"north": {"uv": [7.25, 8.5, 7.75, 8.75], "texture": "#0"},
				"east": {"uv": [7.75, 8.5, 8.25, 8.75], "texture": "#0"},
				"south": {"uv": [8.25, 8.5, 8.75, 8.75], "texture": "#0"},
				"west": {"uv": [8.5, 8.25, 9, 8.5], "texture": "#0"},
				"up": {"uv": [7.25, 8.5, 6.75, 8], "texture": "#0"},
				"down": {"uv": [7.75, 8, 7.25, 8.5], "texture": "#0"}
			}
		},
		{
			"from": [14, 2, 25],
			"to": [15, 3, 29],
			"faces": {
				"north": {"uv": [2.25, 9, 2.5, 9.25], "texture": "#0"},
				"east": {"uv": [7.75, 8, 8.75, 8.25], "texture": "#0"},
				"south": {"uv": [3.75, 9, 4, 9.25], "texture": "#0"},
				"west": {"uv": [0, 8.25, 1, 8.5], "texture": "#0"},
				"up": {"uv": [2.5, 8.75, 2.25, 7.75], "texture": "#0"},
				"down": {"uv": [1.25, 8.25, 1, 9.25], "texture": "#0"}
			}
		},
		{
			"from": [13, 2, 29],
			"to": [14, 3, 31],
			"faces": {
				"north": {"uv": [4, 9, 4.25, 9.25], "texture": "#0"},
				"east": {"uv": [0, 8.75, 0.5, 9], "texture": "#0"},
				"south": {"uv": [4.25, 9, 4.5, 9.25], "texture": "#0"},
				"west": {"uv": [0.5, 8.75, 1, 9], "texture": "#0"},
				"up": {"uv": [5.25, 7.5, 5, 7], "texture": "#0"},
				"down": {"uv": [2, 8.75, 1.75, 9.25], "texture": "#0"}
			}
		},
		{
			"from": [3, 2, 29],
			"to": [4, 3, 31],
			"faces": {
				"north": {"uv": [4.5, 9, 4.75, 9.25], "texture": "#0"},
				"east": {"uv": [2, 8.75, 2.5, 9], "texture": "#0"},
				"south": {"uv": [4.75, 9, 5, 9.25], "texture": "#0"},
				"west": {"uv": [8.75, 2.5, 9.25, 2.75], "texture": "#0"},
				"up": {"uv": [3.5, 9.25, 3.25, 8.75], "texture": "#0"},
				"down": {"uv": [3.75, 8.75, 3.5, 9.25], "texture": "#0"}
			}
		},
		{
			"from": [2, 2, 25],
			"to": [3, 3, 29],
			"faces": {
				"north": {"uv": [5, 9, 5.25, 9.25], "texture": "#0"},
				"east": {"uv": [8.25, 2, 9.25, 2.25], "texture": "#0"},
				"south": {"uv": [5.25, 9, 5.5, 9.25], "texture": "#0"},
				"west": {"uv": [8.25, 2.25, 9.25, 2.5], "texture": "#0"},
				"up": {"uv": [1.5, 9.25, 1.25, 8.25], "texture": "#0"},
				"down": {"uv": [1.75, 8.25, 1.5, 9.25], "texture": "#0"}
			}
		},
		{
			"from": [2, 2, 13],
			"to": [3, 3, 14],
			"faces": {
				"north": {"uv": [5.5, 9, 5.75, 9.25], "texture": "#0"},
				"east": {"uv": [5.75, 9, 6, 9.25], "texture": "#0"},
				"south": {"uv": [6, 9, 6.25, 9.25], "texture": "#0"},
				"west": {"uv": [6.25, 9, 6.5, 9.25], "texture": "#0"},
				"up": {"uv": [6.75, 9.25, 6.5, 9], "texture": "#0"},
				"down": {"uv": [7, 9, 6.75, 9.25], "texture": "#0"}
			}
		},
		{
			"from": [14, 2, 13],
			"to": [15, 3, 14],
			"faces": {
				"north": {"uv": [7, 9, 7.25, 9.25], "texture": "#0"},
				"east": {"uv": [7.25, 9, 7.5, 9.25], "texture": "#0"},
				"south": {"uv": [7.5, 9, 7.75, 9.25], "texture": "#0"},
				"west": {"uv": [9, 7.5, 9.25, 7.75], "texture": "#0"},
				"up": {"uv": [8, 9.25, 7.75, 9], "texture": "#0"},
				"down": {"uv": [9.25, 7.75, 9, 8], "texture": "#0"}
			}
		},
		{
			"from": [12, 1, 13],
			"to": [14, 2, 15],
			"faces": {
				"north": {"uv": [8.75, 2.75, 9.25, 3], "texture": "#0"},
				"east": {"uv": [3.75, 8.75, 4.25, 9], "texture": "#0"},
				"south": {"uv": [4.25, 8.75, 4.75, 9], "texture": "#0"},
				"west": {"uv": [4.75, 8.75, 5.25, 9], "texture": "#0"},
				"up": {"uv": [8.75, 3, 8.25, 2.5], "texture": "#0"},
				"down": {"uv": [3.75, 8.25, 3.25, 8.75], "texture": "#0"}
			}
		},
		{
			"from": [3, 2, 12],
			"to": [4, 3, 13],
			"faces": {
				"north": {"uv": [8, 9, 8.25, 9.25], "texture": "#0"},
				"east": {"uv": [9, 8, 9.25, 8.25], "texture": "#0"},
				"south": {"uv": [8.25, 9, 8.5, 9.25], "texture": "#0"},
				"west": {"uv": [9, 8.25, 9.25, 8.5], "texture": "#0"},
				"up": {"uv": [8.75, 9.25, 8.5, 9], "texture": "#0"},
				"down": {"uv": [9.25, 8.5, 9, 8.75], "texture": "#0"}
			}
		},
		{
			"from": [4, 2, 30],
			"to": [5, 3, 31],
			"faces": {
				"north": {"uv": [8.75, 9, 9, 9.25], "texture": "#0"},
				"east": {"uv": [9, 8.75, 9.25, 9], "texture": "#0"},
				"south": {"uv": [9, 9, 9.25, 9.25], "texture": "#0"},
				"west": {"uv": [0, 9.25, 0.25, 9.5], "texture": "#0"},
				"up": {"uv": [0.5, 9.5, 0.25, 9.25], "texture": "#0"},
				"down": {"uv": [0.75, 9.25, 0.5, 9.5], "texture": "#0"}
			}
		},
		{
			"from": [13, 2, 12],
			"to": [14, 3, 13],
			"faces": {
				"north": {"uv": [0.75, 9.25, 1, 9.5], "texture": "#0"},
				"east": {"uv": [1, 9.25, 1.25, 9.5], "texture": "#0"},
				"south": {"uv": [1.25, 9.25, 1.5, 9.5], "texture": "#0"},
				"west": {"uv": [1.5, 9.25, 1.75, 9.5], "texture": "#0"},
				"up": {"uv": [9.5, 1.75, 9.25, 1.5], "texture": "#0"},
				"down": {"uv": [2, 9.25, 1.75, 9.5], "texture": "#0"}
			}
		},
		{
			"from": [12, 2, 30],
			"to": [13, 3, 31],
			"faces": {
				"north": {"uv": [9.25, 1.75, 9.5, 2], "texture": "#0"},
				"east": {"uv": [2, 9.25, 2.25, 9.5], "texture": "#0"},
				"south": {"uv": [9.25, 2, 9.5, 2.25], "texture": "#0"},
				"west": {"uv": [2.25, 9.25, 2.5, 9.5], "texture": "#0"},
				"up": {"uv": [9.5, 2.5, 9.25, 2.25], "texture": "#0"},
				"down": {"uv": [9.5, 2.5, 9.25, 2.75], "texture": "#0"}
			}
		},
		{
			"from": [3, 1, 13],
			"to": [5, 2, 15],
			"faces": {
				"north": {"uv": [5.25, 8.75, 5.75, 9], "texture": "#0"},
				"east": {"uv": [5.75, 8.75, 6.25, 9], "texture": "#0"},
				"south": {"uv": [6.25, 8.75, 6.75, 9], "texture": "#0"},
				"west": {"uv": [6.75, 8.75, 7.25, 9], "texture": "#0"},
				"up": {"uv": [4.25, 8.75, 3.75, 8.25], "texture": "#0"},
				"down": {"uv": [4.75, 8.25, 4.25, 8.75], "texture": "#0"}
			}
		}
	],
	"display": {
		"thirdperson_righthand": {
			"rotation": [-93, 0, 0],
			"translation": [-0.5, 8.25, -7.5]
		},
		"thirdperson_lefthand": {
			"rotation": [-93, 0, 0],
			"translation": [0.5, 8.25, -7.5]
		},
		"firstperson_righthand": {
			"rotation": [-50, 0, 0]
		},
		"firstperson_lefthand": {
			"rotation": [-50, 0, 0]
		},
		"ground": {
			"translation": [0, 5.75, 0]
		},
		"gui": {
			"rotation": [89, 137, 0],
			"scale": [0.5, 0.5, 0.5]
		},
		"head": {
			"rotation": [20, 0, 0],
			"translation": [0, 9.25, -25.75]
		},
		"fixed": {
			"rotation": [-93, 27.5, 0],
			"translation": [0, 0, -9.5]
		}
	},
	"groups": [
		{
			"name": "group",
			"origin": [8, 8, 8],
			"color": 0,
			"children": [0, 1, 2, 3, 4, 5, 6, 7, 8, 9, 10, 11, 12, 13, 14, 15, 16, 17, 18, 19, 20, 21, 22, 23, 24, 25, 26, 27, 28]
		}
	]
}