{
	"credit": "Made with Blockbench",
	"textures": {
		"0": "item/busted_blade",
		"particle": "item/busted_blade"
	},
	"elements": [
		{
			"name": "busted_blade_0",
			"from": [9.59677, 11.56452, 8],
			"to": [14.59677, 16.56452, 9],
			"rotation": {"angle": 0, "axis": "x", "origin": [0.5, 2, 8.5]},
			"faces": {
				"north": {"uv": [13.03704, 2.96296, 16, 0], "rotation": 180, "texture": "#0"},
				"east": {"uv": [15.40741, 0, 16, 2.96296], "texture": "#0"},
				"south": {"uv": [13.03704, 0, 16, 2.96296], "texture": "#0"},
				"west": {"uv": [13.03704, 0, 13.62963, 2.96296], "texture": "#0"},
				"up": {"uv": [16, 0, 13.03704, 0.59259], "rotation": 180, "texture": "#0"},
				"down": {"uv": [13.03704, 2.37037, 16, 2.96296], "texture": "#0"}
			}
		},
		{
			"name": "busted_blade_1",
			"from": [8.59677, 6.56452, 8],
			"to": [9.59677, 15.56452, 9],
			"rotation": {"angle": 0, "axis": "x", "origin": [0.5, 2, 8.5]},
			"faces": {
				"north": {"uv": [12.44444, 5.92593, 13.03704, 0.59259], "rotation": 180, "texture": "#0"},
				"east": {"uv": [12.44444, 0.59259, 13.03704, 5.92593], "texture": "#0"},
				"south": {"uv": [12.44444, 0.59259, 13.03704, 5.92593], "texture": "#0"},
				"west": {"uv": [12.44444, 0.59259, 13.03704, 5.92593], "texture": "#0"},
				"up": {"uv": [13.03704, 0.59259, 12.44444, 1.18519], "rotation": 180, "texture": "#0"},
				"down": {"uv": [12.44444, 5.33333, 13.03704, 5.92593], "texture": "#0"}
			}
		},
		{
			"name": "busted_blade_2",
			"from": [7.59677, 5.56452, 8],
			"to": [8.59677, 14.56452, 9],
			"rotation": {"angle": 0, "axis": "x", "origin": [0.5, 2, 8.5]},
			"faces": {
				"north": {"uv": [11.85185, 6.51852, 12.44444, 1.18519], "rotation": 180, "texture": "#0"},
				"east": {"uv": [11.85185, 1.18519, 12.44444, 6.51852], "texture": "#0"},
				"south": {"uv": [11.85185, 1.18519, 12.44444, 6.51852], "texture": "#0"},
				"west": {"uv": [11.85185, 1.18519, 12.44444, 6.51852], "texture": "#0"},
				"up": {"uv": [12.44444, 1.18519, 11.85185, 1.77778], "rotation": 180, "texture": "#0"},
				"down": {"uv": [11.85185, 5.92593, 12.44444, 6.51852], "texture": "#0"}
			}
		},
		{
			"name": "busted_blade_3",
			"from": [6.59677, 4.56452, 8],
			"to": [7.59677, 13.56452, 9],
			"rotation": {"angle": 0, "axis": "x", "origin": [0.5, 2, 8.5]},
			"faces": {
				"north": {"uv": [11.25926, 7.11111, 11.85185, 1.77778], "rotation": 180, "texture": "#0"},
				"east": {"uv": [11.25926, 1.77778, 11.85185, 7.11111], "texture": "#0"},
				"south": {"uv": [11.25926, 1.77778, 11.85185, 7.11111], "texture": "#0"},
				"west": {"uv": [11.25926, 1.77778, 11.85185, 7.11111], "texture": "#0"},
				"up": {"uv": [11.85185, 1.77778, 11.25926, 2.37037], "rotation": 180, "texture": "#0"},
				"down": {"uv": [11.25926, 6.51852, 11.85185, 7.11111], "texture": "#0"}
			}
		},
		{
			"name": "busted_blade_4",
			"from": [5.59677, 3.56452, 8],
			"to": [6.59677, 12.56452, 9],
			"rotation": {"angle": 0, "axis": "x", "origin": [0.5, 2, 8.5]},
			"faces": {
				"north": {"uv": [10.66667, 7.7037, 11.25926, 2.37037], "rotation": 180, "texture": "#0"},
				"east": {"uv": [10.66667, 2.37037, 11.25926, 7.7037], "texture": "#0"},
				"south": {"uv": [10.66667, 2.37037, 11.25926, 7.7037], "texture": "#0"},
				"west": {"uv": [10.66667, 2.37037, 11.25926, 7.7037], "texture": "#0"},
				"up": {"uv": [11.25926, 2.37037, 10.66667, 2.96296], "rotation": 180, "texture": "#0"},
				"down": {"uv": [10.66667, 7.11111, 11.25926, 7.7037], "texture": "#0"}
			}
		},
		{
			"name": "busted_blade_5",
			"from": [4.59677, 2.56452, 8],
			"to": [5.59677, 11.56452, 9],
			"rotation": {"angle": 0, "axis": "x", "origin": [0.5, 2, 8.5]},
			"faces": {
				"north": {"uv": [10.07407, 8.2963, 10.66667, 2.96296], "rotation": 180, "texture": "#0"},
				"east": {"uv": [10.07407, 2.96296, 10.66667, 8.2963], "texture": "#0"},
				"south": {"uv": [10.07407, 2.96296, 10.66667, 8.2963], "texture": "#0"},
				"west": {"uv": [10.07407, 2.96296, 10.66667, 8.2963], "texture": "#0"},
				"up": {"uv": [10.66667, 2.96296, 10.07407, 3.55556], "rotation": 180, "texture": "#0"},
				"down": {"uv": [10.07407, 7.7037, 10.66667, 8.2963], "texture": "#0"}
			}
		},
		{
			"name": "busted_blade_6",
			"from": [9.59677, 9.56452, 8],
			"to": [12.59677, 11.56452, 9],
			"rotation": {"angle": 0, "axis": "x", "origin": [0.5, 2, 8.5]},
			"faces": {
				"north": {"uv": [13.03704, 4.14815, 14.81481, 2.96296], "rotation": 180, "texture": "#0"},
				"east": {"uv": [14.22222, 2.96296, 14.81481, 4.14815], "texture": "#0"},
				"south": {"uv": [13.03704, 2.96296, 14.81481, 4.14815], "texture": "#0"},
				"west": {"uv": [13.03704, 2.96296, 13.62963, 4.14815], "texture": "#0"},
				"up": {"uv": [14.81481, 2.96296, 13.03704, 3.55556], "rotation": 180, "texture": "#0"},
				"down": {"uv": [13.03704, 3.55556, 14.81481, 4.14815], "texture": "#0"}
			}
		},
		{
			"name": "busted_blade_7",
			"from": [12.59677, 10.56452, 8],
			"to": [13.59677, 11.56452, 9],
			"rotation": {"angle": 0, "axis": "x", "origin": [0.5, 2, 8.5]},
			"faces": {
				"north": {"uv": [14.81481, 3.55556, 15.40741, 2.96296], "rotation": 180, "texture": "#0"},
				"east": {"uv": [14.81481, 2.96296, 15.40741, 3.55556], "texture": "#0"},
				"south": {"uv": [14.81481, 2.96296, 15.40741, 3.55556], "texture": "#0"},
				"west": {"uv": [14.81481, 2.96296, 15.40741, 3.55556], "texture": "#0"},
				"up": {"uv": [15.40741, 2.96296, 14.81481, 3.55556], "rotation": 180, "texture": "#0"},
				"down": {"uv": [14.81481, 2.96296, 15.40741, 3.55556], "texture": "#0"}
			}
		},
		{
			"name": "busted_blade_8",
			"from": [3.59677, 0.56452, 8],
			"to": [4.59677, 10.56452, 9],
			"rotation": {"angle": 0, "axis": "x", "origin": [0.5, 2, 8.5]},
			"faces": {
				"north": {"uv": [9.48148, 9.48148, 10.07407, 3.55556], "rotation": 180, "texture": "#0"},
				"east": {"uv": [9.48148, 3.55556, 10.07407, 9.48148], "texture": "#0"},
				"south": {"uv": [9.48148, 3.55556, 10.07407, 9.48148], "texture": "#0"},
				"west": {"uv": [9.48148, 3.55556, 10.07407, 9.48148], "texture": "#0"},
				"up": {"uv": [10.07407, 3.55556, 9.48148, 4.14815], "rotation": 180, "texture": "#0"},
				"down": {"uv": [9.48148, 8.88889, 10.07407, 9.48148], "texture": "#0"}
			}
		},
		{
			"name": "busted_blade_9",
			"from": [2.59677, -0.43548, 8],
			"to": [3.59677, 9.56452, 9],
			"rotation": {"angle": 0, "axis": "x", "origin": [0.5, 2, 8.5]},
			"faces": {
				"north": {"uv": [8.88889, 10.07407, 9.48148, 4.14815], "rotation": 180, "texture": "#0"},
				"east": {"uv": [8.88889, 4.14815, 9.48148, 10.07407], "texture": "#0"},
				"south": {"uv": [8.88889, 4.14815, 9.48148, 10.07407], "texture": "#0"},
				"west": {"uv": [8.88889, 4.14815, 9.48148, 10.07407], "texture": "#0"},
				"up": {"uv": [9.48148, 4.14815, 8.88889, 4.74074], "rotation": 180, "texture": "#0"},
				"down": {"uv": [8.88889, 9.48148, 9.48148, 10.07407], "texture": "#0"}
			}
		},
		{
			"name": "busted_blade_10",
			"from": [9.59677, 8.56452, 8],
			"to": [11.59677, 9.56452, 9],
			"rotation": {"angle": 0, "axis": "x", "origin": [0.5, 2, 8.5]},
			"faces": {
				"north": {"uv": [13.03704, 4.74074, 14.22222, 4.14815], "rotation": 180, "texture": "#0"},
				"east": {"uv": [13.62963, 4.14815, 14.22222, 4.74074], "texture": "#0"},
				"south": {"uv": [13.03704, 4.14815, 14.22222, 4.74074], "texture": "#0"},
				"west": {"uv": [13.03704, 4.14815, 13.62963, 4.74074], "texture": "#0"},
				"up": {"uv": [14.22222, 4.14815, 13.03704, 4.74074], "rotation": 180, "texture": "#0"},
				"down": {"uv": [13.03704, 4.14815, 14.22222, 4.74074], "texture": "#0"}
			}
		},
		{
			"name": "busted_blade_11",
			"from": [1.59677, -1.43548, 8],
			"to": [2.59677, 8.56452, 9],
			"rotation": {"angle": 0, "axis": "x", "origin": [0.5, 2, 8.5]},
			"faces": {
				"north": {"uv": [8.2963, 10.66667, 8.88889, 4.74074], "rotation": 180, "texture": "#0"},
				"east": {"uv": [8.2963, 4.74074, 8.88889, 10.66667], "texture": "#0"},
				"south": {"uv": [8.2963, 4.74074, 8.88889, 10.66667], "texture": "#0"},
				"west": {"uv": [8.2963, 4.74074, 8.88889, 10.66667], "texture": "#0"},
				"up": {"uv": [8.88889, 4.74074, 8.2963, 5.33333], "rotation": 180, "texture": "#0"},
				"down": {"uv": [8.2963, 10.07407, 8.88889, 10.66667], "texture": "#0"}
			}
		},
		{
			"name": "busted_blade_12",
			"from": [9.59677, 7.56452, 8],
			"to": [10.59677, 8.56452, 9],
			"rotation": {"angle": 0, "axis": "x", "origin": [0.5, 2, 8.5]},
			"faces": {
				"north": {"uv": [13.03704, 5.33333, 13.62963, 4.74074], "rotation": 180, "texture": "#0"},
				"east": {"uv": [13.03704, 4.74074, 13.62963, 5.33333], "texture": "#0"},
				"south": {"uv": [13.03704, 4.74074, 13.62963, 5.33333], "texture": "#0"},
				"west": {"uv": [13.03704, 4.74074, 13.62963, 5.33333], "texture": "#0"},
				"up": {"uv": [13.62963, 4.74074, 13.03704, 5.33333], "rotation": 180, "texture": "#0"},
				"down": {"uv": [13.03704, 4.74074, 13.62963, 5.33333], "texture": "#0"}
			}
		},
		{
			"name": "busted_blade_13",
			"from": [0.59677, -2.43548, 8],
			"to": [1.59677, 7.56452, 9],
			"rotation": {"angle": 0, "axis": "x", "origin": [0.5, 2, 8.5]},
			"faces": {
				"north": {"uv": [7.7037, 11.25926, 8.2963, 5.33333], "rotation": 180, "texture": "#0"},
				"east": {"uv": [7.7037, 5.33333, 8.2963, 11.25926], "texture": "#0"},
				"south": {"uv": [7.7037, 5.33333, 8.2963, 11.25926], "texture": "#0"},
				"west": {"uv": [7.7037, 5.33333, 8.2963, 11.25926], "texture": "#0"},
				"up": {"uv": [8.2963, 5.33333, 7.7037, 5.92593], "rotation": 180, "texture": "#0"},
				"down": {"uv": [7.7037, 10.66667, 8.2963, 11.25926], "texture": "#0"}
			}
		},
		{
			"name": "busted_blade_14",
			"from": [-1.40323, -3.43548, 8],
			"to": [0.59677, 6.56452, 9],
			"rotation": {"angle": 0, "axis": "x", "origin": [0.5, 2, 8.5]},
			"faces": {
				"north": {"uv": [6.51852, 11.85185, 7.7037, 5.92593], "rotation": 180, "texture": "#0"},
				"east": {"uv": [7.11111, 5.92593, 7.7037, 11.85185], "texture": "#0"},
				"south": {"uv": [6.51852, 5.92593, 7.7037, 11.85185], "texture": "#0"},
				"west": {"uv": [6.51852, 5.92593, 7.11111, 11.85185], "texture": "#0"},
				"up": {"uv": [7.7037, 5.92593, 6.51852, 6.51852], "rotation": 180, "texture": "#0"},
				"down": {"uv": [6.51852, 11.25926, 7.7037, 11.85185], "texture": "#0"}
			}
		},
		{
			"name": "busted_blade_15",
			"from": [-2.40323, -6.43548, 8],
			"to": [-1.40323, 5.56452, 9],
			"rotation": {"angle": 0, "axis": "x", "origin": [0.5, 2, 8.5]},
			"faces": {
				"north": {"uv": [5.92593, 13.62963, 6.51852, 6.51852], "rotation": 180, "texture": "#0"},
				"east": {"uv": [5.92593, 6.51852, 6.51852, 13.62963], "texture": "#0"},
				"south": {"uv": [5.92593, 6.51852, 6.51852, 13.62963], "texture": "#0"},
				"west": {"uv": [5.92593, 6.51852, 6.51852, 13.62963], "texture": "#0"},
				"up": {"uv": [6.51852, 6.51852, 5.92593, 7.11111], "rotation": 180, "texture": "#0"},
				"down": {"uv": [5.92593, 13.03704, 6.51852, 13.62963], "texture": "#0"}
			}
		},
		{
			"name": "busted_blade_16",
			"from": [-8.40323, -0.43548, 8],
			"to": [-6.40323, 4.56452, 9],
			"rotation": {"angle": 0, "axis": "x", "origin": [0.5, 2, 8.5]},
			"faces": {
				"north": {"uv": [2.37037, 10.07407, 3.55556, 7.11111], "rotation": 180, "texture": "#0"},
				"east": {"uv": [2.96296, 7.11111, 3.55556, 10.07407], "texture": "#0"},
				"south": {"uv": [2.37037, 7.11111, 3.55556, 10.07407], "texture": "#0"},
				"west": {"uv": [2.37037, 7.11111, 2.96296, 10.07407], "texture": "#0"},
				"up": {"uv": [3.55556, 7.11111, 2.37037, 7.7037], "rotation": 180, "texture": "#0"},
				"down": {"uv": [2.37037, 9.48148, 3.55556, 10.07407], "texture": "#0"}
			}
		},
		{
			"name": "busted_blade_17",
			"from": [-3.40323, -5.43548, 8],
			"to": [-2.40323, 4.56452, 9],
			"rotation": {"angle": 0, "axis": "x", "origin": [0.5, 2, 8.5]},
			"faces": {
				"north": {"uv": [5.33333, 13.03704, 5.92593, 7.11111], "rotation": 180, "texture": "#0"},
				"east": {"uv": [5.33333, 7.11111, 5.92593, 13.03704], "texture": "#0"},
				"south": {"uv": [5.33333, 7.11111, 5.92593, 13.03704], "texture": "#0"},
				"west": {"uv": [5.33333, 7.11111, 5.92593, 13.03704], "texture": "#0"},
				"up": {"uv": [5.92593, 7.11111, 5.33333, 7.7037], "rotation": 180, "texture": "#0"},
				"down": {"uv": [5.33333, 12.44444, 5.92593, 13.03704], "texture": "#0"}
			}
		},
		{
			"name": "busted_blade_18",
			"from": [-9.40323, 1.56452, 8],
			"to": [-8.40323, 3.56452, 9],
			"rotation": {"angle": 0, "axis": "x", "origin": [0.5, 2, 8.5]},
			"faces": {
				"north": {"uv": [1.77778, 8.88889, 2.37037, 7.7037], "rotation": 180, "texture": "#0"},
				"east": {"uv": [1.77778, 7.7037, 2.37037, 8.88889], "texture": "#0"},
				"south": {"uv": [1.77778, 7.7037, 2.37037, 8.88889], "texture": "#0"},
				"west": {"uv": [1.77778, 7.7037, 2.37037, 8.88889], "texture": "#0"},
				"up": {"uv": [2.37037, 7.7037, 1.77778, 8.2963], "rotation": 180, "texture": "#0"},
				"down": {"uv": [1.77778, 8.2963, 2.37037, 8.88889], "texture": "#0"}
			}
		},
		{
			"name": "busted_blade_19",
			"from": [-4.40323, -5.43548, 8],
			"to": [-3.40323, 3.56452, 9],
			"rotation": {"angle": 0, "axis": "x", "origin": [0.5, 2, 8.5]},
			"faces": {
				"north": {"uv": [4.74074, 13.03704, 5.33333, 7.7037], "rotation": 180, "texture": "#0"},
				"east": {"uv": [4.74074, 7.7037, 5.33333, 13.03704], "texture": "#0"},
				"south": {"uv": [4.74074, 7.7037, 5.33333, 13.03704], "texture": "#0"},
				"west": {"uv": [4.74074, 7.7037, 5.33333, 13.03704], "texture": "#0"},
				"up": {"uv": [5.33333, 7.7037, 4.74074, 8.2963], "rotation": 180, "texture": "#0"},
				"down": {"uv": [4.74074, 12.44444, 5.33333, 13.03704], "texture": "#0"}
			}
		},
		{
			"name": "busted_blade_20",
			"from": [-5.40323, -4.43548, 8],
			"to": [-4.40323, 2.56452, 9],
			"rotation": {"angle": 0, "axis": "x", "origin": [0.5, 2, 8.5]},
			"faces": {
				"north": {"uv": [4.14815, 12.44444, 4.74074, 8.2963], "rotation": 180, "texture": "#0"},
				"east": {"uv": [4.14815, 8.2963, 4.74074, 12.44444], "texture": "#0"},
				"south": {"uv": [4.14815, 8.2963, 4.74074, 12.44444], "texture": "#0"},
				"west": {"uv": [4.14815, 8.2963, 4.74074, 12.44444], "texture": "#0"},
				"up": {"uv": [4.74074, 8.2963, 4.14815, 8.88889], "rotation": 180, "texture": "#0"},
				"down": {"uv": [4.14815, 11.85185, 4.74074, 12.44444], "texture": "#0"}
			}
		},
		{
			"name": "busted_blade_21",
			"from": [-6.40323, -5.43548, 8],
			"to": [-5.40323, 1.56452, 9],
			"rotation": {"angle": 0, "axis": "x", "origin": [0.5, 2, 8.5]},
			"faces": {
				"north": {"uv": [3.55556, 13.03704, 4.14815, 8.88889], "rotation": 180, "texture": "#0"},
				"east": {"uv": [3.55556, 8.88889, 4.14815, 13.03704], "texture": "#0"},
				"south": {"uv": [3.55556, 8.88889, 4.14815, 13.03704], "texture": "#0"},
				"west": {"uv": [3.55556, 8.88889, 4.14815, 13.03704], "texture": "#0"},
				"up": {"uv": [4.14815, 8.88889, 3.55556, 9.48148], "rotation": 180, "texture": "#0"},
				"down": {"uv": [3.55556, 12.44444, 4.14815, 13.03704], "texture": "#0"}
			}
		},
		{
			"name": "busted_blade_22",
			"from": [-7.40323, -2.43548, 8],
			"to": [-6.40323, -0.43548, 9],
			"rotation": {"angle": 0, "axis": "x", "origin": [0.5, 2, 8.5]},
			"faces": {
				"north": {"uv": [2.96296, 11.25926, 3.55556, 10.07407], "rotation": 180, "texture": "#0"},
				"east": {"uv": [2.96296, 10.07407, 3.55556, 11.25926], "texture": "#0"},
				"south": {"uv": [2.96296, 10.07407, 3.55556, 11.25926], "texture": "#0"},
				"west": {"uv": [2.96296, 10.07407, 3.55556, 11.25926], "texture": "#0"},
				"up": {"uv": [3.55556, 10.07407, 2.96296, 10.66667], "rotation": 180, "texture": "#0"},
				"down": {"uv": [2.96296, 10.66667, 3.55556, 11.25926], "texture": "#0"}
			}
		},
		{
			"name": "busted_blade_23",
			"from": [-7.40323, -6.43548, 8],
			"to": [-6.40323, -3.43548, 9],
			"rotation": {"angle": 0, "axis": "x", "origin": [0.5, 2, 8.5]},
			"faces": {
				"north": {"uv": [2.96296, 13.62963, 3.55556, 11.85185], "rotation": 180, "texture": "#0"},
				"east": {"uv": [2.96296, 11.85185, 3.55556, 13.62963], "texture": "#0"},
				"south": {"uv": [2.96296, 11.85185, 3.55556, 13.62963], "texture": "#0"},
				"west": {"uv": [2.96296, 11.85185, 3.55556, 13.62963], "texture": "#0"},
				"up": {"uv": [3.55556, 11.85185, 2.96296, 12.44444], "rotation": 180, "texture": "#0"},
				"down": {"uv": [2.96296, 13.03704, 3.55556, 13.62963], "texture": "#0"}
			}
		},
		{
			"name": "busted_blade_24",
			"from": [-1.40323, -6.43548, 8],
			"to": [-0.40323, -3.43548, 9],
			"rotation": {"angle": 0, "axis": "x", "origin": [0.5, 2, 8.5]},
			"faces": {
				"north": {"uv": [6.51852, 13.62963, 7.11111, 11.85185], "rotation": 180, "texture": "#0"},
				"east": {"uv": [6.51852, 11.85185, 7.11111, 13.62963], "texture": "#0"},
				"south": {"uv": [6.51852, 11.85185, 7.11111, 13.62963], "texture": "#0"},
				"west": {"uv": [6.51852, 11.85185, 7.11111, 13.62963], "texture": "#0"},
				"up": {"uv": [7.11111, 11.85185, 6.51852, 12.44444], "rotation": 180, "texture": "#0"},
				"down": {"uv": [6.51852, 13.03704, 7.11111, 13.62963], "texture": "#0"}
			}
		},
		{
			"name": "busted_blade_25",
			"from": [-8.40323, -7.43548, 8],
			"to": [-7.40323, -4.43548, 9],
			"rotation": {"angle": 0, "axis": "x", "origin": [0.5, 2, 8.5]},
			"faces": {
				"north": {"uv": [2.37037, 14.22222, 2.96296, 12.44444], "rotation": 180, "texture": "#0"},
				"east": {"uv": [2.37037, 12.44444, 2.96296, 14.22222], "texture": "#0"},
				"south": {"uv": [2.37037, 12.44444, 2.96296, 14.22222], "texture": "#0"},
				"west": {"uv": [2.37037, 12.44444, 2.96296, 14.22222], "texture": "#0"},
				"up": {"uv": [2.96296, 12.44444, 2.37037, 13.03704], "rotation": 180, "texture": "#0"},
				"down": {"uv": [2.37037, 13.62963, 2.96296, 14.22222], "texture": "#0"}
			}
		},
		{
			"name": "busted_blade_26",
			"from": [-0.40323, -6.43548, 8],
			"to": [2.59677, -4.43548, 9],
			"rotation": {"angle": 0, "axis": "x", "origin": [0.5, 2, 8.5]},
			"faces": {
				"north": {"uv": [7.11111, 13.62963, 8.88889, 12.44444], "rotation": 180, "texture": "#0"},
				"east": {"uv": [8.2963, 12.44444, 8.88889, 13.62963], "texture": "#0"},
				"south": {"uv": [7.11111, 12.44444, 8.88889, 13.62963], "texture": "#0"},
				"west": {"uv": [7.11111, 12.44444, 7.7037, 13.62963], "texture": "#0"},
				"up": {"uv": [8.88889, 12.44444, 7.11111, 13.03704], "rotation": 180, "texture": "#0"},
				"down": {"uv": [7.11111, 13.03704, 8.88889, 13.62963], "texture": "#0"}
			}
		},
		{
			"name": "busted_blade_27",
			"from": [-9.40323, -8.43548, 8],
			"to": [-8.40323, -5.43548, 9],
			"rotation": {"angle": 0, "axis": "x", "origin": [0.5, 2, 8.5]},
			"faces": {
				"north": {"uv": [1.77778, 14.81481, 2.37037, 13.03704], "rotation": 180, "texture": "#0"},
				"east": {"uv": [1.77778, 13.03704, 2.37037, 14.81481], "texture": "#0"},
				"south": {"uv": [1.77778, 13.03704, 2.37037, 14.81481], "texture": "#0"},
				"west": {"uv": [1.77778, 13.03704, 2.37037, 14.81481], "texture": "#0"},
				"up": {"uv": [2.37037, 13.03704, 1.77778, 13.62963], "rotation": 180, "texture": "#0"},
				"down": {"uv": [1.77778, 14.22222, 2.37037, 14.81481], "texture": "#0"}
			}
		},
		{
			"name": "busted_blade_28",
			"from": [-10.40323, -10.43548, 8],
			"to": [-9.40323, -6.43548, 9],
			"rotation": {"angle": 0, "axis": "x", "origin": [0.5, 2, 8.5]},
			"faces": {
				"north": {"uv": [1.18519, 16, 1.77778, 13.62963], "rotation": 180, "texture": "#0"},
				"east": {"uv": [1.18519, 13.62963, 1.77778, 16], "texture": "#0"},
				"south": {"uv": [1.18519, 13.62963, 1.77778, 16], "texture": "#0"},
				"west": {"uv": [1.18519, 13.62963, 1.77778, 16], "texture": "#0"},
				"up": {"uv": [1.77778, 13.62963, 1.18519, 14.22222], "rotation": 180, "texture": "#0"},
				"down": {"uv": [1.18519, 15.40741, 1.77778, 16], "texture": "#0"}
			}
		},
		{
			"name": "busted_blade_29",
			"from": [-0.40323, -7.43548, 8],
			"to": [1.59677, -6.43548, 9],
			"rotation": {"angle": 0, "axis": "x", "origin": [0.5, 2, 8.5]},
			"faces": {
				"north": {"uv": [7.11111, 14.22222, 8.2963, 13.62963], "rotation": 180, "texture": "#0"},
				"east": {"uv": [7.7037, 13.62963, 8.2963, 14.22222], "texture": "#0"},
				"south": {"uv": [7.11111, 13.62963, 8.2963, 14.22222], "texture": "#0"},
				"west": {"uv": [7.11111, 13.62963, 7.7037, 14.22222], "texture": "#0"},
				"up": {"uv": [8.2963, 13.62963, 7.11111, 14.22222], "rotation": 180, "texture": "#0"},
				"down": {"uv": [7.11111, 13.62963, 8.2963, 14.22222], "texture": "#0"}
			}
		},
		{
			"name": "busted_blade_30",
			"from": [-12.40323, -10.43548, 8],
			"to": [-10.40323, -7.43548, 9],
			"rotation": {"angle": 0, "axis": "x", "origin": [0.5, 2, 8.5]},
			"faces": {
				"north": {"uv": [0, 16, 1.18519, 14.22222], "rotation": 180, "texture": "#0"},
				"east": {"uv": [0.59259, 14.22222, 1.18519, 16], "texture": "#0"},
				"south": {"uv": [0, 14.22222, 1.18519, 16], "texture": "#0"},
				"west": {"uv": [0, 14.22222, 0.59259, 16], "texture": "#0"},
				"up": {"uv": [1.18519, 14.22222, 0, 14.81481], "rotation": 180, "texture": "#0"},
				"down": {"uv": [0, 15.40741, 1.18519, 16], "texture": "#0"}
			}
		}
	],
	"display": {
		"thirdperson_righthand": {
			"rotation": [0, -90, 55],
			"translation": [0, 16, -1.25],
			"scale": [0.85, 0.85, 0.85]
		},
		"thirdperson_lefthand": {
			"rotation": [0, 90, -55],
			"translation": [0, 16, -1.25],
			"scale": [0.85, 0.85, 0.85]
		},
		"firstperson_righthand": {
			"rotation": [-16.75, -90, 25],
			"translation": [1.13, 9.2, 2.38],
			"scale": [0.68, 0.68, 0.68]
		},
		"firstperson_lefthand": {
			"rotation": [-16.75, 90, -25],
			"translation": [1.13, 9.2, 2.38],
			"scale": [0.68, 0.68, 0.68]
		},
		"ground": {
			"rotation": [-180, 0, 45],
			"translation": [1.25, 8, 0.75]
		},
		"gui": {
			"translation": [4.25, 3, 0],
			"scale": [0.6, 0.6, 0.6]
		},
		"head": {
			"rotation": [6, 4.5, -56.25],
			"translation": [2.75, 3, 0]
		},
		"fixed": {
			"rotation": [86, -11.5, 51.75],
			"translation": [2.5, 0, 6.25],
			"scale": [1.89, 1.88, 1.89]
		}
	},
	"groups": [
		{
			"name": "busted_blade",
			"origin": [8, 8, 8],
			"color": 0,
			"children": [0, 1, 2, 3, 4, 5, 6, 7, 8, 9, 10, 11, 12, 13, 14, 15, 16, 17, 18, 19, 20, 21, 22, 23, 24, 25, 26, 27, 28, 29, 30]
		}
	]
}