{
	"credit": "Made with Blockbench",
	"texture_size": [32, 32],
	"textures": {
		"1": "block/oak_log",
		"2": "item/camp_foods",
		"particle": "item/camp_foods"
	},
	"elements": [
		{
			"from": [7.75, 0, 7.75],
			"to": [8.25, 13, 8.25],
			"rotation": {"angle": 0, "axis": "y", "origin": [3.5, 0, 7.5]},
			"faces": {
				"north": {"uv": [2, 0, 3, 13], "texture": "#1"},
				"east": {"uv": [3, 0, 4, 13], "texture": "#1"},
				"south": {"uv": [0, 0, 1, 13], "texture": "#1"},
				"west": {"uv": [1, 0, 2, 13], "texture": "#1"},
				"up": {"uv": [0, 0, 1, 1], "texture": "#1"},
				"down": {"uv": [0, 0, 1, 1], "texture": "#1"}
			}
		},
		{
			"from": [8.001, 7.151, 7.751],
			"to": [8.499, 13.149, 8.249],
			"rotation": {"angle": -22.5, "axis": "z", "origin": [9, 8, 8]},
			"faces": {
				"north": {"uv": [4, 0, 5, 12], "texture": "#1"},
				"east": {"uv": [5, 0, 6, 12], "texture": "#1"},
				"south": {"uv": [6, 0, 7, 12], "texture": "#1"},
				"west": {"uv": [7, 0, 8, 12], "texture": "#1"},
				"up": {"uv": [4, 0, 5, 1], "texture": "#1"}
			}
		},
		{
			"from": [8.001, 8.451, 7.751],
			"to": [8.499, 14.449, 8.249],
			"rotation": {"angle": 22.5, "axis": "z", "origin": [7, 8, 8]},
			"faces": {
				"north": {"uv": [8, 0, 9, 12], "texture": "#1"},
				"east": {"uv": [10, 0, 11, 12], "texture": "#1"},
				"south": {"uv": [11, 0, 12, 12], "texture": "#1"},
				"west": {"uv": [9, 0, 10, 12], "texture": "#1"},
				"up": {"uv": [8, 0, 9, 1], "texture": "#1"}
			}
		},
		{
			"from": [9.3697, 10.99554, 7.2],
			"to": [10.5697, 12.74554, 8.8],
			"rotation": {"angle": -22.5, "axis": "z", "origin": [9.6197, 12.37054, 7.45]},
			"faces": {
				"north": {"uv": [0, 0, 1.5, 2], "texture": "#2"},
				"east": {"uv": [3, 0, 5, 2], "texture": "#2"},
				"south": {"uv": [0, 0, 1.5, 2], "texture": "#2"},
				"west": {"uv": [3, 0, 5, 2], "texture": "#2"},
				"up": {"uv": [1.5, 0, 3, 1.5], "rotation": 90, "texture": "#2"},
				"down": {"uv": [5, 0, 6.5, 1.5], "rotation": 90, "texture": "#2"}
			}
		},
		{
			"from": [8.95172, 10.89966, 7.4],
			"to": [10.55172, 12.64966, 8.6],
			"rotation": {"angle": -22.5, "axis": "z", "origin": [9.75172, 11.77466, 8]},
			"faces": {
				"north": {"uv": [3, 0, 5, 2], "texture": "#2"},
				"east": {"uv": [0, 0, 1.5, 2], "texture": "#2"},
				"south": {"uv": [3, 0, 5, 2], "texture": "#2"},
				"west": {"uv": [0, 0, 1.5, 2], "texture": "#2"},
				"up": {"uv": [1.5, 0, 3, 1.5], "rotation": 180, "texture": "#2"},
				"down": {"uv": [5, 0, 6.5, 1.5], "rotation": 90, "texture": "#2"}
			}
		},
		{
			"from": [5.9303, 12.24554, 7.2],
			"to": [7.1303, 13.99554, 8.8],
			"rotation": {"angle": 22.5, "axis": "z", "origin": [6.3803, 12.37054, 7.45]},
			"faces": {
				"north": {"uv": [1.5, 0, 0, 2], "texture": "#2"},
				"east": {"uv": [5, 0, 3, 2], "texture": "#2"},
				"south": {"uv": [1.5, 0, 0, 2], "texture": "#2"},
				"west": {"uv": [5, 0, 3, 2], "texture": "#2"},
				"up": {"uv": [1.5, 1.5, 3, 0], "rotation": 90, "texture": "#2"},
				"down": {"uv": [5, 1.5, 6.5, 0], "rotation": 90, "texture": "#2"}
			}
		},
		{
			"from": [5.94828, 12.14966, 7.4],
			"to": [7.54828, 13.89966, 8.6],
			"rotation": {"angle": 22.5, "axis": "z", "origin": [6.24828, 11.77466, 8]},
			"faces": {
				"north": {"uv": [5, 0, 3, 2], "texture": "#2"},
				"east": {"uv": [1.5, 0, 0, 2], "texture": "#2"},
				"south": {"uv": [5, 0, 3, 2], "texture": "#2"},
				"west": {"uv": [1.5, 0, 0, 2], "texture": "#2"},
				"up": {"uv": [3, 0, 1.5, 1.5], "rotation": 180, "texture": "#2"},
				"down": {"uv": [5, 1.5, 6.5, 0], "rotation": 90, "texture": "#2"}
			}
		},
		{
			"from": [8.001, 11.151, 7.751],
			"to": [8.499, 17.149, 8.249],
			"rotation": {"angle": -22.5, "axis": "z", "origin": [9, 12, 8]},
			"faces": {
				"north": {"uv": [4, 0, 5, 12], "texture": "#1"},
				"east": {"uv": [5, 0, 6, 12], "texture": "#1"},
				"south": {"uv": [6, 0, 7, 12], "texture": "#1"},
				"west": {"uv": [7, 0, 8, 12], "texture": "#1"},
				"up": {"uv": [4, 0, 5, 1], "texture": "#1"}
			}
		},
		{
			"from": [8.001, 12.451, 7.751],
			"to": [8.499, 18.449, 8.249],
			"rotation": {"angle": 22.5, "axis": "z", "origin": [7, 12, 8]},
			"faces": {
				"north": {"uv": [8, 0, 9, 12], "texture": "#1"},
				"east": {"uv": [10, 0, 11, 12], "texture": "#1"},
				"south": {"uv": [11, 0, 12, 12], "texture": "#1"},
				"west": {"uv": [9, 0, 10, 12], "texture": "#1"},
				"up": {"uv": [8, 0, 9, 1], "texture": "#1"}
			}
		},
		{
			"from": [9.3697, 14.99554, 7.2],
			"to": [10.5697, 16.74554, 8.8],
			"rotation": {"angle": -22.5, "axis": "z", "origin": [9.6197, 16.37054, 7.45]},
			"faces": {
				"north": {"uv": [0, 0, 1.5, 2], "texture": "#2"},
				"east": {"uv": [3, 0, 5, 2], "texture": "#2"},
				"south": {"uv": [0, 0, 1.5, 2], "texture": "#2"},
				"west": {"uv": [3, 0, 5, 2], "texture": "#2"},
				"up": {"uv": [1.5, 0, 3, 1.5], "rotation": 90, "texture": "#2"},
				"down": {"uv": [5, 0, 6.5, 1.5], "rotation": 90, "texture": "#2"}
			}
		},
		{
			"from": [8.95172, 14.89966, 7.4],
			"to": [10.55172, 16.64966, 8.6],
			"rotation": {"angle": -22.5, "axis": "z", "origin": [9.75172, 15.77466, 8]},
			"faces": {
				"north": {"uv": [3, 0, 5, 2], "texture": "#2"},
				"east": {"uv": [0, 0, 1.5, 2], "texture": "#2"},
				"south": {"uv": [3, 0, 5, 2], "texture": "#2"},
				"west": {"uv": [0, 0, 1.5, 2], "texture": "#2"},
				"up": {"uv": [1.5, 0, 3, 1.5], "rotation": 180, "texture": "#2"},
				"down": {"uv": [5, 0, 6.5, 1.5], "rotation": 90, "texture": "#2"}
			}
		},
		{
			"from": [5.94828, 16.14966, 7.4],
			"to": [7.54828, 17.89966, 8.6],
			"rotation": {"angle": 22.5, "axis": "z", "origin": [6.24828, 15.77466, 8]},
			"faces": {
				"north": {"uv": [5, 0, 3, 2], "texture": "#2"},
				"east": {"uv": [1.5, 0, 0, 2], "texture": "#2"},
				"south": {"uv": [5, 0, 3, 2], "texture": "#2"},
				"west": {"uv": [1.5, 0, 0, 2], "texture": "#2"},
				"up": {"uv": [3, 0, 1.5, 1.5], "rotation": 180, "texture": "#2"},
				"down": {"uv": [5, 1.5, 6.5, 0], "rotation": 90, "texture": "#2"}
			}
		},
		{
			"from": [5.9303, 16.24554, 7.2],
			"to": [7.1303, 17.99554, 8.8],
			"rotation": {"angle": 22.5, "axis": "z", "origin": [6.3803, 16.37054, 7.45]},
			"faces": {
				"north": {"uv": [1.5, 0, 0, 2], "texture": "#2"},
				"east": {"uv": [5, 0, 3, 2], "texture": "#2"},
				"south": {"uv": [1.5, 0, 0, 2], "texture": "#2"},
				"west": {"uv": [5, 0, 3, 2], "texture": "#2"},
				"up": {"uv": [1.5, 1.5, 3, 0], "rotation": 90, "texture": "#2"},
				"down": {"uv": [5, 1.5, 6.5, 0], "rotation": 90, "texture": "#2"}
			}
		},
		{
			"from": [7.751, 7.151, 8.00921],
			"to": [8.249, 13.149, 8.50721],
			"rotation": {"angle": 22.5, "axis": "x", "origin": [8, 8, 9.00821]},
			"faces": {
				"north": {"uv": [7, 0, 8, 12], "texture": "#1"},
				"east": {"uv": [4, 0, 5, 12], "texture": "#1"},
				"south": {"uv": [5, 0, 6, 12], "texture": "#1"},
				"west": {"uv": [6, 0, 7, 12], "texture": "#1"},
				"up": {"uv": [4, 0, 5, 1], "rotation": 90, "texture": "#1"}
			}
		},
		{
			"from": [7.751, 8.451, 8.00921],
			"to": [8.249, 14.449, 8.50721],
			"rotation": {"angle": -22.5, "axis": "x", "origin": [8, 8, 7.00821]},
			"faces": {
				"north": {"uv": [9, 0, 10, 12], "texture": "#1"},
				"east": {"uv": [8, 0, 9, 12], "texture": "#1"},
				"south": {"uv": [10, 0, 11, 12], "texture": "#1"},
				"west": {"uv": [11, 0, 12, 12], "texture": "#1"},
				"up": {"uv": [8, 0, 9, 1], "rotation": 90, "texture": "#1"}
			}
		},
		{
			"from": [7.2, 10.99554, 9.37791],
			"to": [8.8, 12.74554, 10.57791],
			"rotation": {"angle": 22.5, "axis": "x", "origin": [8.55, 12.37054, 9.62791]},
			"faces": {
				"north": {"uv": [3, 0, 5, 2], "texture": "#2"},
				"east": {"uv": [0, 0, 1.5, 2], "texture": "#2"},
				"south": {"uv": [3, 0, 5, 2], "texture": "#2"},
				"west": {"uv": [0, 0, 1.5, 2], "texture": "#2"},
				"up": {"uv": [1.5, 0, 3, 1.5], "rotation": 180, "texture": "#2"},
				"down": {"uv": [5, 0, 6.5, 1.5], "texture": "#2"}
			}
		},
		{
			"from": [7.4, 10.89966, 8.95992],
			"to": [8.6, 12.64966, 10.55992],
			"rotation": {"angle": 22.5, "axis": "x", "origin": [8, 11.77466, 9.75992]},
			"faces": {
				"north": {"uv": [0, 0, 1.5, 2], "texture": "#2"},
				"east": {"uv": [3, 0, 5, 2], "texture": "#2"},
				"south": {"uv": [0, 0, 1.5, 2], "texture": "#2"},
				"west": {"uv": [3, 0, 5, 2], "texture": "#2"},
				"up": {"uv": [1.5, 0, 3, 1.5], "rotation": 270, "texture": "#2"},
				"down": {"uv": [5, 0, 6.5, 1.5], "texture": "#2"}
			}
		},
		{
			"from": [7.4, 12.14966, 5.95649],
			"to": [8.6, 13.89966, 7.55649],
			"rotation": {"angle": -22.5, "axis": "x", "origin": [8, 11.77466, 6.25649]},
			"faces": {
				"north": {"uv": [1.5, 0, 0, 2], "texture": "#2"},
				"east": {"uv": [5, 0, 3, 2], "texture": "#2"},
				"south": {"uv": [1.5, 0, 0, 2], "texture": "#2"},
				"west": {"uv": [5, 0, 3, 2], "texture": "#2"},
				"up": {"uv": [3, 0, 1.5, 1.5], "rotation": 270, "texture": "#2"},
				"down": {"uv": [5, 1.5, 6.5, 0], "texture": "#2"}
			}
		},
		{
			"from": [7.2, 12.24554, 5.93851],
			"to": [8.8, 13.99554, 7.13851],
			"rotation": {"angle": -22.5, "axis": "x", "origin": [8.55, 12.37054, 6.38851]},
			"faces": {
				"north": {"uv": [5, 0, 3, 2], "texture": "#2"},
				"east": {"uv": [1.5, 0, 0, 2], "texture": "#2"},
				"south": {"uv": [5, 0, 3, 2], "texture": "#2"},
				"west": {"uv": [1.5, 0, 0, 2], "texture": "#2"},
				"up": {"uv": [1.5, 1.5, 3, 0], "rotation": 180, "texture": "#2"},
				"down": {"uv": [5, 1.5, 6.5, 0], "texture": "#2"}
			}
		},
		{
			"from": [7.2, 16.24554, 5.93851],
			"to": [8.8, 17.99554, 7.13851],
			"rotation": {"angle": -22.5, "axis": "x", "origin": [8.55, 16.37054, 6.38851]},
			"faces": {
				"north": {"uv": [5, 0, 3, 2], "texture": "#2"},
				"east": {"uv": [1.5, 0, 0, 2], "texture": "#2"},
				"south": {"uv": [5, 0, 3, 2], "texture": "#2"},
				"west": {"uv": [1.5, 0, 0, 2], "texture": "#2"},
				"up": {"uv": [1.5, 1.5, 3, 0], "rotation": 180, "texture": "#2"},
				"down": {"uv": [5, 1.5, 6.5, 0], "texture": "#2"}
			}
		},
		{
			"from": [7.4, 16.14966, 5.95649],
			"to": [8.6, 17.89966, 7.55649],
			"rotation": {"angle": -22.5, "axis": "x", "origin": [8, 15.77466, 6.25649]},
			"faces": {
				"north": {"uv": [1.5, 0, 0, 2], "texture": "#2"},
				"east": {"uv": [5, 0, 3, 2], "texture": "#2"},
				"south": {"uv": [1.5, 0, 0, 2], "texture": "#2"},
				"west": {"uv": [5, 0, 3, 2], "texture": "#2"},
				"up": {"uv": [3, 0, 1.5, 1.5], "rotation": 270, "texture": "#2"},
				"down": {"uv": [5, 1.5, 6.5, 0], "texture": "#2"}
			}
		},
		{
			"from": [7.4, 14.89966, 8.95992],
			"to": [8.6, 16.64966, 10.55992],
			"rotation": {"angle": 22.5, "axis": "x", "origin": [8, 15.77466, 9.75992]},
			"faces": {
				"north": {"uv": [0, 0, 1.5, 2], "texture": "#2"},
				"east": {"uv": [3, 0, 5, 2], "texture": "#2"},
				"south": {"uv": [0, 0, 1.5, 2], "texture": "#2"},
				"west": {"uv": [3, 0, 5, 2], "texture": "#2"},
				"up": {"uv": [1.5, 0, 3, 1.5], "rotation": 270, "texture": "#2"},
				"down": {"uv": [5, 0, 6.5, 1.5], "texture": "#2"}
			}
		},
		{
			"from": [7.2, 14.99554, 9.37791],
			"to": [8.8, 16.74554, 10.57791],
			"rotation": {"angle": 22.5, "axis": "x", "origin": [8.55, 16.37054, 9.62791]},
			"faces": {
				"north": {"uv": [3, 0, 5, 2], "texture": "#2"},
				"east": {"uv": [0, 0, 1.5, 2], "texture": "#2"},
				"south": {"uv": [3, 0, 5, 2], "texture": "#2"},
				"west": {"uv": [0, 0, 1.5, 2], "texture": "#2"},
				"up": {"uv": [1.5, 0, 3, 1.5], "rotation": 180, "texture": "#2"},
				"down": {"uv": [5, 0, 6.5, 1.5], "texture": "#2"}
			}
		},
		{
			"from": [7.751, 12.451, 8.00921],
			"to": [8.249, 18.449, 8.50721],
			"rotation": {"angle": -22.5, "axis": "x", "origin": [8, 12, 7.00821]},
			"faces": {
				"north": {"uv": [9, 0, 10, 12], "texture": "#1"},
				"east": {"uv": [8, 0, 9, 12], "texture": "#1"},
				"south": {"uv": [10, 0, 11, 12], "texture": "#1"},
				"west": {"uv": [11, 0, 12, 12], "texture": "#1"},
				"up": {"uv": [8, 0, 9, 1], "rotation": 90, "texture": "#1"}
			}
		},
		{
			"from": [7.751, 11.151, 8.00921],
			"to": [8.249, 17.149, 8.50721],
			"rotation": {"angle": 22.5, "axis": "x", "origin": [8, 12, 9.00821]},
			"faces": {
				"north": {"uv": [7, 0, 8, 12], "texture": "#1"},
				"east": {"uv": [4, 0, 5, 12], "texture": "#1"},
				"south": {"uv": [5, 0, 6, 12], "texture": "#1"},
				"west": {"uv": [6, 0, 7, 12], "texture": "#1"},
				"up": {"uv": [4, 0, 5, 1], "rotation": 90, "texture": "#1"}
			}
		}
	],
	"display": {
		"thirdperson_righthand": {
			"rotation": [0, -90, 0],
			"translation": [0, 6.75, 0]
		},
		"thirdperson_lefthand": {
			"rotation": [0, -90, 0],
			"translation": [0, 6.75, 0]
		},
		"firstperson_righthand": {
			"rotation": [-45, 0, 0]
		},
		"firstperson_lefthand": {
			"rotation": [-45, 0, 0]
		},
		"ground": {
			"rotation": [-45, 0, 0],
			"translation": [0, 5.5, 0]
		},
		"gui": {
			"rotation": [0, -135, -44],
			"translation": [0.75, -1.5, 0]
		},
		"head": {
			"rotation": [0, 135, 0],
			"translation": [0, 7.75, 0],
			"scale": [1.81, 1.81, 1.81]
		},
		"fixed": {
			"rotation": [0, 0, 38],
			"translation": [1.25, -1.5, -0.5],
			"scale": [1.25, 1.25, 1.25]
		}
	}
}