{
	"credit": "Made with Blockbench",
	"texture_size": [64, 64],
	"textures": {
		"1": "item/toothbrush"
	},
	"elements": [
		{
			"from": [11.5, 5, 29],
			"to": [12.5, 11, 30],
			"faces": {
				"north": {"uv": [8, 9, 8.25, 10.5], "texture": "#1"},
				"east": {"uv": [8.25, 9, 8.5, 10.5], "texture": "#1"},
				"south": {"uv": [8.5, 9, 8.75, 10.5], "texture": "#1"},
				"west": {"uv": [8.75, 9, 9, 10.5], "texture": "#1"},
				"up": {"uv": [9.25, 3.5, 9, 3.25], "texture": "#1"},
				"down": {"uv": [9.25, 3.5, 9, 3.75], "texture": "#1"}
			}
		},
		{
			"from": [9.5, 5, 29],
			"to": [10.5, 11, 30],
			"faces": {
				"north": {"uv": [9, 9, 9.25, 10.5], "texture": "#1"},
				"east": {"uv": [9.25, 9, 9.5, 10.5], "texture": "#1"},
				"south": {"uv": [9.5, 3.25, 9.75, 4.75], "texture": "#1"},
				"west": {"uv": [9.5, 9, 9.75, 10.5], "texture": "#1"},
				"up": {"uv": [9.5, 3.5, 9.25, 3.25], "texture": "#1"},
				"down": {"uv": [9.5, 3.5, 9.25, 3.75], "texture": "#1"}
			}
		},
		{
			"from": [5.5, 5, 29],
			"to": [6.5, 11, 30],
			"faces": {
				"north": {"uv": [9.75, 3.25, 10, 4.75], "texture": "#1"},
				"east": {"uv": [7, 9.75, 7.25, 11.25], "texture": "#1"},
				"south": {"uv": [7.25, 9.75, 7.5, 11.25], "texture": "#1"},
				"west": {"uv": [7.5, 9.75, 7.75, 11.25], "texture": "#1"},
				"up": {"uv": [11, 1.75, 10.75, 1.5], "texture": "#1"},
				"down": {"uv": [11, 1.75, 10.75, 2], "texture": "#1"}
			}
		},
		{
			"from": [7.5, 5, 29],
			"to": [8.5, 11, 30],
			"faces": {
				"north": {"uv": [7.75, 9.75, 8, 11.25], "texture": "#1"},
				"east": {"uv": [9.75, 9, 10, 10.5], "texture": "#1"},
				"south": {"uv": [10, 3.25, 10.25, 4.75], "texture": "#1"},
				"west": {"uv": [6, 10, 6.25, 11.5], "texture": "#1"},
				"up": {"uv": [11, 2.25, 10.75, 2], "texture": "#1"},
				"down": {"uv": [11, 2.25, 10.75, 2.5], "texture": "#1"}
			}
		},
		{
			"from": [3.5, 5, 29],
			"to": [4.5, 11, 30],
			"faces": {
				"north": {"uv": [6.25, 10, 6.5, 11.5], "texture": "#1"},
				"east": {"uv": [6.5, 10, 6.75, 11.5], "texture": "#1"},
				"south": {"uv": [6.75, 10, 7, 11.5], "texture": "#1"},
				"west": {"uv": [10, 9, 10.25, 10.5], "texture": "#1"},
				"up": {"uv": [11.25, 1.75, 11, 1.5], "texture": "#1"},
				"down": {"uv": [11.25, 1.75, 11, 2], "texture": "#1"}
			}
		},
		{
			"from": [11.5, 5, 27],
			"to": [12.5, 11, 28],
			"faces": {
				"north": {"uv": [3, 10.25, 3.25, 11.75], "texture": "#1"},
				"east": {"uv": [3.25, 10.25, 3.5, 11.75], "texture": "#1"},
				"south": {"uv": [10.25, 3.25, 10.5, 4.75], "texture": "#1"},
				"west": {"uv": [3.5, 10.25, 3.75, 11.75], "texture": "#1"},
				"up": {"uv": [11.25, 2.25, 11, 2], "texture": "#1"},
				"down": {"uv": [11.25, 2.25, 11, 2.5], "texture": "#1"}
			}
		},
		{
			"from": [9.5, 5, 27],
			"to": [10.5, 11, 28],
			"faces": {
				"north": {"uv": [3.75, 10.25, 4, 11.75], "texture": "#1"},
				"east": {"uv": [4, 10.25, 4.25, 11.75], "texture": "#1"},
				"south": {"uv": [4.25, 10.25, 4.5, 11.75], "texture": "#1"},
				"west": {"uv": [4.5, 10.25, 4.75, 11.75], "texture": "#1"},
				"up": {"uv": [11.5, 1.75, 11.25, 1.5], "texture": "#1"},
				"down": {"uv": [11.5, 1.75, 11.25, 2], "texture": "#1"}
			}
		},
		{
			"from": [5.5, 5, 27],
			"to": [6.5, 11, 28],
			"faces": {
				"north": {"uv": [4.75, 10.25, 5, 11.75], "texture": "#1"},
				"east": {"uv": [5, 10.25, 5.25, 11.75], "texture": "#1"},
				"south": {"uv": [5.25, 10.25, 5.5, 11.75], "texture": "#1"},
				"west": {"uv": [5.5, 10.25, 5.75, 11.75], "texture": "#1"},
				"up": {"uv": [11.5, 2.25, 11.25, 2], "texture": "#1"},
				"down": {"uv": [11.5, 2.25, 11.25, 2.5], "texture": "#1"}
			}
		},
		{
			"from": [7.5, 5, 27],
			"to": [8.5, 11, 28],
			"faces": {
				"north": {"uv": [5.75, 10.25, 6, 11.75], "texture": "#1"},
				"east": {"uv": [10.25, 9, 10.5, 10.5], "texture": "#1"},
				"south": {"uv": [10.5, 3.25, 10.75, 4.75], "texture": "#1"},
				"west": {"uv": [10.5, 6.25, 10.75, 7.75], "texture": "#1"},
				"up": {"uv": [13.25, 7.75, 13, 7.5], "texture": "#1"},
				"down": {"uv": [13.25, 7.75, 13, 8], "texture": "#1"}
			}
		},
		{
			"from": [3.5, 5, 27],
			"to": [4.5, 11, 28],
			"faces": {
				"north": {"uv": [10.5, 7.75, 10.75, 9.25], "texture": "#1"},
				"east": {"uv": [8, 10.5, 8.25, 12], "texture": "#1"},
				"south": {"uv": [8.25, 10.5, 8.5, 12], "texture": "#1"},
				"west": {"uv": [8.5, 10.5, 8.75, 12], "texture": "#1"},
				"up": {"uv": [13.25, 8.25, 13, 8], "texture": "#1"},
				"down": {"uv": [13.25, 8.25, 13, 8.5], "texture": "#1"}
			}
		},
		{
			"from": [11.5, 5, 25],
			"to": [12.5, 11, 26],
			"faces": {
				"north": {"uv": [8.75, 10.5, 9, 12], "texture": "#1"},
				"east": {"uv": [9, 10.5, 9.25, 12], "texture": "#1"},
				"south": {"uv": [9.25, 10.5, 9.5, 12], "texture": "#1"},
				"west": {"uv": [10.5, 9.25, 10.75, 10.75], "texture": "#1"},
				"up": {"uv": [13.25, 8.75, 13, 8.5], "texture": "#1"},
				"down": {"uv": [13.25, 8.75, 13, 9], "texture": "#1"}
			}
		},
		{
			"from": [9.5, 5, 25],
			"to": [10.5, 11, 26],
			"faces": {
				"north": {"uv": [9.5, 10.5, 9.75, 12], "texture": "#1"},
				"east": {"uv": [9.75, 10.5, 10, 12], "texture": "#1"},
				"south": {"uv": [10, 10.5, 10.25, 12], "texture": "#1"},
				"west": {"uv": [10.25, 10.5, 10.5, 12], "texture": "#1"},
				"up": {"uv": [13.25, 9.25, 13, 9], "texture": "#1"},
				"down": {"uv": [13.25, 9.25, 13, 9.5], "texture": "#1"}
			}
		},
		{
			"from": [5.5, 5, 25],
			"to": [6.5, 11, 26],
			"faces": {
				"north": {"uv": [10.75, 0, 11, 1.5], "texture": "#1"},
				"east": {"uv": [10.75, 3.25, 11, 4.75], "texture": "#1"},
				"south": {"uv": [10.75, 6.25, 11, 7.75], "texture": "#1"},
				"west": {"uv": [10.75, 7.75, 11, 9.25], "texture": "#1"},
				"up": {"uv": [13.25, 9.75, 13, 9.5], "texture": "#1"},
				"down": {"uv": [13.25, 9.75, 13, 10], "texture": "#1"}
			}
		},
		{
			"from": [7.5, 5, 25],
			"to": [8.5, 11, 26],
			"faces": {
				"north": {"uv": [10.75, 9.25, 11, 10.75], "texture": "#1"},
				"east": {"uv": [10.5, 10.75, 10.75, 12.25], "texture": "#1"},
				"south": {"uv": [10.75, 10.75, 11, 12.25], "texture": "#1"},
				"west": {"uv": [11, 0, 11.25, 1.5], "texture": "#1"},
				"up": {"uv": [13.25, 10.25, 13, 10], "texture": "#1"},
				"down": {"uv": [13.25, 10.25, 13, 10.5], "texture": "#1"}
			}
		},
		{
			"from": [3.5, 5, 25],
			"to": [4.5, 11, 26],
			"faces": {
				"north": {"uv": [11, 3.25, 11.25, 4.75], "texture": "#1"},
				"east": {"uv": [11, 6.25, 11.25, 7.75], "texture": "#1"},
				"south": {"uv": [11, 7.75, 11.25, 9.25], "texture": "#1"},
				"west": {"uv": [11, 9.25, 11.25, 10.75], "texture": "#1"},
				"up": {"uv": [13.25, 10.75, 13, 10.5], "texture": "#1"},
				"down": {"uv": [13.25, 10.75, 13, 11], "texture": "#1"}
			}
		},
		{
			"from": [11.5, 5, 23],
			"to": [12.5, 11, 24],
			"faces": {
				"north": {"uv": [11, 10.75, 11.25, 12.25], "texture": "#1"},
				"east": {"uv": [11.25, 0, 11.5, 1.5], "texture": "#1"},
				"south": {"uv": [11.25, 3.25, 11.5, 4.75], "texture": "#1"},
				"west": {"uv": [11.25, 6.25, 11.5, 7.75], "texture": "#1"},
				"up": {"uv": [13.25, 11.25, 13, 11], "texture": "#1"},
				"down": {"uv": [13.25, 11.25, 13, 11.5], "texture": "#1"}
			}
		},
		{
			"from": [9.5, 5, 23],
			"to": [10.5, 11, 24],
			"faces": {
				"north": {"uv": [7, 11.25, 7.25, 12.75], "texture": "#1"},
				"east": {"uv": [7.25, 11.25, 7.5, 12.75], "texture": "#1"},
				"south": {"uv": [7.5, 11.25, 7.75, 12.75], "texture": "#1"},
				"west": {"uv": [7.75, 11.25, 8, 12.75], "texture": "#1"},
				"up": {"uv": [13.25, 11.75, 13, 11.5], "texture": "#1"},
				"down": {"uv": [13.25, 11.75, 13, 12], "texture": "#1"}
			}
		},
		{
			"from": [5.5, 5, 23],
			"to": [6.5, 11, 24],
			"faces": {
				"north": {"uv": [11.25, 7.75, 11.5, 9.25], "texture": "#1"},
				"east": {"uv": [11.25, 9.25, 11.5, 10.75], "texture": "#1"},
				"south": {"uv": [11.25, 10.75, 11.5, 12.25], "texture": "#1"},
				"west": {"uv": [11.5, 0, 11.75, 1.5], "texture": "#1"},
				"up": {"uv": [13.25, 12.25, 13, 12], "texture": "#1"},
				"down": {"uv": [13.25, 12.25, 13, 12.5], "texture": "#1"}
			}
		},
		{
			"from": [7.5, 5, 23],
			"to": [8.5, 11, 24],
			"faces": {
				"north": {"uv": [11.5, 1.5, 11.75, 3], "texture": "#1"},
				"east": {"uv": [11.5, 3, 11.75, 4.5], "texture": "#1"},
				"south": {"uv": [11.5, 4.5, 11.75, 6], "texture": "#1"},
				"west": {"uv": [6, 11.5, 6.25, 13], "texture": "#1"},
				"up": {"uv": [13.25, 12.75, 13, 12.5], "texture": "#1"},
				"down": {"uv": [13.25, 12.75, 13, 13], "texture": "#1"}
			}
		},
		{
			"from": [3.5, 5, 23],
			"to": [4.5, 11, 24],
			"faces": {
				"north": {"uv": [11.5, 6, 11.75, 7.5], "texture": "#1"},
				"east": {"uv": [6.25, 11.5, 6.5, 13], "texture": "#1"},
				"south": {"uv": [6.5, 11.5, 6.75, 13], "texture": "#1"},
				"west": {"uv": [6.75, 11.5, 7, 13], "texture": "#1"},
				"up": {"uv": [13.25, 13.25, 13, 13], "texture": "#1"},
				"down": {"uv": [13.5, 0, 13.25, 0.25], "texture": "#1"}
			}
		},
		{
			"from": [11.5, 5, 21],
			"to": [12.5, 11, 22],
			"faces": {
				"north": {"uv": [11.5, 7.5, 11.75, 9], "texture": "#1"},
				"east": {"uv": [11.5, 9, 11.75, 10.5], "texture": "#1"},
				"south": {"uv": [11.5, 10.5, 11.75, 12], "texture": "#1"},
				"west": {"uv": [11.75, 0, 12, 1.5], "texture": "#1"},
				"up": {"uv": [13.5, 0.5, 13.25, 0.25], "texture": "#1"},
				"down": {"uv": [13.5, 0.5, 13.25, 0.75], "texture": "#1"}
			}
		},
		{
			"from": [9.5, 5, 21],
			"to": [10.5, 11, 22],
			"faces": {
				"north": {"uv": [11.75, 1.5, 12, 3], "texture": "#1"},
				"east": {"uv": [3, 11.75, 3.25, 13.25], "texture": "#1"},
				"south": {"uv": [11.75, 3, 12, 4.5], "texture": "#1"},
				"west": {"uv": [3.25, 11.75, 3.5, 13.25], "texture": "#1"},
				"up": {"uv": [13.5, 1, 13.25, 0.75], "texture": "#1"},
				"down": {"uv": [13.5, 1, 13.25, 1.25], "texture": "#1"}
			}
		},
		{
			"from": [5.5, 5, 21],
			"to": [6.5, 11, 22],
			"faces": {
				"north": {"uv": [3.5, 11.75, 3.75, 13.25], "texture": "#1"},
				"east": {"uv": [3.75, 11.75, 4, 13.25], "texture": "#1"},
				"south": {"uv": [4, 11.75, 4.25, 13.25], "texture": "#1"},
				"west": {"uv": [4.25, 11.75, 4.5, 13.25], "texture": "#1"},
				"up": {"uv": [13.5, 1.5, 13.25, 1.25], "texture": "#1"},
				"down": {"uv": [13.5, 1.5, 13.25, 1.75], "texture": "#1"}
			}
		},
		{
			"from": [7.5, 5, 21],
			"to": [8.5, 11, 22],
			"faces": {
				"north": {"uv": [4.5, 11.75, 4.75, 13.25], "texture": "#1"},
				"east": {"uv": [11.75, 4.5, 12, 6], "texture": "#1"},
				"south": {"uv": [4.75, 11.75, 5, 13.25], "texture": "#1"},
				"west": {"uv": [5, 11.75, 5.25, 13.25], "texture": "#1"},
				"up": {"uv": [13.5, 2, 13.25, 1.75], "texture": "#1"},
				"down": {"uv": [13.5, 2, 13.25, 2.25], "texture": "#1"}
			}
		},
		{
			"from": [3.5, 5, 21],
			"to": [4.5, 11, 22],
			"faces": {
				"north": {"uv": [5.25, 11.75, 5.5, 13.25], "texture": "#1"},
				"east": {"uv": [5.5, 11.75, 5.75, 13.25], "texture": "#1"},
				"south": {"uv": [5.75, 11.75, 6, 13.25], "texture": "#1"},
				"west": {"uv": [11.75, 6, 12, 7.5], "texture": "#1"},
				"up": {"uv": [13.5, 2.5, 13.25, 2.25], "texture": "#1"},
				"down": {"uv": [13.5, 2.5, 13.25, 2.75], "texture": "#1"}
			}
		},
		{
			"from": [11.5, 5, 19],
			"to": [12.5, 11, 20],
			"faces": {
				"north": {"uv": [11.75, 7.5, 12, 9], "texture": "#1"},
				"east": {"uv": [11.75, 9, 12, 10.5], "texture": "#1"},
				"south": {"uv": [11.75, 10.5, 12, 12], "texture": "#1"},
				"west": {"uv": [0, 12, 0.25, 13.5], "texture": "#1"},
				"up": {"uv": [13.5, 3, 13.25, 2.75], "texture": "#1"},
				"down": {"uv": [3.25, 13.25, 3, 13.5], "texture": "#1"}
			}
		},
		{
			"from": [9.5, 5, 19],
			"to": [10.5, 11, 20],
			"faces": {
				"north": {"uv": [12, 0, 12.25, 1.5], "texture": "#1"},
				"east": {"uv": [0.25, 12, 0.5, 13.5], "texture": "#1"},
				"south": {"uv": [0.5, 12, 0.75, 13.5], "texture": "#1"},
				"west": {"uv": [0.75, 12, 1, 13.5], "texture": "#1"},
				"up": {"uv": [13.5, 3.25, 13.25, 3], "texture": "#1"},
				"down": {"uv": [3.5, 13.25, 3.25, 13.5], "texture": "#1"}
			}
		},
		{
			"from": [5.5, 5, 19],
			"to": [6.5, 11, 20],
			"faces": {
				"north": {"uv": [1, 12, 1.25, 13.5], "texture": "#1"},
				"east": {"uv": [1.25, 12, 1.5, 13.5], "texture": "#1"},
				"south": {"uv": [1.5, 12, 1.75, 13.5], "texture": "#1"},
				"west": {"uv": [12, 1.5, 12.25, 3], "texture": "#1"},
				"up": {"uv": [13.5, 3.5, 13.25, 3.25], "texture": "#1"},
				"down": {"uv": [3.75, 13.25, 3.5, 13.5], "texture": "#1"}
			}
		},
		{
			"from": [7.5, 5, 19],
			"to": [8.5, 11, 20],
			"faces": {
				"north": {"uv": [1.75, 12, 2, 13.5], "texture": "#1"},
				"east": {"uv": [2, 12, 2.25, 13.5], "texture": "#1"},
				"south": {"uv": [2.25, 12, 2.5, 13.5], "texture": "#1"},
				"west": {"uv": [2.5, 12, 2.75, 13.5], "texture": "#1"},
				"up": {"uv": [13.5, 3.75, 13.25, 3.5], "texture": "#1"},
				"down": {"uv": [4, 13.25, 3.75, 13.5], "texture": "#1"}
			}
		},
		{
			"from": [3.5, 5, 19],
			"to": [4.5, 11, 20],
			"faces": {
				"north": {"uv": [2.75, 12, 3, 13.5], "texture": "#1"},
				"east": {"uv": [12, 3, 12.25, 4.5], "texture": "#1"},
				"south": {"uv": [12, 4.5, 12.25, 6], "texture": "#1"},
				"west": {"uv": [12, 6, 12.25, 7.5], "texture": "#1"},
				"up": {"uv": [13.5, 4, 13.25, 3.75], "texture": "#1"},
				"down": {"uv": [4.25, 13.25, 4, 13.5], "texture": "#1"}
			}
		},
		{
			"from": [11.5, 5, 17],
			"to": [12.5, 11, 18],
			"faces": {
				"north": {"uv": [12, 7.5, 12.25, 9], "texture": "#1"},
				"east": {"uv": [8, 12, 8.25, 13.5], "texture": "#1"},
				"south": {"uv": [8.25, 12, 8.5, 13.5], "texture": "#1"},
				"west": {"uv": [8.5, 12, 8.75, 13.5], "texture": "#1"},
				"up": {"uv": [13.5, 4.25, 13.25, 4], "texture": "#1"},
				"down": {"uv": [4.5, 13.25, 4.25, 13.5], "texture": "#1"}
			}
		},
		{
			"from": [9.5, 5, 17],
			"to": [10.5, 11, 18],
			"faces": {
				"north": {"uv": [8.75, 12, 9, 13.5], "texture": "#1"},
				"east": {"uv": [9, 12, 9.25, 13.5], "texture": "#1"},
				"south": {"uv": [12, 9, 12.25, 10.5], "texture": "#1"},
				"west": {"uv": [9.25, 12, 9.5, 13.5], "texture": "#1"},
				"up": {"uv": [13.5, 4.5, 13.25, 4.25], "texture": "#1"},
				"down": {"uv": [4.75, 13.25, 4.5, 13.5], "texture": "#1"}
			}
		},
		{
			"from": [5.5, 5, 17],
			"to": [6.5, 11, 18],
			"faces": {
				"north": {"uv": [9.5, 12, 9.75, 13.5], "texture": "#1"},
				"east": {"uv": [9.75, 12, 10, 13.5], "texture": "#1"},
				"south": {"uv": [10, 12, 10.25, 13.5], "texture": "#1"},
				"west": {"uv": [10.25, 12, 10.5, 13.5], "texture": "#1"},
				"up": {"uv": [13.5, 4.75, 13.25, 4.5], "texture": "#1"},
				"down": {"uv": [5, 13.25, 4.75, 13.5], "texture": "#1"}
			}
		},
		{
			"from": [7.5, 5, 17],
			"to": [8.5, 11, 18],
			"faces": {
				"north": {"uv": [12, 10.5, 12.25, 12], "texture": "#1"},
				"east": {"uv": [11.5, 12, 11.75, 13.5], "texture": "#1"},
				"south": {"uv": [11.75, 12, 12, 13.5], "texture": "#1"},
				"west": {"uv": [12, 12, 12.25, 13.5], "texture": "#1"},
				"up": {"uv": [13.5, 5, 13.25, 4.75], "texture": "#1"},
				"down": {"uv": [5.25, 13.25, 5, 13.5], "texture": "#1"}
			}
		},
		{
			"from": [3.5, 5, 17],
			"to": [4.5, 11, 18],
			"faces": {
				"north": {"uv": [12.25, 0, 12.5, 1.5], "texture": "#1"},
				"east": {"uv": [12.25, 1.5, 12.5, 3], "texture": "#1"},
				"south": {"uv": [12.25, 3, 12.5, 4.5], "texture": "#1"},
				"west": {"uv": [12.25, 4.5, 12.5, 6], "texture": "#1"},
				"up": {"uv": [13.5, 5.25, 13.25, 5], "texture": "#1"},
				"down": {"uv": [5.5, 13.25, 5.25, 13.5], "texture": "#1"}
			}
		},
		{
			"from": [11.5, 5, 15],
			"to": [12.5, 11, 16],
			"faces": {
				"north": {"uv": [12.25, 6, 12.5, 7.5], "texture": "#1"},
				"east": {"uv": [12.25, 7.5, 12.5, 9], "texture": "#1"},
				"south": {"uv": [12.25, 9, 12.5, 10.5], "texture": "#1"},
				"west": {"uv": [10.5, 12.25, 10.75, 13.75], "texture": "#1"},
				"up": {"uv": [13.5, 5.5, 13.25, 5.25], "texture": "#1"},
				"down": {"uv": [5.75, 13.25, 5.5, 13.5], "texture": "#1"}
			}
		},
		{
			"from": [9.5, 5, 15],
			"to": [10.5, 11, 16],
			"faces": {
				"north": {"uv": [12.25, 10.5, 12.5, 12], "texture": "#1"},
				"east": {"uv": [10.75, 12.25, 11, 13.75], "texture": "#1"},
				"south": {"uv": [11, 12.25, 11.25, 13.75], "texture": "#1"},
				"west": {"uv": [11.25, 12.25, 11.5, 13.75], "texture": "#1"},
				"up": {"uv": [13.5, 5.75, 13.25, 5.5], "texture": "#1"},
				"down": {"uv": [6, 13.25, 5.75, 13.5], "texture": "#1"}
			}
		},
		{
			"from": [5.5, 5, 15],
			"to": [6.5, 11, 16],
			"faces": {
				"north": {"uv": [12.25, 12, 12.5, 13.5], "texture": "#1"},
				"east": {"uv": [12.5, 0, 12.75, 1.5], "texture": "#1"},
				"south": {"uv": [12.5, 1.5, 12.75, 3], "texture": "#1"},
				"west": {"uv": [12.5, 3, 12.75, 4.5], "texture": "#1"},
				"up": {"uv": [13.5, 6, 13.25, 5.75], "texture": "#1"},
				"down": {"uv": [13.5, 6, 13.25, 6.25], "texture": "#1"}
			}
		},
		{
			"from": [7.5, 5, 15],
			"to": [8.5, 11, 16],
			"faces": {
				"north": {"uv": [12.5, 4.5, 12.75, 6], "texture": "#1"},
				"east": {"uv": [12.5, 6, 12.75, 7.5], "texture": "#1"},
				"south": {"uv": [12.5, 7.5, 12.75, 9], "texture": "#1"},
				"west": {"uv": [12.5, 9, 12.75, 10.5], "texture": "#1"},
				"up": {"uv": [13.5, 6.5, 13.25, 6.25], "texture": "#1"},
				"down": {"uv": [13.5, 6.5, 13.25, 6.75], "texture": "#1"}
			}
		},
		{
			"from": [3.5, 5, 15],
			"to": [4.5, 11, 16],
			"faces": {
				"north": {"uv": [12.5, 10.5, 12.75, 12], "texture": "#1"},
				"east": {"uv": [12.5, 12, 12.75, 13.5], "texture": "#1"},
				"south": {"uv": [12.75, 0, 13, 1.5], "texture": "#1"},
				"west": {"uv": [12.75, 1.5, 13, 3], "texture": "#1"},
				"up": {"uv": [13.5, 7, 13.25, 6.75], "texture": "#1"},
				"down": {"uv": [13.5, 7, 13.25, 7.25], "texture": "#1"}
			}
		},
		{
			"from": [11.5, 5, 13],
			"to": [12.5, 11, 14],
			"faces": {
				"north": {"uv": [12.75, 3, 13, 4.5], "texture": "#1"},
				"east": {"uv": [12.75, 4.5, 13, 6], "texture": "#1"},
				"south": {"uv": [12.75, 6, 13, 7.5], "texture": "#1"},
				"west": {"uv": [7, 12.75, 7.25, 14.25], "texture": "#1"},
				"up": {"uv": [13.5, 7.5, 13.25, 7.25], "texture": "#1"},
				"down": {"uv": [13.5, 7.5, 13.25, 7.75], "texture": "#1"}
			}
		},
		{
			"from": [9.5, 5, 13],
			"to": [10.5, 11, 14],
			"faces": {
				"north": {"uv": [7.25, 12.75, 7.5, 14.25], "texture": "#1"},
				"east": {"uv": [7.5, 12.75, 7.75, 14.25], "texture": "#1"},
				"south": {"uv": [12.75, 7.5, 13, 9], "texture": "#1"},
				"west": {"uv": [7.75, 12.75, 8, 14.25], "texture": "#1"},
				"up": {"uv": [13.5, 8, 13.25, 7.75], "texture": "#1"},
				"down": {"uv": [13.5, 8, 13.25, 8.25], "texture": "#1"}
			}
		},
		{
			"from": [5.5, 5, 13],
			"to": [6.5, 11, 14],
			"faces": {
				"north": {"uv": [12.75, 9, 13, 10.5], "texture": "#1"},
				"east": {"uv": [12.75, 10.5, 13, 12], "texture": "#1"},
				"south": {"uv": [12.75, 12, 13, 13.5], "texture": "#1"},
				"west": {"uv": [13, 0, 13.25, 1.5], "texture": "#1"},
				"up": {"uv": [13.5, 8.5, 13.25, 8.25], "texture": "#1"},
				"down": {"uv": [13.5, 8.5, 13.25, 8.75], "texture": "#1"}
			}
		},
		{
			"from": [7.5, 5, 13],
			"to": [8.5, 11, 14],
			"faces": {
				"north": {"uv": [13, 1.5, 13.25, 3], "texture": "#1"},
				"east": {"uv": [13, 3, 13.25, 4.5], "texture": "#1"},
				"south": {"uv": [13, 4.5, 13.25, 6], "texture": "#1"},
				"west": {"uv": [6, 13, 6.25, 14.5], "texture": "#1"},
				"up": {"uv": [13.5, 9, 13.25, 8.75], "texture": "#1"},
				"down": {"uv": [13.5, 9, 13.25, 9.25], "texture": "#1"}
			}
		},
		{
			"from": [3.5, 5, 13],
			"to": [4.5, 11, 14],
			"faces": {
				"north": {"uv": [13, 6, 13.25, 7.5], "texture": "#1"},
				"east": {"uv": [6.25, 13, 6.5, 14.5], "texture": "#1"},
				"south": {"uv": [6.5, 13, 6.75, 14.5], "texture": "#1"},
				"west": {"uv": [6.75, 13, 7, 14.5], "texture": "#1"},
				"up": {"uv": [13.5, 9.5, 13.25, 9.25], "texture": "#1"},
				"down": {"uv": [13.5, 9.5, 13.25, 9.75], "texture": "#1"}
			}
		},
		{
			"from": [3, 0, 31],
			"to": [13, 5, 32],
			"faces": {
				"north": {"uv": [6, 6.25, 8.5, 7.5], "texture": "#1"},
				"east": {"uv": [9.5, 6.25, 9.75, 7.5], "texture": "#1"},
				"south": {"uv": [3, 7.5, 5.5, 8.75], "texture": "#1"},
				"west": {"uv": [9.75, 6.25, 10, 7.5], "texture": "#1"},
				"up": {"uv": [10.5, 9, 8, 8.75], "texture": "#1"},
				"down": {"uv": [11.5, 2.5, 9, 2.75], "texture": "#1"}
			}
		},
		{
			"from": [3, 0, 11],
			"to": [13, 5, 12],
			"faces": {
				"north": {"uv": [5.5, 7.5, 8, 8.75], "texture": "#1"},
				"east": {"uv": [10, 6.25, 10.25, 7.5], "texture": "#1"},
				"south": {"uv": [8, 7.5, 10.5, 8.75], "texture": "#1"},
				"west": {"uv": [10.25, 6.25, 10.5, 7.5], "texture": "#1"},
				"up": {"uv": [11.5, 3, 9, 2.75], "texture": "#1"},
				"down": {"uv": [11.5, 3, 9, 3.25], "texture": "#1"}
			}
		},
		{
			"from": [2, 0, 12],
			"to": [14, 5, 31],
			"faces": {
				"north": {"uv": [6, 2.5, 9, 3.75], "texture": "#1"},
				"east": {"uv": [6, 0, 10.75, 1.25], "texture": "#1"},
				"south": {"uv": [3, 6.25, 6, 7.5], "texture": "#1"},
				"west": {"uv": [6, 1.25, 10.75, 2.5], "texture": "#1"},
				"up": {"uv": [3, 4.75, 0, 0], "texture": "#1"},
				"down": {"uv": [6, 0, 3, 4.75], "texture": "#1"}
			}
		},
		{
			"from": [5, -0.5, -16],
			"to": [11, 5.5, 7],
			"faces": {
				"north": {"uv": [3, 8.75, 4.5, 10.25], "texture": "#1"},
				"east": {"uv": [0, 4.75, 5.75, 6.25], "texture": "#1"},
				"south": {"uv": [4.5, 8.75, 6, 10.25], "texture": "#1"},
				"west": {"uv": [5.75, 4.75, 11.5, 6.25], "texture": "#1"},
				"up": {"uv": [1.5, 12, 0, 6.25], "texture": "#1"},
				"down": {"uv": [3, 6.25, 1.5, 12], "texture": "#1"}
			}
		},
		{
			"from": [6, 0.5, 7],
			"to": [10, 4.5, 12],
			"faces": {
				"north": {"uv": [8.5, 3.75, 9.5, 4.75], "texture": "#1"},
				"east": {"uv": [6, 3.75, 7.25, 4.75], "texture": "#1"},
				"south": {"uv": [7, 8.75, 8, 9.75], "texture": "#1"},
				"west": {"uv": [7.25, 3.75, 8.5, 4.75], "texture": "#1"},
				"up": {"uv": [9.5, 7.5, 8.5, 6.25], "texture": "#1"},
				"down": {"uv": [7, 8.75, 6, 10], "texture": "#1"}
			}
		}
	],
	"display": {
		"thirdperson_righthand": {
			"rotation": [89, -180, -180],
			"translation": [0, 7, -4.5]
		},
		"thirdperson_lefthand": {
			"rotation": [89, -180, -180],
			"translation": [0, 7, -4.5]
		},
		"firstperson_righthand": {
			"rotation": [-141, 0, 0]
		},
		"firstperson_lefthand": {
			"rotation": [-137, 0, 0]
		},
		"ground": {
			"translation": [0, 5.25, 0]
		},
		"gui": {
			"rotation": [89, -180, 15],
			"translation": [1.5, 0, 0],
			"scale": [0.4, 0.4, 0.4]
		},
		"head": {
			"rotation": [-12.5, -91, -104],
			"translation": [13.5, -0.75, -9]
		},
		"fixed": {
			"rotation": [-89, 0, 0],
			"translation": [0, 0, -9]
		}
	},
	"groups": [
		{
			"name": "group",
			"origin": [8, 8, 8],
			"color": 0,
			"children": [
				{
					"name": "group",
					"origin": [8, 8, 8],
					"color": 0,
					"children": [
						{
							"name": "group",
							"origin": [0, 0, 0],
							"color": 0,
							"children": [0, 1, 2, 3, 4]
						},
						{
							"name": "group",
							"origin": [0, 0, 0],
							"color": 0,
							"children": [5, 6, 7, 8, 9]
						},
						{
							"name": "group",
							"origin": [0, 0, 0],
							"color": 0,
							"children": [10, 11, 12, 13, 14]
						},
						{
							"name": "group",
							"origin": [0, 0, 0],
							"color": 0,
							"children": [15, 16, 17, 18, 19]
						},
						{
							"name": "group",
							"origin": [0, 0, 0],
							"color": 0,
							"children": [20, 21, 22, 23, 24]
						},
						{
							"name": "group",
							"origin": [0, 0, 0],
							"color": 0,
							"children": [25, 26, 27, 28, 29]
						},
						{
							"name": "group",
							"origin": [0, 0, 0],
							"color": 0,
							"children": [30, 31, 32, 33, 34]
						},
						{
							"name": "group",
							"origin": [0, 0, 0],
							"color": 0,
							"children": [35, 36, 37, 38, 39]
						},
						{
							"name": "group",
							"origin": [0, 0, 0],
							"color": 0,
							"children": [40, 41, 42, 43, 44]
						}
					]
				},
				45,
				46,
				47,
				48,
				49
			]
		}
	]
}