{
	"credit": "Made with Blockbench",
	"texture_size": [64, 64],
	"textures": {
		"0": "item/umbrella",
		"particle": "item/umbrella"
	},
	"elements": [
		{
			"from": [7.5, -9, 7.5],
			"to": [8.5, 27, 8.5],
			"faces": {
				"north": {"uv": [0, 0, 0.25, 9], "texture": "#0"},
				"east": {"uv": [0.25, 0, 0.5, 9], "texture": "#0"},
				"south": {"uv": [0.5, 0, 0.75, 9], "texture": "#0"},
				"west": {"uv": [0.75, 0, 1, 9], "texture": "#0"},
				"up": {"uv": [7.5, 6.25, 7.25, 6], "texture": "#0"},
				"down": {"uv": [2, 7.75, 1.75, 8], "texture": "#0"}
			}
		},
		{
			"from": [7.5, -9, 4.5],
			"to": [8.5, -7, 5.5],
			"faces": {
				"north": {"uv": [5.25, 6.5, 5.5, 7], "texture": "#0"},
				"east": {"uv": [2.25, 11.5, 2.5, 12], "texture": "#0"},
				"south": {"uv": [2.5, 11.5, 2.75, 12], "texture": "#0"},
				"west": {"uv": [11.5, 3.25, 11.75, 3.75], "texture": "#0"},
				"up": {"uv": [3.5, 8.25, 3.25, 8], "texture": "#0"},
				"down": {"uv": [8.25, 7.75, 8, 8], "texture": "#0"}
			}
		},
		{
			"from": [7.5, -10, 5.5],
			"to": [8.5, -9, 7.5],
			"faces": {
				"north": {"uv": [1.5, 9.25, 1.75, 9.5], "texture": "#0"},
				"east": {"uv": [7, 10.75, 7.5, 11], "texture": "#0"},
				"south": {"uv": [6, 9.5, 6.25, 9.75], "texture": "#0"},
				"west": {"uv": [11.5, 2.25, 12, 2.5], "texture": "#0"},
				"up": {"uv": [3.75, 12, 3.5, 11.5], "texture": "#0"},
				"down": {"uv": [4, 11.5, 3.75, 12], "texture": "#0"}
			}
		},
		{
			"from": [-4.5, 18, 4.5],
			"to": [-3.5, 21, 11.5],
			"faces": {
				"north": {"uv": [8.25, 9.75, 8.5, 10.5], "texture": "#0"},
				"east": {"uv": [1, 1.5, 2.75, 2.25], "texture": "#0"},
				"south": {"uv": [9.75, 8.75, 10, 9.5], "texture": "#0"},
				"west": {"uv": [1, 2.25, 2.75, 3], "texture": "#0"},
				"up": {"uv": [2.75, 6.5, 2.5, 4.75], "texture": "#0"},
				"down": {"uv": [3, 4.75, 2.75, 6.5], "texture": "#0"}
			}
		},
		{
			"from": [19.5, 18, 4.5],
			"to": [20.5, 21, 11.5],
			"faces": {
				"north": {"uv": [0, 10, 0.25, 10.75], "texture": "#0"},
				"east": {"uv": [2.75, 0, 4.5, 0.75], "texture": "#0"},
				"south": {"uv": [10, 0, 10.25, 0.75], "texture": "#0"},
				"west": {"uv": [2.75, 0.75, 4.5, 1.5], "texture": "#0"},
				"up": {"uv": [3.25, 6.5, 3, 4.75], "texture": "#0"},
				"down": {"uv": [3.5, 4.75, 3.25, 6.5], "texture": "#0"}
			}
		},
		{
			"from": [18.5, 18, 11.5],
			"to": [19.5, 21, 13.5],
			"faces": {
				"north": {"uv": [0.25, 10, 0.5, 10.75], "texture": "#0"},
				"east": {"uv": [4.25, 5.5, 4.75, 6.25], "texture": "#0"},
				"south": {"uv": [0.5, 10, 0.75, 10.75], "texture": "#0"},
				"west": {"uv": [4.75, 5.5, 5.25, 6.25], "texture": "#0"},
				"up": {"uv": [4.25, 12, 4, 11.5], "texture": "#0"},
				"down": {"uv": [4.5, 11.5, 4.25, 12], "texture": "#0"}
			}
		},
		{
			"from": [-3.5, 18, 11.5],
			"to": [-2.5, 21, 13.5],
			"faces": {
				"north": {"uv": [0.75, 10, 1, 10.75], "texture": "#0"},
				"east": {"uv": [6.25, 3, 6.75, 3.75], "texture": "#0"},
				"south": {"uv": [10, 0.75, 10.25, 1.5], "texture": "#0"},
				"west": {"uv": [4.25, 6.25, 4.75, 7], "texture": "#0"},
				"up": {"uv": [4.75, 12, 4.5, 11.5], "texture": "#0"},
				"down": {"uv": [5.5, 11.5, 5.25, 12], "texture": "#0"}
			}
		},
		{
			"from": [18.5, 18, 2.5],
			"to": [19.5, 21, 4.5],
			"faces": {
				"north": {"uv": [1, 10, 1.25, 10.75], "texture": "#0"},
				"east": {"uv": [4.75, 6.25, 5.25, 7], "texture": "#0"},
				"south": {"uv": [1.25, 10, 1.5, 10.75], "texture": "#0"},
				"west": {"uv": [5.5, 6.25, 6, 7], "texture": "#0"},
				"up": {"uv": [5.75, 12, 5.5, 11.5], "texture": "#0"},
				"down": {"uv": [6, 11.5, 5.75, 12], "texture": "#0"}
			}
		},
		{
			"from": [-3.5, 18, 2.5],
			"to": [-2.5, 21, 4.5],
			"faces": {
				"north": {"uv": [1.5, 10, 1.75, 10.75], "texture": "#0"},
				"east": {"uv": [6, 6.25, 6.5, 7], "texture": "#0"},
				"south": {"uv": [10, 1.5, 10.25, 2.25], "texture": "#0"},
				"west": {"uv": [2, 6.5, 2.5, 7.25], "texture": "#0"},
				"up": {"uv": [6.25, 12, 6, 11.5], "texture": "#0"},
				"down": {"uv": [6.5, 11.5, 6.25, 12], "texture": "#0"}
			}
		},
		{
			"from": [17.5, 18, 0.5],
			"to": [18.5, 21, 2.5],
			"faces": {
				"north": {"uv": [1.75, 10, 2, 10.75], "texture": "#0"},
				"east": {"uv": [2.5, 6.5, 3, 7.25], "texture": "#0"},
				"south": {"uv": [2, 10, 2.25, 10.75], "texture": "#0"},
				"west": {"uv": [3, 6.5, 3.5, 7.25], "texture": "#0"},
				"up": {"uv": [6.75, 12, 6.5, 11.5], "texture": "#0"},
				"down": {"uv": [11.75, 7.5, 11.5, 8], "texture": "#0"}
			}
		},
		{
			"from": [-2.5, 18, 0.5],
			"to": [-1.5, 21, 2.5],
			"faces": {
				"north": {"uv": [2.25, 10, 2.5, 10.75], "texture": "#0"},
				"east": {"uv": [6.5, 6.25, 7, 7], "texture": "#0"},
				"south": {"uv": [10, 2.25, 10.25, 3], "texture": "#0"},
				"west": {"uv": [6.75, 0, 7.25, 0.75], "texture": "#0"},
				"up": {"uv": [8.25, 12, 8, 11.5], "texture": "#0"},
				"down": {"uv": [8.5, 11.5, 8.25, 12], "texture": "#0"}
			}
		},
		{
			"from": [17.5, 18, 13.5],
			"to": [18.5, 21, 15.5],
			"faces": {
				"north": {"uv": [2.5, 10, 2.75, 10.75], "texture": "#0"},
				"east": {"uv": [6.75, 0.75, 7.25, 1.5], "texture": "#0"},
				"south": {"uv": [2.75, 10, 3, 10.75], "texture": "#0"},
				"west": {"uv": [6.75, 1.5, 7.25, 2.25], "texture": "#0"},
				"up": {"uv": [8.75, 12, 8.5, 11.5], "texture": "#0"},
				"down": {"uv": [9.5, 11.5, 9.25, 12], "texture": "#0"}
			}
		},
		{
			"from": [-2.5, 18, 13.5],
			"to": [-1.5, 21, 15.5],
			"faces": {
				"north": {"uv": [3, 10, 3.25, 10.75], "texture": "#0"},
				"east": {"uv": [6.75, 2.25, 7.25, 3], "texture": "#0"},
				"south": {"uv": [10, 3, 10.25, 3.75], "texture": "#0"},
				"west": {"uv": [6.75, 3, 7.25, 3.75], "texture": "#0"},
				"up": {"uv": [9.75, 12, 9.5, 11.5], "texture": "#0"},
				"down": {"uv": [10, 11.5, 9.75, 12], "texture": "#0"}
			}
		},
		{
			"from": [16.5, 17, 15.5],
			"to": [17.5, 21, 16.5],
			"faces": {
				"north": {"uv": [1.5, 8.25, 1.75, 9.25], "texture": "#0"},
				"east": {"uv": [8.25, 6, 8.5, 7], "texture": "#0"},
				"south": {"uv": [6.25, 8.25, 6.5, 9.25], "texture": "#0"},
				"west": {"uv": [6.5, 8.25, 6.75, 9.25], "texture": "#0"},
				"up": {"uv": [12.5, 3.75, 12.25, 3.5], "texture": "#0"},
				"down": {"uv": [12, 12.5, 11.75, 12.75], "texture": "#0"}
			}
		},
		{
			"from": [15.5, 17, 16.5],
			"to": [16.5, 21, 17.5],
			"faces": {
				"north": {"uv": [6.75, 8.25, 7, 9.25], "texture": "#0"},
				"east": {"uv": [7, 8.25, 7.25, 9.25], "texture": "#0"},
				"south": {"uv": [8.25, 7.75, 8.5, 8.75], "texture": "#0"},
				"west": {"uv": [8.5, 0, 8.75, 1], "texture": "#0"},
				"up": {"uv": [1.25, 13, 1, 12.75], "texture": "#0"},
				"down": {"uv": [2.25, 12.75, 2, 13], "texture": "#0"}
			}
		},
		{
			"from": [13.5, 18, 17.5],
			"to": [15.5, 21, 18.5],
			"faces": {
				"north": {"uv": [1, 7, 1.5, 7.75], "texture": "#0"},
				"east": {"uv": [3.25, 10, 3.5, 10.75], "texture": "#0"},
				"south": {"uv": [1.5, 7, 2, 7.75], "texture": "#0"},
				"west": {"uv": [3.5, 10, 3.75, 10.75], "texture": "#0"},
				"up": {"uv": [12, 9, 11.5, 8.75], "texture": "#0"},
				"down": {"uv": [12, 9.75, 11.5, 10], "texture": "#0"}
			}
		},
		{
			"from": [13.5, 18, -2.5],
			"to": [15.5, 21, -1.5],
			"faces": {
				"north": {"uv": [4.25, 7, 4.75, 7.75], "texture": "#0"},
				"east": {"uv": [3.75, 10, 4, 10.75], "texture": "#0"},
				"south": {"uv": [4.75, 7, 5.25, 7.75], "texture": "#0"},
				"west": {"uv": [10, 3.75, 10.25, 4.5], "texture": "#0"},
				"up": {"uv": [10.5, 11.75, 10, 11.5], "texture": "#0"},
				"down": {"uv": [12, 10.25, 11.5, 10.5], "texture": "#0"}
			}
		},
		{
			"from": [0.5, 18, -2.5],
			"to": [2.5, 21, -1.5],
			"faces": {
				"north": {"uv": [5.25, 7, 5.75, 7.75], "texture": "#0"},
				"east": {"uv": [4, 10, 4.25, 10.75], "texture": "#0"},
				"south": {"uv": [5.75, 7, 6.25, 7.75], "texture": "#0"},
				"west": {"uv": [4.25, 10, 4.5, 10.75], "texture": "#0"},
				"up": {"uv": [12, 10.75, 11.5, 10.5], "texture": "#0"},
				"down": {"uv": [11.25, 11.5, 10.75, 11.75], "texture": "#0"}
			}
		},
		{
			"from": [11.5, 18, 18.5],
			"to": [13.5, 21, 19.5],
			"faces": {
				"north": {"uv": [6.25, 7, 6.75, 7.75], "texture": "#0"},
				"east": {"uv": [4.5, 10, 4.75, 10.75], "texture": "#0"},
				"south": {"uv": [7, 6.25, 7.5, 7], "texture": "#0"},
				"west": {"uv": [10, 4.5, 10.25, 5.25], "texture": "#0"},
				"up": {"uv": [12, 11, 11.5, 10.75], "texture": "#0"},
				"down": {"uv": [11.75, 11.5, 11.25, 11.75], "texture": "#0"}
			}
		},
		{
			"from": [11.5, 18, -3.5],
			"to": [13.5, 21, -2.5],
			"faces": {
				"north": {"uv": [6.75, 7, 7.25, 7.75], "texture": "#0"},
				"east": {"uv": [4.75, 10, 5, 10.75], "texture": "#0"},
				"south": {"uv": [7.25, 0, 7.75, 0.75], "texture": "#0"},
				"west": {"uv": [5, 10, 5.25, 10.75], "texture": "#0"},
				"up": {"uv": [12, 11.5, 11.5, 11.25], "texture": "#0"},
				"down": {"uv": [12.25, 0, 11.75, 0.25], "texture": "#0"}
			}
		},
		{
			"from": [2.5, 18, -3.5],
			"to": [4.5, 21, -2.5],
			"faces": {
				"north": {"uv": [7.25, 0.75, 7.75, 1.5], "texture": "#0"},
				"east": {"uv": [5.25, 10, 5.5, 10.75], "texture": "#0"},
				"south": {"uv": [7.25, 1.5, 7.75, 2.25], "texture": "#0"},
				"west": {"uv": [10, 5.25, 10.25, 6], "texture": "#0"},
				"up": {"uv": [12.25, 0.5, 11.75, 0.25], "texture": "#0"},
				"down": {"uv": [1, 11.75, 0.5, 12], "texture": "#0"}
			}
		},
		{
			"from": [4.5, 18, 19.5],
			"to": [11.5, 21, 20.5],
			"faces": {
				"north": {"uv": [2.75, 1.5, 4.5, 2.25], "texture": "#0"},
				"east": {"uv": [5.5, 10, 5.75, 10.75], "texture": "#0"},
				"south": {"uv": [2.75, 2.25, 4.5, 3], "texture": "#0"},
				"west": {"uv": [5.75, 10, 6, 10.75], "texture": "#0"},
				"up": {"uv": [6.25, 3.25, 4.5, 3], "texture": "#0"},
				"down": {"uv": [6.25, 3.25, 4.5, 3.5], "texture": "#0"}
			}
		},
		{
			"from": [4.5, 18, -4.5],
			"to": [11.5, 21, -3.5],
			"faces": {
				"north": {"uv": [1, 3, 2.75, 3.75], "texture": "#0"},
				"east": {"uv": [10, 6, 10.25, 6.75], "texture": "#0"},
				"south": {"uv": [2.75, 3, 4.5, 3.75], "texture": "#0"},
				"west": {"uv": [10, 6.75, 10.25, 7.5], "texture": "#0"},
				"up": {"uv": [6.25, 3.75, 4.5, 3.5], "texture": "#0"},
				"down": {"uv": [5.25, 4.75, 3.5, 5], "texture": "#0"}
			}
		},
		{
			"from": [7.5, 15, -4.5],
			"to": [8.5, 17, -3.5],
			"faces": {
				"north": {"uv": [11.75, 0.5, 12, 1], "texture": "#0"},
				"east": {"uv": [1, 11.75, 1.25, 12.25], "texture": "#0"},
				"south": {"uv": [11.75, 1, 12, 1.5], "texture": "#0"},
				"west": {"uv": [1.5, 11.75, 1.75, 12.25], "texture": "#0"},
				"up": {"uv": [8, 13, 7.75, 12.75], "texture": "#0"},
				"down": {"uv": [13.75, 3.5, 13.5, 3.75], "texture": "#0"}
			}
		},
		{
			"from": [7.5, 15, 19.5],
			"to": [8.5, 17, 20.5],
			"faces": {
				"north": {"uv": [11.75, 1.5, 12, 2], "texture": "#0"},
				"east": {"uv": [1.75, 11.75, 2, 12.25], "texture": "#0"},
				"south": {"uv": [2, 11.75, 2.25, 12.25], "texture": "#0"},
				"west": {"uv": [11.75, 2.5, 12, 3], "texture": "#0"},
				"up": {"uv": [4.75, 13.75, 4.5, 13.5], "texture": "#0"},
				"down": {"uv": [5, 13.5, 4.75, 13.75], "texture": "#0"}
			}
		},
		{
			"from": [-4.5, 15, 7.5],
			"to": [-3.5, 17, 8.5],
			"faces": {
				"north": {"uv": [11.75, 3, 12, 3.5], "texture": "#0"},
				"east": {"uv": [11.75, 4.5, 12, 5], "texture": "#0"},
				"south": {"uv": [11.75, 5, 12, 5.5], "texture": "#0"},
				"west": {"uv": [11.75, 5.5, 12, 6], "texture": "#0"},
				"up": {"uv": [5.25, 13.75, 5, 13.5], "texture": "#0"},
				"down": {"uv": [5.5, 13.5, 5.25, 13.75], "texture": "#0"}
			}
		},
		{
			"from": [-4.5, 17, 6.5],
			"to": [-3.5, 18, 9.5],
			"faces": {
				"north": {"uv": [13.5, 5.25, 13.75, 5.5], "texture": "#0"},
				"east": {"uv": [10, 7.5, 10.75, 7.75], "texture": "#0"},
				"south": {"uv": [13.5, 5.5, 13.75, 5.75], "texture": "#0"},
				"west": {"uv": [10, 7.75, 10.75, 8], "texture": "#0"},
				"up": {"uv": [10.25, 8.75, 10, 8], "texture": "#0"},
				"down": {"uv": [8.75, 10, 8.5, 10.75], "texture": "#0"}
			}
		},
		{
			"from": [19.5, 17, 6.5],
			"to": [20.5, 18, 9.5],
			"faces": {
				"north": {"uv": [5.75, 13.5, 6, 13.75], "texture": "#0"},
				"east": {"uv": [8.75, 10, 9.5, 10.25], "texture": "#0"},
				"south": {"uv": [6, 13.5, 6.25, 13.75], "texture": "#0"},
				"west": {"uv": [10, 8.75, 10.75, 9], "texture": "#0"},
				"up": {"uv": [10.25, 9.75, 10, 9], "texture": "#0"},
				"down": {"uv": [9.75, 10, 9.5, 10.75], "texture": "#0"}
			}
		},
		{
			"from": [6.5, 17, 19.5],
			"to": [9.5, 18, 20.5],
			"faces": {
				"north": {"uv": [9.75, 10, 10.5, 10.25], "texture": "#0"},
				"east": {"uv": [6.25, 13.5, 6.5, 13.75], "texture": "#0"},
				"south": {"uv": [10, 9.75, 10.75, 10], "texture": "#0"},
				"west": {"uv": [6.5, 13.5, 6.75, 13.75], "texture": "#0"},
				"up": {"uv": [11, 0.25, 10.25, 0], "texture": "#0"},
				"down": {"uv": [11, 0.25, 10.25, 0.5], "texture": "#0"}
			}
		},
		{
			"from": [6.5, 17, -4.5],
			"to": [9.5, 18, -3.5],
			"faces": {
				"north": {"uv": [10.25, 0.5, 11, 0.75], "texture": "#0"},
				"east": {"uv": [13.5, 6.75, 13.75, 7], "texture": "#0"},
				"south": {"uv": [10.25, 0.75, 11, 1], "texture": "#0"},
				"west": {"uv": [13.5, 7, 13.75, 7.25], "texture": "#0"},
				"up": {"uv": [11, 1.25, 10.25, 1], "texture": "#0"},
				"down": {"uv": [11, 1.25, 10.25, 1.5], "texture": "#0"}
			}
		},
		{
			"from": [19.5, 15, 7.5],
			"to": [20.5, 17, 8.5],
			"faces": {
				"north": {"uv": [11.75, 6, 12, 6.5], "texture": "#0"},
				"east": {"uv": [11.75, 6.5, 12, 7], "texture": "#0"},
				"south": {"uv": [11.75, 7, 12, 7.5], "texture": "#0"},
				"west": {"uv": [11.75, 7.5, 12, 8], "texture": "#0"},
				"up": {"uv": [13.75, 7.5, 13.5, 7.25], "texture": "#0"},
				"down": {"uv": [13.75, 7.5, 13.5, 7.75], "texture": "#0"}
			}
		},
		{
			"from": [16.5, 15, 16.5],
			"to": [17.5, 17, 17.5],
			"faces": {
				"north": {"uv": [7.75, 11.75, 8, 12.25], "texture": "#0"},
				"east": {"uv": [11.75, 8, 12, 8.5], "texture": "#0"},
				"south": {"uv": [10, 11.75, 10.25, 12.25], "texture": "#0"},
				"west": {"uv": [10.25, 11.75, 10.5, 12.25], "texture": "#0"},
				"up": {"uv": [8, 13.75, 7.75, 13.5], "texture": "#0"},
				"down": {"uv": [8.25, 13.5, 8, 13.75], "texture": "#0"}
			}
		},
		{
			"from": [0.5, 18, 17.5],
			"to": [2.5, 21, 18.5],
			"faces": {
				"north": {"uv": [2, 7.25, 2.5, 8], "texture": "#0"},
				"east": {"uv": [10.25, 1.5, 10.5, 2.25], "texture": "#0"},
				"south": {"uv": [7.25, 2.25, 7.75, 3], "texture": "#0"},
				"west": {"uv": [10.25, 2.25, 10.5, 3], "texture": "#0"},
				"up": {"uv": [12.25, 2.25, 11.75, 2], "texture": "#0"},
				"down": {"uv": [12.25, 3.5, 11.75, 3.75], "texture": "#0"}
			}
		},
		{
			"from": [-0.5, 17, 16.5],
			"to": [0.5, 21, 17.5],
			"faces": {
				"north": {"uv": [8.5, 1, 8.75, 2], "texture": "#0"},
				"east": {"uv": [1.75, 8.5, 2, 9.5], "texture": "#0"},
				"south": {"uv": [2, 8.5, 2.25, 9.5], "texture": "#0"},
				"west": {"uv": [8.5, 2, 8.75, 3], "texture": "#0"},
				"up": {"uv": [13.75, 8.25, 13.5, 8], "texture": "#0"},
				"down": {"uv": [13.75, 8.25, 13.5, 8.5], "texture": "#0"}
			}
		},
		{
			"from": [-1.5, 17, 15.5],
			"to": [-0.5, 21, 16.5],
			"faces": {
				"north": {"uv": [2.25, 8.5, 2.5, 9.5], "texture": "#0"},
				"east": {"uv": [2.5, 8.5, 2.75, 9.5], "texture": "#0"},
				"south": {"uv": [2.75, 8.5, 3, 9.5], "texture": "#0"},
				"west": {"uv": [3, 8.5, 3.25, 9.5], "texture": "#0"},
				"up": {"uv": [8.75, 13.75, 8.5, 13.5], "texture": "#0"},
				"down": {"uv": [9, 13.5, 8.75, 13.75], "texture": "#0"}
			}
		},
		{
			"from": [-1.5, 15, 16.5],
			"to": [-0.5, 17, 17.5],
			"faces": {
				"north": {"uv": [10.75, 11.75, 11, 12.25], "texture": "#0"},
				"east": {"uv": [11, 11.75, 11.25, 12.25], "texture": "#0"},
				"south": {"uv": [11.25, 11.75, 11.5, 12.25], "texture": "#0"},
				"west": {"uv": [11.5, 11.75, 11.75, 12.25], "texture": "#0"},
				"up": {"uv": [9.25, 13.75, 9, 13.5], "texture": "#0"},
				"down": {"uv": [9.5, 13.5, 9.25, 13.75], "texture": "#0"}
			}
		},
		{
			"from": [16.5, 17, -0.5],
			"to": [17.5, 21, 0.5],
			"faces": {
				"north": {"uv": [8.5, 4.5, 8.75, 5.5], "texture": "#0"},
				"east": {"uv": [8.5, 5.5, 8.75, 6.5], "texture": "#0"},
				"south": {"uv": [8.5, 6.5, 8.75, 7.5], "texture": "#0"},
				"west": {"uv": [8.5, 7.5, 8.75, 8.5], "texture": "#0"},
				"up": {"uv": [13.75, 9.5, 13.5, 9.25], "texture": "#0"},
				"down": {"uv": [9.75, 13.5, 9.5, 13.75], "texture": "#0"}
			}
		},
		{
			"from": [16.5, 15, -1.5],
			"to": [17.5, 17, -0.5],
			"faces": {
				"north": {"uv": [11.75, 11.5, 12, 12], "texture": "#0"},
				"east": {"uv": [0, 12, 0.25, 12.5], "texture": "#0"},
				"south": {"uv": [0.25, 12, 0.5, 12.5], "texture": "#0"},
				"west": {"uv": [0.5, 12, 0.75, 12.5], "texture": "#0"},
				"up": {"uv": [13.75, 9.75, 13.5, 9.5], "texture": "#0"},
				"down": {"uv": [10, 13.5, 9.75, 13.75], "texture": "#0"}
			}
		},
		{
			"from": [-1.5, 17, -0.5],
			"to": [-0.5, 21, 0.5],
			"faces": {
				"north": {"uv": [8.5, 8.5, 8.75, 9.5], "texture": "#0"},
				"east": {"uv": [8.75, 0, 9, 1], "texture": "#0"},
				"south": {"uv": [8.75, 1, 9, 2], "texture": "#0"},
				"west": {"uv": [8.75, 2, 9, 3], "texture": "#0"},
				"up": {"uv": [13.75, 10, 13.5, 9.75], "texture": "#0"},
				"down": {"uv": [13.75, 10, 13.5, 10.25], "texture": "#0"}
			}
		},
		{
			"from": [15.5, 17, -1.5],
			"to": [16.5, 21, -0.5],
			"faces": {
				"north": {"uv": [8.75, 3, 9, 4], "texture": "#0"},
				"east": {"uv": [8.75, 4, 9, 5], "texture": "#0"},
				"south": {"uv": [8.75, 5, 9, 6], "texture": "#0"},
				"west": {"uv": [8.75, 6, 9, 7], "texture": "#0"},
				"up": {"uv": [13.75, 10.5, 13.5, 10.25], "texture": "#0"},
				"down": {"uv": [10.75, 13.5, 10.5, 13.75], "texture": "#0"}
			}
		},
		{
			"from": [-0.5, 17, -1.5],
			"to": [0.5, 21, -0.5],
			"faces": {
				"north": {"uv": [8.75, 7, 9, 8], "texture": "#0"},
				"east": {"uv": [7.25, 8.75, 7.5, 9.75], "texture": "#0"},
				"south": {"uv": [7.5, 8.75, 7.75, 9.75], "texture": "#0"},
				"west": {"uv": [7.75, 8.75, 8, 9.75], "texture": "#0"},
				"up": {"uv": [13.75, 10.75, 13.5, 10.5], "texture": "#0"},
				"down": {"uv": [11, 13.5, 10.75, 13.75], "texture": "#0"}
			}
		},
		{
			"from": [-1.5, 15, -1.5],
			"to": [-0.5, 17, -0.5],
			"faces": {
				"north": {"uv": [12, 0.5, 12.25, 1], "texture": "#0"},
				"east": {"uv": [0.75, 12, 1, 12.5], "texture": "#0"},
				"south": {"uv": [12, 1, 12.25, 1.5], "texture": "#0"},
				"west": {"uv": [1.25, 12, 1.5, 12.5], "texture": "#0"},
				"up": {"uv": [13.75, 11, 13.5, 10.75], "texture": "#0"},
				"down": {"uv": [11.25, 13.5, 11, 13.75], "texture": "#0"}
			}
		},
		{
			"from": [2.5, 18, 18.5],
			"to": [4.5, 21, 19.5],
			"faces": {
				"north": {"uv": [2.5, 7.25, 3, 8], "texture": "#0"},
				"east": {"uv": [10.25, 3, 10.5, 3.75], "texture": "#0"},
				"south": {"uv": [3, 7.25, 3.5, 8], "texture": "#0"},
				"west": {"uv": [10.25, 3.75, 10.5, 4.5], "texture": "#0"},
				"up": {"uv": [12.25, 8.75, 11.75, 8.5], "texture": "#0"},
				"down": {"uv": [12.5, 1.5, 12, 1.75], "texture": "#0"}
			}
		},
		{
			"from": [-2.5, 23, 4.5],
			"to": [-1.5, 24, 11.5],
			"faces": {
				"north": {"uv": [11.25, 13.5, 11.5, 13.75], "texture": "#0"},
				"east": {"uv": [3.5, 5, 5.25, 5.25], "texture": "#0"},
				"south": {"uv": [13.5, 11.25, 13.75, 11.5], "texture": "#0"},
				"west": {"uv": [3.5, 5.25, 5.25, 5.5], "texture": "#0"},
				"up": {"uv": [5.5, 6.5, 5.25, 4.75], "texture": "#0"},
				"down": {"uv": [3.75, 5.5, 3.5, 7.25], "texture": "#0"}
			}
		},
		{
			"from": [-1.5, 23, 2.5],
			"to": [-0.5, 24, 4.5],
			"faces": {
				"north": {"uv": [11.5, 13.5, 11.75, 13.75], "texture": "#0"},
				"east": {"uv": [12, 1.75, 12.5, 2], "texture": "#0"},
				"south": {"uv": [13.5, 11.5, 13.75, 11.75], "texture": "#0"},
				"west": {"uv": [2.25, 12, 2.75, 12.25], "texture": "#0"},
				"up": {"uv": [12.25, 2.75, 12, 2.25], "texture": "#0"},
				"down": {"uv": [3, 12, 2.75, 12.5], "texture": "#0"}
			}
		},
		{
			"from": [2.5, 23, -1.5],
			"to": [4.5, 24, -0.5],
			"faces": {
				"north": {"uv": [12, 2.75, 12.5, 3], "texture": "#0"},
				"east": {"uv": [11.75, 13.5, 12, 13.75], "texture": "#0"},
				"south": {"uv": [3, 12, 3.5, 12.25], "texture": "#0"},
				"west": {"uv": [13.5, 11.75, 13.75, 12], "texture": "#0"},
				"up": {"uv": [12.5, 3.25, 12, 3], "texture": "#0"},
				"down": {"uv": [12.5, 3.25, 12, 3.5], "texture": "#0"}
			}
		},
		{
			"from": [1.5, 23, -0.5],
			"to": [2.5, 24, 0.5],
			"faces": {
				"north": {"uv": [12, 13.5, 12.25, 13.75], "texture": "#0"},
				"east": {"uv": [13.5, 12, 13.75, 12.25], "texture": "#0"},
				"south": {"uv": [12.25, 13.5, 12.5, 13.75], "texture": "#0"},
				"west": {"uv": [13.5, 12.25, 13.75, 12.5], "texture": "#0"},
				"up": {"uv": [12.75, 13.75, 12.5, 13.5], "texture": "#0"},
				"down": {"uv": [13.75, 12.5, 13.5, 12.75], "texture": "#0"}
			}
		},
		{
			"from": [0.5, 23, 0.5],
			"to": [1.5, 24, 1.5],
			"faces": {
				"north": {"uv": [12.75, 13.5, 13, 13.75], "texture": "#0"},
				"east": {"uv": [13.5, 13, 13.75, 13.25], "texture": "#0"},
				"south": {"uv": [13.5, 13.25, 13.75, 13.5], "texture": "#0"},
				"west": {"uv": [13.5, 13.5, 13.75, 13.75], "texture": "#0"},
				"up": {"uv": [0.25, 14, 0, 13.75], "texture": "#0"},
				"down": {"uv": [14, 0, 13.75, 0.25], "texture": "#0"}
			}
		},
		{
			"from": [-0.5, 23, 1.5],
			"to": [0.5, 24, 2.5],
			"faces": {
				"north": {"uv": [0.25, 13.75, 0.5, 14], "texture": "#0"},
				"east": {"uv": [13.75, 0.25, 14, 0.5], "texture": "#0"},
				"south": {"uv": [0.5, 13.75, 0.75, 14], "texture": "#0"},
				"west": {"uv": [13.75, 0.5, 14, 0.75], "texture": "#0"},
				"up": {"uv": [1, 14, 0.75, 13.75], "texture": "#0"},
				"down": {"uv": [14, 0.75, 13.75, 1], "texture": "#0"}
			}
		},
		{
			"from": [-1.5, 24, 7.5],
			"to": [-0.5, 25, 8.5],
			"faces": {
				"north": {"uv": [1, 13.75, 1.25, 14], "texture": "#0"},
				"east": {"uv": [13.75, 1, 14, 1.25], "texture": "#0"},
				"south": {"uv": [1.25, 13.75, 1.5, 14], "texture": "#0"},
				"west": {"uv": [13.75, 1.25, 14, 1.5], "texture": "#0"},
				"up": {"uv": [1.75, 14, 1.5, 13.75], "texture": "#0"},
				"down": {"uv": [14, 1.5, 13.75, 1.75], "texture": "#0"}
			}
		},
		{
			"from": [-0.5, 25, 7.5],
			"to": [1.5, 26, 8.5],
			"faces": {
				"north": {"uv": [3.5, 12, 4, 12.25], "texture": "#0"},
				"east": {"uv": [1.75, 13.75, 2, 14], "texture": "#0"},
				"south": {"uv": [12, 3.75, 12.5, 4], "texture": "#0"},
				"west": {"uv": [2, 13.75, 2.25, 14], "texture": "#0"},
				"up": {"uv": [4.5, 12.25, 4, 12], "texture": "#0"},
				"down": {"uv": [12.5, 4, 12, 4.25], "texture": "#0"}
			}
		},
		{
			"from": [4.5, 27, 7.5],
			"to": [7.5, 28, 8.5],
			"faces": {
				"north": {"uv": [10.25, 4.5, 11, 4.75], "texture": "#0"},
				"east": {"uv": [13.75, 2.25, 14, 2.5], "texture": "#0"},
				"south": {"uv": [10.25, 4.75, 11, 5], "texture": "#0"},
				"west": {"uv": [13.75, 2.5, 14, 2.75], "texture": "#0"},
				"up": {"uv": [11, 5.25, 10.25, 5], "texture": "#0"},
				"down": {"uv": [11, 5.25, 10.25, 5.5], "texture": "#0"}
			}
		},
		{
			"from": [1.5, 26, 7.5],
			"to": [4.5, 27, 8.5],
			"faces": {
				"north": {"uv": [10.25, 5.5, 11, 5.75], "texture": "#0"},
				"east": {"uv": [2.75, 13.75, 3, 14], "texture": "#0"},
				"south": {"uv": [10.25, 5.75, 11, 6], "texture": "#0"},
				"west": {"uv": [13.75, 2.75, 14, 3], "texture": "#0"},
				"up": {"uv": [6.75, 10.5, 6, 10.25], "texture": "#0"},
				"down": {"uv": [11, 6, 10.25, 6.25], "texture": "#0"}
			}
		},
		{
			"from": [1.5, 26, 5.5],
			"to": [4.5, 27, 7.5],
			"faces": {
				"north": {"uv": [10.25, 6.25, 11, 6.5], "texture": "#0"},
				"east": {"uv": [12, 4.25, 12.5, 4.5], "texture": "#0"},
				"south": {"uv": [10.25, 6.5, 11, 6.75], "texture": "#0"},
				"west": {"uv": [4.5, 12, 5, 12.25], "texture": "#0"},
				"up": {"uv": [8, 3.5, 7.25, 3], "texture": "#0"},
				"down": {"uv": [4.25, 7.25, 3.5, 7.75], "texture": "#0"}
			}
		},
		{
			"from": [1.5, 26, 8.5],
			"to": [4.5, 27, 10.5],
			"faces": {
				"north": {"uv": [6.75, 10.25, 7.5, 10.5], "texture": "#0"},
				"east": {"uv": [12, 4.5, 12.5, 4.75], "texture": "#0"},
				"south": {"uv": [10.25, 6.75, 11, 7], "texture": "#0"},
				"west": {"uv": [12, 4.75, 12.5, 5], "texture": "#0"},
				"up": {"uv": [8, 4, 7.25, 3.5], "texture": "#0"},
				"down": {"uv": [8, 4, 7.25, 4.5], "texture": "#0"}
			}
		},
		{
			"from": [11.5, 26, 8.5],
			"to": [14.5, 27, 10.5],
			"faces": {
				"north": {"uv": [10.25, 7, 11, 7.25], "texture": "#0"},
				"east": {"uv": [5, 12, 5.5, 12.25], "texture": "#0"},
				"south": {"uv": [10.25, 7.25, 11, 7.5], "texture": "#0"},
				"west": {"uv": [12, 5, 12.5, 5.25], "texture": "#0"},
				"up": {"uv": [8, 5, 7.25, 4.5], "texture": "#0"},
				"down": {"uv": [8, 5, 7.25, 5.5], "texture": "#0"}
			}
		},
		{
			"from": [11.5, 26, 5.5],
			"to": [14.5, 27, 7.5],
			"faces": {
				"north": {"uv": [10.25, 8, 11, 8.25], "texture": "#0"},
				"east": {"uv": [12, 5.25, 12.5, 5.5], "texture": "#0"},
				"south": {"uv": [10.25, 8.25, 11, 8.5], "texture": "#0"},
				"west": {"uv": [5.5, 12, 6, 12.25], "texture": "#0"},
				"up": {"uv": [8, 6, 7.25, 5.5], "texture": "#0"},
				"down": {"uv": [8, 7, 7.25, 7.5], "texture": "#0"}
			}
		},
		{
			"from": [12.5, 26, 3.5],
			"to": [13.5, 27, 5.5],
			"faces": {
				"north": {"uv": [3, 13.75, 3.25, 14], "texture": "#0"},
				"east": {"uv": [12, 5.5, 12.5, 5.75], "texture": "#0"},
				"south": {"uv": [13.75, 3, 14, 3.25], "texture": "#0"},
				"west": {"uv": [12, 5.75, 12.5, 6], "texture": "#0"},
				"up": {"uv": [6.25, 12.5, 6, 12], "texture": "#0"},
				"down": {"uv": [12.25, 6, 12, 6.5], "texture": "#0"}
			}
		},
		{
			"from": [10.5, 26, 10.5],
			"to": [13.5, 27, 12.5],
			"faces": {
				"north": {"uv": [10.25, 8.5, 11, 8.75], "texture": "#0"},
				"east": {"uv": [6.25, 12, 6.75, 12.25], "texture": "#0"},
				"south": {"uv": [8.75, 10.25, 9.5, 10.5], "texture": "#0"},
				"west": {"uv": [12, 6.5, 12.5, 6.75], "texture": "#0"},
				"up": {"uv": [8.25, 6.5, 7.5, 6], "texture": "#0"},
				"down": {"uv": [8.25, 6.5, 7.5, 7], "texture": "#0"}
			}
		},
		{
			"from": [9.5, 26, 10.5],
			"to": [10.5, 27, 11.5],
			"faces": {
				"north": {"uv": [3.25, 13.75, 3.5, 14], "texture": "#0"},
				"east": {"uv": [3.5, 13.75, 3.75, 14], "texture": "#0"},
				"south": {"uv": [13.75, 3.5, 14, 3.75], "texture": "#0"},
				"west": {"uv": [3.75, 13.75, 4, 14], "texture": "#0"},
				"up": {"uv": [14, 4, 13.75, 3.75], "texture": "#0"},
				"down": {"uv": [14, 4, 13.75, 4.25], "texture": "#0"}
			}
		},
		{
			"from": [10.5, 26, 9.5],
			"to": [11.5, 27, 10.5],
			"faces": {
				"north": {"uv": [13.75, 4.25, 14, 4.5], "texture": "#0"},
				"east": {"uv": [4.5, 13.75, 4.75, 14], "texture": "#0"},
				"south": {"uv": [13.75, 4.5, 14, 4.75], "texture": "#0"},
				"west": {"uv": [4.75, 13.75, 5, 14], "texture": "#0"},
				"up": {"uv": [14, 5, 13.75, 4.75], "texture": "#0"},
				"down": {"uv": [5.25, 13.75, 5, 14], "texture": "#0"}
			}
		},
		{
			"from": [10.5, 26, 5.5],
			"to": [11.5, 27, 6.5],
			"faces": {
				"north": {"uv": [13.75, 5, 14, 5.25], "texture": "#0"},
				"east": {"uv": [5.25, 13.75, 5.5, 14], "texture": "#0"},
				"south": {"uv": [13.75, 5.25, 14, 5.5], "texture": "#0"},
				"west": {"uv": [5.5, 13.75, 5.75, 14], "texture": "#0"},
				"up": {"uv": [14, 5.75, 13.75, 5.5], "texture": "#0"},
				"down": {"uv": [6, 13.75, 5.75, 14], "texture": "#0"}
			}
		},
		{
			"from": [9.5, 26, 4.5],
			"to": [10.5, 27, 5.5],
			"faces": {
				"north": {"uv": [13.75, 5.75, 14, 6], "texture": "#0"},
				"east": {"uv": [6, 13.75, 6.25, 14], "texture": "#0"},
				"south": {"uv": [13.75, 6, 14, 6.25], "texture": "#0"},
				"west": {"uv": [6.25, 13.75, 6.5, 14], "texture": "#0"},
				"up": {"uv": [14, 6.5, 13.75, 6.25], "texture": "#0"},
				"down": {"uv": [6.75, 13.75, 6.5, 14], "texture": "#0"}
			}
		},
		{
			"from": [5.5, 26, 4.5],
			"to": [6.5, 27, 5.5],
			"faces": {
				"north": {"uv": [13.75, 6.5, 14, 6.75], "texture": "#0"},
				"east": {"uv": [6.75, 13.75, 7, 14], "texture": "#0"},
				"south": {"uv": [13.75, 6.75, 14, 7], "texture": "#0"},
				"west": {"uv": [7, 13.75, 7.25, 14], "texture": "#0"},
				"up": {"uv": [14, 7.25, 13.75, 7], "texture": "#0"},
				"down": {"uv": [7.5, 13.75, 7.25, 14], "texture": "#0"}
			}
		},
		{
			"from": [4.5, 26, 5.5],
			"to": [5.5, 27, 6.5],
			"faces": {
				"north": {"uv": [13.75, 7.25, 14, 7.5], "texture": "#0"},
				"east": {"uv": [7.5, 13.75, 7.75, 14], "texture": "#0"},
				"south": {"uv": [13.75, 7.5, 14, 7.75], "texture": "#0"},
				"west": {"uv": [7.75, 13.75, 8, 14], "texture": "#0"},
				"up": {"uv": [14, 8, 13.75, 7.75], "texture": "#0"},
				"down": {"uv": [8.25, 13.75, 8, 14], "texture": "#0"}
			}
		},
		{
			"from": [4.5, 26, 9.5],
			"to": [5.5, 27, 10.5],
			"faces": {
				"north": {"uv": [13.75, 8, 14, 8.25], "texture": "#0"},
				"east": {"uv": [8.25, 13.75, 8.5, 14], "texture": "#0"},
				"south": {"uv": [13.75, 8.25, 14, 8.5], "texture": "#0"},
				"west": {"uv": [8.5, 13.75, 8.75, 14], "texture": "#0"},
				"up": {"uv": [14, 8.75, 13.75, 8.5], "texture": "#0"},
				"down": {"uv": [9, 13.75, 8.75, 14], "texture": "#0"}
			}
		},
		{
			"from": [5.5, 26, 10.5],
			"to": [6.5, 27, 11.5],
			"faces": {
				"north": {"uv": [13.75, 8.75, 14, 9], "texture": "#0"},
				"east": {"uv": [9, 13.75, 9.25, 14], "texture": "#0"},
				"south": {"uv": [13.75, 9, 14, 9.25], "texture": "#0"},
				"west": {"uv": [9.25, 13.75, 9.5, 14], "texture": "#0"},
				"up": {"uv": [14, 9.5, 13.75, 9.25], "texture": "#0"},
				"down": {"uv": [9.75, 13.75, 9.5, 14], "texture": "#0"}
			}
		},
		{
			"from": [2.5, 26, 3.5],
			"to": [5.5, 27, 5.5],
			"faces": {
				"north": {"uv": [10.25, 9, 11, 9.25], "texture": "#0"},
				"east": {"uv": [6.75, 12, 7.25, 12.25], "texture": "#0"},
				"south": {"uv": [10.25, 9.25, 11, 9.5], "texture": "#0"},
				"west": {"uv": [12, 6.75, 12.5, 7], "texture": "#0"},
				"up": {"uv": [8, 8, 7.25, 7.5], "texture": "#0"},
				"down": {"uv": [8.5, 0, 7.75, 0.5], "texture": "#0"}
			}
		},
		{
			"from": [2.5, 26, 10.5],
			"to": [3.5, 27, 12.5],
			"faces": {
				"north": {"uv": [13.75, 9.5, 14, 9.75], "texture": "#0"},
				"east": {"uv": [12, 7, 12.5, 7.25], "texture": "#0"},
				"south": {"uv": [9.75, 13.75, 10, 14], "texture": "#0"},
				"west": {"uv": [7.25, 12, 7.75, 12.25], "texture": "#0"},
				"up": {"uv": [12.25, 7.75, 12, 7.25], "texture": "#0"},
				"down": {"uv": [12.25, 7.75, 12, 8.25], "texture": "#0"}
			}
		},
		{
			"from": [-3.5, 21, 3.5],
			"to": [-2.5, 23, 12.5],
			"faces": {
				"north": {"uv": [8, 12, 8.25, 12.5], "texture": "#0"},
				"east": {"uv": [1, 3.75, 3.25, 4.25], "texture": "#0"},
				"south": {"uv": [8.25, 12, 8.5, 12.5], "texture": "#0"},
				"west": {"uv": [3.25, 3.75, 5.5, 4.25], "texture": "#0"},
				"up": {"uv": [1.25, 7, 1, 4.75], "texture": "#0"},
				"down": {"uv": [1.5, 4.75, 1.25, 7], "texture": "#0"}
			}
		},
		{
			"from": [-2.5, 21, 1.5],
			"to": [-1.5, 23, 4.5],
			"faces": {
				"north": {"uv": [8.5, 12, 8.75, 12.5], "texture": "#0"},
				"east": {"uv": [7.75, 0.5, 8.5, 1], "texture": "#0"},
				"south": {"uv": [8.75, 12, 9, 12.5], "texture": "#0"},
				"west": {"uv": [1, 7.75, 1.75, 8.25], "texture": "#0"},
				"up": {"uv": [7.75, 11, 7.5, 10.25], "texture": "#0"},
				"down": {"uv": [8, 10.25, 7.75, 11], "texture": "#0"}
			}
		},
		{
			"from": [17.5, 21, 1.5],
			"to": [18.5, 23, 4.5],
			"faces": {
				"north": {"uv": [12, 8.75, 12.25, 9.25], "texture": "#0"},
				"east": {"uv": [7.75, 1, 8.5, 1.5], "texture": "#0"},
				"south": {"uv": [9, 12, 9.25, 12.5], "texture": "#0"},
				"west": {"uv": [7.75, 1.5, 8.5, 2], "texture": "#0"},
				"up": {"uv": [10, 11, 9.75, 10.25], "texture": "#0"},
				"down": {"uv": [10.25, 10.25, 10, 11], "texture": "#0"}
			}
		},
		{
			"from": [-2.5, 21, 11.5],
			"to": [-1.5, 23, 14.5],
			"faces": {
				"north": {"uv": [9.25, 12, 9.5, 12.5], "texture": "#0"},
				"east": {"uv": [7.75, 2, 8.5, 2.5], "texture": "#0"},
				"south": {"uv": [12, 9.25, 12.25, 9.75], "texture": "#0"},
				"west": {"uv": [7.75, 2.5, 8.5, 3], "texture": "#0"},
				"up": {"uv": [10.5, 11, 10.25, 10.25], "texture": "#0"},
				"down": {"uv": [10.75, 1.5, 10.5, 2.25], "texture": "#0"}
			}
		},
		{
			"from": [17.5, 21, 11.5],
			"to": [18.5, 23, 14.5],
			"faces": {
				"north": {"uv": [9.5, 12, 9.75, 12.5], "texture": "#0"},
				"east": {"uv": [3.5, 7.75, 4.25, 8.25], "texture": "#0"},
				"south": {"uv": [9.75, 12, 10, 12.5], "texture": "#0"},
				"west": {"uv": [4.25, 7.75, 5, 8.25], "texture": "#0"},
				"up": {"uv": [10.75, 3, 10.5, 2.25], "texture": "#0"},
				"down": {"uv": [10.75, 3, 10.5, 3.75], "texture": "#0"}
			}
		},
		{
			"from": [1.5, 21, -2.5],
			"to": [4.5, 23, -1.5],
			"faces": {
				"north": {"uv": [5, 7.75, 5.75, 8.25], "texture": "#0"},
				"east": {"uv": [12, 9.75, 12.25, 10.25], "texture": "#0"},
				"south": {"uv": [5.75, 7.75, 6.5, 8.25], "texture": "#0"},
				"west": {"uv": [12, 10.25, 12.25, 10.75], "texture": "#0"},
				"up": {"uv": [11, 9.75, 10.25, 9.5], "texture": "#0"},
				"down": {"uv": [11.25, 3.75, 10.5, 4], "texture": "#0"}
			}
		},
		{
			"from": [0.5, 21, -1.5],
			"to": [2.5, 23, -0.5],
			"faces": {
				"north": {"uv": [8, 8.75, 8.5, 9.25], "texture": "#0"},
				"east": {"uv": [10.5, 12, 10.75, 12.5], "texture": "#0"},
				"south": {"uv": [8.75, 8, 9.25, 8.5], "texture": "#0"},
				"west": {"uv": [12, 10.75, 12.25, 11.25], "texture": "#0"},
				"up": {"uv": [12.5, 8.5, 12, 8.25], "texture": "#0"},
				"down": {"uv": [12.5, 11.25, 12, 11.5], "texture": "#0"}
			}
		},
		{
			"from": [13.5, 21, -1.5],
			"to": [15.5, 23, -0.5],
			"faces": {
				"north": {"uv": [8.75, 8.5, 9.25, 9], "texture": "#0"},
				"east": {"uv": [12, 11.5, 12.25, 12], "texture": "#0"},
				"south": {"uv": [0, 9, 0.5, 9.5], "texture": "#0"},
				"west": {"uv": [11.75, 12, 12, 12.5], "texture": "#0"},
				"up": {"uv": [12.5, 12.25, 12, 12], "texture": "#0"},
				"down": {"uv": [12.75, 0, 12.25, 0.25], "texture": "#0"}
			}
		},
		{
			"from": [13.5, 21, 16.5],
			"to": [15.5, 23, 17.5],
			"faces": {
				"north": {"uv": [9, 0, 9.5, 0.5], "texture": "#0"},
				"east": {"uv": [12.25, 0.25, 12.5, 0.75], "texture": "#0"},
				"south": {"uv": [0.5, 9, 1, 9.5], "texture": "#0"},
				"west": {"uv": [12.25, 0.75, 12.5, 1.25], "texture": "#0"},
				"up": {"uv": [12.75, 1.5, 12.25, 1.25], "texture": "#0"},
				"down": {"uv": [2, 12.25, 1.5, 12.5], "texture": "#0"}
			}
		},
		{
			"from": [0.5, 21, 16.5],
			"to": [2.5, 23, 17.5],
			"faces": {
				"north": {"uv": [9, 0.5, 9.5, 1], "texture": "#0"},
				"east": {"uv": [1, 12.25, 1.25, 12.75], "texture": "#0"},
				"south": {"uv": [1, 9, 1.5, 9.5], "texture": "#0"},
				"west": {"uv": [2, 12.25, 2.25, 12.75], "texture": "#0"},
				"up": {"uv": [12.75, 2.25, 12.25, 2], "texture": "#0"},
				"down": {"uv": [2.75, 12.25, 2.25, 12.5], "texture": "#0"}
			}
		},
		{
			"from": [-1.5, 21, 0.5],
			"to": [-0.5, 23, 2.5],
			"faces": {
				"north": {"uv": [12.25, 2.25, 12.5, 2.75], "texture": "#0"},
				"east": {"uv": [9, 1, 9.5, 1.5], "texture": "#0"},
				"south": {"uv": [3, 12.25, 3.25, 12.75], "texture": "#0"},
				"west": {"uv": [9, 1.5, 9.5, 2], "texture": "#0"},
				"up": {"uv": [3.5, 12.75, 3.25, 12.25], "texture": "#0"},
				"down": {"uv": [3.75, 12.25, 3.5, 12.75], "texture": "#0"}
			}
		},
		{
			"from": [-0.5, 21, -0.5],
			"to": [0.5, 23, 0.5],
			"faces": {
				"north": {"uv": [3.75, 12.25, 4, 12.75], "texture": "#0"},
				"east": {"uv": [4, 12.25, 4.25, 12.75], "texture": "#0"},
				"south": {"uv": [4.25, 12.25, 4.5, 12.75], "texture": "#0"},
				"west": {"uv": [4.5, 12.25, 4.75, 12.75], "texture": "#0"},
				"up": {"uv": [14, 10, 13.75, 9.75], "texture": "#0"},
				"down": {"uv": [10.25, 13.75, 10, 14], "texture": "#0"}
			}
		},
		{
			"from": [-0.5, 21, 0.5],
			"to": [0.5, 23, 1.5],
			"faces": {
				"north": {"uv": [4.75, 12.25, 5, 12.75], "texture": "#0"},
				"east": {"uv": [5, 12.25, 5.25, 12.75], "texture": "#0"},
				"south": {"uv": [5.25, 12.25, 5.5, 12.75], "texture": "#0"},
				"west": {"uv": [5.5, 12.25, 5.75, 12.75], "texture": "#0"},
				"up": {"uv": [14, 10.25, 13.75, 10], "texture": "#0"},
				"down": {"uv": [10.5, 13.75, 10.25, 14], "texture": "#0"}
			}
		},
		{
			"from": [0.5, 21, -0.5],
			"to": [1.5, 23, 0.5],
			"faces": {
				"north": {"uv": [5.75, 12.25, 6, 12.75], "texture": "#0"},
				"east": {"uv": [12.25, 6, 12.5, 6.5], "texture": "#0"},
				"south": {"uv": [6.25, 12.25, 6.5, 12.75], "texture": "#0"},
				"west": {"uv": [6.5, 12.25, 6.75, 12.75], "texture": "#0"},
				"up": {"uv": [14, 10.5, 13.75, 10.25], "texture": "#0"},
				"down": {"uv": [10.75, 13.75, 10.5, 14], "texture": "#0"}
			}
		},
		{
			"from": [15.5, 21, -0.5],
			"to": [16.5, 23, 0.5],
			"faces": {
				"north": {"uv": [6.75, 12.25, 7, 12.75], "texture": "#0"},
				"east": {"uv": [7, 12.25, 7.25, 12.75], "texture": "#0"},
				"south": {"uv": [7.25, 12.25, 7.5, 12.75], "texture": "#0"},
				"west": {"uv": [12.25, 7.25, 12.5, 7.75], "texture": "#0"},
				"up": {"uv": [14, 10.75, 13.75, 10.5], "texture": "#0"},
				"down": {"uv": [11, 13.75, 10.75, 14], "texture": "#0"}
			}
		},
		{
			"from": [15.5, 21, 0.5],
			"to": [16.5, 23, 1.5],
			"faces": {
				"north": {"uv": [7.5, 12.25, 7.75, 12.75], "texture": "#0"},
				"east": {"uv": [7.75, 12.25, 8, 12.75], "texture": "#0"},
				"south": {"uv": [12.25, 7.75, 12.5, 8.25], "texture": "#0"},
				"west": {"uv": [12.25, 8.5, 12.5, 9], "texture": "#0"},
				"up": {"uv": [14, 11, 13.75, 10.75], "texture": "#0"},
				"down": {"uv": [11.25, 13.75, 11, 14], "texture": "#0"}
			}
		},
		{
			"from": [14.5, 21, -0.5],
			"to": [15.5, 23, 0.5],
			"faces": {
				"north": {"uv": [12.25, 9, 12.5, 9.5], "texture": "#0"},
				"east": {"uv": [12.25, 9.5, 12.5, 10], "texture": "#0"},
				"south": {"uv": [10, 12.25, 10.25, 12.75], "texture": "#0"},
				"west": {"uv": [12.25, 10, 12.5, 10.5], "texture": "#0"},
				"up": {"uv": [14, 11.25, 13.75, 11], "texture": "#0"},
				"down": {"uv": [11.5, 13.75, 11.25, 14], "texture": "#0"}
			}
		},
		{
			"from": [14.5, 21, 15.5],
			"to": [15.5, 23, 16.5],
			"faces": {
				"north": {"uv": [10.25, 12.25, 10.5, 12.75], "texture": "#0"},
				"east": {"uv": [12.25, 10.5, 12.5, 11], "texture": "#0"},
				"south": {"uv": [10.75, 12.25, 11, 12.75], "texture": "#0"},
				"west": {"uv": [11, 12.25, 11.25, 12.75], "texture": "#0"},
				"up": {"uv": [14, 11.5, 13.75, 11.25], "texture": "#0"},
				"down": {"uv": [11.75, 13.75, 11.5, 14], "texture": "#0"}
			}
		},
		{
			"from": [15.5, 21, 15.5],
			"to": [16.5, 23, 16.5],
			"faces": {
				"north": {"uv": [11.25, 12.25, 11.5, 12.75], "texture": "#0"},
				"east": {"uv": [11.5, 12.25, 11.75, 12.75], "texture": "#0"},
				"south": {"uv": [12.25, 11.5, 12.5, 12], "texture": "#0"},
				"west": {"uv": [12, 12.25, 12.25, 12.75], "texture": "#0"},
				"up": {"uv": [14, 11.75, 13.75, 11.5], "texture": "#0"},
				"down": {"uv": [12, 13.75, 11.75, 14], "texture": "#0"}
			}
		},
		{
			"from": [-0.5, 21, 15.5],
			"to": [0.5, 23, 16.5],
			"faces": {
				"north": {"uv": [12.25, 12.25, 12.5, 12.75], "texture": "#0"},
				"east": {"uv": [0, 12.5, 0.25, 13], "texture": "#0"},
				"south": {"uv": [0.25, 12.5, 0.5, 13], "texture": "#0"},
				"west": {"uv": [12.5, 0.25, 12.75, 0.75], "texture": "#0"},
				"up": {"uv": [14, 12, 13.75, 11.75], "texture": "#0"},
				"down": {"uv": [12.25, 13.75, 12, 14], "texture": "#0"}
			}
		},
		{
			"from": [-0.5, 21, 14.5],
			"to": [0.5, 23, 15.5],
			"faces": {
				"north": {"uv": [0.5, 12.5, 0.75, 13], "texture": "#0"},
				"east": {"uv": [0.75, 12.5, 1, 13], "texture": "#0"},
				"south": {"uv": [12.5, 0.75, 12.75, 1.25], "texture": "#0"},
				"west": {"uv": [1.25, 12.5, 1.5, 13], "texture": "#0"},
				"up": {"uv": [14, 12.25, 13.75, 12], "texture": "#0"},
				"down": {"uv": [12.5, 13.75, 12.25, 14], "texture": "#0"}
			}
		},
		{
			"from": [0.5, 21, 15.5],
			"to": [1.5, 23, 16.5],
			"faces": {
				"north": {"uv": [1.5, 12.5, 1.75, 13], "texture": "#0"},
				"east": {"uv": [12.5, 1.5, 12.75, 2], "texture": "#0"},
				"south": {"uv": [1.75, 12.5, 2, 13], "texture": "#0"},
				"west": {"uv": [2.25, 12.5, 2.5, 13], "texture": "#0"},
				"up": {"uv": [14, 12.5, 13.75, 12.25], "texture": "#0"},
				"down": {"uv": [12.75, 13.75, 12.5, 14], "texture": "#0"}
			}
		},
		{
			"from": [15.5, 21, 14.5],
			"to": [16.5, 23, 15.5],
			"faces": {
				"north": {"uv": [12.5, 2.25, 12.75, 2.75], "texture": "#0"},
				"east": {"uv": [2.5, 12.5, 2.75, 13], "texture": "#0"},
				"south": {"uv": [2.75, 12.5, 3, 13], "texture": "#0"},
				"west": {"uv": [12.5, 2.75, 12.75, 3.25], "texture": "#0"},
				"up": {"uv": [14, 12.75, 13.75, 12.5], "texture": "#0"},
				"down": {"uv": [13, 13.75, 12.75, 14], "texture": "#0"}
			}
		},
		{
			"from": [16.5, 21, 0.5],
			"to": [17.5, 23, 2.5],
			"faces": {
				"north": {"uv": [12.5, 3.25, 12.75, 3.75], "texture": "#0"},
				"east": {"uv": [9, 2, 9.5, 2.5], "texture": "#0"},
				"south": {"uv": [12.5, 3.75, 12.75, 4.25], "texture": "#0"},
				"west": {"uv": [9, 2.5, 9.5, 3], "texture": "#0"},
				"up": {"uv": [12.75, 4.75, 12.5, 4.25], "texture": "#0"},
				"down": {"uv": [12.75, 4.75, 12.5, 5.25], "texture": "#0"}
			}
		},
		{
			"from": [16.5, 21, 13.5],
			"to": [17.5, 23, 15.5],
			"faces": {
				"north": {"uv": [12.5, 5.25, 12.75, 5.75], "texture": "#0"},
				"east": {"uv": [9, 3, 9.5, 3.5], "texture": "#0"},
				"south": {"uv": [12.5, 5.75, 12.75, 6.25], "texture": "#0"},
				"west": {"uv": [3.25, 9, 3.75, 9.5], "texture": "#0"},
				"up": {"uv": [6.25, 13, 6, 12.5], "texture": "#0"},
				"down": {"uv": [12.75, 6.25, 12.5, 6.75], "texture": "#0"}
			}
		},
		{
			"from": [-1.5, 21, 13.5],
			"to": [-0.5, 23, 15.5],
			"faces": {
				"north": {"uv": [12.5, 6.75, 12.75, 7.25], "texture": "#0"},
				"east": {"uv": [9, 3.5, 9.5, 4], "texture": "#0"},
				"south": {"uv": [12.5, 7.25, 12.75, 7.75], "texture": "#0"},
				"west": {"uv": [3.75, 9, 4.25, 9.5], "texture": "#0"},
				"up": {"uv": [12.75, 8.25, 12.5, 7.75], "texture": "#0"},
				"down": {"uv": [8.25, 12.5, 8, 13], "texture": "#0"}
			}
		},
		{
			"from": [1.5, 21, 17.5],
			"to": [4.5, 23, 18.5],
			"faces": {
				"north": {"uv": [6.5, 7.75, 7.25, 8.25], "texture": "#0"},
				"east": {"uv": [8.25, 12.5, 8.5, 13], "texture": "#0"},
				"south": {"uv": [1.75, 8, 2.5, 8.5], "texture": "#0"},
				"west": {"uv": [12.5, 8.25, 12.75, 8.75], "texture": "#0"},
				"up": {"uv": [11.25, 4.25, 10.5, 4], "texture": "#0"},
				"down": {"uv": [11.25, 4.25, 10.5, 4.5], "texture": "#0"}
			}
		},
		{
			"from": [11.5, 21, -2.5],
			"to": [14.5, 23, -1.5],
			"faces": {
				"north": {"uv": [2.5, 8, 3.25, 8.5], "texture": "#0"},
				"east": {"uv": [8.5, 12.5, 8.75, 13], "texture": "#0"},
				"south": {"uv": [8, 3, 8.75, 3.5], "texture": "#0"},
				"west": {"uv": [8.75, 12.5, 9, 13], "texture": "#0"},
				"up": {"uv": [6.75, 10.75, 6, 10.5], "texture": "#0"},
				"down": {"uv": [7.5, 10.5, 6.75, 10.75], "texture": "#0"}
			}
		},
		{
			"from": [11.5, 21, 17.5],
			"to": [14.5, 23, 18.5],
			"faces": {
				"north": {"uv": [8, 3.5, 8.75, 4], "texture": "#0"},
				"east": {"uv": [12.5, 8.75, 12.75, 9.25], "texture": "#0"},
				"south": {"uv": [8, 4, 8.75, 4.5], "texture": "#0"},
				"west": {"uv": [9, 12.5, 9.25, 13], "texture": "#0"},
				"up": {"uv": [9.5, 10.75, 8.75, 10.5], "texture": "#0"},
				"down": {"uv": [11.25, 10, 10.5, 10.25], "texture": "#0"}
			}
		},
		{
			"from": [7.50357, 27, 4.49643],
			"to": [8.50357, 28, 7.49643],
			"rotation": {"angle": 0, "axis": "y", "origin": [-0.07143, 28.21429, 8]},
			"faces": {
				"north": {"uv": [13.75, 12.75, 14, 13], "texture": "#0"},
				"east": {"uv": [10.5, 10.25, 11.25, 10.5], "texture": "#0"},
				"south": {"uv": [13, 13.75, 13.25, 14], "texture": "#0"},
				"west": {"uv": [10.5, 10.5, 11.25, 10.75], "texture": "#0"},
				"up": {"uv": [8.25, 11.25, 8, 10.5], "texture": "#0"},
				"down": {"uv": [8.5, 10.5, 8.25, 11.25], "texture": "#0"}
			}
		},
		{
			"from": [7.50357, 27, 8.49643],
			"to": [8.50357, 28, 11.49643],
			"rotation": {"angle": 0, "axis": "y", "origin": [-0.07143, 28.21429, 8]},
			"faces": {
				"north": {"uv": [13.75, 13, 14, 13.25], "texture": "#0"},
				"east": {"uv": [0, 10.75, 0.75, 11], "texture": "#0"},
				"south": {"uv": [13.25, 13.75, 13.5, 14], "texture": "#0"},
				"west": {"uv": [0.75, 10.75, 1.5, 11], "texture": "#0"},
				"up": {"uv": [1.75, 11.5, 1.5, 10.75], "texture": "#0"},
				"down": {"uv": [11, 1.5, 10.75, 2.25], "texture": "#0"}
			}
		},
		{
			"from": [8.50357, 27, 10.49643],
			"to": [9.50357, 28, 11.49643],
			"rotation": {"angle": 0, "axis": "y", "origin": [-0.07143, 28.21429, 8]},
			"faces": {
				"north": {"uv": [13.75, 13.25, 14, 13.5], "texture": "#0"},
				"east": {"uv": [13.5, 13.75, 13.75, 14], "texture": "#0"},
				"south": {"uv": [13.75, 13.5, 14, 13.75], "texture": "#0"},
				"west": {"uv": [13.75, 13.75, 14, 14], "texture": "#0"},
				"up": {"uv": [0.25, 14.25, 0, 14], "texture": "#0"},
				"down": {"uv": [14.25, 0, 14, 0.25], "texture": "#0"}
			}
		},
		{
			"from": [10.50357, 27, 8.49643],
			"to": [11.50357, 28, 9.49643],
			"rotation": {"angle": 0, "axis": "y", "origin": [-0.07143, 28.21429, 8]},
			"faces": {
				"north": {"uv": [0.25, 14, 0.5, 14.25], "texture": "#0"},
				"east": {"uv": [14, 0.25, 14.25, 0.5], "texture": "#0"},
				"south": {"uv": [0.5, 14, 0.75, 14.25], "texture": "#0"},
				"west": {"uv": [14, 0.5, 14.25, 0.75], "texture": "#0"},
				"up": {"uv": [1, 14.25, 0.75, 14], "texture": "#0"},
				"down": {"uv": [14.25, 0.75, 14, 1], "texture": "#0"}
			}
		},
		{
			"from": [10.50357, 27, 6.49643],
			"to": [11.50357, 28, 7.49643],
			"rotation": {"angle": 0, "axis": "y", "origin": [-0.07143, 28.21429, 8]},
			"faces": {
				"north": {"uv": [1, 14, 1.25, 14.25], "texture": "#0"},
				"east": {"uv": [14, 1, 14.25, 1.25], "texture": "#0"},
				"south": {"uv": [1.25, 14, 1.5, 14.25], "texture": "#0"},
				"west": {"uv": [14, 1.25, 14.25, 1.5], "texture": "#0"},
				"up": {"uv": [1.75, 14.25, 1.5, 14], "texture": "#0"},
				"down": {"uv": [14.25, 1.5, 14, 1.75], "texture": "#0"}
			}
		},
		{
			"from": [4.50357, 27, 6.49643],
			"to": [5.50357, 28, 7.49643],
			"rotation": {"angle": 0, "axis": "y", "origin": [-0.07143, 28.21429, 8]},
			"faces": {
				"north": {"uv": [1.75, 14, 2, 14.25], "texture": "#0"},
				"east": {"uv": [14, 1.75, 14.25, 2], "texture": "#0"},
				"south": {"uv": [2, 14, 2.25, 14.25], "texture": "#0"},
				"west": {"uv": [14, 2, 14.25, 2.25], "texture": "#0"},
				"up": {"uv": [2.5, 14.25, 2.25, 14], "texture": "#0"},
				"down": {"uv": [14.25, 2.25, 14, 2.5], "texture": "#0"}
			}
		},
		{
			"from": [4.50357, 27, 8.49643],
			"to": [5.50357, 28, 9.49643],
			"rotation": {"angle": 0, "axis": "y", "origin": [-0.07143, 28.21429, 8]},
			"faces": {
				"north": {"uv": [2.5, 14, 2.75, 14.25], "texture": "#0"},
				"east": {"uv": [14, 2.5, 14.25, 2.75], "texture": "#0"},
				"south": {"uv": [2.75, 14, 3, 14.25], "texture": "#0"},
				"west": {"uv": [14, 2.75, 14.25, 3], "texture": "#0"},
				"up": {"uv": [3.25, 14.25, 3, 14], "texture": "#0"},
				"down": {"uv": [14.25, 3, 14, 3.25], "texture": "#0"}
			}
		},
		{
			"from": [6.50357, 27, 10.49643],
			"to": [7.50357, 28, 11.49643],
			"rotation": {"angle": 0, "axis": "y", "origin": [-0.07143, 28.21429, 8]},
			"faces": {
				"north": {"uv": [3.25, 14, 3.5, 14.25], "texture": "#0"},
				"east": {"uv": [14, 3.25, 14.25, 3.5], "texture": "#0"},
				"south": {"uv": [3.5, 14, 3.75, 14.25], "texture": "#0"},
				"west": {"uv": [14, 3.5, 14.25, 3.75], "texture": "#0"},
				"up": {"uv": [4, 14.25, 3.75, 14], "texture": "#0"},
				"down": {"uv": [14.25, 3.75, 14, 4], "texture": "#0"}
			}
		},
		{
			"from": [6.50357, 27, 4.49643],
			"to": [7.50357, 28, 5.49643],
			"rotation": {"angle": 0, "axis": "y", "origin": [-0.07143, 28.21429, 8]},
			"faces": {
				"north": {"uv": [4, 14, 4.25, 14.25], "texture": "#0"},
				"east": {"uv": [14, 4, 14.25, 4.25], "texture": "#0"},
				"south": {"uv": [4.25, 14, 4.5, 14.25], "texture": "#0"},
				"west": {"uv": [14, 4.25, 14.25, 4.5], "texture": "#0"},
				"up": {"uv": [4.75, 14.25, 4.5, 14], "texture": "#0"},
				"down": {"uv": [14.25, 4.5, 14, 4.75], "texture": "#0"}
			}
		},
		{
			"from": [8.50357, 27, 4.49643],
			"to": [9.50357, 28, 5.49643],
			"rotation": {"angle": 0, "axis": "y", "origin": [-0.07143, 28.21429, 8]},
			"faces": {
				"north": {"uv": [4.75, 14, 5, 14.25], "texture": "#0"},
				"east": {"uv": [14, 4.75, 14.25, 5], "texture": "#0"},
				"south": {"uv": [5, 14, 5.25, 14.25], "texture": "#0"},
				"west": {"uv": [14, 5, 14.25, 5.25], "texture": "#0"},
				"up": {"uv": [5.5, 14.25, 5.25, 14], "texture": "#0"},
				"down": {"uv": [14.25, 5.25, 14, 5.5], "texture": "#0"}
			}
		},
		{
			"from": [8.50357, 27, 5.49643],
			"to": [10.50357, 28, 7.49643],
			"rotation": {"angle": 0, "axis": "y", "origin": [-0.07143, 28.21429, 8]},
			"faces": {
				"north": {"uv": [12.25, 11, 12.75, 11.25], "texture": "#0"},
				"east": {"uv": [9.25, 12.5, 9.75, 12.75], "texture": "#0"},
				"south": {"uv": [12.5, 9.25, 13, 9.5], "texture": "#0"},
				"west": {"uv": [12.5, 9.5, 13, 9.75], "texture": "#0"},
				"up": {"uv": [9.5, 4.5, 9, 4], "texture": "#0"},
				"down": {"uv": [4.75, 9, 4.25, 9.5], "texture": "#0"}
			}
		},
		{
			"from": [8.50357, 27, 8.49643],
			"to": [10.50357, 28, 10.49643],
			"rotation": {"angle": 0, "axis": "y", "origin": [-0.07143, 28.21429, 8]},
			"faces": {
				"north": {"uv": [12.5, 9.75, 13, 10], "texture": "#0"},
				"east": {"uv": [12.5, 10, 13, 10.25], "texture": "#0"},
				"south": {"uv": [12.5, 10.25, 13, 10.5], "texture": "#0"},
				"west": {"uv": [12.5, 10.5, 13, 10.75], "texture": "#0"},
				"up": {"uv": [9.5, 5, 9, 4.5], "texture": "#0"},
				"down": {"uv": [5.25, 9, 4.75, 9.5], "texture": "#0"}
			}
		},
		{
			"from": [5.50357, 27, 8.49643],
			"to": [7.50357, 28, 10.49643],
			"rotation": {"angle": 0, "axis": "y", "origin": [-0.07143, 28.21429, 8]},
			"faces": {
				"north": {"uv": [12.5, 10.75, 13, 11], "texture": "#0"},
				"east": {"uv": [12.5, 11.25, 13, 11.5], "texture": "#0"},
				"south": {"uv": [12.5, 11.5, 13, 11.75], "texture": "#0"},
				"west": {"uv": [12.5, 11.75, 13, 12], "texture": "#0"},
				"up": {"uv": [9.5, 5.5, 9, 5], "texture": "#0"},
				"down": {"uv": [5.75, 9, 5.25, 9.5], "texture": "#0"}
			}
		},
		{
			"from": [5.50357, 27, 5.49643],
			"to": [7.50357, 28, 7.49643],
			"rotation": {"angle": 0, "axis": "y", "origin": [-0.07143, 28.21429, 8]},
			"faces": {
				"north": {"uv": [12.5, 12, 13, 12.25], "texture": "#0"},
				"east": {"uv": [12.5, 12.25, 13, 12.5], "texture": "#0"},
				"south": {"uv": [12.5, 12.5, 13, 12.75], "texture": "#0"},
				"west": {"uv": [12.75, 0, 13.25, 0.25], "texture": "#0"},
				"up": {"uv": [9.5, 6, 9, 5.5], "texture": "#0"},
				"down": {"uv": [6.25, 9, 5.75, 9.5], "texture": "#0"}
			}
		},
		{
			"from": [7.50357, 26, 1.49643],
			"to": [8.50357, 27, 4.49643],
			"rotation": {"angle": 0, "axis": "y", "origin": [-0.07143, 28.21429, 8]},
			"faces": {
				"north": {"uv": [5.5, 14, 5.75, 14.25], "texture": "#0"},
				"east": {"uv": [1.75, 10.75, 2.5, 11], "texture": "#0"},
				"south": {"uv": [14, 5.5, 14.25, 5.75], "texture": "#0"},
				"west": {"uv": [10.75, 2.25, 11.5, 2.5], "texture": "#0"},
				"up": {"uv": [2.75, 11.5, 2.5, 10.75], "texture": "#0"},
				"down": {"uv": [11, 2.5, 10.75, 3.25], "texture": "#0"}
			}
		},
		{
			"from": [7.50357, 26, 11.49643],
			"to": [8.50357, 27, 14.49643],
			"rotation": {"angle": 0, "axis": "y", "origin": [-0.07143, 28.21429, 8]},
			"faces": {
				"north": {"uv": [5.75, 14, 6, 14.25], "texture": "#0"},
				"east": {"uv": [2.75, 10.75, 3.5, 11], "texture": "#0"},
				"south": {"uv": [14, 5.75, 14.25, 6], "texture": "#0"},
				"west": {"uv": [10.75, 3.25, 11.5, 3.5], "texture": "#0"},
				"up": {"uv": [3.75, 11.5, 3.5, 10.75], "texture": "#0"},
				"down": {"uv": [4, 10.75, 3.75, 11.5], "texture": "#0"}
			}
		},
		{
			"from": [8.50357, 26, 11.49643],
			"to": [10.50357, 27, 14.49643],
			"rotation": {"angle": 0, "axis": "y", "origin": [-0.07143, 28.21429, 8]},
			"faces": {
				"north": {"uv": [12.75, 0.25, 13.25, 0.5], "texture": "#0"},
				"east": {"uv": [10.75, 3.5, 11.5, 3.75], "texture": "#0"},
				"south": {"uv": [12.75, 0.5, 13.25, 0.75], "texture": "#0"},
				"west": {"uv": [4, 10.75, 4.75, 11], "texture": "#0"},
				"up": {"uv": [8.5, 5.25, 8, 4.5], "texture": "#0"},
				"down": {"uv": [8.5, 5.25, 8, 6], "texture": "#0"}
			}
		},
		{
			"from": [5.50357, 26, 11.49643],
			"to": [7.50357, 27, 14.49643],
			"rotation": {"angle": 0, "axis": "y", "origin": [-0.07143, 28.21429, 8]},
			"faces": {
				"north": {"uv": [12.75, 0.75, 13.25, 1], "texture": "#0"},
				"east": {"uv": [4.75, 10.75, 5.5, 11], "texture": "#0"},
				"south": {"uv": [12.75, 1, 13.25, 1.25], "texture": "#0"},
				"west": {"uv": [5.5, 10.75, 6.25, 11], "texture": "#0"},
				"up": {"uv": [8.5, 7.75, 8, 7], "texture": "#0"},
				"down": {"uv": [7.75, 8, 7.25, 8.75], "texture": "#0"}
			}
		},
		{
			"from": [3.50357, 26, 10.49643],
			"to": [5.50357, 27, 13.49643],
			"rotation": {"angle": 0, "axis": "y", "origin": [-0.07143, 28.21429, 8]},
			"faces": {
				"north": {"uv": [12.75, 1.25, 13.25, 1.5], "texture": "#0"},
				"east": {"uv": [6.25, 10.75, 7, 11], "texture": "#0"},
				"south": {"uv": [12.75, 1.5, 13.25, 1.75], "texture": "#0"},
				"west": {"uv": [10.75, 7.5, 11.5, 7.75], "texture": "#0"},
				"up": {"uv": [8.25, 8.75, 7.75, 8], "texture": "#0"},
				"down": {"uv": [1.5, 8.25, 1, 9], "texture": "#0"}
			}
		},
		{
			"from": [3.50357, 26, 2.49643],
			"to": [5.50357, 27, 3.49643],
			"rotation": {"angle": 0, "axis": "y", "origin": [-0.07143, 28.21429, 8]},
			"faces": {
				"north": {"uv": [12.75, 1.75, 13.25, 2], "texture": "#0"},
				"east": {"uv": [6, 14, 6.25, 14.25], "texture": "#0"},
				"south": {"uv": [12.75, 2, 13.25, 2.25], "texture": "#0"},
				"west": {"uv": [14, 6, 14.25, 6.25], "texture": "#0"},
				"up": {"uv": [13.25, 2.5, 12.75, 2.25], "texture": "#0"},
				"down": {"uv": [13.25, 2.5, 12.75, 2.75], "texture": "#0"}
			}
		},
		{
			"from": [5.50357, 26, 1.49643],
			"to": [7.50357, 27, 4.49643],
			"rotation": {"angle": 0, "axis": "y", "origin": [-0.07143, 28.21429, 8]},
			"faces": {
				"north": {"uv": [12.75, 2.75, 13.25, 3], "texture": "#0"},
				"east": {"uv": [10.75, 7.75, 11.5, 8], "texture": "#0"},
				"south": {"uv": [3, 12.75, 3.5, 13], "texture": "#0"},
				"west": {"uv": [8.5, 10.75, 9.25, 11], "texture": "#0"},
				"up": {"uv": [3.75, 9, 3.25, 8.25], "texture": "#0"},
				"down": {"uv": [4.25, 8.25, 3.75, 9], "texture": "#0"}
			}
		},
		{
			"from": [8.50357, 26, 1.49643],
			"to": [10.50357, 27, 4.49643],
			"rotation": {"angle": 0, "axis": "y", "origin": [-0.07143, 28.21429, 8]},
			"faces": {
				"north": {"uv": [12.75, 3, 13.25, 3.25], "texture": "#0"},
				"east": {"uv": [10.75, 8.75, 11.5, 9], "texture": "#0"},
				"south": {"uv": [12.75, 3.25, 13.25, 3.5], "texture": "#0"},
				"west": {"uv": [10.75, 9.75, 11.5, 10], "texture": "#0"},
				"up": {"uv": [4.75, 9, 4.25, 8.25], "texture": "#0"},
				"down": {"uv": [5.25, 8.25, 4.75, 9], "texture": "#0"}
			}
		},
		{
			"from": [10.50357, 26, 2.49643],
			"to": [12.50357, 27, 5.49643],
			"rotation": {"angle": 0, "axis": "y", "origin": [-0.07143, 28.21429, 8]},
			"faces": {
				"north": {"uv": [3.5, 12.75, 4, 13], "texture": "#0"},
				"east": {"uv": [10.5, 10.75, 11.25, 11], "texture": "#0"},
				"south": {"uv": [12.75, 3.5, 13.25, 3.75], "texture": "#0"},
				"west": {"uv": [0, 11, 0.75, 11.25], "texture": "#0"},
				"up": {"uv": [5.75, 9, 5.25, 8.25], "texture": "#0"},
				"down": {"uv": [6.25, 8.25, 5.75, 9], "texture": "#0"}
			}
		},
		{
			"from": [10.50357, 26, 12.49643],
			"to": [12.50357, 27, 13.49643],
			"rotation": {"angle": 0, "axis": "y", "origin": [-0.07143, 28.21429, 8]},
			"faces": {
				"north": {"uv": [12.75, 3.75, 13.25, 4], "texture": "#0"},
				"east": {"uv": [6.25, 14, 6.5, 14.25], "texture": "#0"},
				"south": {"uv": [4, 12.75, 4.5, 13], "texture": "#0"},
				"west": {"uv": [14, 6.25, 14.25, 6.5], "texture": "#0"},
				"up": {"uv": [13.25, 4.25, 12.75, 4], "texture": "#0"},
				"down": {"uv": [13.25, 4.25, 12.75, 4.5], "texture": "#0"}
			}
		},
		{
			"from": [7.50357, 25, -0.50357],
			"to": [8.50357, 26, 1.49643],
			"rotation": {"angle": 0, "axis": "y", "origin": [-0.07143, 28.21429, 8]},
			"faces": {
				"north": {"uv": [6.5, 14, 6.75, 14.25], "texture": "#0"},
				"east": {"uv": [4.5, 12.75, 5, 13], "texture": "#0"},
				"south": {"uv": [14, 6.5, 14.25, 6.75], "texture": "#0"},
				"west": {"uv": [12.75, 4.5, 13.25, 4.75], "texture": "#0"},
				"up": {"uv": [10, 13, 9.75, 12.5], "texture": "#0"},
				"down": {"uv": [10.75, 12.5, 10.5, 13], "texture": "#0"}
			}
		},
		{
			"from": [8.50357, 25, -0.50357],
			"to": [10.50357, 26, 1.49643],
			"rotation": {"angle": 0, "axis": "y", "origin": [-0.07143, 28.21429, 8]},
			"faces": {
				"north": {"uv": [12.75, 4.75, 13.25, 5], "texture": "#0"},
				"east": {"uv": [5, 12.75, 5.5, 13], "texture": "#0"},
				"south": {"uv": [12.75, 5, 13.25, 5.25], "texture": "#0"},
				"west": {"uv": [12.75, 5.25, 13.25, 5.5], "texture": "#0"},
				"up": {"uv": [9.5, 6.5, 9, 6], "texture": "#0"},
				"down": {"uv": [9.5, 6.5, 9, 7], "texture": "#0"}
			}
		},
		{
			"from": [5.50357, 25, -0.50357],
			"to": [7.50357, 26, 1.49643],
			"rotation": {"angle": 0, "axis": "y", "origin": [-0.07143, 28.21429, 8]},
			"faces": {
				"north": {"uv": [5.5, 12.75, 6, 13], "texture": "#0"},
				"east": {"uv": [12.75, 5.5, 13.25, 5.75], "texture": "#0"},
				"south": {"uv": [12.75, 5.75, 13.25, 6], "texture": "#0"},
				"west": {"uv": [12.75, 6, 13.25, 6.25], "texture": "#0"},
				"up": {"uv": [9.5, 7.5, 9, 7], "texture": "#0"},
				"down": {"uv": [9.5, 7.5, 9, 8], "texture": "#0"}
			}
		},
		{
			"from": [3.50357, 25, 0.49643],
			"to": [5.50357, 26, 2.49643],
			"rotation": {"angle": 0, "axis": "y", "origin": [-0.07143, 28.21429, 8]},
			"faces": {
				"north": {"uv": [6.25, 12.75, 6.75, 13], "texture": "#0"},
				"east": {"uv": [12.75, 6.25, 13.25, 6.5], "texture": "#0"},
				"south": {"uv": [12.75, 6.5, 13.25, 6.75], "texture": "#0"},
				"west": {"uv": [6.75, 12.75, 7.25, 13], "texture": "#0"},
				"up": {"uv": [9.25, 9.5, 8.75, 9], "texture": "#0"},
				"down": {"uv": [6.75, 9.25, 6.25, 9.75], "texture": "#0"}
			}
		},
		{
			"from": [1.50357, 25, 1.49643],
			"to": [3.50357, 26, 3.49643],
			"rotation": {"angle": 0, "axis": "y", "origin": [-0.07143, 28.21429, 8]},
			"faces": {
				"north": {"uv": [12.75, 6.75, 13.25, 7], "texture": "#0"},
				"east": {"uv": [12.75, 7, 13.25, 7.25], "texture": "#0"},
				"south": {"uv": [7.25, 12.75, 7.75, 13], "texture": "#0"},
				"west": {"uv": [12.75, 7.25, 13.25, 7.5], "texture": "#0"},
				"up": {"uv": [7.25, 9.75, 6.75, 9.25], "texture": "#0"},
				"down": {"uv": [8.5, 9.25, 8, 9.75], "texture": "#0"}
			}
		},
		{
			"from": [0.50357, 25, 3.49643],
			"to": [2.50357, 26, 5.49643],
			"rotation": {"angle": 0, "axis": "y", "origin": [-0.07143, 28.21429, 8]},
			"faces": {
				"north": {"uv": [12.75, 7.5, 13.25, 7.75], "texture": "#0"},
				"east": {"uv": [12.75, 7.75, 13.25, 8], "texture": "#0"},
				"south": {"uv": [12.75, 8, 13.25, 8.25], "texture": "#0"},
				"west": {"uv": [12.75, 8.25, 13.25, 8.5], "texture": "#0"},
				"up": {"uv": [9.75, 8.5, 9.25, 8], "texture": "#0"},
				"down": {"uv": [9.75, 8.5, 9.25, 9], "texture": "#0"}
			}
		},
		{
			"from": [-0.49643, 25, 5.49643],
			"to": [1.50357, 26, 7.49643],
			"rotation": {"angle": 0, "axis": "y", "origin": [-0.07143, 28.21429, 8]},
			"faces": {
				"north": {"uv": [12.75, 8.5, 13.25, 8.75], "texture": "#0"},
				"east": {"uv": [12.75, 8.75, 13.25, 9], "texture": "#0"},
				"south": {"uv": [12.75, 9, 13.25, 9.25], "texture": "#0"},
				"west": {"uv": [9.25, 12.75, 9.75, 13], "texture": "#0"},
				"up": {"uv": [9.75, 9.5, 9.25, 9], "texture": "#0"},
				"down": {"uv": [0.5, 9.5, 0, 10], "texture": "#0"}
			}
		},
		{
			"from": [-0.49643, 25, 8.49643],
			"to": [1.50357, 26, 10.49643],
			"rotation": {"angle": 0, "axis": "y", "origin": [-0.07143, 28.21429, 8]},
			"faces": {
				"north": {"uv": [10, 12.75, 10.5, 13], "texture": "#0"},
				"east": {"uv": [10.75, 12.75, 11.25, 13], "texture": "#0"},
				"south": {"uv": [12.75, 11, 13.25, 11.25], "texture": "#0"},
				"west": {"uv": [11.25, 12.75, 11.75, 13], "texture": "#0"},
				"up": {"uv": [10, 0.5, 9.5, 0], "texture": "#0"},
				"down": {"uv": [1, 9.5, 0.5, 10], "texture": "#0"}
			}
		},
		{
			"from": [0.50357, 25, 10.49643],
			"to": [2.50357, 26, 12.49643],
			"rotation": {"angle": 0, "axis": "y", "origin": [-0.07143, 28.21429, 8]},
			"faces": {
				"north": {"uv": [11.75, 12.75, 12.25, 13], "texture": "#0"},
				"east": {"uv": [12.25, 12.75, 12.75, 13], "texture": "#0"},
				"south": {"uv": [12.75, 12.75, 13.25, 13], "texture": "#0"},
				"west": {"uv": [0, 13, 0.5, 13.25], "texture": "#0"},
				"up": {"uv": [10, 1, 9.5, 0.5], "texture": "#0"},
				"down": {"uv": [1.5, 9.5, 1, 10], "texture": "#0"}
			}
		},
		{
			"from": [1.50357, 25, 12.49643],
			"to": [3.50357, 26, 14.49643],
			"rotation": {"angle": 0, "axis": "y", "origin": [-0.07143, 28.21429, 8]},
			"faces": {
				"north": {"uv": [0.5, 13, 1, 13.25], "texture": "#0"},
				"east": {"uv": [1, 13, 1.5, 13.25], "texture": "#0"},
				"south": {"uv": [1.5, 13, 2, 13.25], "texture": "#0"},
				"west": {"uv": [2, 13, 2.5, 13.25], "texture": "#0"},
				"up": {"uv": [10, 1.5, 9.5, 1], "texture": "#0"},
				"down": {"uv": [2, 9.5, 1.5, 10], "texture": "#0"}
			}
		},
		{
			"from": [3.50357, 25, 13.49643],
			"to": [5.50357, 26, 15.49643],
			"rotation": {"angle": 0, "axis": "y", "origin": [-0.07143, 28.21429, 8]},
			"faces": {
				"north": {"uv": [2.5, 13, 3, 13.25], "texture": "#0"},
				"east": {"uv": [3, 13, 3.5, 13.25], "texture": "#0"},
				"south": {"uv": [3.5, 13, 4, 13.25], "texture": "#0"},
				"west": {"uv": [4, 13, 4.5, 13.25], "texture": "#0"},
				"up": {"uv": [10, 2, 9.5, 1.5], "texture": "#0"},
				"down": {"uv": [2.5, 9.5, 2, 10], "texture": "#0"}
			}
		},
		{
			"from": [5.50357, 25, 14.49643],
			"to": [7.50357, 26, 16.49643],
			"rotation": {"angle": 0, "axis": "y", "origin": [-0.07143, 28.21429, 8]},
			"faces": {
				"north": {"uv": [4.5, 13, 5, 13.25], "texture": "#0"},
				"east": {"uv": [5, 13, 5.5, 13.25], "texture": "#0"},
				"south": {"uv": [5.5, 13, 6, 13.25], "texture": "#0"},
				"west": {"uv": [6, 13, 6.5, 13.25], "texture": "#0"},
				"up": {"uv": [10, 2.5, 9.5, 2], "texture": "#0"},
				"down": {"uv": [3, 9.5, 2.5, 10], "texture": "#0"}
			}
		},
		{
			"from": [8.50357, 25, 14.49643],
			"to": [10.50357, 26, 16.49643],
			"rotation": {"angle": 0, "axis": "y", "origin": [-0.07143, 28.21429, 8]},
			"faces": {
				"north": {"uv": [6.5, 13, 7, 13.25], "texture": "#0"},
				"east": {"uv": [7, 13, 7.5, 13.25], "texture": "#0"},
				"south": {"uv": [7.5, 13, 8, 13.25], "texture": "#0"},
				"west": {"uv": [8, 13, 8.5, 13.25], "texture": "#0"},
				"up": {"uv": [10, 3, 9.5, 2.5], "texture": "#0"},
				"down": {"uv": [3.5, 9.5, 3, 10], "texture": "#0"}
			}
		},
		{
			"from": [10.50357, 25, 13.49643],
			"to": [12.50357, 26, 15.49643],
			"rotation": {"angle": 0, "axis": "y", "origin": [-0.07143, 28.21429, 8]},
			"faces": {
				"north": {"uv": [8.5, 13, 9, 13.25], "texture": "#0"},
				"east": {"uv": [9, 13, 9.5, 13.25], "texture": "#0"},
				"south": {"uv": [13, 9.25, 13.5, 9.5], "texture": "#0"},
				"west": {"uv": [9.5, 13, 10, 13.25], "texture": "#0"},
				"up": {"uv": [10, 3.5, 9.5, 3], "texture": "#0"},
				"down": {"uv": [4, 9.5, 3.5, 10], "texture": "#0"}
			}
		},
		{
			"from": [12.50357, 25, 12.49643],
			"to": [14.50357, 26, 14.49643],
			"rotation": {"angle": 0, "axis": "y", "origin": [-0.07143, 28.21429, 8]},
			"faces": {
				"north": {"uv": [13, 9.5, 13.5, 9.75], "texture": "#0"},
				"east": {"uv": [13, 9.75, 13.5, 10], "texture": "#0"},
				"south": {"uv": [10, 13, 10.5, 13.25], "texture": "#0"},
				"west": {"uv": [13, 10, 13.5, 10.25], "texture": "#0"},
				"up": {"uv": [10, 4, 9.5, 3.5], "texture": "#0"},
				"down": {"uv": [4.5, 9.5, 4, 10], "texture": "#0"}
			}
		},
		{
			"from": [13.50357, 25, 10.49643],
			"to": [15.50357, 26, 12.49643],
			"rotation": {"angle": 0, "axis": "y", "origin": [-0.07143, 28.21429, 8]},
			"faces": {
				"north": {"uv": [13, 10.25, 13.5, 10.5], "texture": "#0"},
				"east": {"uv": [10.5, 13, 11, 13.25], "texture": "#0"},
				"south": {"uv": [13, 10.5, 13.5, 10.75], "texture": "#0"},
				"west": {"uv": [13, 10.75, 13.5, 11], "texture": "#0"},
				"up": {"uv": [10, 4.5, 9.5, 4], "texture": "#0"},
				"down": {"uv": [5, 9.5, 4.5, 10], "texture": "#0"}
			}
		},
		{
			"from": [14.50357, 25, 8.49643],
			"to": [16.50357, 26, 10.49643],
			"rotation": {"angle": 0, "axis": "y", "origin": [-0.07143, 28.21429, 8]},
			"faces": {
				"north": {"uv": [11, 13, 11.5, 13.25], "texture": "#0"},
				"east": {"uv": [13, 11.25, 13.5, 11.5], "texture": "#0"},
				"south": {"uv": [11.5, 13, 12, 13.25], "texture": "#0"},
				"west": {"uv": [13, 11.5, 13.5, 11.75], "texture": "#0"},
				"up": {"uv": [10, 5, 9.5, 4.5], "texture": "#0"},
				"down": {"uv": [5.5, 9.5, 5, 10], "texture": "#0"}
			}
		},
		{
			"from": [14.50357, 25, 5.49643],
			"to": [16.50357, 26, 7.49643],
			"rotation": {"angle": 0, "axis": "y", "origin": [-0.07143, 28.21429, 8]},
			"faces": {
				"north": {"uv": [13, 11.75, 13.5, 12], "texture": "#0"},
				"east": {"uv": [12, 13, 12.5, 13.25], "texture": "#0"},
				"south": {"uv": [13, 12, 13.5, 12.25], "texture": "#0"},
				"west": {"uv": [13, 12.25, 13.5, 12.5], "texture": "#0"},
				"up": {"uv": [10, 5.5, 9.5, 5], "texture": "#0"},
				"down": {"uv": [6, 9.5, 5.5, 10], "texture": "#0"}
			}
		},
		{
			"from": [13.50357, 25, 3.49643],
			"to": [15.50357, 26, 5.49643],
			"rotation": {"angle": 0, "axis": "y", "origin": [-0.07143, 28.21429, 8]},
			"faces": {
				"north": {"uv": [12.5, 13, 13, 13.25], "texture": "#0"},
				"east": {"uv": [13, 12.5, 13.5, 12.75], "texture": "#0"},
				"south": {"uv": [13, 13, 13.5, 13.25], "texture": "#0"},
				"west": {"uv": [0, 13.25, 0.5, 13.5], "texture": "#0"},
				"up": {"uv": [10, 6, 9.5, 5.5], "texture": "#0"},
				"down": {"uv": [10, 6, 9.5, 6.5], "texture": "#0"}
			}
		},
		{
			"from": [12.50357, 25, 1.49643],
			"to": [14.50357, 26, 3.49643],
			"rotation": {"angle": 0, "axis": "y", "origin": [-0.07143, 28.21429, 8]},
			"faces": {
				"north": {"uv": [13.25, 0, 13.75, 0.25], "texture": "#0"},
				"east": {"uv": [13.25, 0.25, 13.75, 0.5], "texture": "#0"},
				"south": {"uv": [0.5, 13.25, 1, 13.5], "texture": "#0"},
				"west": {"uv": [13.25, 0.5, 13.75, 0.75], "texture": "#0"},
				"up": {"uv": [10, 7, 9.5, 6.5], "texture": "#0"},
				"down": {"uv": [10, 7, 9.5, 7.5], "texture": "#0"}
			}
		},
		{
			"from": [10.50357, 25, 0.49643],
			"to": [12.50357, 26, 2.49643],
			"rotation": {"angle": 0, "axis": "y", "origin": [-0.07143, 28.21429, 8]},
			"faces": {
				"north": {"uv": [13.25, 0.75, 13.75, 1], "texture": "#0"},
				"east": {"uv": [1, 13.25, 1.5, 13.5], "texture": "#0"},
				"south": {"uv": [13.25, 1, 13.75, 1.25], "texture": "#0"},
				"west": {"uv": [13.25, 1.25, 13.75, 1.5], "texture": "#0"},
				"up": {"uv": [10, 8, 9.5, 7.5], "texture": "#0"},
				"down": {"uv": [9, 9.5, 8.5, 10], "texture": "#0"}
			}
		},
		{
			"from": [7.50357, 25, 14.49643],
			"to": [8.50357, 26, 16.49643],
			"rotation": {"angle": 0, "axis": "y", "origin": [-0.07143, 28.21429, 8]},
			"faces": {
				"north": {"uv": [6.75, 14, 7, 14.25], "texture": "#0"},
				"east": {"uv": [1.5, 13.25, 2, 13.5], "texture": "#0"},
				"south": {"uv": [14, 6.75, 14.25, 7], "texture": "#0"},
				"west": {"uv": [13.25, 1.5, 13.75, 1.75], "texture": "#0"},
				"up": {"uv": [13.5, 2.25, 13.25, 1.75], "texture": "#0"},
				"down": {"uv": [2.25, 13.25, 2, 13.75], "texture": "#0"}
			}
		},
		{
			"from": [7.50357, 24, -1.50357],
			"to": [8.50357, 25, -0.50357],
			"rotation": {"angle": 0, "axis": "y", "origin": [-0.07143, 28.21429, 8]},
			"faces": {
				"north": {"uv": [7, 14, 7.25, 14.25], "texture": "#0"},
				"east": {"uv": [14, 7, 14.25, 7.25], "texture": "#0"},
				"south": {"uv": [7.25, 14, 7.5, 14.25], "texture": "#0"},
				"west": {"uv": [14, 7.25, 14.25, 7.5], "texture": "#0"},
				"up": {"uv": [7.75, 14.25, 7.5, 14], "texture": "#0"},
				"down": {"uv": [14.25, 7.5, 14, 7.75], "texture": "#0"}
			}
		},
		{
			"from": [7.50357, 24, 16.49643],
			"to": [8.50357, 25, 17.49643],
			"rotation": {"angle": 0, "axis": "y", "origin": [-0.07143, 28.21429, 8]},
			"faces": {
				"north": {"uv": [7.75, 14, 8, 14.25], "texture": "#0"},
				"east": {"uv": [14, 7.75, 14.25, 8], "texture": "#0"},
				"south": {"uv": [8, 14, 8.25, 14.25], "texture": "#0"},
				"west": {"uv": [14, 8, 14.25, 8.25], "texture": "#0"},
				"up": {"uv": [8.5, 14.25, 8.25, 14], "texture": "#0"},
				"down": {"uv": [14.25, 8.25, 14, 8.5], "texture": "#0"}
			}
		},
		{
			"from": [8.50357, 24, 16.49643],
			"to": [11.50357, 25, 17.49643],
			"rotation": {"angle": 0, "axis": "y", "origin": [-0.07143, 28.21429, 8]},
			"faces": {
				"north": {"uv": [11, 0, 11.75, 0.25], "texture": "#0"},
				"east": {"uv": [8.5, 14, 8.75, 14.25], "texture": "#0"},
				"south": {"uv": [11, 0.25, 11.75, 0.5], "texture": "#0"},
				"west": {"uv": [14, 8.5, 14.25, 8.75], "texture": "#0"},
				"up": {"uv": [11.75, 0.75, 11, 0.5], "texture": "#0"},
				"down": {"uv": [1.5, 11, 0.75, 11.25], "texture": "#0"}
			}
		},
		{
			"from": [10.50357, 24, 15.49643],
			"to": [13.50357, 25, 16.49643],
			"rotation": {"angle": 0, "axis": "y", "origin": [-0.07143, 28.21429, 8]},
			"faces": {
				"north": {"uv": [11, 0.75, 11.75, 1], "texture": "#0"},
				"east": {"uv": [8.75, 14, 9, 14.25], "texture": "#0"},
				"south": {"uv": [11, 1, 11.75, 1.25], "texture": "#0"},
				"west": {"uv": [14, 8.75, 14.25, 9], "texture": "#0"},
				"up": {"uv": [11.75, 1.5, 11, 1.25], "texture": "#0"},
				"down": {"uv": [11.75, 1.5, 11, 1.75], "texture": "#0"}
			}
		},
		{
			"from": [4.50357, 24, 16.49643],
			"to": [7.50357, 25, 17.49643],
			"rotation": {"angle": 0, "axis": "y", "origin": [-0.07143, 28.21429, 8]},
			"faces": {
				"north": {"uv": [1.75, 11, 2.5, 11.25], "texture": "#0"},
				"east": {"uv": [9, 14, 9.25, 14.25], "texture": "#0"},
				"south": {"uv": [11, 1.75, 11.75, 2], "texture": "#0"},
				"west": {"uv": [14, 9, 14.25, 9.25], "texture": "#0"},
				"up": {"uv": [11.75, 2.25, 11, 2], "texture": "#0"},
				"down": {"uv": [11.75, 2.5, 11, 2.75], "texture": "#0"}
			}
		},
		{
			"from": [2.50357, 24, 15.49643],
			"to": [5.50357, 25, 16.49643],
			"rotation": {"angle": 0, "axis": "y", "origin": [-0.07143, 28.21429, 8]},
			"faces": {
				"north": {"uv": [2.75, 11, 3.5, 11.25], "texture": "#0"},
				"east": {"uv": [9.25, 14, 9.5, 14.25], "texture": "#0"},
				"south": {"uv": [11, 2.75, 11.75, 3], "texture": "#0"},
				"west": {"uv": [14, 9.25, 14.25, 9.5], "texture": "#0"},
				"up": {"uv": [11.75, 3.25, 11, 3], "texture": "#0"},
				"down": {"uv": [4.75, 11, 4, 11.25], "texture": "#0"}
			}
		},
		{
			"from": [1.50357, 24, 14.49643],
			"to": [3.50357, 25, 15.49643],
			"rotation": {"angle": 0, "axis": "y", "origin": [-0.07143, 28.21429, 8]},
			"faces": {
				"north": {"uv": [2.25, 13.25, 2.75, 13.5], "texture": "#0"},
				"east": {"uv": [9.5, 14, 9.75, 14.25], "texture": "#0"},
				"south": {"uv": [13.25, 2.25, 13.75, 2.5], "texture": "#0"},
				"west": {"uv": [14, 9.5, 14.25, 9.75], "texture": "#0"},
				"up": {"uv": [13.75, 2.75, 13.25, 2.5], "texture": "#0"},
				"down": {"uv": [3.25, 13.25, 2.75, 13.5], "texture": "#0"}
			}
		},
		{
			"from": [0.50357, 24, 12.49643],
			"to": [1.50357, 25, 14.49643],
			"rotation": {"angle": 0, "axis": "y", "origin": [-0.07143, 28.21429, 8]},
			"faces": {
				"north": {"uv": [9.75, 14, 10, 14.25], "texture": "#0"},
				"east": {"uv": [13.25, 2.75, 13.75, 3], "texture": "#0"},
				"south": {"uv": [14, 9.75, 14.25, 10], "texture": "#0"},
				"west": {"uv": [13.25, 3, 13.75, 3.25], "texture": "#0"},
				"up": {"uv": [3.5, 13.75, 3.25, 13.25], "texture": "#0"},
				"down": {"uv": [13.5, 3.25, 13.25, 3.75], "texture": "#0"}
			}
		},
		{
			"from": [4.50357, 24, -1.50357],
			"to": [7.50357, 25, -0.50357],
			"rotation": {"angle": 0, "axis": "y", "origin": [-0.07143, 28.21429, 8]},
			"faces": {
				"north": {"uv": [11, 4.5, 11.75, 4.75], "texture": "#0"},
				"east": {"uv": [10, 14, 10.25, 14.25], "texture": "#0"},
				"south": {"uv": [4.75, 11, 5.5, 11.25], "texture": "#0"},
				"west": {"uv": [14, 10, 14.25, 10.25], "texture": "#0"},
				"up": {"uv": [11.75, 5, 11, 4.75], "texture": "#0"},
				"down": {"uv": [11.75, 5, 11, 5.25], "texture": "#0"}
			}
		},
		{
			"from": [2.50357, 24, -0.50357],
			"to": [5.50357, 25, 0.49643],
			"rotation": {"angle": 0, "axis": "y", "origin": [-0.07143, 28.21429, 8]},
			"faces": {
				"north": {"uv": [11, 5.25, 11.75, 5.5], "texture": "#0"},
				"east": {"uv": [10.25, 14, 10.5, 14.25], "texture": "#0"},
				"south": {"uv": [5.5, 11, 6.25, 11.25], "texture": "#0"},
				"west": {"uv": [14, 10.25, 14.25, 10.5], "texture": "#0"},
				"up": {"uv": [11.75, 5.75, 11, 5.5], "texture": "#0"},
				"down": {"uv": [11.75, 5.75, 11, 6], "texture": "#0"}
			}
		},
		{
			"from": [8.50357, 24, -1.50357],
			"to": [11.50357, 25, -0.50357],
			"rotation": {"angle": 0, "axis": "y", "origin": [-0.07143, 28.21429, 8]},
			"faces": {
				"north": {"uv": [11, 6, 11.75, 6.25], "texture": "#0"},
				"east": {"uv": [10.5, 14, 10.75, 14.25], "texture": "#0"},
				"south": {"uv": [6.25, 11, 7, 11.25], "texture": "#0"},
				"west": {"uv": [14, 10.5, 14.25, 10.75], "texture": "#0"},
				"up": {"uv": [11.75, 6.5, 11, 6.25], "texture": "#0"},
				"down": {"uv": [11.75, 6.5, 11, 6.75], "texture": "#0"}
			}
		},
		{
			"from": [10.50357, 24, -0.50357],
			"to": [13.50357, 25, 0.49643],
			"rotation": {"angle": 0, "axis": "y", "origin": [-0.07143, 28.21429, 8]},
			"faces": {
				"north": {"uv": [11, 6.75, 11.75, 7], "texture": "#0"},
				"east": {"uv": [10.75, 14, 11, 14.25], "texture": "#0"},
				"south": {"uv": [7, 11, 7.75, 11.25], "texture": "#0"},
				"west": {"uv": [14, 10.75, 14.25, 11], "texture": "#0"},
				"up": {"uv": [11.75, 7.25, 11, 7], "texture": "#0"},
				"down": {"uv": [11.75, 7.25, 11, 7.5], "texture": "#0"}
			}
		},
		{
			"from": [12.50357, 24, 0.49643],
			"to": [14.50357, 25, 1.49643],
			"rotation": {"angle": 0, "axis": "y", "origin": [-0.07143, 28.21429, 8]},
			"faces": {
				"north": {"uv": [3.5, 13.25, 4, 13.5], "texture": "#0"},
				"east": {"uv": [11, 14, 11.25, 14.25], "texture": "#0"},
				"south": {"uv": [13.25, 3.75, 13.75, 4], "texture": "#0"},
				"west": {"uv": [14, 11, 14.25, 11.25], "texture": "#0"},
				"up": {"uv": [4.5, 13.5, 4, 13.25], "texture": "#0"},
				"down": {"uv": [13.75, 4, 13.25, 4.25], "texture": "#0"}
			}
		},
		{
			"from": [4.50357, 23, -2.50357],
			"to": [11.50357, 24, -1.50357],
			"rotation": {"angle": 0, "axis": "y", "origin": [-0.07143, 28.21429, 8]},
			"faces": {
				"north": {"uv": [5.5, 3.75, 7.25, 4], "texture": "#0"},
				"east": {"uv": [11.25, 14, 11.5, 14.25], "texture": "#0"},
				"south": {"uv": [5.5, 4, 7.25, 4.25], "texture": "#0"},
				"west": {"uv": [14, 11.25, 14.25, 11.5], "texture": "#0"},
				"up": {"uv": [7.25, 4.5, 5.5, 4.25], "texture": "#0"},
				"down": {"uv": [7.25, 4.5, 5.5, 4.75], "texture": "#0"}
			}
		},
		{
			"from": [11.50357, 23, -1.50357],
			"to": [13.50357, 24, -0.50357],
			"rotation": {"angle": 0, "axis": "y", "origin": [-0.07143, 28.21429, 8]},
			"faces": {
				"north": {"uv": [13.25, 4.25, 13.75, 4.5], "texture": "#0"},
				"east": {"uv": [11.5, 14, 11.75, 14.25], "texture": "#0"},
				"south": {"uv": [4.5, 13.25, 5, 13.5], "texture": "#0"},
				"west": {"uv": [14, 11.5, 14.25, 11.75], "texture": "#0"},
				"up": {"uv": [13.75, 4.75, 13.25, 4.5], "texture": "#0"},
				"down": {"uv": [13.75, 4.75, 13.25, 5], "texture": "#0"}
			}
		},
		{
			"from": [16.50357, 23, 2.49643],
			"to": [17.50357, 24, 4.49643],
			"rotation": {"angle": 0, "axis": "y", "origin": [-0.07143, 28.21429, 8]},
			"faces": {
				"north": {"uv": [11.75, 14, 12, 14.25], "texture": "#0"},
				"east": {"uv": [5, 13.25, 5.5, 13.5], "texture": "#0"},
				"south": {"uv": [14, 11.75, 14.25, 12], "texture": "#0"},
				"west": {"uv": [13.25, 5, 13.75, 5.25], "texture": "#0"},
				"up": {"uv": [13.5, 5.75, 13.25, 5.25], "texture": "#0"},
				"down": {"uv": [5.75, 13.25, 5.5, 13.75], "texture": "#0"}
			}
		},
		{
			"from": [15.50357, 23, 1.49643],
			"to": [16.50357, 24, 2.49643],
			"rotation": {"angle": 0, "axis": "y", "origin": [-0.07143, 28.21429, 8]},
			"faces": {
				"north": {"uv": [12, 14, 12.25, 14.25], "texture": "#0"},
				"east": {"uv": [14, 12, 14.25, 12.25], "texture": "#0"},
				"south": {"uv": [12.25, 14, 12.5, 14.25], "texture": "#0"},
				"west": {"uv": [14, 12.25, 14.25, 12.5], "texture": "#0"},
				"up": {"uv": [12.75, 14.25, 12.5, 14], "texture": "#0"},
				"down": {"uv": [14.25, 12.5, 14, 12.75], "texture": "#0"}
			}
		},
		{
			"from": [14.50357, 23, 0.49643],
			"to": [15.50357, 24, 1.49643],
			"rotation": {"angle": 0, "axis": "y", "origin": [-0.07143, 28.21429, 8]},
			"faces": {
				"north": {"uv": [12.75, 14, 13, 14.25], "texture": "#0"},
				"east": {"uv": [14, 12.75, 14.25, 13], "texture": "#0"},
				"south": {"uv": [13, 14, 13.25, 14.25], "texture": "#0"},
				"west": {"uv": [14, 13, 14.25, 13.25], "texture": "#0"},
				"up": {"uv": [13.5, 14.25, 13.25, 14], "texture": "#0"},
				"down": {"uv": [14.25, 13.25, 14, 13.5], "texture": "#0"}
			}
		},
		{
			"from": [13.50357, 23, -0.50357],
			"to": [14.50357, 24, 0.49643],
			"rotation": {"angle": 0, "axis": "y", "origin": [-0.07143, 28.21429, 8]},
			"faces": {
				"north": {"uv": [13.5, 14, 13.75, 14.25], "texture": "#0"},
				"east": {"uv": [14, 13.5, 14.25, 13.75], "texture": "#0"},
				"south": {"uv": [13.75, 14, 14, 14.25], "texture": "#0"},
				"west": {"uv": [14, 13.75, 14.25, 14], "texture": "#0"},
				"up": {"uv": [14.25, 14.25, 14, 14], "texture": "#0"},
				"down": {"uv": [0.25, 14.25, 0, 14.5], "texture": "#0"}
			}
		},
		{
			"from": [4.50357, 23, 17.49643],
			"to": [11.50357, 24, 18.49643],
			"rotation": {"angle": 0, "axis": "y", "origin": [-0.07143, 28.21429, 8]},
			"faces": {
				"north": {"uv": [5.5, 4.75, 7.25, 5], "texture": "#0"},
				"east": {"uv": [14.25, 0, 14.5, 0.25], "texture": "#0"},
				"south": {"uv": [5.5, 5, 7.25, 5.25], "texture": "#0"},
				"west": {"uv": [0.25, 14.25, 0.5, 14.5], "texture": "#0"},
				"up": {"uv": [7.25, 5.5, 5.5, 5.25], "texture": "#0"},
				"down": {"uv": [7.25, 5.5, 5.5, 5.75], "texture": "#0"}
			}
		},
		{
			"from": [2.50357, 23, 16.49643],
			"to": [4.50357, 24, 17.49643],
			"rotation": {"angle": 0, "axis": "y", "origin": [-0.07143, 28.21429, 8]},
			"faces": {
				"north": {"uv": [5.75, 13.25, 6.25, 13.5], "texture": "#0"},
				"east": {"uv": [14.25, 0.25, 14.5, 0.5], "texture": "#0"},
				"south": {"uv": [13.25, 5.75, 13.75, 6], "texture": "#0"},
				"west": {"uv": [0.5, 14.25, 0.75, 14.5], "texture": "#0"},
				"up": {"uv": [13.75, 6.25, 13.25, 6], "texture": "#0"},
				"down": {"uv": [6.75, 13.25, 6.25, 13.5], "texture": "#0"}
			}
		},
		{
			"from": [-1.49643, 23, 11.49643],
			"to": [-0.49643, 24, 13.49643],
			"rotation": {"angle": 0, "axis": "y", "origin": [-0.07143, 28.21429, 8]},
			"faces": {
				"north": {"uv": [14.25, 0.5, 14.5, 0.75], "texture": "#0"},
				"east": {"uv": [13.25, 6.25, 13.75, 6.5], "texture": "#0"},
				"south": {"uv": [0.75, 14.25, 1, 14.5], "texture": "#0"},
				"west": {"uv": [13.25, 6.5, 13.75, 6.75], "texture": "#0"},
				"up": {"uv": [7, 13.75, 6.75, 13.25], "texture": "#0"},
				"down": {"uv": [13.5, 6.75, 13.25, 7.25], "texture": "#0"}
			}
		},
		{
			"from": [-0.49643, 23, 13.49643],
			"to": [0.50357, 24, 14.49643],
			"rotation": {"angle": 0, "axis": "y", "origin": [-0.07143, 28.21429, 8]},
			"faces": {
				"north": {"uv": [14.25, 0.75, 14.5, 1], "texture": "#0"},
				"east": {"uv": [1, 14.25, 1.25, 14.5], "texture": "#0"},
				"south": {"uv": [14.25, 1, 14.5, 1.25], "texture": "#0"},
				"west": {"uv": [1.25, 14.25, 1.5, 14.5], "texture": "#0"},
				"up": {"uv": [14.5, 1.5, 14.25, 1.25], "texture": "#0"},
				"down": {"uv": [1.75, 14.25, 1.5, 14.5], "texture": "#0"}
			}
		},
		{
			"from": [0.50357, 23, 14.49643],
			"to": [1.50357, 24, 15.49643],
			"rotation": {"angle": 0, "axis": "y", "origin": [-0.07143, 28.21429, 8]},
			"faces": {
				"north": {"uv": [14.25, 1.5, 14.5, 1.75], "texture": "#0"},
				"east": {"uv": [1.75, 14.25, 2, 14.5], "texture": "#0"},
				"south": {"uv": [14.25, 1.75, 14.5, 2], "texture": "#0"},
				"west": {"uv": [2, 14.25, 2.25, 14.5], "texture": "#0"},
				"up": {"uv": [14.5, 2.25, 14.25, 2], "texture": "#0"},
				"down": {"uv": [2.5, 14.25, 2.25, 14.5], "texture": "#0"}
			}
		},
		{
			"from": [1.50357, 23, 15.49643],
			"to": [2.50357, 24, 16.49643],
			"rotation": {"angle": 0, "axis": "y", "origin": [-0.07143, 28.21429, 8]},
			"faces": {
				"north": {"uv": [14.25, 2.25, 14.5, 2.5], "texture": "#0"},
				"east": {"uv": [2.5, 14.25, 2.75, 14.5], "texture": "#0"},
				"south": {"uv": [14.25, 2.5, 14.5, 2.75], "texture": "#0"},
				"west": {"uv": [2.75, 14.25, 3, 14.5], "texture": "#0"},
				"up": {"uv": [14.5, 3, 14.25, 2.75], "texture": "#0"},
				"down": {"uv": [3.25, 14.25, 3, 14.5], "texture": "#0"}
			}
		},
		{
			"from": [3.50357, 21, -3.50357],
			"to": [12.50357, 23, -2.50357],
			"rotation": {"angle": 0, "axis": "y", "origin": [-0.07143, 28.21429, 8]},
			"faces": {
				"north": {"uv": [1, 4.25, 3.25, 4.75], "texture": "#0"},
				"east": {"uv": [7, 13.25, 7.25, 13.75], "texture": "#0"},
				"south": {"uv": [3.25, 4.25, 5.5, 4.75], "texture": "#0"},
				"west": {"uv": [7.25, 13.25, 7.5, 13.75], "texture": "#0"},
				"up": {"uv": [6.75, 2.25, 4.5, 2], "texture": "#0"},
				"down": {"uv": [6.75, 2.25, 4.5, 2.5], "texture": "#0"}
			}
		},
		{
			"from": [3.50357, 21, 18.49643],
			"to": [12.50357, 23, 19.49643],
			"rotation": {"angle": 0, "axis": "y", "origin": [-0.07143, 28.21429, 8]},
			"faces": {
				"north": {"uv": [4.5, 0, 6.75, 0.5], "texture": "#0"},
				"east": {"uv": [13.25, 7.25, 13.5, 7.75], "texture": "#0"},
				"south": {"uv": [4.5, 0.5, 6.75, 1], "texture": "#0"},
				"west": {"uv": [7.5, 13.25, 7.75, 13.75], "texture": "#0"},
				"up": {"uv": [6.75, 2.75, 4.5, 2.5], "texture": "#0"},
				"down": {"uv": [6.75, 2.75, 4.5, 3], "texture": "#0"}
			}
		},
		{
			"from": [17.5, 23, 4.5],
			"to": [18.5, 24, 11.5],
			"rotation": {"angle": 0, "axis": "y", "origin": [0, 28.21429, 8]},
			"faces": {
				"north": {"uv": [14.25, 3, 14.5, 3.25], "texture": "#0"},
				"east": {"uv": [5.5, 5.75, 7.25, 6], "texture": "#0"},
				"south": {"uv": [3.25, 14.25, 3.5, 14.5], "texture": "#0"},
				"west": {"uv": [5.5, 6, 7.25, 6.25], "texture": "#0"},
				"up": {"uv": [4, 7.25, 3.75, 5.5], "texture": "#0"},
				"down": {"uv": [4.25, 5.5, 4, 7.25], "texture": "#0"}
			}
		},
		{
			"from": [16.5, 23, 11.5],
			"to": [17.5, 24, 13.5],
			"rotation": {"angle": 0, "axis": "y", "origin": [0, 28.21429, 8]},
			"faces": {
				"north": {"uv": [14.25, 3.25, 14.5, 3.5], "texture": "#0"},
				"east": {"uv": [7.75, 13.25, 8.25, 13.5], "texture": "#0"},
				"south": {"uv": [3.5, 14.25, 3.75, 14.5], "texture": "#0"},
				"west": {"uv": [13.25, 7.75, 13.75, 8], "texture": "#0"},
				"up": {"uv": [13.5, 8.5, 13.25, 8], "texture": "#0"},
				"down": {"uv": [8.5, 13.25, 8.25, 13.75], "texture": "#0"}
			}
		},
		{
			"from": [13.5, 23, 15.5],
			"to": [14.5, 24, 16.5],
			"rotation": {"angle": 0, "axis": "y", "origin": [0, 28.21429, 8]},
			"faces": {
				"north": {"uv": [14.25, 3.5, 14.5, 3.75], "texture": "#0"},
				"east": {"uv": [3.75, 14.25, 4, 14.5], "texture": "#0"},
				"south": {"uv": [14.25, 3.75, 14.5, 4], "texture": "#0"},
				"west": {"uv": [4, 14.25, 4.25, 14.5], "texture": "#0"},
				"up": {"uv": [14.5, 4.25, 14.25, 4], "texture": "#0"},
				"down": {"uv": [4.5, 14.25, 4.25, 14.5], "texture": "#0"}
			}
		},
		{
			"from": [14.5, 23, 14.5],
			"to": [15.5, 24, 15.5],
			"rotation": {"angle": 0, "axis": "y", "origin": [0, 28.21429, 8]},
			"faces": {
				"north": {"uv": [14.25, 4.25, 14.5, 4.5], "texture": "#0"},
				"east": {"uv": [4.5, 14.25, 4.75, 14.5], "texture": "#0"},
				"south": {"uv": [14.25, 4.5, 14.5, 4.75], "texture": "#0"},
				"west": {"uv": [4.75, 14.25, 5, 14.5], "texture": "#0"},
				"up": {"uv": [14.5, 5, 14.25, 4.75], "texture": "#0"},
				"down": {"uv": [5.25, 14.25, 5, 14.5], "texture": "#0"}
			}
		},
		{
			"from": [15.5, 23, 13.5],
			"to": [16.5, 24, 14.5],
			"rotation": {"angle": 0, "axis": "y", "origin": [0, 28.21429, 8]},
			"faces": {
				"north": {"uv": [14.25, 5, 14.5, 5.25], "texture": "#0"},
				"east": {"uv": [5.25, 14.25, 5.5, 14.5], "texture": "#0"},
				"south": {"uv": [14.25, 5.25, 14.5, 5.5], "texture": "#0"},
				"west": {"uv": [5.5, 14.25, 5.75, 14.5], "texture": "#0"},
				"up": {"uv": [14.5, 5.75, 14.25, 5.5], "texture": "#0"},
				"down": {"uv": [6, 14.25, 5.75, 14.5], "texture": "#0"}
			}
		},
		{
			"from": [11.5, 23, 16.5],
			"to": [13.5, 24, 17.5],
			"rotation": {"angle": 0, "axis": "y", "origin": [0, 28.21429, 8]},
			"faces": {
				"north": {"uv": [8.5, 13.25, 9, 13.5], "texture": "#0"},
				"east": {"uv": [14.25, 5.75, 14.5, 6], "texture": "#0"},
				"south": {"uv": [13.25, 8.5, 13.75, 8.75], "texture": "#0"},
				"west": {"uv": [6, 14.25, 6.25, 14.5], "texture": "#0"},
				"up": {"uv": [13.75, 9, 13.25, 8.75], "texture": "#0"},
				"down": {"uv": [9.5, 13.25, 9, 13.5], "texture": "#0"}
			}
		},
		{
			"from": [16.5, 24, 7.5],
			"to": [17.5, 25, 8.5],
			"rotation": {"angle": 0, "axis": "y", "origin": [0, 28.21429, 8]},
			"faces": {
				"north": {"uv": [14.25, 6, 14.5, 6.25], "texture": "#0"},
				"east": {"uv": [6.25, 14.25, 6.5, 14.5], "texture": "#0"},
				"south": {"uv": [14.25, 6.25, 14.5, 6.5], "texture": "#0"},
				"west": {"uv": [6.5, 14.25, 6.75, 14.5], "texture": "#0"},
				"up": {"uv": [14.5, 6.75, 14.25, 6.5], "texture": "#0"},
				"down": {"uv": [7, 14.25, 6.75, 14.5], "texture": "#0"}
			}
		},
		{
			"from": [16.5, 24, 8.5],
			"to": [17.5, 25, 11.5],
			"rotation": {"angle": 0, "axis": "y", "origin": [0, 28.21429, 8]},
			"faces": {
				"north": {"uv": [14.25, 6.75, 14.5, 7], "texture": "#0"},
				"east": {"uv": [11, 8, 11.75, 8.25], "texture": "#0"},
				"south": {"uv": [7, 14.25, 7.25, 14.5], "texture": "#0"},
				"west": {"uv": [11, 8.25, 11.75, 8.5], "texture": "#0"},
				"up": {"uv": [9.5, 11.5, 9.25, 10.75], "texture": "#0"},
				"down": {"uv": [9.75, 10.75, 9.5, 11.5], "texture": "#0"}
			}
		},
		{
			"from": [15.5, 24, 10.5],
			"to": [16.5, 25, 13.5],
			"rotation": {"angle": 0, "axis": "y", "origin": [0, 28.21429, 8]},
			"faces": {
				"north": {"uv": [14.25, 7, 14.5, 7.25], "texture": "#0"},
				"east": {"uv": [8.5, 11, 9.25, 11.25], "texture": "#0"},
				"south": {"uv": [7.25, 14.25, 7.5, 14.5], "texture": "#0"},
				"west": {"uv": [11, 8.5, 11.75, 8.75], "texture": "#0"},
				"up": {"uv": [8, 11.75, 7.75, 11], "texture": "#0"},
				"down": {"uv": [11.25, 9, 11, 9.75], "texture": "#0"}
			}
		},
		{
			"from": [14.5, 24, 12.5],
			"to": [15.5, 25, 14.5],
			"rotation": {"angle": 0, "axis": "y", "origin": [0, 28.21429, 8]},
			"faces": {
				"north": {"uv": [14.25, 7.25, 14.5, 7.5], "texture": "#0"},
				"east": {"uv": [13.25, 9, 13.75, 9.25], "texture": "#0"},
				"south": {"uv": [7.5, 14.25, 7.75, 14.5], "texture": "#0"},
				"west": {"uv": [9.5, 13.25, 10, 13.5], "texture": "#0"},
				"up": {"uv": [10.25, 13.75, 10, 13.25], "texture": "#0"},
				"down": {"uv": [10.5, 13.25, 10.25, 13.75], "texture": "#0"}
			}
		},
		{
			"from": [12.5, 24, 14.5],
			"to": [14.5, 25, 15.5],
			"rotation": {"angle": 0, "axis": "y", "origin": [0, 28.21429, 8]},
			"faces": {
				"north": {"uv": [10.5, 13.25, 11, 13.5], "texture": "#0"},
				"east": {"uv": [14.25, 7.5, 14.5, 7.75], "texture": "#0"},
				"south": {"uv": [11, 13.25, 11.5, 13.5], "texture": "#0"},
				"west": {"uv": [7.75, 14.25, 8, 14.5], "texture": "#0"},
				"up": {"uv": [13.75, 11.25, 13.25, 11], "texture": "#0"},
				"down": {"uv": [12, 13.25, 11.5, 13.5], "texture": "#0"}
			}
		},
		{
			"from": [-1.5, 24, 8.5],
			"to": [-0.5, 25, 11.5],
			"rotation": {"angle": 0, "axis": "y", "origin": [0, 28.21429, 8]},
			"faces": {
				"north": {"uv": [14.25, 7.75, 14.5, 8], "texture": "#0"},
				"east": {"uv": [9.75, 11, 10.5, 11.25], "texture": "#0"},
				"south": {"uv": [8, 14.25, 8.25, 14.5], "texture": "#0"},
				"west": {"uv": [10.5, 11, 11.25, 11.25], "texture": "#0"},
				"up": {"uv": [0.25, 12, 0, 11.25], "texture": "#0"},
				"down": {"uv": [0.5, 11.25, 0.25, 12], "texture": "#0"}
			}
		},
		{
			"from": [-0.5, 24, 10.5],
			"to": [0.5, 25, 13.5],
			"rotation": {"angle": 0, "axis": "y", "origin": [0, 28.21429, 8]},
			"faces": {
				"north": {"uv": [14.25, 8, 14.5, 8.25], "texture": "#0"},
				"east": {"uv": [0.5, 11.25, 1.25, 11.5], "texture": "#0"},
				"south": {"uv": [8.25, 14.25, 8.5, 14.5], "texture": "#0"},
				"west": {"uv": [1.75, 11.25, 2.5, 11.5], "texture": "#0"},
				"up": {"uv": [1.5, 12, 1.25, 11.25], "texture": "#0"},
				"down": {"uv": [3, 11.25, 2.75, 12], "texture": "#0"}
			}
		},
		{
			"from": [-1.5, 24, 4.5],
			"to": [-0.5, 25, 7.5],
			"rotation": {"angle": 0, "axis": "y", "origin": [0, 28.21429, 8]},
			"faces": {
				"north": {"uv": [14.25, 8.25, 14.5, 8.5], "texture": "#0"},
				"east": {"uv": [11.25, 3.75, 12, 4], "texture": "#0"},
				"south": {"uv": [8.5, 14.25, 8.75, 14.5], "texture": "#0"},
				"west": {"uv": [4, 11.25, 4.75, 11.5], "texture": "#0"},
				"up": {"uv": [3.25, 12, 3, 11.25], "texture": "#0"},
				"down": {"uv": [3.5, 11.25, 3.25, 12], "texture": "#0"}
			}
		},
		{
			"from": [-0.5, 24, 2.5],
			"to": [0.5, 25, 5.5],
			"rotation": {"angle": 0, "axis": "y", "origin": [0, 28.21429, 8]},
			"faces": {
				"north": {"uv": [14.25, 8.5, 14.5, 8.75], "texture": "#0"},
				"east": {"uv": [11.25, 4, 12, 4.25], "texture": "#0"},
				"south": {"uv": [8.75, 14.25, 9, 14.5], "texture": "#0"},
				"west": {"uv": [11.25, 4.25, 12, 4.5], "texture": "#0"},
				"up": {"uv": [5, 12, 4.75, 11.25], "texture": "#0"},
				"down": {"uv": [5.25, 11.25, 5, 12], "texture": "#0"}
			}
		},
		{
			"from": [0.5, 24, 1.5],
			"to": [1.5, 25, 3.5],
			"rotation": {"angle": 0, "axis": "y", "origin": [0, 28.21429, 8]},
			"faces": {
				"north": {"uv": [14.25, 8.75, 14.5, 9], "texture": "#0"},
				"east": {"uv": [12, 13.25, 12.5, 13.5], "texture": "#0"},
				"south": {"uv": [9, 14.25, 9.25, 14.5], "texture": "#0"},
				"west": {"uv": [12.5, 13.25, 13, 13.5], "texture": "#0"},
				"up": {"uv": [13.25, 13.75, 13, 13.25], "texture": "#0"},
				"down": {"uv": [13.5, 13.25, 13.25, 13.75], "texture": "#0"}
			}
		},
		{
			"from": [1.5, 24, 0.5],
			"to": [3.5, 25, 1.5],
			"rotation": {"angle": 0, "axis": "y", "origin": [0, 28.21429, 8]},
			"faces": {
				"north": {"uv": [13.25, 12.75, 13.75, 13], "texture": "#0"},
				"east": {"uv": [14.25, 9, 14.5, 9.25], "texture": "#0"},
				"south": {"uv": [0, 13.5, 0.5, 13.75], "texture": "#0"},
				"west": {"uv": [9.25, 14.25, 9.5, 14.5], "texture": "#0"},
				"up": {"uv": [1, 13.75, 0.5, 13.5], "texture": "#0"},
				"down": {"uv": [1.5, 13.5, 1, 13.75], "texture": "#0"}
			}
		},
		{
			"from": [16.5, 24, 4.5],
			"to": [17.5, 25, 7.5],
			"rotation": {"angle": 0, "axis": "y", "origin": [0, 28.21429, 8]},
			"faces": {
				"north": {"uv": [14.25, 9.25, 14.5, 9.5], "texture": "#0"},
				"east": {"uv": [5.25, 11.25, 6, 11.5], "texture": "#0"},
				"south": {"uv": [9.5, 14.25, 9.75, 14.5], "texture": "#0"},
				"west": {"uv": [6, 11.25, 6.75, 11.5], "texture": "#0"},
				"up": {"uv": [7, 12, 6.75, 11.25], "texture": "#0"},
				"down": {"uv": [7.25, 11.25, 7, 12], "texture": "#0"}
			}
		},
		{
			"from": [15.5, 24, 2.5],
			"to": [16.5, 25, 5.5],
			"rotation": {"angle": 0, "axis": "y", "origin": [0, 28.21429, 8]},
			"faces": {
				"north": {"uv": [14.25, 9.5, 14.5, 9.75], "texture": "#0"},
				"east": {"uv": [8, 11.25, 8.75, 11.5], "texture": "#0"},
				"south": {"uv": [9.75, 14.25, 10, 14.5], "texture": "#0"},
				"west": {"uv": [11.25, 9, 12, 9.25], "texture": "#0"},
				"up": {"uv": [7.5, 12, 7.25, 11.25], "texture": "#0"},
				"down": {"uv": [7.75, 11.25, 7.5, 12], "texture": "#0"}
			}
		},
		{
			"from": [14.5, 24, 1.5],
			"to": [15.5, 25, 3.5],
			"rotation": {"angle": 0, "axis": "y", "origin": [0, 28.21429, 8]},
			"faces": {
				"north": {"uv": [14.25, 9.75, 14.5, 10], "texture": "#0"},
				"east": {"uv": [1.5, 13.5, 2, 13.75], "texture": "#0"},
				"south": {"uv": [10, 14.25, 10.25, 14.5], "texture": "#0"},
				"west": {"uv": [13.5, 1.75, 14, 2], "texture": "#0"},
				"up": {"uv": [2.5, 14, 2.25, 13.5], "texture": "#0"},
				"down": {"uv": [2.75, 13.5, 2.5, 14], "texture": "#0"}
			}
		},
		{
			"from": [14.5, 25, 7.5],
			"to": [16.5, 26, 8.5],
			"rotation": {"angle": 0, "axis": "y", "origin": [0, 28.21429, 8]},
			"faces": {
				"north": {"uv": [13.5, 2, 14, 2.25], "texture": "#0"},
				"east": {"uv": [14.25, 10, 14.5, 10.25], "texture": "#0"},
				"south": {"uv": [2.75, 13.5, 3.25, 13.75], "texture": "#0"},
				"west": {"uv": [10.25, 14.25, 10.5, 14.5], "texture": "#0"},
				"up": {"uv": [14, 3.5, 13.5, 3.25], "texture": "#0"},
				"down": {"uv": [4, 13.5, 3.5, 13.75], "texture": "#0"}
			}
		},
		{
			"from": [8.5, 27, 7.5],
			"to": [11.5, 28, 8.5],
			"rotation": {"angle": 0, "axis": "y", "origin": [0, 28.21429, 8]},
			"faces": {
				"north": {"uv": [11.25, 9.25, 12, 9.5], "texture": "#0"},
				"east": {"uv": [14.25, 10.25, 14.5, 10.5], "texture": "#0"},
				"south": {"uv": [11.25, 9.5, 12, 9.75], "texture": "#0"},
				"west": {"uv": [10.5, 14.25, 10.75, 14.5], "texture": "#0"},
				"up": {"uv": [10.5, 11.5, 9.75, 11.25], "texture": "#0"},
				"down": {"uv": [12, 10, 11.25, 10.25], "texture": "#0"}
			}
		},
		{
			"from": [7.5, 27, 7.5],
			"to": [8.5, 30, 8.5],
			"rotation": {"angle": 0, "axis": "y", "origin": [0, 28.21429, 8]},
			"faces": {
				"north": {"uv": [8.75, 11.25, 9, 12], "texture": "#0"},
				"east": {"uv": [9, 11.25, 9.25, 12], "texture": "#0"},
				"south": {"uv": [11.25, 10.25, 11.5, 11], "texture": "#0"},
				"west": {"uv": [10.5, 11.25, 10.75, 12], "texture": "#0"},
				"up": {"uv": [14.5, 10.75, 14.25, 10.5], "texture": "#0"},
				"down": {"uv": [11, 14.25, 10.75, 14.5], "texture": "#0"}
			}
		},
		{
			"from": [7, 30, 7],
			"to": [9, 32, 9],
			"rotation": {"angle": 0, "axis": "y", "origin": [0, 28.21429, 8]},
			"faces": {
				"north": {"uv": [9, 9.5, 9.5, 10], "texture": "#0"},
				"east": {"uv": [9.5, 9.5, 10, 10], "texture": "#0"},
				"south": {"uv": [6, 9.75, 6.5, 10.25], "texture": "#0"},
				"west": {"uv": [6.5, 9.75, 7, 10.25], "texture": "#0"},
				"up": {"uv": [7.5, 10.25, 7, 9.75], "texture": "#0"},
				"down": {"uv": [8, 9.75, 7.5, 10.25], "texture": "#0"}
			}
		},
		{
			"from": [11.5, 26, 7.5],
			"to": [14.5, 27, 8.5],
			"rotation": {"angle": 0, "axis": "y", "origin": [0, 28.21429, 8]},
			"faces": {
				"north": {"uv": [10.75, 11.25, 11.5, 11.5], "texture": "#0"},
				"east": {"uv": [14.25, 10.75, 14.5, 11], "texture": "#0"},
				"south": {"uv": [11.25, 11, 12, 11.25], "texture": "#0"},
				"west": {"uv": [11, 14.25, 11.25, 14.5], "texture": "#0"},
				"up": {"uv": [1.25, 11.75, 0.5, 11.5], "texture": "#0"},
				"down": {"uv": [2.25, 11.5, 1.5, 11.75], "texture": "#0"}
			}
		},
		{
			"from": [18.5, 21, 3.5],
			"to": [19.5, 23, 12.5],
			"rotation": {"angle": 0, "axis": "y", "origin": [0, 28.21429, 8]},
			"faces": {
				"north": {"uv": [4, 13.5, 4.25, 14], "texture": "#0"},
				"east": {"uv": [4.5, 1, 6.75, 1.5], "texture": "#0"},
				"south": {"uv": [4.25, 13.5, 4.5, 14], "texture": "#0"},
				"west": {"uv": [4.5, 1.5, 6.75, 2], "texture": "#0"},
				"up": {"uv": [1.75, 7, 1.5, 4.75], "texture": "#0"},
				"down": {"uv": [2, 4.75, 1.75, 7], "texture": "#0"}
			}
		}
	],
	"display": {
		"thirdperson_righthand": {
			"rotation": [76.5, 41, 0],
			"translation": [0, 3.5, 14],
			"scale": [1.05, 1.05, 1.05]
		},
		"thirdperson_lefthand": {
			"rotation": [76.5, 41, 0],
			"translation": [0, 3.5, 14],
			"scale": [1.05, 1.05, 1.05]
		},
		"firstperson_righthand": {
			"scale": [0, 0, 0]
		},
		"firstperson_lefthand": {
			"scale": [0, 0, 0]
		},
		"ground": {
			"rotation": [0, -49, -55],
			"translation": [0, 10, 0]
		},
		"gui": {
			"rotation": [-14, -41, 26],
			"translation": [0.5, -1.5, 0],
			"scale": [0.47, 0.43, 0.39]
		},
		"head": {
			"translation": [0, -8.5, 0]
		},
		"fixed": {
			"rotation": [-26, 5, -1],
			"translation": [0, 11.25, -7]
		}
	},
	"groups": [
		{
			"name": "group",
			"origin": [8, 8, 8],
			"color": 0,
			"children": [
				0,
				1,
				2,
				{
					"name": "group",
					"origin": [0, 0, 0],
					"color": 0,
					"children": [3, 4, 5, 6, 7, 8, 9, 10, 11, 12, 13, 14, 15, 16, 17, 18, 19, 20, 21, 22, 23, 24, 25, 26, 27, 28, 29, 30, 31, 32, 33, 34, 35, 36, 37, 38, 39, 40, 41, 42]
				},
				{
					"name": "group",
					"origin": [8, 8, 8],
					"color": 0,
					"children": [
						43,
						44,
						45,
						46,
						47,
						48,
						49,
						50,
						51,
						52,
						53,
						54,
						55,
						56,
						57,
						58,
						59,
						60,
						61,
						62,
						63,
						64,
						65,
						66,
						67,
						68,
						69,
						70,
						71,
						72,
						73,
						74,
						75,
						76,
						77,
						78,
						79,
						80,
						81,
						82,
						83,
						84,
						85,
						86,
						87,
						88,
						89,
						90,
						91,
						92,
						93,
						94,
						95,
						96,
						97,
						98,
						99,
						100,
						101,
						102,
						103,
						104,
						105,
						106,
						107,
						108,
						109,
						110,
						111,
						112,
						113,
						114,
						115,
						116,
						117,
						118,
						119,
						120,
						121,
						122,
						123,
						124,
						125,
						126,
						127,
						128,
						129,
						130,
						131,
						132,
						133,
						134,
						135,
						136,
						137,
						138,
						139,
						140,
						141,
						142,
						143,
						144,
						145,
						146,
						147,
						148,
						149,
						150,
						151,
						152,
						153,
						154,
						155,
						156,
						157,
						158,
						159,
						160,
						161,
						162,
						163,
						164,
						165,
						166,
						167,
						168,
						169,
						170,
						171,
						172,
						173,
						174,
						175,
						176,
						177,
						178,
						179,
						180,
						181,
						182,
						183,
						184,
						185,
						186,
						187,
						188,
						189,
						190,
						191,
						192,
						193,
						194,
						195,
						196
					]
				}
			]
		}
	]
}