{
	"credit": "Made with Blockbench",
	"ambientocclusion": false,
	"texture_size": [6, 8],
	"textures": {
		"0": "item/moon_scepter",
		"particle": "item/moon_scepter"
	},
	"elements": [
		{
			"from": [7, 12.5, 6.75],
			"to": [9, 14.5, 9.25],
			"shade": false,
			"rotation": {"angle": 0, "axis": "y", "origin": [19, 14, 0]},
			"faces": {
				"north": {"uv": [5.33333, 0, 0, 4], "rotation": 270, "texture": "#0"},
				"east": {"uv": [5.33333, 0, 0, 4], "rotation": 270, "texture": "#0"},
				"south": {"uv": [5.33333, 0, 0, 4], "rotation": 270, "texture": "#0"},
				"west": {"uv": [5.33333, 0, 0, 4], "rotation": 270, "texture": "#0"},
				"up": {"uv": [5.33333, 0, 0, 4], "rotation": 270, "texture": "#0"},
				"down": {"uv": [5.33333, 0, 0, 4], "rotation": 270, "texture": "#0"}
			}
		},
		{
			"from": [6.75, 12.5, 7],
			"to": [9.25, 14.5, 9],
			"shade": false,
			"rotation": {"angle": 0, "axis": "y", "origin": [8, 13.5, 8]},
			"faces": {
				"north": {"uv": [5.33333, 0, 0, 4], "rotation": 270, "texture": "#0"},
				"east": {"uv": [5.33333, 0, 0, 4], "rotation": 270, "texture": "#0"},
				"south": {"uv": [5.33333, 0, 0, 4], "rotation": 270, "texture": "#0"},
				"west": {"uv": [5.33333, 0, 0, 4], "rotation": 270, "texture": "#0"},
				"up": {"uv": [5.33333, 0, 0, 4], "rotation": 180, "texture": "#0"},
				"down": {"uv": [5.33333, 0, 0, 4], "texture": "#0"}
			}
		},
		{
			"from": [7, 12.25, 7],
			"to": [9, 14.75, 9],
			"shade": false,
			"rotation": {"angle": 0, "axis": "y", "origin": [8, 14, 8]},
			"faces": {
				"north": {"uv": [5.33333, 0, 0, 4], "rotation": 270, "texture": "#0"},
				"east": {"uv": [5.33333, 0, 0, 4], "rotation": 270, "texture": "#0"},
				"south": {"uv": [5.33333, 0, 0, 4], "rotation": 270, "texture": "#0"},
				"west": {"uv": [5.33333, 0, 0, 4], "rotation": 270, "texture": "#0"},
				"up": {"uv": [5.33333, 0, 0, 4], "rotation": 270, "texture": "#0"}
			}
		},
		{
			"from": [6.5, 11.7, 7],
			"to": [9.5, 12.45, 9],
			"shade": false,
			"rotation": {"angle": 0, "axis": "y", "origin": [8, 14, 8]},
			"faces": {
				"north": {"uv": [8, 0, 10.66667, 2], "rotation": 90, "texture": "#0"},
				"east": {"uv": [8, 0, 10.66667, 2], "rotation": 90, "texture": "#0"},
				"south": {"uv": [8, 0, 10.66667, 2], "rotation": 90, "texture": "#0"},
				"west": {"uv": [8, 0, 10.66667, 2], "rotation": 90, "texture": "#0"},
				"up": {"uv": [8, 0, 10.66667, 2], "rotation": 90, "texture": "#0"}
			}
		},
		{
			"from": [7, 11.7, 6.5],
			"to": [9, 12.45, 9.5],
			"shade": false,
			"rotation": {"angle": 0, "axis": "y", "origin": [8, 12.075, 8]},
			"faces": {
				"north": {"uv": [8, 0, 10.66667, 2], "rotation": 90, "texture": "#0"},
				"east": {"uv": [8, 0, 10.66667, 2], "rotation": 90, "texture": "#0"},
				"south": {"uv": [8, 0, 10.66667, 2], "rotation": 90, "texture": "#0"},
				"west": {"uv": [8, 0, 10.66667, 2], "rotation": 90, "texture": "#0"},
				"up": {"uv": [8, 0, 10.66667, 2], "rotation": 90, "texture": "#0"},
				"down": {"uv": [8, 0, 10.66667, 2], "rotation": 90, "texture": "#0"}
			}
		},
		{
			"from": [8.97266, 19.52734, 7.5],
			"to": [9.72266, 19.77734, 8.5],
			"rotation": {"angle": 0, "axis": "z", "origin": [5.69352, 18.91098, 8]},
			"faces": {
				"north": {"uv": [8, 0, 10.66667, 2], "rotation": 90, "texture": "#0"},
				"east": {"uv": [8, 0, 10.66667, 2], "rotation": 90, "texture": "#0"},
				"south": {"uv": [8, 0, 10.66667, 2], "rotation": 90, "texture": "#0"},
				"down": {"uv": [8, 0, 10.66667, 2], "rotation": 90, "texture": "#0"}
			}
		},
		{
			"from": [6.97266, 20.27734, 7.5],
			"to": [7.97266, 20.52734, 8.5],
			"rotation": {"angle": 0, "axis": "z", "origin": [6.47266, 20.40234, 8]},
			"faces": {
				"north": {"uv": [8, 0, 10.66667, 2], "rotation": 90, "texture": "#0"},
				"south": {"uv": [8, 0, 10.66667, 2], "rotation": 90, "texture": "#0"},
				"up": {"uv": [8, 0, 10.66667, 2], "rotation": 90, "texture": "#0"}
			}
		},
		{
			"from": [6.97266, 20.02734, 7.5],
			"to": [8.52266, 20.27734, 8.5],
			"rotation": {"angle": 0, "axis": "z", "origin": [6.47266, 20.40234, 8]},
			"faces": {
				"north": {"uv": [8, 0, 10.66667, 2], "rotation": 90, "texture": "#0"},
				"east": {"uv": [8, 0, 10.66667, 2], "rotation": 90, "texture": "#0"},
				"south": {"uv": [8, 0, 10.66667, 2], "rotation": 90, "texture": "#0"}
			}
		},
		{
			"from": [7.50408, 20.17163, 7.5],
			"to": [9.50408, 20.42163, 8.5],
			"rotation": {"angle": -22.5, "axis": "z", "origin": [8.00408, 19.29663, 8]},
			"faces": {
				"north": {"uv": [8, 0, 10.66667, 2], "rotation": 90, "texture": "#0"},
				"east": {"uv": [8, 0, 10.66667, 2], "rotation": 90, "texture": "#0"},
				"south": {"uv": [8, 0, 10.66667, 2], "rotation": 90, "texture": "#0"},
				"west": {"uv": [8, 0, 10.66667, 2], "rotation": 90, "texture": "#0"},
				"up": {"uv": [8, 0, 10.66667, 2], "rotation": 90, "texture": "#0"},
				"down": {"uv": [8, 0, 10.66667, 2], "rotation": 90, "texture": "#0"}
			}
		},
		{
			"from": [7.15, 19.52734, 7.5],
			"to": [9.15, 20.02734, 8.5],
			"rotation": {"angle": 0, "axis": "z", "origin": [8.54256, 20.02734, 8]},
			"faces": {
				"north": {"uv": [8, 0, 10.66667, 2], "rotation": 90, "texture": "#0"},
				"south": {"uv": [8, 0, 10.66667, 2], "rotation": 90, "texture": "#0"},
				"up": {"uv": [8, 0, 10.66667, 2], "rotation": 90, "texture": "#0"},
				"down": {"uv": [8, 0, 10.66667, 2], "rotation": 90, "texture": "#0"}
			}
		},
		{
			"from": [11.78762, 14.75096, 7.5],
			"to": [12.03762, 15.50096, 8.5],
			"rotation": {"angle": -22.5, "axis": "z", "origin": [12.26299, 14.09163, 8]},
			"faces": {
				"north": {"uv": [8, 0, 10.66667, 2], "rotation": 90, "texture": "#0"},
				"south": {"uv": [8, 0, 10.66667, 2], "rotation": 90, "texture": "#0"},
				"west": {"uv": [8, 0, 10.66667, 2], "rotation": 90, "texture": "#0"},
				"up": {"uv": [8, 0, 10.66667, 2], "rotation": 90, "texture": "#0"}
			}
		},
		{
			"from": [11.78762, 12.9283, 7.5],
			"to": [12.28762, 14.9283, 8.5],
			"rotation": {"angle": -22.5, "axis": "z", "origin": [12.26299, 14.09163, 8]},
			"faces": {
				"north": {"uv": [8, 0, 10.66667, 2], "rotation": 90, "texture": "#0"},
				"east": {"uv": [8, 0, 10.66667, 2], "rotation": 90, "texture": "#0"},
				"south": {"uv": [8, 0, 10.66667, 2], "rotation": 90, "texture": "#0"},
				"west": {"uv": [8, 0, 10.66667, 2], "rotation": 90, "texture": "#0"}
			}
		},
		{
			"from": [12.53762, 12.75096, 7.5],
			"to": [12.78762, 13.75096, 8.5],
			"rotation": {"angle": -22.5, "axis": "z", "origin": [12.26299, 14.09163, 8]},
			"faces": {
				"north": {"uv": [8, 0, 10.66667, 2], "rotation": 90, "texture": "#0"},
				"east": {"uv": [8, 0, 10.66667, 2], "rotation": 90, "texture": "#0"},
				"south": {"uv": [8, 0, 10.66667, 2], "rotation": 90, "texture": "#0"}
			}
		},
		{
			"from": [12.36732, 13.57612, 7.5],
			"to": [12.61732, 15.57612, 8.5],
			"rotation": {"angle": 0, "axis": "z", "origin": [12.26299, 14.09163, 8]},
			"faces": {
				"north": {"uv": [8, 0, 10.66667, 2], "rotation": 90, "texture": "#0"},
				"east": {"uv": [8, 0, 10.66667, 2], "rotation": 90, "texture": "#0"},
				"south": {"uv": [8, 0, 10.66667, 2], "rotation": 90, "texture": "#0"},
				"west": {"uv": [8, 0, 10.66667, 2], "rotation": 90, "texture": "#0"},
				"up": {"uv": [8, 0, 10.66667, 2], "rotation": 90, "texture": "#0"}
			}
		},
		{
			"from": [12.28762, 12.75096, 7.5],
			"to": [12.53762, 14.30096, 8.5],
			"rotation": {"angle": -22.5, "axis": "z", "origin": [12.26299, 14.09163, 8]},
			"faces": {
				"north": {"uv": [8, 0, 10.66667, 2], "rotation": 90, "texture": "#0"},
				"south": {"uv": [8, 0, 10.66667, 2], "rotation": 90, "texture": "#0"},
				"up": {"uv": [8, 0, 10.66667, 2], "rotation": 90, "texture": "#0"}
			}
		},
		{
			"from": [10.12244, 11.49702, 7],
			"to": [10.62244, 12.74702, 9],
			"rotation": {"angle": 22.5, "axis": "z", "origin": [11.12244, 13.12202, 8]},
			"faces": {
				"north": {"uv": [8, 0, 10.66667, 2], "rotation": 90, "texture": "#0"},
				"east": {"uv": [8, 0, 10.66667, 2], "rotation": 90, "texture": "#0"},
				"south": {"uv": [8, 0, 10.66667, 2], "rotation": 90, "texture": "#0"},
				"up": {"uv": [8, 0, 10.66667, 2], "rotation": 90, "texture": "#0"},
				"down": {"uv": [8, 0, 10.66667, 2], "rotation": 90, "texture": "#0"}
			}
		},
		{
			"from": [4.95169, 12.69746, 7],
			"to": [5.20169, 13.19746, 9],
			"rotation": {"angle": 22.5, "axis": "z", "origin": [5.07669, 12.94746, 8]},
			"faces": {
				"north": {"uv": [8, 0, 10.66667, 2], "rotation": 90, "texture": "#0"},
				"east": {"uv": [8, 0, 10.66667, 2], "rotation": 90, "texture": "#0"},
				"south": {"uv": [8, 0, 10.66667, 2], "rotation": 90, "texture": "#0"}
			}
		},
		{
			"from": [4.95169, 17.80254, 7],
			"to": [5.20169, 18.30254, 9],
			"rotation": {"angle": -22.5, "axis": "z", "origin": [5.07669, 18.05254, 8]},
			"faces": {
				"north": {"uv": [8, 0, 10.66667, 2], "rotation": 90, "texture": "#0"},
				"east": {"uv": [8, 0, 10.66667, 2], "rotation": 90, "texture": "#0"},
				"south": {"uv": [8, 0, 10.66667, 2], "rotation": 90, "texture": "#0"}
			}
		},
		{
			"from": [7.38415, 19.45865, 7.5],
			"to": [7.88415, 19.70865, 8.5],
			"rotation": {"angle": 22.5, "axis": "z", "origin": [7.63415, 19.58365, 8]},
			"faces": {
				"north": {"uv": [8, 0, 10.66667, 2], "rotation": 90, "texture": "#0"},
				"south": {"uv": [8, 0, 10.66667, 2], "rotation": 90, "texture": "#0"},
				"down": {"uv": [8, 0, 10.66667, 2], "rotation": 90, "texture": "#0"}
			}
		},
		{
			"from": [5.97217, 18.89325, 7.5],
			"to": [6.22217, 19.39325, 8.5],
			"rotation": {"angle": -45, "axis": "z", "origin": [6.09717, 19.14325, 8]},
			"faces": {
				"north": {"uv": [8, 0, 10.66667, 2], "rotation": 90, "texture": "#0"},
				"south": {"uv": [8, 0, 10.66667, 2], "rotation": 90, "texture": "#0"}
			}
		},
		{
			"from": [5.49385, 18.66479, 7.25],
			"to": [7.49385, 19.91479, 8.75],
			"rotation": {"angle": 22.5, "axis": "z", "origin": [5.69352, 18.91098, 8]},
			"faces": {
				"north": {"uv": [8, 0, 10.66667, 2], "rotation": 90, "texture": "#0"},
				"east": {"uv": [8, 0, 10.66667, 2], "rotation": 90, "texture": "#0"},
				"south": {"uv": [8, 0, 10.66667, 2], "rotation": 90, "texture": "#0"},
				"up": {"uv": [8, 0, 10.66667, 2], "rotation": 90, "texture": "#0"},
				"down": {"uv": [8, 0, 10.66667, 2], "rotation": 90, "texture": "#0"}
			}
		},
		{
			"from": [3.89319, 18.66479, 7],
			"to": [5.89319, 19.91479, 9],
			"rotation": {"angle": 45, "axis": "z", "origin": [5.69352, 18.91098, 8]},
			"faces": {
				"north": {"uv": [8, 0, 10.66667, 2], "rotation": 90, "texture": "#0"},
				"east": {"uv": [8, 0, 10.66667, 2], "rotation": 90, "texture": "#0"},
				"south": {"uv": [8, 0, 10.66667, 2], "rotation": 90, "texture": "#0"},
				"up": {"uv": [8, 0, 10.66667, 2], "rotation": 90, "texture": "#0"},
				"down": {"uv": [8, 0, 10.66667, 2], "rotation": 90, "texture": "#0"}
			}
		},
		{
			"from": [4.07716, 15.63183, 7],
			"to": [5.57716, 17.63183, 9],
			"rotation": {"angle": -22.5, "axis": "z", "origin": [5.69352, 18.91098, 8]},
			"faces": {
				"north": {"uv": [8, 0, 10.66667, 2], "rotation": 90, "texture": "#0"},
				"east": {"uv": [8, 0, 10.66667, 2], "rotation": 90, "texture": "#0"},
				"south": {"uv": [8, 0, 10.66667, 2], "rotation": 90, "texture": "#0"},
				"west": {"uv": [8, 0, 10.66667, 2], "rotation": 90, "texture": "#0"},
				"up": {"uv": [8, 0, 10.66667, 2], "rotation": 90, "texture": "#0"}
			}
		},
		{
			"from": [2.94532, 14.5, 7],
			"to": [4.44532, 16.5, 9],
			"rotation": {"angle": 0, "axis": "z", "origin": [7.40674, 12.65494, 8]},
			"faces": {
				"north": {"uv": [8, 0, 10.66667, 2], "rotation": 90, "texture": "#0"},
				"east": {"uv": [8, 0, 10.66667, 2], "rotation": 90, "texture": "#0"},
				"south": {"uv": [8, 0, 10.66667, 2], "rotation": 90, "texture": "#0"},
				"west": {"uv": [8, 0, 10.66667, 2], "rotation": 90, "texture": "#0"}
			}
		},
		{
			"from": [3.991, 14.06687, 7],
			"to": [5.491, 16.06687, 9],
			"rotation": {"angle": 22.5, "axis": "z", "origin": [7.40674, 12.65494, 8]},
			"faces": {
				"north": {"uv": [8, 0, 10.66667, 2], "rotation": 90, "texture": "#0"},
				"east": {"uv": [8, 0, 10.66667, 2], "rotation": 90, "texture": "#0"},
				"south": {"uv": [8, 0, 10.66667, 2], "rotation": 90, "texture": "#0"},
				"west": {"uv": [8, 0, 10.66667, 2], "rotation": 90, "texture": "#0"}
			}
		},
		{
			"from": [4.79133, 13.26654, 7],
			"to": [6.04133, 15.26654, 9],
			"rotation": {"angle": 45, "axis": "z", "origin": [7.40674, 12.65494, 8]},
			"faces": {
				"north": {"uv": [8, 0, 10.66667, 2], "rotation": 90, "texture": "#0"},
				"east": {"uv": [8, 0, 10.66667, 2], "rotation": 90, "texture": "#0"},
				"south": {"uv": [8, 0, 10.66667, 2], "rotation": 90, "texture": "#0"},
				"west": {"uv": [8, 0, 10.66667, 2], "rotation": 90, "texture": "#0"},
				"down": {"uv": [8, 0, 10.66667, 2], "rotation": 90, "texture": "#0"}
			}
		},
		{
			"from": [5.84083, 10.47266, 7],
			"to": [7.84083, 11.72266, 9],
			"rotation": {"angle": -22.5, "axis": "z", "origin": [7.40674, 12.65494, 8]},
			"faces": {
				"north": {"uv": [8, 0, 10.66667, 2], "rotation": 90, "texture": "#0"},
				"south": {"uv": [8, 0, 10.66667, 2], "rotation": 90, "texture": "#0"},
				"west": {"uv": [8, 0, 10.66667, 2], "rotation": 90, "texture": "#0"},
				"up": {"uv": [8, 0, 10.66667, 2], "rotation": 90, "texture": "#0"},
				"down": {"uv": [8, 0, 10.66667, 2], "rotation": 90, "texture": "#0"}
			}
		},
		{
			"from": [8.81867, 9.2392, 7.25],
			"to": [10.81867, 10.2392, 8.75],
			"rotation": {"angle": 45, "axis": "z", "origin": [7.40674, 12.65494, 8]},
			"faces": {
				"north": {"uv": [8, 0, 10.66667, 2], "rotation": 90, "texture": "#0"},
				"east": {"uv": [8, 0, 10.66667, 2], "rotation": 90, "texture": "#0"},
				"south": {"uv": [8, 0, 10.66667, 2], "rotation": 90, "texture": "#0"},
				"up": {"uv": [8, 0, 10.66667, 2], "rotation": 90, "texture": "#0"},
				"down": {"uv": [8, 0, 10.66667, 2], "rotation": 90, "texture": "#0"}
			}
		},
		{
			"from": [8.01834, 10.03953, 7],
			"to": [10.01834, 11.28953, 9],
			"rotation": {"angle": 22.5, "axis": "z", "origin": [7.40674, 12.65494, 8]},
			"faces": {
				"north": {"uv": [8, 0, 10.66667, 2], "rotation": 90, "texture": "#0"},
				"south": {"uv": [8, 0, 10.66667, 2], "rotation": 90, "texture": "#0"},
				"up": {"uv": [8, 0, 10.66667, 2], "rotation": 90, "texture": "#0"},
				"down": {"uv": [8, 0, 10.66667, 2], "rotation": 90, "texture": "#0"}
			}
		},
		{
			"from": [6.97266, 10.47266, 7],
			"to": [8.97266, 11.72266, 9],
			"rotation": {"angle": 0, "axis": "z", "origin": [7.40674, 12.65494, 8]},
			"faces": {
				"north": {"uv": [8, 0, 10.66667, 2], "rotation": 90, "texture": "#0"},
				"south": {"uv": [8, 0, 10.66667, 2], "rotation": 90, "texture": "#0"},
				"down": {"uv": [8, 0, 10.66667, 2], "rotation": 90, "texture": "#0"}
			}
		},
		{
			"from": [2.77734, 9.97266, 7.75],
			"to": [6.77734, 10.97266, 8.25],
			"rotation": {"angle": -22.5, "axis": "z", "origin": [6.02734, 9.97266, 8]},
			"faces": {
				"north": {"uv": [8, 0, 10.66667, 2], "rotation": 90, "texture": "#0"},
				"south": {"uv": [8, 0, 10.66667, 2], "rotation": 90, "texture": "#0"},
				"west": {"uv": [8, 0, 10.66667, 2], "rotation": 90, "texture": "#0"},
				"up": {"uv": [8, 0, 10.66667, 2], "rotation": 90, "texture": "#0"},
				"down": {"uv": [8, 0, 10.66667, 2], "rotation": 90, "texture": "#0"}
			}
		},
		{
			"from": [3.68115, 9.48907, 7.75],
			"to": [7.68115, 10.48907, 8.25],
			"rotation": {"angle": 0, "axis": "z", "origin": [4.68115, 9.98907, 8]},
			"faces": {
				"north": {"uv": [8, 0, 10.66667, 2], "rotation": 90, "texture": "#0"},
				"south": {"uv": [8, 0, 10.66667, 2], "rotation": 90, "texture": "#0"},
				"west": {"uv": [8, 0, 10.66667, 2], "rotation": 90, "texture": "#0"},
				"up": {"uv": [8, 0, 10.66667, 2], "rotation": 90, "texture": "#0"},
				"down": {"uv": [8, 0, 10.66667, 2], "rotation": 90, "texture": "#0"}
			}
		},
		{
			"from": [4.68115, 8.73907, 7.75],
			"to": [8.68115, 9.73907, 8.25],
			"rotation": {"angle": 22.5, "axis": "z", "origin": [5.68115, 8.98907, 8]},
			"faces": {
				"north": {"uv": [8, 0, 10.66667, 2], "rotation": 90, "texture": "#0"},
				"south": {"uv": [8, 0, 10.66667, 2], "rotation": 90, "texture": "#0"},
				"west": {"uv": [8, 0, 10.66667, 2], "rotation": 90, "texture": "#0"},
				"up": {"uv": [8, 0, 10.66667, 2], "rotation": 90, "texture": "#0"},
				"down": {"uv": [8, 0, 10.66667, 2], "rotation": 90, "texture": "#0"}
			}
		},
		{
			"from": [7.31885, 8.73907, 7.75],
			"to": [11.31885, 9.73907, 8.25],
			"rotation": {"angle": -22.5, "axis": "z", "origin": [10.31885, 8.98907, 8]},
			"faces": {
				"north": {"uv": [8, 0, 10.66667, 2], "rotation": 90, "texture": "#0"},
				"east": {"uv": [8, 0, 10.66667, 2], "rotation": 90, "texture": "#0"},
				"south": {"uv": [8, 0, 10.66667, 2], "rotation": 90, "texture": "#0"},
				"up": {"uv": [8, 0, 10.66667, 2], "rotation": 90, "texture": "#0"},
				"down": {"uv": [8, 0, 10.66667, 2], "rotation": 90, "texture": "#0"}
			}
		},
		{
			"from": [7.31885, 8.98907, 7.5],
			"to": [11.06885, 9.48907, 8],
			"rotation": {"angle": -22.5, "axis": "z", "origin": [10.31885, 8.98907, 8]},
			"faces": {
				"north": {"uv": [5.33333, 0, 8, 2], "rotation": 90, "texture": "#0"},
				"east": {"uv": [5.33333, 0, 8, 2], "rotation": 90, "texture": "#0"},
				"up": {"uv": [5.33333, 0, 8, 2], "rotation": 90, "texture": "#0"},
				"down": {"uv": [5.33333, 0, 8, 2], "rotation": 90, "texture": "#0"}
			}
		},
		{
			"from": [8.56885, 9.48907, 7.75],
			"to": [12.56885, 10.48907, 8.25],
			"rotation": {"angle": 0, "axis": "z", "origin": [11.31885, 9.98907, 8]},
			"faces": {
				"north": {"uv": [8, 0, 10.66667, 2], "rotation": 90, "texture": "#0"},
				"east": {"uv": [8, 0, 10.66667, 2], "rotation": 90, "texture": "#0"},
				"south": {"uv": [8, 0, 10.66667, 2], "rotation": 90, "texture": "#0"},
				"up": {"uv": [8, 0, 10.66667, 2], "rotation": 90, "texture": "#0"},
				"down": {"uv": [8, 0, 10.66667, 2], "rotation": 90, "texture": "#0"}
			}
		},
		{
			"from": [8.56885, 9.73907, 7.5],
			"to": [12.31885, 10.23907, 8],
			"rotation": {"angle": 0, "axis": "z", "origin": [11.31885, 9.98907, 8]},
			"faces": {
				"north": {"uv": [5.33333, 0, 8, 2], "rotation": 90, "texture": "#0"},
				"east": {"uv": [5.33333, 0, 8, 2], "rotation": 90, "texture": "#0"},
				"up": {"uv": [5.33333, 0, 8, 2], "rotation": 90, "texture": "#0"},
				"down": {"uv": [5.33333, 0, 8, 2], "rotation": 90, "texture": "#0"}
			}
		},
		{
			"from": [9.22266, 9.97266, 7.75],
			"to": [13.22266, 10.97266, 8.25],
			"rotation": {"angle": 22.5, "axis": "z", "origin": [9.97266, 9.97266, 8]},
			"faces": {
				"north": {"uv": [8, 0, 10.66667, 2], "rotation": 90, "texture": "#0"},
				"east": {"uv": [8, 0, 10.66667, 2], "rotation": 90, "texture": "#0"},
				"south": {"uv": [8, 0, 10.66667, 2], "rotation": 90, "texture": "#0"},
				"up": {"uv": [8, 0, 10.66667, 2], "rotation": 90, "texture": "#0"},
				"down": {"uv": [8, 0, 10.66667, 2], "rotation": 90, "texture": "#0"}
			}
		},
		{
			"from": [9.22266, 10.22266, 7.5],
			"to": [12.97266, 10.72266, 8],
			"rotation": {"angle": 22.5, "axis": "z", "origin": [9.97266, 9.97266, 8]},
			"faces": {
				"north": {"uv": [5.33333, 0, 8, 2], "rotation": 90, "texture": "#0"},
				"east": {"uv": [5.33333, 0, 8, 2], "rotation": 90, "texture": "#0"},
				"up": {"uv": [5.33333, 0, 8, 2], "rotation": 90, "texture": "#0"},
				"down": {"uv": [5.33333, 0, 8, 2], "rotation": 90, "texture": "#0"}
			}
		},
		{
			"from": [4.93115, 8.98907, 7.5],
			"to": [8.68115, 9.48907, 8],
			"rotation": {"angle": 22.5, "axis": "z", "origin": [5.68115, 8.98907, 8]},
			"faces": {
				"north": {"uv": [5.33333, 0, 8, 2], "rotation": 90, "texture": "#0"},
				"west": {"uv": [5.33333, 0, 8, 2], "rotation": 90, "texture": "#0"},
				"up": {"uv": [5.33333, 0, 8, 2], "rotation": 90, "texture": "#0"},
				"down": {"uv": [5.33333, 0, 8, 2], "rotation": 90, "texture": "#0"}
			}
		},
		{
			"from": [3.93115, 9.73907, 7.5],
			"to": [7.68115, 10.23907, 8],
			"rotation": {"angle": 0, "axis": "z", "origin": [4.68115, 9.98907, 8]},
			"faces": {
				"north": {"uv": [5.33333, 0, 8, 2], "rotation": 90, "texture": "#0"},
				"west": {"uv": [5.33333, 0, 8, 2], "rotation": 90, "texture": "#0"},
				"up": {"uv": [5.33333, 0, 8, 2], "rotation": 90, "texture": "#0"},
				"down": {"uv": [5.33333, 0, 8, 2], "rotation": 90, "texture": "#0"}
			}
		},
		{
			"from": [3.02734, 10.22266, 7.5],
			"to": [6.77734, 10.72266, 8],
			"rotation": {"angle": -22.5, "axis": "z", "origin": [6.02734, 9.97266, 8]},
			"faces": {
				"north": {"uv": [5.33333, 0, 8, 2], "rotation": 90, "texture": "#0"},
				"west": {"uv": [5.33333, 0, 8, 2], "rotation": 90, "texture": "#0"},
				"up": {"uv": [5.33333, 0, 8, 2], "rotation": 90, "texture": "#0"},
				"down": {"uv": [5.33333, 0, 8, 2], "rotation": 90, "texture": "#0"}
			}
		},
		{
			"from": [4.93115, 8.98907, 8],
			"to": [8.68115, 9.48907, 8.5],
			"rotation": {"angle": 22.5, "axis": "z", "origin": [5.68115, 8.98907, 8]},
			"faces": {
				"south": {"uv": [5.33333, 0, 8, 2], "rotation": 90, "texture": "#0"},
				"west": {"uv": [5.33333, 0, 8, 2], "rotation": 90, "texture": "#0"},
				"up": {"uv": [5.33333, 0, 8, 2], "rotation": 90, "texture": "#0"},
				"down": {"uv": [5.33333, 0, 8, 2], "rotation": 90, "texture": "#0"}
			}
		},
		{
			"from": [3.93115, 9.73907, 8],
			"to": [7.68115, 10.23907, 8.5],
			"rotation": {"angle": 0, "axis": "z", "origin": [4.68115, 9.98907, 8]},
			"faces": {
				"south": {"uv": [5.33333, 0, 8, 2], "rotation": 90, "texture": "#0"},
				"west": {"uv": [5.33333, 0, 8, 2], "rotation": 90, "texture": "#0"},
				"up": {"uv": [5.33333, 0, 8, 2], "rotation": 90, "texture": "#0"},
				"down": {"uv": [5.33333, 0, 8, 2], "rotation": 90, "texture": "#0"}
			}
		},
		{
			"from": [3.02734, 10.22266, 8],
			"to": [6.77734, 10.72266, 8.5],
			"rotation": {"angle": -22.5, "axis": "z", "origin": [6.02734, 9.97266, 8]},
			"faces": {
				"south": {"uv": [5.33333, 0, 8, 2], "rotation": 90, "texture": "#0"},
				"west": {"uv": [5.33333, 0, 8, 2], "rotation": 90, "texture": "#0"},
				"up": {"uv": [5.33333, 0, 8, 2], "rotation": 90, "texture": "#0"},
				"down": {"uv": [5.33333, 0, 8, 2], "rotation": 90, "texture": "#0"}
			}
		},
		{
			"from": [9.22266, 10.22266, 8],
			"to": [12.97266, 10.72266, 8.5],
			"rotation": {"angle": 22.5, "axis": "z", "origin": [9.97266, 9.97266, 8]},
			"faces": {
				"east": {"uv": [5.33333, 0, 8, 2], "rotation": 90, "texture": "#0"},
				"south": {"uv": [5.33333, 0, 8, 2], "rotation": 90, "texture": "#0"},
				"up": {"uv": [5.33333, 0, 8, 2], "rotation": 90, "texture": "#0"},
				"down": {"uv": [5.33333, 0, 8, 2], "rotation": 90, "texture": "#0"}
			}
		},
		{
			"from": [8.56885, 9.73907, 8],
			"to": [12.31885, 10.23907, 8.5],
			"rotation": {"angle": 0, "axis": "z", "origin": [11.31885, 9.98907, 8]},
			"faces": {
				"east": {"uv": [5.33333, 0, 8, 2], "rotation": 90, "texture": "#0"},
				"south": {"uv": [5.33333, 0, 8, 2], "rotation": 90, "texture": "#0"},
				"up": {"uv": [5.33333, 0, 8, 2], "rotation": 90, "texture": "#0"},
				"down": {"uv": [5.33333, 0, 8, 2], "rotation": 90, "texture": "#0"}
			}
		},
		{
			"from": [7.31885, 8.98907, 8],
			"to": [11.06885, 9.48907, 8.5],
			"rotation": {"angle": -22.5, "axis": "z", "origin": [10.31885, 8.98907, 8]},
			"faces": {
				"east": {"uv": [5.33333, 0, 8, 2], "rotation": 90, "texture": "#0"},
				"south": {"uv": [5.33333, 0, 8, 2], "rotation": 90, "texture": "#0"},
				"up": {"uv": [5.33333, 0, 8, 2], "rotation": 90, "texture": "#0"},
				"down": {"uv": [5.33333, 0, 8, 2], "rotation": 90, "texture": "#0"}
			}
		},
		{
			"from": [6.75, 10, 7.25],
			"to": [7.75, 10.5, 7.75],
			"rotation": {"angle": 0, "axis": "x", "origin": [0, 6, 0]},
			"faces": {
				"north": {"uv": [0, 4, 2.66667, 5], "texture": "#0"},
				"east": {"uv": [0, 4, 1.33333, 5], "texture": "#0"},
				"south": {"uv": [0, 4, 2.66667, 5], "texture": "#0"},
				"west": {"uv": [0, 4, 1.33333, 5], "texture": "#0"},
				"up": {"uv": [0, 4, 2.66667, 5], "texture": "#0"}
			}
		},
		{
			"from": [8.25, 10, 7.25],
			"to": [9.25, 10.5, 7.75],
			"rotation": {"angle": 0, "axis": "x", "origin": [0, 6, 0]},
			"faces": {
				"north": {"uv": [0, 4, 5.33333, 6], "texture": "#0"},
				"east": {"uv": [0, 4, 2.66667, 6], "texture": "#0"},
				"south": {"uv": [0, 4, 5.33333, 6], "texture": "#0"},
				"west": {"uv": [0, 4, 2.66667, 6], "texture": "#0"},
				"up": {"uv": [0, 4, 2.66667, 6], "texture": "#0"}
			}
		},
		{
			"from": [6.5, 9, 7.25],
			"to": [9.5, 10, 7.75],
			"rotation": {"angle": 0, "axis": "x", "origin": [0, 6, 0]},
			"faces": {
				"north": {"uv": [0, 8, 16, 12], "texture": "#0"},
				"east": {"uv": [0, 4, 2.66667, 6], "texture": "#0"},
				"south": {"uv": [0, 8, 16, 12], "texture": "#0"},
				"west": {"uv": [0, 4, 2.66667, 6], "texture": "#0"},
				"up": {"uv": [0, 4, 2.66667, 6], "texture": "#0"},
				"down": {"uv": [0, 4, 2.66667, 6], "texture": "#0"}
			}
		},
		{
			"from": [6.75, 8.5, 7.25],
			"to": [9.25, 9, 7.75],
			"rotation": {"angle": 0, "axis": "x", "origin": [0, 6, 0]},
			"faces": {
				"north": {"uv": [0, 12, 13.33333, 14], "texture": "#0"},
				"east": {"uv": [0, 4, 2.66667, 6], "texture": "#0"},
				"south": {"uv": [0, 12, 13.33333, 14], "texture": "#0"},
				"west": {"uv": [0, 4, 2.66667, 6], "texture": "#0"},
				"down": {"uv": [0, 4, 2.66667, 6], "texture": "#0"}
			}
		},
		{
			"from": [7.25, 8, 7.25],
			"to": [8.75, 8.5, 7.75],
			"rotation": {"angle": 0, "axis": "x", "origin": [0, 6, 0]},
			"faces": {
				"north": {"uv": [0, 14, 8, 16], "texture": "#0"},
				"east": {"uv": [0, 4, 2.66667, 6], "texture": "#0"},
				"south": {"uv": [0, 12, 8, 14], "texture": "#0"},
				"west": {"uv": [0, 4, 2.66667, 6], "texture": "#0"},
				"down": {"uv": [0, 4, 2.66667, 6], "texture": "#0"}
			}
		},
		{
			"from": [7.75, 7.5, 7.25],
			"to": [8.25, 8, 7.75],
			"rotation": {"angle": 0, "axis": "x", "origin": [0, 6, 0]},
			"faces": {
				"north": {"uv": [0, 14, 2.66667, 16], "texture": "#0"},
				"east": {"uv": [0, 4, 2.66667, 6], "texture": "#0"},
				"west": {"uv": [0, 4, 2.66667, 6], "texture": "#0"},
				"down": {"uv": [0, 4, 2.66667, 6], "texture": "#0"}
			}
		},
		{
			"from": [6.75, 10, 8.25],
			"to": [7.75, 10.5, 8.75],
			"rotation": {"angle": 0, "axis": "x", "origin": [0, 6, 0]},
			"faces": {
				"north": {"uv": [0, 4, 2.66667, 5], "texture": "#0"},
				"east": {"uv": [0, 4, 1.33333, 5], "texture": "#0"},
				"south": {"uv": [0, 4, 2.66667, 5], "texture": "#0"},
				"west": {"uv": [0, 4, 1.33333, 5], "texture": "#0"},
				"up": {"uv": [0, 4, 2.66667, 5], "texture": "#0"}
			}
		},
		{
			"from": [8.25, 10, 8.25],
			"to": [9.25, 10.5, 8.75],
			"rotation": {"angle": 0, "axis": "x", "origin": [0, 6, 0]},
			"faces": {
				"north": {"uv": [0, 4, 5.33333, 6], "texture": "#0"},
				"east": {"uv": [0, 4, 2.66667, 6], "texture": "#0"},
				"south": {"uv": [0, 4, 5.33333, 6], "texture": "#0"},
				"west": {"uv": [0, 4, 2.66667, 6], "texture": "#0"},
				"up": {"uv": [0, 4, 2.66667, 6], "texture": "#0"}
			}
		},
		{
			"from": [6.5, 9, 8.25],
			"to": [9.5, 10, 8.75],
			"rotation": {"angle": 0, "axis": "x", "origin": [0, 6, 0]},
			"faces": {
				"north": {"uv": [0, 8, 16, 12], "texture": "#0"},
				"east": {"uv": [0, 4, 2.66667, 6], "texture": "#0"},
				"south": {"uv": [0, 8, 16, 12], "texture": "#0"},
				"west": {"uv": [0, 4, 2.66667, 6], "texture": "#0"},
				"up": {"uv": [0, 4, 2.66667, 6], "texture": "#0"},
				"down": {"uv": [0, 4, 2.66667, 6], "texture": "#0"}
			}
		},
		{
			"from": [6.75, 8.5, 8.25],
			"to": [9.25, 9, 8.75],
			"rotation": {"angle": 0, "axis": "x", "origin": [0, 6, 0]},
			"faces": {
				"north": {"uv": [0, 12, 13.33333, 14], "texture": "#0"},
				"east": {"uv": [0, 4, 2.66667, 6], "texture": "#0"},
				"south": {"uv": [0, 12, 13.33333, 14], "texture": "#0"},
				"west": {"uv": [0, 4, 2.66667, 6], "texture": "#0"},
				"down": {"uv": [0, 4, 2.66667, 6], "texture": "#0"}
			}
		},
		{
			"from": [7.25, 8, 8.25],
			"to": [8.75, 8.5, 8.75],
			"rotation": {"angle": 0, "axis": "x", "origin": [0, 6, 0]},
			"faces": {
				"north": {"uv": [0, 4, 2.66667, 6], "texture": "#0"},
				"east": {"uv": [0, 4, 2.66667, 6], "texture": "#0"},
				"south": {"uv": [0, 8, 8, 10], "texture": "#0"},
				"west": {"uv": [0, 4, 2.66667, 6], "texture": "#0"},
				"down": {"uv": [0, 4, 2.66667, 6], "texture": "#0"}
			}
		},
		{
			"from": [7.75, 7.5, 8.25],
			"to": [8.25, 8, 8.75],
			"rotation": {"angle": 0, "axis": "x", "origin": [0, 6, 0]},
			"faces": {
				"east": {"uv": [0, 4, 2.66667, 6], "texture": "#0"},
				"south": {"uv": [0, 8, 2.66667, 10], "texture": "#0"},
				"west": {"uv": [0, 4, 2.66667, 6], "texture": "#0"},
				"down": {"uv": [0, 4, 2.66667, 6], "texture": "#0"}
			}
		},
		{
			"from": [7.76, -1, 7.5],
			"to": [8.26, 10, 8.5],
			"faces": {
				"north": {"uv": [0, 6, 2.66667, 8], "texture": "#0"},
				"east": {"uv": [0, 6, 2.66667, 8], "texture": "#0"},
				"south": {"uv": [0, 6, 2.66667, 8], "texture": "#0"},
				"west": {"uv": [0, 6, 2.66667, 8], "texture": "#0"}
			}
		},
		{
			"from": [7.26, -1, 7.5],
			"to": [8.76, -0.5, 8.5],
			"faces": {
				"north": {"uv": [0, 6, 2.66667, 8], "texture": "#0"},
				"east": {"uv": [0, 6, 2.66667, 8], "texture": "#0"},
				"south": {"uv": [0, 6, 2.66667, 8], "texture": "#0"},
				"west": {"uv": [0, 6, 2.66667, 8], "texture": "#0"},
				"up": {"uv": [0, 6, 2.66667, 8], "texture": "#0"},
				"down": {"uv": [0, 4, 2.66667, 6], "texture": "#0"}
			}
		},
		{
			"from": [7.26, 7, 7.5],
			"to": [8.76, 7.25, 8.5],
			"faces": {
				"north": {"uv": [0, 6, 2.66667, 8], "texture": "#0"},
				"east": {"uv": [0, 6, 2.66667, 8], "texture": "#0"},
				"south": {"uv": [0, 6, 2.66667, 8], "texture": "#0"},
				"west": {"uv": [0, 6, 2.66667, 8], "texture": "#0"},
				"up": {"uv": [0, 6, 2.66667, 8], "texture": "#0"},
				"down": {"uv": [0, 6, 2.66667, 8], "texture": "#0"}
			}
		},
		{
			"from": [7.51, -1, 7.25],
			"to": [8.51, -0.5, 8.75],
			"rotation": {"angle": 0, "axis": "y", "origin": [8.01, -0.75, 8]},
			"faces": {
				"north": {"uv": [0, 6, 2.66667, 8], "texture": "#0"},
				"east": {"uv": [0, 6, 2.66667, 8], "texture": "#0"},
				"south": {"uv": [0, 6, 2.66667, 8], "texture": "#0"},
				"west": {"uv": [0, 6, 2.66667, 8], "texture": "#0"},
				"up": {"uv": [0, 6, 2.66667, 8], "rotation": 90, "texture": "#0"},
				"down": {"uv": [0, 4, 2.66667, 6], "texture": "#0"}
			}
		},
		{
			"from": [7.76, -1.25, 7.5],
			"to": [8.26, -0.75, 8.5],
			"rotation": {"angle": 0, "axis": "y", "origin": [8.01, -0.75, 8]},
			"faces": {
				"north": {"uv": [0, 4, 2.66667, 6], "texture": "#0"},
				"east": {"uv": [0, 4, 2.66667, 6], "texture": "#0"},
				"south": {"uv": [0, 4, 2.66667, 6], "texture": "#0"},
				"west": {"uv": [0, 4, 2.66667, 6], "texture": "#0"},
				"down": {"uv": [0, 4, 2.66667, 6], "texture": "#0"}
			}
		},
		{
			"from": [7.51, -1.25, 7.75],
			"to": [8.51, -0.75, 8.25],
			"faces": {
				"north": {"uv": [0, 4, 2.66667, 6], "texture": "#0"},
				"east": {"uv": [0, 4, 2.66667, 6], "texture": "#0"},
				"south": {"uv": [0, 4, 2.66667, 6], "texture": "#0"},
				"west": {"uv": [0, 4, 2.66667, 6], "texture": "#0"},
				"down": {"uv": [0, 4, 2.66667, 6], "texture": "#0"}
			}
		},
		{
			"from": [7.51, 7, 7.25],
			"to": [8.51, 7.25, 8.75],
			"rotation": {"angle": 0, "axis": "y", "origin": [8.01, -0.75, 8]},
			"faces": {
				"north": {"uv": [0, 6, 2.66667, 8], "texture": "#0"},
				"east": {"uv": [0, 6, 2.66667, 8], "texture": "#0"},
				"south": {"uv": [0, 6, 2.66667, 8], "texture": "#0"},
				"west": {"uv": [0, 6, 2.66667, 8], "texture": "#0"},
				"up": {"uv": [0, 6, 2.66667, 8], "rotation": 90, "texture": "#0"},
				"down": {"uv": [0, 6, 2.66667, 8], "rotation": 270, "texture": "#0"}
			}
		},
		{
			"from": [7.51, -1, 7.75],
			"to": [8.51, 11, 8.25],
			"rotation": {"angle": 0, "axis": "y", "origin": [8.01, 5, 8]},
			"faces": {
				"north": {"uv": [0, 6, 2.66667, 8], "texture": "#0"},
				"east": {"uv": [0, 6, 2.66667, 8], "texture": "#0"},
				"south": {"uv": [0, 6, 2.66667, 8], "texture": "#0"},
				"west": {"uv": [0, 6, 2.66667, 8], "texture": "#0"}
			}
		}
	],
	"gui_light": "front",
	"display": {
		"thirdperson_righthand": {
			"rotation": [0, -180, 0],
			"translation": [0, 3, 0]
		},
		"thirdperson_lefthand": {
			"translation": [0, 3, 0]
		},
		"firstperson_righthand": {
			"rotation": [0, 90, 0],
			"translation": [0, -1.5, 0]
		},
		"firstperson_lefthand": {
			"rotation": [0, -90, 0]
		},
		"ground": {
			"rotation": [45, 0, 0],
			"translation": [0, 4, 0]
		},
		"gui": {
			"rotation": [0, -180, 45],
			"translation": [-1.25, -1.25, 0],
			"scale": [0.75, 0.75, 0.75]
		},
		"head": {
			"rotation": [-90, 0, 34],
			"translation": [0, 8.5, 0],
			"scale": [1.5, 1.5, 1.5]
		},
		"fixed": {
			"rotation": [-90, 0, 0],
			"translation": [0, 0, -18],
			"scale": [2, 2, 2]
		}
	},
	"groups": [
		0,
		1,
		2,
		3,
		4,
		5,
		6,
		7,
		8,
		9,
		10,
		11,
		12,
		13,
		14,
		15,
		16,
		17,
		18,
		19,
		20,
		21,
		22,
		23,
		24,
		25,
		26,
		27,
		28,
		29,
		{
			"name": "wings",
			"origin": [9.97266, 3.97266, 8],
			"color": 0,
			"children": [30, 31, 32, 33, 34, 35, 36, 37, 38, 39, 40, 41, 42, 43, 44, 45, 46, 47]
		},
		{
			"name": "heart",
			"origin": [0, 0, 0],
			"color": 0,
			"children": [48, 49, 50, 51, 52, 53, 54, 55, 56, 57, 58, 59]
		},
		60,
		61,
		62,
		63,
		64,
		65,
		66,
		67
	]
}