{
	"credit": "Made with Blockbench",
	"texture_size": [32, 32],
	"textures": {
		"1": "block/oak_log",
		"2": "item/camp_foods",
		"particle": "item/camp_foods"
	},
	"elements": [
		{
			"from": [7.75, 0, 7.75],
			"to": [8.25, 13, 8.25],
			"rotation": {"angle": 0, "axis": "y", "origin": [3.5, 0, 7.5]},
			"faces": {
				"north": {"uv": [2, 0, 3, 13], "texture": "#1"},
				"east": {"uv": [3, 0, 4, 13], "texture": "#1"},
				"south": {"uv": [0, 0, 1, 13], "texture": "#1"},
				"west": {"uv": [1, 0, 2, 13], "texture": "#1"},
				"up": {"uv": [0, 0, 1, 1], "texture": "#1"},
				"down": {"uv": [0, 0, 1, 1], "texture": "#1"}
			}
		},
		{
			"from": [8.001, 8.151, 7.751],
			"to": [8.499, 14.149, 8.249],
			"rotation": {"angle": -22.5, "axis": "z", "origin": [9, 9, 8]},
			"faces": {
				"north": {"uv": [4, 0, 5, 12], "texture": "#1"},
				"east": {"uv": [5, 0, 6, 12], "texture": "#1"},
				"south": {"uv": [6, 0, 7, 12], "texture": "#1"},
				"west": {"uv": [7, 0, 8, 12], "texture": "#1"},
				"up": {"uv": [4, 0, 5, 1], "texture": "#1"}
			}
		},
		{
			"from": [8.001, 9.451, 7.751],
			"to": [8.499, 15.449, 8.249],
			"rotation": {"angle": 22.5, "axis": "z", "origin": [7, 9, 8]},
			"faces": {
				"north": {"uv": [8, 0, 9, 12], "texture": "#1"},
				"east": {"uv": [10, 0, 11, 12], "texture": "#1"},
				"south": {"uv": [11, 0, 12, 12], "texture": "#1"},
				"west": {"uv": [9, 0, 10, 12], "texture": "#1"},
				"up": {"uv": [8, 0, 9, 1], "texture": "#1"}
			}
		},
		{
			"from": [5.74134, 13.78806, 7.2],
			"to": [6.49134, 14.53806, 8.8],
			"rotation": {"angle": 0, "axis": "y", "origin": [6.19134, 14.16306, 8]},
			"faces": {
				"east": {"uv": [6.5, 0, 8.5, 1], "texture": "#2"},
				"west": {"uv": [6.5, 0, 8.5, 1], "texture": "#2"},
				"up": {"uv": [6.5, 1, 8.5, 0], "rotation": 90, "texture": "#2"},
				"down": {"uv": [6.5, 0, 8.5, 1], "rotation": 90, "texture": "#2"}
			}
		},
		{
			"from": [5.46374, 13.78806, 8.5956],
			"to": [6.21374, 14.53806, 10.1956],
			"rotation": {"angle": -22.5, "axis": "y", "origin": [5.83874, 14.16306, 9.3956]},
			"faces": {
				"east": {"uv": [6.5, 0, 8.5, 1], "texture": "#2"},
				"south": {"uv": [8.5, 0, 9.5, 1], "rotation": 90, "texture": "#2"},
				"west": {"uv": [6.5, 0, 8.5, 1], "texture": "#2"},
				"up": {"uv": [6.5, 1, 8.5, 0], "rotation": 90, "texture": "#2"},
				"down": {"uv": [6.5, 0, 8.5, 1], "rotation": 90, "texture": "#2"}
			}
		},
		{
			"from": [5.46374, 13.78806, 5.8044],
			"to": [6.21374, 14.53806, 7.4044],
			"rotation": {"angle": 22.5, "axis": "y", "origin": [5.83874, 14.16306, 6.6044]},
			"faces": {
				"north": {"uv": [8.5, 0, 9.5, 1], "rotation": 90, "texture": "#2"},
				"east": {"uv": [6.5, 0, 8.5, 1], "texture": "#2"},
				"west": {"uv": [6.5, 0, 8.5, 1], "texture": "#2"},
				"up": {"uv": [6.5, 1, 8.5, 0], "rotation": 90, "texture": "#2"},
				"down": {"uv": [6.5, 0, 8.5, 1], "rotation": 90, "texture": "#2"}
			}
		},
		{
			"from": [9.69134, 12.78806, 7.2],
			"to": [10.44134, 13.53806, 8.8],
			"rotation": {"angle": 0, "axis": "y", "origin": [10.14134, 13.16306, 8]},
			"faces": {
				"east": {"uv": [6.5, 0, 8.5, 1], "texture": "#2"},
				"west": {"uv": [6.5, 0, 8.5, 1], "texture": "#2"},
				"up": {"uv": [6.5, 1, 8.5, 0], "rotation": 90, "texture": "#2"},
				"down": {"uv": [6.5, 0, 8.5, 1], "rotation": 90, "texture": "#2"}
			}
		},
		{
			"from": [9.41374, 12.78806, 5.8044],
			"to": [10.16374, 13.53806, 7.4044],
			"rotation": {"angle": 22.5, "axis": "y", "origin": [9.78874, 13.16306, 6.6044]},
			"faces": {
				"north": {"uv": [8.5, 0, 9.5, 1], "rotation": 90, "texture": "#2"},
				"east": {"uv": [6.5, 0, 8.5, 1], "texture": "#2"},
				"west": {"uv": [6.5, 0, 8.5, 1], "texture": "#2"},
				"up": {"uv": [6.5, 1, 8.5, 0], "rotation": 90, "texture": "#2"},
				"down": {"uv": [6.5, 0, 8.5, 1], "rotation": 90, "texture": "#2"}
			}
		},
		{
			"from": [9.41374, 12.78806, 8.5956],
			"to": [10.16374, 13.53806, 10.1956],
			"rotation": {"angle": -22.5, "axis": "y", "origin": [9.78874, 13.16306, 9.3956]},
			"faces": {
				"east": {"uv": [6.5, 0, 8.5, 1], "texture": "#2"},
				"south": {"uv": [8.5, 0, 9.5, 1], "rotation": 90, "texture": "#2"},
				"west": {"uv": [6.5, 0, 8.5, 1], "texture": "#2"},
				"up": {"uv": [6.5, 1, 8.5, 0], "rotation": 90, "texture": "#2"},
				"down": {"uv": [6.5, 0, 8.5, 1], "rotation": 90, "texture": "#2"}
			}
		},
		{
			"from": [8.001, 11.151, 7.751],
			"to": [8.499, 17.149, 8.249],
			"rotation": {"angle": -22.5, "axis": "z", "origin": [9, 12, 8]},
			"faces": {
				"north": {"uv": [4, 0, 5, 12], "texture": "#1"},
				"east": {"uv": [5, 0, 6, 12], "texture": "#1"},
				"south": {"uv": [6, 0, 7, 12], "texture": "#1"},
				"west": {"uv": [7, 0, 8, 12], "texture": "#1"},
				"up": {"uv": [4, 0, 5, 1], "texture": "#1"}
			}
		},
		{
			"from": [8.001, 12.451, 7.751],
			"to": [8.499, 18.449, 8.249],
			"rotation": {"angle": 22.5, "axis": "z", "origin": [7, 12, 8]},
			"faces": {
				"north": {"uv": [8, 0, 9, 12], "texture": "#1"},
				"east": {"uv": [10, 0, 11, 12], "texture": "#1"},
				"south": {"uv": [11, 0, 12, 12], "texture": "#1"},
				"west": {"uv": [9, 0, 10, 12], "texture": "#1"},
				"up": {"uv": [8, 0, 9, 1], "texture": "#1"}
			}
		},
		{
			"from": [5.74134, 16.78806, 7.2],
			"to": [6.49134, 17.53806, 8.8],
			"rotation": {"angle": 0, "axis": "y", "origin": [6.19134, 17.16306, 8]},
			"faces": {
				"east": {"uv": [6.5, 0, 8.5, 1], "texture": "#2"},
				"west": {"uv": [6.5, 0, 8.5, 1], "texture": "#2"},
				"up": {"uv": [6.5, 1, 8.5, 0], "rotation": 90, "texture": "#2"},
				"down": {"uv": [6.5, 0, 8.5, 1], "rotation": 90, "texture": "#2"}
			}
		},
		{
			"from": [5.46374, 16.78806, 8.5956],
			"to": [6.21374, 17.53806, 10.1956],
			"rotation": {"angle": -22.5, "axis": "y", "origin": [5.83874, 17.16306, 9.3956]},
			"faces": {
				"east": {"uv": [6.5, 0, 8.5, 1], "texture": "#2"},
				"south": {"uv": [8.5, 0, 9.5, 1], "rotation": 90, "texture": "#2"},
				"west": {"uv": [6.5, 0, 8.5, 1], "texture": "#2"},
				"up": {"uv": [6.5, 1, 8.5, 0], "rotation": 90, "texture": "#2"},
				"down": {"uv": [6.5, 0, 8.5, 1], "rotation": 90, "texture": "#2"}
			}
		},
		{
			"from": [5.46374, 16.78806, 5.8044],
			"to": [6.21374, 17.53806, 7.4044],
			"rotation": {"angle": 22.5, "axis": "y", "origin": [5.83874, 17.16306, 6.6044]},
			"faces": {
				"north": {"uv": [8.5, 0, 9.5, 1], "rotation": 90, "texture": "#2"},
				"east": {"uv": [6.5, 0, 8.5, 1], "texture": "#2"},
				"west": {"uv": [6.5, 0, 8.5, 1], "texture": "#2"},
				"up": {"uv": [6.5, 1, 8.5, 0], "rotation": 90, "texture": "#2"},
				"down": {"uv": [6.5, 0, 8.5, 1], "rotation": 90, "texture": "#2"}
			}
		},
		{
			"from": [9.41374, 15.78806, 8.5956],
			"to": [10.16374, 16.53806, 10.1956],
			"rotation": {"angle": -22.5, "axis": "y", "origin": [9.78874, 16.16306, 9.3956]},
			"faces": {
				"east": {"uv": [6.5, 0, 8.5, 1], "texture": "#2"},
				"south": {"uv": [8.5, 0, 9.5, 1], "rotation": 90, "texture": "#2"},
				"west": {"uv": [6.5, 0, 8.5, 1], "texture": "#2"},
				"up": {"uv": [6.5, 1, 8.5, 0], "rotation": 90, "texture": "#2"},
				"down": {"uv": [6.5, 0, 8.5, 1], "rotation": 90, "texture": "#2"}
			}
		},
		{
			"from": [9.41374, 15.78806, 5.8044],
			"to": [10.16374, 16.53806, 7.4044],
			"rotation": {"angle": 22.5, "axis": "y", "origin": [9.78874, 16.16306, 6.6044]},
			"faces": {
				"north": {"uv": [8.5, 0, 9.5, 1], "rotation": 90, "texture": "#2"},
				"east": {"uv": [6.5, 0, 8.5, 1], "texture": "#2"},
				"west": {"uv": [6.5, 0, 8.5, 1], "texture": "#2"},
				"up": {"uv": [6.5, 1, 8.5, 0], "rotation": 90, "texture": "#2"},
				"down": {"uv": [6.5, 0, 8.5, 1], "rotation": 90, "texture": "#2"}
			}
		},
		{
			"from": [9.69134, 15.78806, 7.2],
			"to": [10.44134, 16.53806, 8.8],
			"rotation": {"angle": 0, "axis": "y", "origin": [10.14134, 16.16306, 8]},
			"faces": {
				"east": {"uv": [6.5, 0, 8.5, 1], "texture": "#2"},
				"west": {"uv": [6.5, 0, 8.5, 1], "texture": "#2"},
				"up": {"uv": [6.5, 1, 8.5, 0], "rotation": 90, "texture": "#2"},
				"down": {"uv": [6.5, 0, 8.5, 1], "rotation": 90, "texture": "#2"}
			}
		},
		{
			"from": [7.70354, 8.94906, 9.96565],
			"to": [8.20154, 14.94706, 10.46365],
			"rotation": {"angle": 22.5, "axis": "x", "origin": [7.95254, 14.21821, 8]},
			"faces": {
				"north": {"uv": [7, 0, 8, 12], "texture": "#1"},
				"east": {"uv": [4, 0, 5, 12], "texture": "#1"},
				"south": {"uv": [5, 0, 6, 12], "texture": "#1"},
				"west": {"uv": [6, 0, 7, 12], "texture": "#1"},
				"up": {"uv": [4, 0, 5, 1], "rotation": 90, "texture": "#1"}
			}
		},
		{
			"from": [7.70354, 10.21273, 6.12405],
			"to": [8.20154, 16.21073, 6.62205],
			"rotation": {"angle": -22.5, "axis": "x", "origin": [7.95254, 14.21821, 8]},
			"faces": {
				"north": {"uv": [9, 0, 10, 12], "texture": "#1"},
				"east": {"uv": [8, 0, 9, 12], "texture": "#1"},
				"south": {"uv": [10, 0, 11, 12], "texture": "#1"},
				"west": {"uv": [11, 0, 12, 12], "texture": "#1"},
				"up": {"uv": [8, 0, 9, 1], "rotation": 90, "texture": "#1"}
			}
		},
		{
			"from": [6.90254, 13.78806, 5.5862],
			"to": [8.50254, 14.53806, 6.3362],
			"rotation": {"angle": -45, "axis": "y", "origin": [7.70254, 14.16306, 6.1]},
			"faces": {
				"north": {"uv": [6.5, 0, 8.5, 1], "texture": "#2"},
				"south": {"uv": [6.5, 0, 8.5, 1], "texture": "#2"},
				"up": {"uv": [6.5, 1, 8.5, 0], "texture": "#2"},
				"down": {"uv": [6.5, 0, 8.5, 1], "rotation": 180, "texture": "#2"}
			}
		},
		{
			"from": [7.73338, 13.78806, 6.64248],
			"to": [8.48338, 14.53806, 8.24248],
			"rotation": {"angle": 22.5, "axis": "y", "origin": [7.70254, 14.16306, 6.1]},
			"faces": {
				"east": {"uv": [6.5, 0, 8.5, 1], "texture": "#2"},
				"south": {"uv": [8.5, 0, 9.5, 1], "rotation": 90, "texture": "#2"},
				"west": {"uv": [6.5, 0, 8.5, 1], "texture": "#2"},
				"up": {"uv": [6.5, 1, 8.5, 0], "rotation": 90, "texture": "#2"},
				"down": {"uv": [6.5, 0, 8.5, 1], "rotation": 90, "texture": "#2"}
			}
		},
		{
			"from": [5.56006, 13.78806, 5.31916],
			"to": [7.16006, 14.53806, 6.06916],
			"rotation": {"angle": -22.5, "axis": "y", "origin": [7.70254, 14.16306, 6.1]},
			"faces": {
				"north": {"uv": [6.5, 0, 8.5, 1], "texture": "#2"},
				"south": {"uv": [6.5, 0, 8.5, 1], "texture": "#2"},
				"west": {"uv": [8.5, 0, 9.5, 1], "rotation": 90, "texture": "#2"},
				"up": {"uv": [6.5, 1, 8.5, 0], "texture": "#2"},
				"down": {"uv": [6.5, 0, 8.5, 1], "rotation": 180, "texture": "#2"}
			}
		},
		{
			"from": [7.73338, 12.03806, 7.68252],
			"to": [8.48338, 12.78806, 9.28252],
			"rotation": {"angle": -22.5, "axis": "y", "origin": [7.70254, 12.41306, 9.825]},
			"faces": {
				"north": {"uv": [8.5, 1, 9.5, 0], "rotation": 90, "texture": "#2"},
				"east": {"uv": [8.5, 0, 6.5, 1], "texture": "#2"},
				"west": {"uv": [8.5, 0, 6.5, 1], "texture": "#2"},
				"up": {"uv": [8.5, 1, 6.5, 0], "rotation": 90, "texture": "#2"},
				"down": {"uv": [8.5, 0, 6.5, 1], "rotation": 90, "texture": "#2"}
			}
		},
		{
			"from": [5.56006, 12.03806, 9.85584],
			"to": [7.16006, 12.78806, 10.60584],
			"rotation": {"angle": 22.5, "axis": "y", "origin": [7.70254, 12.41306, 9.825]},
			"faces": {
				"north": {"uv": [8.5, 0, 6.5, 1], "texture": "#2"},
				"south": {"uv": [8.5, 0, 6.5, 1], "texture": "#2"},
				"west": {"uv": [8.5, 1, 9.5, 0], "rotation": 90, "texture": "#2"},
				"up": {"uv": [6.5, 0, 8.5, 1], "texture": "#2"},
				"down": {"uv": [6.5, 1, 8.5, 0], "rotation": 180, "texture": "#2"}
			}
		},
		{
			"from": [6.90254, 12.03806, 9.5888],
			"to": [8.50254, 12.78806, 10.3388],
			"rotation": {"angle": 45, "axis": "y", "origin": [7.70254, 12.41306, 9.825]},
			"faces": {
				"north": {"uv": [8.5, 0, 6.5, 1], "texture": "#2"},
				"south": {"uv": [8.5, 0, 6.5, 1], "texture": "#2"},
				"up": {"uv": [6.5, 0, 8.5, 1], "texture": "#2"},
				"down": {"uv": [6.5, 1, 8.5, 0], "rotation": 180, "texture": "#2"}
			}
		},
		{
			"from": [7.71634, 15.78806, 9.175],
			"to": [8.46634, 16.53806, 10.775],
			"rotation": {"angle": 0, "axis": "y", "origin": [7.95254, 14.66306, 9.975]},
			"faces": {
				"east": {"uv": [6.5, 0, 8.5, 1], "texture": "#2"},
				"west": {"uv": [6.5, 0, 8.5, 1], "texture": "#2"},
				"up": {"uv": [6.5, 1, 8.5, 0], "rotation": 90, "texture": "#2"},
				"down": {"uv": [6.5, 0, 8.5, 1], "rotation": 90, "texture": "#2"}
			}
		},
		{
			"from": [7.98338, 15.78806, 7.83252],
			"to": [8.73338, 16.53806, 9.43252],
			"rotation": {"angle": 22.5, "axis": "y", "origin": [7.95254, 14.66306, 9.975]},
			"faces": {
				"north": {"uv": [8.5, 0, 9.5, 1], "rotation": 90, "texture": "#2"},
				"east": {"uv": [6.5, 0, 8.5, 1], "texture": "#2"},
				"west": {"uv": [6.5, 0, 8.5, 1], "texture": "#2"},
				"up": {"uv": [6.5, 1, 8.5, 0], "rotation": 90, "texture": "#2"},
				"down": {"uv": [6.5, 0, 8.5, 1], "rotation": 90, "texture": "#2"}
			}
		},
		{
			"from": [7.98338, 15.78806, 10.51748],
			"to": [8.73338, 16.53806, 12.11748],
			"rotation": {"angle": -22.5, "axis": "y", "origin": [7.95254, 14.66306, 9.975]},
			"faces": {
				"east": {"uv": [6.5, 0, 8.5, 1], "texture": "#2"},
				"south": {"uv": [8.5, 0, 9.5, 1], "rotation": 90, "texture": "#2"},
				"west": {"uv": [6.5, 0, 8.5, 1], "texture": "#2"},
				"up": {"uv": [6.5, 1, 8.5, 0], "rotation": 90, "texture": "#2"},
				"down": {"uv": [6.5, 0, 8.5, 1], "rotation": 90, "texture": "#2"}
			}
		},
		{
			"from": [7.98338, 16.78806, 3.88252],
			"to": [8.73338, 17.53806, 5.48252],
			"rotation": {"angle": 22.5, "axis": "y", "origin": [7.95254, 15.66306, 6.025]},
			"faces": {
				"north": {"uv": [8.5, 0, 9.5, 1], "rotation": 90, "texture": "#2"},
				"east": {"uv": [6.5, 0, 8.5, 1], "texture": "#2"},
				"west": {"uv": [6.5, 0, 8.5, 1], "texture": "#2"},
				"up": {"uv": [6.5, 1, 8.5, 0], "rotation": 90, "texture": "#2"},
				"down": {"uv": [6.5, 0, 8.5, 1], "rotation": 90, "texture": "#2"}
			}
		},
		{
			"from": [7.98338, 16.78806, 6.56748],
			"to": [8.73338, 17.53806, 8.16748],
			"rotation": {"angle": -22.5, "axis": "y", "origin": [7.95254, 15.66306, 6.025]},
			"faces": {
				"east": {"uv": [6.5, 0, 8.5, 1], "texture": "#2"},
				"south": {"uv": [8.5, 0, 9.5, 1], "rotation": 90, "texture": "#2"},
				"west": {"uv": [6.5, 0, 8.5, 1], "texture": "#2"},
				"up": {"uv": [6.5, 1, 8.5, 0], "rotation": 90, "texture": "#2"},
				"down": {"uv": [6.5, 0, 8.5, 1], "rotation": 90, "texture": "#2"}
			}
		},
		{
			"from": [7.71634, 16.78806, 5.225],
			"to": [8.46634, 17.53806, 6.825],
			"rotation": {"angle": 0, "axis": "y", "origin": [7.95254, 15.66306, 6.025]},
			"faces": {
				"east": {"uv": [6.5, 0, 8.5, 1], "texture": "#2"},
				"west": {"uv": [6.5, 0, 8.5, 1], "texture": "#2"},
				"up": {"uv": [6.5, 1, 8.5, 0], "rotation": 90, "texture": "#2"},
				"down": {"uv": [6.5, 0, 8.5, 1], "rotation": 90, "texture": "#2"}
			}
		},
		{
			"from": [7.70354, 12.98437, 7.2721],
			"to": [8.20154, 18.98237, 7.7701],
			"rotation": {"angle": -22.5, "axis": "x", "origin": [7.95254, 14.21821, 8]},
			"faces": {
				"north": {"uv": [9, 0, 10, 12], "texture": "#1"},
				"east": {"uv": [8, 0, 9, 12], "texture": "#1"},
				"south": {"uv": [10, 0, 11, 12], "texture": "#1"},
				"west": {"uv": [11, 0, 12, 12], "texture": "#1"},
				"up": {"uv": [8, 0, 9, 1], "rotation": 90, "texture": "#1"}
			}
		},
		{
			"from": [7.70354, 11.7207, 8.8176],
			"to": [8.20154, 17.7187, 9.3156],
			"rotation": {"angle": 22.5, "axis": "x", "origin": [7.95254, 14.21821, 8]},
			"faces": {
				"north": {"uv": [7, 0, 8, 12], "texture": "#1"},
				"east": {"uv": [4, 0, 5, 12], "texture": "#1"},
				"south": {"uv": [5, 0, 6, 12], "texture": "#1"},
				"west": {"uv": [6, 0, 7, 12], "texture": "#1"},
				"up": {"uv": [4, 0, 5, 1], "rotation": 90, "texture": "#1"}
			}
		}
	],
	"display": {
		"thirdperson_righthand": {
			"rotation": [0, -90, 0],
			"translation": [0, 6.75, 0]
		},
		"thirdperson_lefthand": {
			"rotation": [0, -90, 0],
			"translation": [0, 6.75, 0]
		},
		"firstperson_righthand": {
			"rotation": [-45, 0, 0]
		},
		"firstperson_lefthand": {
			"rotation": [-45, 0, 0]
		},
		"ground": {
			"rotation": [-45, 0, 0],
			"translation": [0, 5.5, 0]
		},
		"gui": {
			"rotation": [0, -135, -44],
			"translation": [0.75, -1.5, 0]
		},
		"head": {
			"rotation": [0, 90, 0],
			"translation": [0, 7.75, 0],
			"scale": [1.81, 1.81, 1.81]
		},
		"fixed": {
			"rotation": [0, 0, 38],
			"translation": [1.25, -1.5, -0.5],
			"scale": [1.25, 1.25, 1.25]
		}
	}
}