{
	"credit": "Made with Blockbench",
	"texture_size": [32, 32],
	"textures": {
		"0": "item/nintendo-switch",
		"particle": "item/nintendo-switch"
	},
	"elements": [
		{
			"from": [4.65, 0, 1.15],
			"to": [11.35, 0.5, 4.85],
			"faces": {
				"north": {"uv": [0.5, 4, 3.75, 4.25], "texture": "#0"},
				"east": {"uv": [6, 6, 7.75, 6.25], "texture": "#0"},
				"south": {"uv": [4, 2, 7.25, 2.25], "texture": "#0"},
				"west": {"uv": [0, 6.5, 1.75, 6.75], "texture": "#0"},
				"up": {"uv": [3.25, 1.75, 0, 0], "texture": "#0"},
				"down": {"uv": [3.25, 2, 0, 3.75], "texture": "#0"}
			}
		},
		{
			"from": [4.75, 0, 4.75],
			"to": [11.25, 0.6, 5],
			"faces": {
				"north": {"uv": [4, 2.5, 7.25, 2.75], "texture": "#0"},
				"east": {"uv": [8, 8, 8.125, 8.25], "texture": "#0"},
				"south": {"uv": [4, 3, 7.25, 3.25], "texture": "#0"},
				"west": {"uv": [8.5, 0, 8.625, 0.25], "texture": "#0"},
				"up": {"uv": [5.25, 6.625, 2, 6.5], "texture": "#0"},
				"down": {"uv": [9.75, 4.5, 6.5, 4.625], "texture": "#0"}
			}
		},
		{
			"from": [4.75, 0, 1],
			"to": [11.25, 0.6, 1.25],
			"faces": {
				"north": {"uv": [4, 3.5, 7.25, 3.75], "texture": "#0"},
				"east": {"uv": [8.5, 0.5, 8.625, 0.75], "texture": "#0"},
				"south": {"uv": [4, 4, 7.25, 4.25], "texture": "#0"},
				"west": {"uv": [8.5, 1, 8.625, 1.25], "texture": "#0"},
				"up": {"uv": [9.75, 5.125, 6.5, 5], "texture": "#0"},
				"down": {"uv": [8.75, 6.5, 5.5, 6.625], "texture": "#0"}
			}
		},
		{
			"from": [4.5, 0, 1],
			"to": [4.6, 0.6, 4.85],
			"faces": {
				"north": {"uv": [8.5, 1.5, 8.625, 1.75], "texture": "#0"},
				"east": {"uv": [2.5, 5, 4.375, 5.25], "texture": "#0"},
				"south": {"uv": [8.5, 2, 8.625, 2.25], "texture": "#0"},
				"west": {"uv": [4.5, 5, 6.375, 5.25], "texture": "#0"},
				"up": {"uv": [2.125, 8.875, 2, 7], "texture": "#0"},
				"down": {"uv": [2.625, 7, 2.5, 8.875], "texture": "#0"}
			}
		},
		{
			"from": [4.6, 0, 1],
			"to": [4.75, 0.6, 5],
			"faces": {
				"north": {"uv": [8.5, 2.5, 8.625, 2.75], "texture": "#0"},
				"east": {"uv": [4.5, 0, 6.5, 0.25], "texture": "#0"},
				"south": {"uv": [8.5, 3, 8.625, 3.25], "texture": "#0"},
				"west": {"uv": [0.5, 4.5, 2.5, 4.75], "texture": "#0"},
				"up": {"uv": [0.125, 9, 0, 7], "texture": "#0"},
				"down": {"uv": [0.625, 7, 0.5, 9], "texture": "#0"}
			}
		},
		{
			"from": [11.4, 0, 1],
			"to": [11.5, 0.6, 4.85],
			"faces": {
				"north": {"uv": [8.5, 3.5, 8.625, 3.75], "texture": "#0"},
				"east": {"uv": [0.5, 5.5, 2.375, 5.75], "texture": "#0"},
				"south": {"uv": [8.5, 4, 8.625, 4.25], "texture": "#0"},
				"west": {"uv": [2.5, 5.5, 4.375, 5.75], "texture": "#0"},
				"up": {"uv": [3.125, 8.875, 3, 7], "texture": "#0"},
				"down": {"uv": [3.625, 7, 3.5, 8.875], "texture": "#0"}
			}
		},
		{
			"from": [11.25, 0, 1],
			"to": [11.4, 0.6, 5],
			"faces": {
				"north": {"uv": [8.5, 5.5, 8.625, 5.75], "texture": "#0"},
				"east": {"uv": [4.5, 0.5, 6.5, 0.75], "texture": "#0"},
				"south": {"uv": [8.5, 6, 8.625, 6.25], "texture": "#0"},
				"west": {"uv": [4.5, 1, 6.5, 1.25], "texture": "#0"},
				"up": {"uv": [1.125, 9, 1, 7], "texture": "#0"},
				"down": {"uv": [1.625, 7, 1.5, 9], "texture": "#0"}
			}
		},
		{
			"from": [3.4, 0, 1],
			"to": [4.4, 0.6, 5],
			"faces": {
				"north": {"uv": [7.5, 7, 8, 7.25], "texture": "#0"},
				"east": {"uv": [4.5, 1.5, 6.5, 1.75], "texture": "#0"},
				"south": {"uv": [7.5, 7.5, 8, 7.75], "texture": "#0"},
				"west": {"uv": [2.5, 4.5, 4.5, 4.75], "texture": "#0"},
				"up": {"uv": [4, 2, 3.5, 0], "texture": "#0"},
				"down": {"uv": [4, 2, 3.5, 4], "texture": "#0"}
			}
		},
		{
			"from": [4.4, 0.1, 1.1],
			"to": [4.5, 0.5, 4.8],
			"faces": {
				"north": {"uv": [8.5, 7, 8.625, 7.25], "texture": "#0"},
				"east": {"uv": [4.5, 5.5, 6.375, 5.75], "texture": "#0"},
				"south": {"uv": [7.5, 8.5, 7.625, 8.75], "texture": "#0"},
				"west": {"uv": [0, 6, 1.875, 6.25], "texture": "#0"},
				"up": {"uv": [4.125, 8.875, 4, 7], "texture": "#0"},
				"down": {"uv": [4.625, 7, 4.5, 8.875], "texture": "#0"}
			}
		},
		{
			"from": [3.25, 0, 1.2],
			"to": [3.5, 0.6, 4.8],
			"faces": {
				"north": {"uv": [8.5, 7.5, 8.625, 7.75], "texture": "#0"},
				"east": {"uv": [6.5, 0, 8.25, 0.25], "texture": "#0"},
				"south": {"uv": [8, 8.5, 8.125, 8.75], "texture": "#0"},
				"west": {"uv": [6.5, 0.5, 8.25, 0.75], "texture": "#0"},
				"up": {"uv": [6.125, 8.75, 6, 7], "texture": "#0"},
				"down": {"uv": [6.625, 7, 6.5, 8.75], "texture": "#0"}
			}
		},
		{
			"from": [3.47256, 0.6, 4.08921],
			"to": [3.67256, 0.7, 4.28921],
			"rotation": {"angle": 0, "axis": "y", "origin": [3.57256, 0.65, 4.18921]},
			"faces": {
				"north": {"uv": [0.5, 9, 0.625, 9.125], "texture": "#0"},
				"east": {"uv": [9, 0.5, 9.125, 0.625], "texture": "#0"},
				"south": {"uv": [1, 9, 1.125, 9.125], "texture": "#0"},
				"west": {"uv": [9, 1, 9.125, 1.125], "texture": "#0"},
				"up": {"uv": [1.625, 9.125, 1.5, 9], "texture": "#0"},
				"down": {"uv": [9.125, 1.5, 9, 1.625], "texture": "#0"}
			}
		},
		{
			"from": [3.93721, 0.6, 4.08921],
			"to": [4.13721, 0.7, 4.28921],
			"rotation": {"angle": 0, "axis": "y", "origin": [4.03721, 0.65, 4.18921]},
			"faces": {
				"north": {"uv": [2, 9, 2.125, 9.125], "texture": "#0"},
				"east": {"uv": [9, 2, 9.125, 2.125], "texture": "#0"},
				"south": {"uv": [2.5, 9, 2.625, 9.125], "texture": "#0"},
				"west": {"uv": [9, 2.5, 9.125, 2.625], "texture": "#0"},
				"up": {"uv": [3.125, 9.125, 3, 9], "texture": "#0"},
				"down": {"uv": [9.125, 3, 9, 3.125], "texture": "#0"}
			}
		},
		{
			"from": [3.70488, 0.6, 4.31118],
			"to": [3.90488, 0.7, 4.51118],
			"rotation": {"angle": 0, "axis": "y", "origin": [3.80488, 0.65, 4.41118]},
			"faces": {
				"north": {"uv": [3.5, 9, 3.625, 9.125], "texture": "#0"},
				"east": {"uv": [9, 3.5, 9.125, 3.625], "texture": "#0"},
				"south": {"uv": [4, 9, 4.125, 9.125], "texture": "#0"},
				"west": {"uv": [9, 4, 9.125, 4.125], "texture": "#0"},
				"up": {"uv": [4.625, 9.125, 4.5, 9], "texture": "#0"},
				"down": {"uv": [5.125, 9, 5, 9.125], "texture": "#0"}
			}
		},
		{
			"from": [3.71524, 0.6, 3.84225],
			"to": [3.91524, 0.7, 4.04225],
			"rotation": {"angle": 0, "axis": "y", "origin": [3.81524, 0.65, 3.94225]},
			"faces": {
				"north": {"uv": [5.5, 9, 5.625, 9.125], "texture": "#0"},
				"east": {"uv": [9, 5.5, 9.125, 5.625], "texture": "#0"},
				"south": {"uv": [6, 9, 6.125, 9.125], "texture": "#0"},
				"west": {"uv": [9, 6, 9.125, 6.125], "texture": "#0"},
				"up": {"uv": [6.625, 9.125, 6.5, 9], "texture": "#0"},
				"down": {"uv": [9.125, 6.5, 9, 6.625], "texture": "#0"}
			}
		},
		{
			"from": [4.05, 0.6, 4.7],
			"to": [4.325, 0.65, 4.775],
			"rotation": {"angle": 0, "axis": "y", "origin": [3.4, 0, 4.1]},
			"faces": {
				"north": {"uv": [7, 9, 7.125, 9.125], "texture": "#0"},
				"east": {"uv": [9, 7, 9.125, 7.125], "texture": "#0"},
				"south": {"uv": [7.5, 9, 7.625, 9.125], "texture": "#0"},
				"west": {"uv": [9, 7.5, 9.125, 7.625], "texture": "#0"},
				"up": {"uv": [8.125, 9.125, 8, 9], "texture": "#0"},
				"down": {"uv": [9.125, 8, 9, 8.125], "texture": "#0"}
			}
		},
		{
			"from": [4.15, 0.6, 4.6],
			"to": [4.225, 0.65, 4.875],
			"rotation": {"angle": 0, "axis": "y", "origin": [3.4, 0, 4.1]},
			"faces": {
				"north": {"uv": [8.5, 9, 8.625, 9.125], "texture": "#0"},
				"east": {"uv": [9, 8.5, 9.125, 8.625], "texture": "#0"},
				"south": {"uv": [9, 9, 9.125, 9.125], "texture": "#0"},
				"west": {"uv": [0, 9.5, 0.125, 9.625], "texture": "#0"},
				"up": {"uv": [9.625, 0.125, 9.5, 0], "texture": "#0"},
				"down": {"uv": [0.625, 9.5, 0.5, 9.625], "texture": "#0"}
			}
		},
		{
			"from": [4.075, 0.6, 1.5],
			"to": [4.275, 0.625, 1.8],
			"rotation": {"angle": 0, "axis": "y", "origin": [3.375, 0, 1.1]},
			"faces": {
				"north": {"uv": [9.5, 0.5, 9.625, 0.625], "texture": "#0"},
				"east": {"uv": [1, 9.5, 1.125, 9.625], "texture": "#0"},
				"south": {"uv": [9.5, 1, 9.625, 1.125], "texture": "#0"},
				"west": {"uv": [1.5, 9.5, 1.625, 9.625], "texture": "#0"},
				"up": {"uv": [9.625, 1.625, 9.5, 1.5], "texture": "#0"},
				"down": {"uv": [2.125, 9.5, 2, 9.625], "texture": "#0"}
			}
		},
		{
			"from": [4.025, 0.6, 1.55],
			"to": [4.325, 0.625, 1.75],
			"rotation": {"angle": 0, "axis": "y", "origin": [3.375, 0, 1.1]},
			"faces": {
				"north": {"uv": [9.5, 2, 9.625, 2.125], "texture": "#0"},
				"east": {"uv": [2.5, 9.5, 2.625, 9.625], "texture": "#0"},
				"south": {"uv": [9.5, 2.5, 9.625, 2.625], "texture": "#0"},
				"west": {"uv": [3, 9.5, 3.125, 9.625], "texture": "#0"},
				"up": {"uv": [9.625, 3.125, 9.5, 3], "texture": "#0"},
				"down": {"uv": [3.625, 9.5, 3.5, 9.625], "texture": "#0"}
			}
		},
		{
			"from": [3.6, 0.9, 2.6],
			"to": [4.15, 1.15, 3.15],
			"rotation": {"angle": 0, "axis": "y", "origin": [0, -0.1, 2]},
			"faces": {
				"north": {"uv": [8, 3, 8.375, 3.125], "texture": "#0"},
				"east": {"uv": [8, 3.5, 8.375, 3.625], "texture": "#0"},
				"south": {"uv": [8, 4, 8.375, 4.125], "texture": "#0"},
				"west": {"uv": [8, 5.5, 8.375, 5.625], "texture": "#0"},
				"up": {"uv": [6.875, 5.875, 6.5, 5.5], "texture": "#0"},
				"down": {"uv": [7.375, 5.5, 7, 5.875], "texture": "#0"}
			}
		},
		{
			"from": [3.5, 0.9, 2.6],
			"to": [3.65, 1.15, 3.15],
			"rotation": {"angle": 0, "axis": "y", "origin": [0, -0.1, 2]},
			"faces": {
				"north": {"uv": [8, 3, 8.375, 3.125], "texture": "#0"},
				"east": {"uv": [8, 3.5, 8.375, 3.625], "texture": "#0"},
				"south": {"uv": [8, 4, 8.375, 4.125], "texture": "#0"},
				"west": {"uv": [8, 5.5, 8.375, 5.625], "texture": "#0"},
				"up": {"uv": [6.875, 5.875, 6.5, 5.5], "texture": "#0"},
				"down": {"uv": [7.375, 5.5, 7, 5.875], "texture": "#0"}
			}
		},
		{
			"from": [4.1, 0.9, 2.6],
			"to": [4.25, 1.15, 3.15],
			"rotation": {"angle": 0, "axis": "y", "origin": [0, -0.1, 2]},
			"faces": {
				"north": {"uv": [8, 3, 8.375, 3.125], "texture": "#0"},
				"east": {"uv": [8, 3.5, 8.375, 3.625], "texture": "#0"},
				"south": {"uv": [8, 4, 8.375, 4.125], "texture": "#0"},
				"west": {"uv": [8, 5.5, 8.375, 5.625], "texture": "#0"},
				"up": {"uv": [6.875, 5.875, 6.5, 5.5], "texture": "#0"},
				"down": {"uv": [7.375, 5.5, 7, 5.875], "texture": "#0"}
			}
		},
		{
			"from": [3.6, 0.9, 2.5],
			"to": [4.15, 1.15, 2.65],
			"rotation": {"angle": 0, "axis": "y", "origin": [0, -0.1, 2]},
			"faces": {
				"north": {"uv": [8, 3, 8.375, 3.125], "texture": "#0"},
				"east": {"uv": [8, 3.5, 8.375, 3.625], "texture": "#0"},
				"south": {"uv": [8, 4, 8.375, 4.125], "texture": "#0"},
				"west": {"uv": [8, 5.5, 8.375, 5.625], "texture": "#0"},
				"up": {"uv": [6.875, 5.875, 6.5, 5.5], "texture": "#0"},
				"down": {"uv": [7.375, 5.5, 7, 5.875], "texture": "#0"}
			}
		},
		{
			"from": [3.6, 0.9, 3.1],
			"to": [4.15, 1.15, 3.25],
			"rotation": {"angle": 0, "axis": "y", "origin": [0, -0.1, 2]},
			"faces": {
				"north": {"uv": [8, 3, 8.375, 3.125], "texture": "#0"},
				"east": {"uv": [8, 3.5, 8.375, 3.625], "texture": "#0"},
				"south": {"uv": [8, 4, 8.375, 4.125], "texture": "#0"},
				"west": {"uv": [8, 5.5, 8.375, 5.625], "texture": "#0"},
				"up": {"uv": [6.875, 5.875, 6.5, 5.5], "texture": "#0"},
				"down": {"uv": [7.375, 5.5, 7, 5.875], "texture": "#0"}
			}
		},
		{
			"from": [3.75, 0.6, 2.75],
			"to": [4, 0.9, 3],
			"rotation": {"angle": 0, "axis": "y", "origin": [0, -0.1, 2]},
			"faces": {
				"north": {"uv": [9.5, 3.5, 9.625, 3.625], "texture": "#0"},
				"east": {"uv": [4, 9.5, 4.125, 9.625], "texture": "#0"},
				"south": {"uv": [9.5, 4, 9.625, 4.125], "texture": "#0"},
				"west": {"uv": [4.5, 9.5, 4.625, 9.625], "texture": "#0"},
				"up": {"uv": [5.125, 9.625, 5, 9.5], "texture": "#0"},
				"down": {"uv": [5.625, 9.5, 5.5, 9.625], "texture": "#0"}
			}
		},
		{
			"from": [11.6, 0, 1],
			"to": [12.6, 0.6, 5],
			"faces": {
				"north": {"uv": [8, 2, 8.5, 2.25], "texture": "#0"},
				"east": {"uv": [4.5, 4.5, 6.5, 4.75], "texture": "#0"},
				"south": {"uv": [8, 2.5, 8.5, 2.75], "texture": "#0"},
				"west": {"uv": [0.5, 5, 2.5, 5.25], "texture": "#0"},
				"up": {"uv": [0.5, 6, 0, 4], "texture": "#0"},
				"down": {"uv": [4.5, 0, 4, 2], "texture": "#0"}
			}
		},
		{
			"from": [11.5, 0.1, 1.1],
			"to": [11.6, 0.5, 4.8],
			"faces": {
				"north": {"uv": [8.5, 8, 8.625, 8.25], "texture": "#0"},
				"east": {"uv": [2, 6, 3.875, 6.25], "texture": "#0"},
				"south": {"uv": [8.5, 8.5, 8.625, 8.75], "texture": "#0"},
				"west": {"uv": [4, 6, 5.875, 6.25], "texture": "#0"},
				"up": {"uv": [5.125, 8.875, 5, 7], "texture": "#0"},
				"down": {"uv": [5.625, 7, 5.5, 8.875], "texture": "#0"}
			}
		},
		{
			"from": [12.5, 0, 1.2],
			"to": [12.75, 0.6, 4.8],
			"faces": {
				"north": {"uv": [0, 9, 0.125, 9.25], "texture": "#0"},
				"east": {"uv": [6.5, 1, 8.25, 1.25], "texture": "#0"},
				"south": {"uv": [9, 0, 9.125, 0.25], "texture": "#0"},
				"west": {"uv": [6.5, 1.5, 8.25, 1.75], "texture": "#0"},
				"up": {"uv": [7.125, 8.75, 7, 7], "texture": "#0"},
				"down": {"uv": [7.625, 2, 7.5, 3.75], "texture": "#0"}
			}
		},
		{
			"from": [11.81036, 0.6, 2.20931],
			"to": [12.01036, 0.7, 2.40931],
			"rotation": {"angle": 0, "axis": "y", "origin": [11.91036, 0.65, 2.30931]},
			"faces": {
				"north": {"uv": [9.5, 5.5, 9.625, 5.625], "texture": "#0"},
				"east": {"uv": [6, 9.5, 6.125, 9.625], "texture": "#0"},
				"south": {"uv": [9.5, 6, 9.625, 6.125], "texture": "#0"},
				"west": {"uv": [6.5, 9.5, 6.625, 9.625], "texture": "#0"},
				"up": {"uv": [9.625, 6.625, 9.5, 6.5], "texture": "#0"},
				"down": {"uv": [7.125, 9.5, 7, 9.625], "texture": "#0"}
			}
		},
		{
			"from": [12.275, 0.6, 2.20931],
			"to": [12.475, 0.7, 2.40931],
			"rotation": {"angle": 0, "axis": "y", "origin": [12.375, 0.65, 2.30931]},
			"faces": {
				"north": {"uv": [9.5, 7, 9.625, 7.125], "texture": "#0"},
				"east": {"uv": [7.5, 9.5, 7.625, 9.625], "texture": "#0"},
				"south": {"uv": [9.5, 7.5, 9.625, 7.625], "texture": "#0"},
				"west": {"uv": [8, 9.5, 8.125, 9.625], "texture": "#0"},
				"up": {"uv": [9.625, 8.125, 9.5, 8], "texture": "#0"},
				"down": {"uv": [8.625, 9.5, 8.5, 9.625], "texture": "#0"}
			}
		},
		{
			"from": [12.04268, 0.6, 2.43128],
			"to": [12.24268, 0.7, 2.63128],
			"rotation": {"angle": 0, "axis": "y", "origin": [12.14268, 0.65, 2.53128]},
			"faces": {
				"north": {"uv": [9.5, 8.5, 9.625, 8.625], "texture": "#0"},
				"east": {"uv": [9, 9.5, 9.125, 9.625], "texture": "#0"},
				"south": {"uv": [9.5, 9, 9.625, 9.125], "texture": "#0"},
				"west": {"uv": [9.5, 9.5, 9.625, 9.625], "texture": "#0"},
				"up": {"uv": [0.125, 10.125, 0, 10], "texture": "#0"},
				"down": {"uv": [10.125, 0, 10, 0.125], "texture": "#0"}
			}
		},
		{
			"from": [12.05303, 0.6, 1.96235],
			"to": [12.25303, 0.7, 2.16235],
			"rotation": {"angle": 0, "axis": "y", "origin": [12.15303, 0.65, 2.06235]},
			"faces": {
				"north": {"uv": [0.5, 10, 0.625, 10.125], "texture": "#0"},
				"east": {"uv": [10, 0.5, 10.125, 0.625], "texture": "#0"},
				"south": {"uv": [1, 10, 1.125, 10.125], "texture": "#0"},
				"west": {"uv": [10, 1, 10.125, 1.125], "texture": "#0"},
				"up": {"uv": [1.625, 10.125, 1.5, 10], "texture": "#0"},
				"down": {"uv": [10.125, 1.5, 10, 1.625], "texture": "#0"}
			}
		},
		{
			"from": [11.675, 0.6, 4.7],
			"to": [11.925, 0.65, 4.775],
			"rotation": {"angle": 0, "axis": "y", "origin": [11, 0, 4.1]},
			"faces": {
				"north": {"uv": [2, 10, 2.125, 10.125], "texture": "#0"},
				"east": {"uv": [10, 2, 10.125, 2.125], "texture": "#0"},
				"south": {"uv": [2.5, 10, 2.625, 10.125], "texture": "#0"},
				"west": {"uv": [10, 2.5, 10.125, 2.625], "texture": "#0"},
				"up": {"uv": [3.125, 10.125, 3, 10], "texture": "#0"},
				"down": {"uv": [10.125, 3, 10, 3.125], "texture": "#0"}
			}
		},
		{
			"from": [11.675, 0.6, 1.525],
			"to": [11.925, 0.625, 1.775],
			"rotation": {"angle": 0, "axis": "y", "origin": [11, 0, 1.1]},
			"faces": {
				"north": {"uv": [3.5, 10, 3.625, 10.125], "texture": "#0"},
				"east": {"uv": [10, 3.5, 10.125, 3.625], "texture": "#0"},
				"south": {"uv": [4, 10, 4.125, 10.125], "texture": "#0"},
				"west": {"uv": [10, 4, 10.125, 4.125], "texture": "#0"},
				"up": {"uv": [4.625, 10.125, 4.5, 10], "texture": "#0"},
				"down": {"uv": [10.125, 4.5, 10, 4.625], "texture": "#0"}
			}
		},
		{
			"from": [12.05, 0.6, 3.25],
			"to": [12.3, 0.9, 3.5],
			"rotation": {"angle": 0, "axis": "y", "origin": [8.3, -0.1, 2.5]},
			"faces": {
				"north": {"uv": [5, 10, 5.125, 10.125], "texture": "#0"},
				"east": {"uv": [10, 5, 10.125, 5.125], "texture": "#0"},
				"south": {"uv": [5.5, 10, 5.625, 10.125], "texture": "#0"},
				"west": {"uv": [10, 5.5, 10.125, 5.625], "texture": "#0"},
				"up": {"uv": [6.125, 10.125, 6, 10], "texture": "#0"},
				"down": {"uv": [10.125, 6, 10, 6.125], "texture": "#0"}
			}
		},
		{
			"from": [11.9, 0.9, 3.1],
			"to": [12.45, 1.15, 3.65],
			"rotation": {"angle": 0, "axis": "y", "origin": [8.3, -0.1, 2.5]},
			"faces": {
				"north": {"uv": [8, 6, 8.375, 6.125], "texture": "#0"},
				"east": {"uv": [8, 7, 8.375, 7.125], "texture": "#0"},
				"south": {"uv": [7.5, 8, 7.875, 8.125], "texture": "#0"},
				"west": {"uv": [8, 7.5, 8.375, 7.625], "texture": "#0"},
				"up": {"uv": [7.875, 4.375, 7.5, 4], "texture": "#0"},
				"down": {"uv": [7.875, 5.5, 7.5, 5.875], "texture": "#0"}
			}
		},
		{
			"from": [11.9, 0.9, 3],
			"to": [12.45, 1.15, 3.15],
			"rotation": {"angle": 0, "axis": "y", "origin": [8.3, -0.1, 2.5]},
			"faces": {
				"north": {"uv": [8, 6, 8.375, 6.125], "texture": "#0"},
				"east": {"uv": [8, 7, 8.375, 7.125], "texture": "#0"},
				"south": {"uv": [7.5, 8, 7.875, 8.125], "texture": "#0"},
				"west": {"uv": [8, 7.5, 8.375, 7.625], "texture": "#0"},
				"up": {"uv": [7.875, 4.375, 7.5, 4], "texture": "#0"},
				"down": {"uv": [7.875, 5.5, 7.5, 5.875], "texture": "#0"}
			}
		},
		{
			"from": [11.9, 0.9, 3.6],
			"to": [12.45, 1.15, 3.75],
			"rotation": {"angle": 0, "axis": "y", "origin": [8.3, -0.1, 2.5]},
			"faces": {
				"north": {"uv": [8, 6, 8.375, 6.125], "texture": "#0"},
				"east": {"uv": [8, 7, 8.375, 7.125], "texture": "#0"},
				"south": {"uv": [7.5, 8, 7.875, 8.125], "texture": "#0"},
				"west": {"uv": [8, 7.5, 8.375, 7.625], "texture": "#0"},
				"up": {"uv": [7.875, 4.375, 7.5, 4], "texture": "#0"},
				"down": {"uv": [7.875, 5.5, 7.5, 5.875], "texture": "#0"}
			}
		},
		{
			"from": [11.8, 0.9, 3.1],
			"to": [11.95, 1.15, 3.65],
			"rotation": {"angle": 0, "axis": "y", "origin": [8.3, -0.1, 2.5]},
			"faces": {
				"north": {"uv": [8, 6, 8.375, 6.125], "texture": "#0"},
				"east": {"uv": [8, 7, 8.375, 7.125], "texture": "#0"},
				"south": {"uv": [7.5, 8, 7.875, 8.125], "texture": "#0"},
				"west": {"uv": [8, 7.5, 8.375, 7.625], "texture": "#0"},
				"up": {"uv": [7.875, 4.375, 7.5, 4], "texture": "#0"},
				"down": {"uv": [7.875, 5.5, 7.5, 5.875], "texture": "#0"}
			}
		},
		{
			"from": [12.4, 0.9, 3.1],
			"to": [12.55, 1.15, 3.65],
			"rotation": {"angle": 0, "axis": "y", "origin": [8.3, -0.1, 2.5]},
			"faces": {
				"north": {"uv": [8, 6, 8.375, 6.125], "texture": "#0"},
				"east": {"uv": [8, 7, 8.375, 7.125], "texture": "#0"},
				"south": {"uv": [7.5, 8, 7.875, 8.125], "texture": "#0"},
				"west": {"uv": [8, 7.5, 8.375, 7.625], "texture": "#0"},
				"up": {"uv": [7.875, 4.375, 7.5, 4], "texture": "#0"},
				"down": {"uv": [7.875, 5.5, 7.5, 5.875], "texture": "#0"}
			}
		}
	],
	"display": {
		"thirdperson_righthand": {
			"rotation": [119, 175.5, -7],
			"translation": [-5.25, 4.5, 15.5],
			"scale": [1.55, 1.55, 1.55]
		},
		"thirdperson_lefthand": {
			"rotation": [119, 175.5, -7],
			"translation": [-5.25, 4.5, 15.5],
			"scale": [1.55, 1.55, 1.55]
		},
		"firstperson_righthand": {
			"rotation": [45, 178, 0],
			"translation": [-6.75, 14.2, 8]
		},
		"firstperson_lefthand": {
			"rotation": [45, 178, 0],
			"translation": [-6.75, 14.2, 8]
		},
		"ground": {
			"translation": [0, 5.25, 5.25]
		},
		"gui": {
			"rotation": [57.5, -180, 0],
			"translation": [0.25, 9, 0],
			"scale": [1.5, 1.5, 1.5]
		},
		"head": {
			"rotation": [-98, -38, 0],
			"translation": [-10.75, 10.75, -16.25],
			"scale": [1.6, 1.6, 1.6]
		},
		"fixed": {
			"rotation": [-90, 0, 0],
			"translation": [0, 13, -20.25],
			"scale": [2.45, 2.45, 2.45]
		}
	},
	"groups": [
		{
			"name": "group",
			"origin": [8, 8, 8],
			"color": 0,
			"children": [
				0,
				1,
				2,
				3,
				4,
				5,
				6,
				{
					"name": "group",
					"origin": [8, 8, 8],
					"color": 0,
					"children": [
						7,
						8,
						9,
						{
							"name": "group",
							"origin": [8, 8, 8],
							"color": 0,
							"children": [10, 11, 12, 13]
						},
						14,
						15,
						16,
						17,
						{
							"name": "group",
							"origin": [8, 8, 8],
							"color": 0,
							"children": [18, 19, 20, 21, 22, 23]
						}
					]
				},
				{
					"name": "group",
					"origin": [8, 8, 8],
					"color": 0,
					"children": [
						24,
						25,
						26,
						{
							"name": "group",
							"origin": [8, 8, 8],
							"color": 0,
							"children": [27, 28, 29, 30]
						},
						31,
						32,
						{
							"name": "group",
							"origin": [8, 8, 8],
							"color": 0,
							"children": [33, 34, 35, 36, 37, 38]
						}
					]
				}
			]
		}
	]
}