{
	"credit": "Made with Blockbench",
	"texture_size": [64, 64],
	"textures": {
		"0": "item/purple-guy",
		"particle": "item/purple-guy"
	},
	"elements": [
		{
			"from": [1, 3, 0],
			"to": [15, 13, 1],
			"rotation": {"angle": 0, "axis": "y", "origin": [5, 7, 0]},
			"faces": {
				"north": {"uv": [0, 0, 3.5, 2.5], "texture": "#0"},
				"east": {"uv": [1, 6.25, 1.25, 8.75], "texture": "#0"},
				"south": {"uv": [0, 2.5, 3.5, 5], "texture": "#0"},
				"west": {"uv": [1.25, 6.25, 1.5, 8.75], "texture": "#0"},
				"up": {"uv": [4.5, 5.75, 1, 5.5], "texture": "#0"},
				"down": {"uv": [8, 5.5, 4.5, 5.75], "texture": "#0"}
			}
		},
		{
			"from": [0, 7, 1],
			"to": [16, 8, 2],
			"rotation": {"angle": 0, "axis": "y", "origin": [5, 7, 1]},
			"faces": {
				"north": {"uv": [3.5, 3, 7.5, 3.25], "texture": "#0"},
				"east": {"uv": [2.5, 6.25, 2.75, 6.5], "texture": "#0"},
				"south": {"uv": [3.5, 3.25, 7.5, 3.5], "texture": "#0"},
				"west": {"uv": [2.75, 6.25, 3, 6.5], "texture": "#0"},
				"up": {"uv": [7.5, 3.75, 3.5, 3.5], "texture": "#0"},
				"down": {"uv": [7.5, 3.75, 3.5, 4], "texture": "#0"}
			}
		},
		{
			"from": [15, 7, 1],
			"to": [16, 8, 16],
			"rotation": {"angle": 0, "axis": "y", "origin": [5, 7, 1]},
			"faces": {
				"north": {"uv": [3, 6.25, 3.25, 6.5], "texture": "#0"},
				"east": {"uv": [0, 5, 3.75, 5.25], "texture": "#0"},
				"south": {"uv": [3.25, 6.25, 3.5, 6.5], "texture": "#0"},
				"west": {"uv": [3.75, 5, 7.5, 5.25], "texture": "#0"},
				"up": {"uv": [0.25, 9, 0, 5.25], "texture": "#0"},
				"down": {"uv": [0.5, 5.25, 0.25, 9], "texture": "#0"}
			}
		},
		{
			"from": [0, 7, 15],
			"to": [16, 8, 16],
			"rotation": {"angle": 0, "axis": "y", "origin": [5, 7, 1]},
			"faces": {
				"north": {"uv": [3.5, 4, 7.5, 4.25], "texture": "#0"},
				"east": {"uv": [3.5, 6.25, 3.75, 6.5], "texture": "#0"},
				"south": {"uv": [3.5, 4.25, 7.5, 4.5], "texture": "#0"},
				"west": {"uv": [3.75, 6.25, 4, 6.5], "texture": "#0"},
				"up": {"uv": [7.5, 4.75, 3.5, 4.5], "texture": "#0"},
				"down": {"uv": [7.5, 4.75, 3.5, 5], "texture": "#0"}
			}
		},
		{
			"from": [0, 7, 1],
			"to": [1, 8, 16],
			"rotation": {"angle": 0, "axis": "y", "origin": [5, 7, 1]},
			"faces": {
				"north": {"uv": [4, 6.25, 4.25, 6.5], "texture": "#0"},
				"east": {"uv": [0.5, 5.25, 4.25, 5.5], "texture": "#0"},
				"south": {"uv": [4.25, 6.25, 4.5, 6.5], "texture": "#0"},
				"west": {"uv": [4.25, 5.25, 8, 5.5], "texture": "#0"},
				"up": {"uv": [0.75, 9.25, 0.5, 5.5], "texture": "#0"},
				"down": {"uv": [1, 5.5, 0.75, 9.25], "texture": "#0"}
			}
		},
		{
			"from": [2, 0, 0],
			"to": [14, 3, 1],
			"rotation": {"angle": 0, "axis": "y", "origin": [5, 7, 0]},
			"faces": {
				"north": {"uv": [3.5, 0, 6.5, 1], "texture": "#0"},
				"east": {"uv": [1.5, 6.25, 1.75, 7.25], "texture": "#0"},
				"south": {"uv": [3.5, 1, 6.5, 2], "texture": "#0"},
				"west": {"uv": [1.75, 6.25, 2, 7.25], "texture": "#0"},
				"up": {"uv": [4, 6, 1, 5.75], "texture": "#0"},
				"down": {"uv": [7, 5.75, 4, 6], "texture": "#0"}
			}
		},
		{
			"from": [2, 13, 0],
			"to": [14, 15, 1],
			"rotation": {"angle": 0, "axis": "y", "origin": [5, 7, 0]},
			"faces": {
				"north": {"uv": [3.5, 2, 6.5, 2.5], "texture": "#0"},
				"east": {"uv": [2, 6.25, 2.25, 6.75], "texture": "#0"},
				"south": {"uv": [3.5, 2.5, 6.5, 3], "texture": "#0"},
				"west": {"uv": [2.25, 6.25, 2.5, 6.75], "texture": "#0"},
				"up": {"uv": [4, 6.25, 1, 6], "texture": "#0"},
				"down": {"uv": [7, 6, 4, 6.25], "texture": "#0"}
			}
		}
	],
	"display": {
		"firstperson_righthand": {
			"scale": [0, 0, 0]
		},
		"firstperson_lefthand": {
			"scale": [0, 0, 0]
		},
		"ground": {
			"translation": [0, 4.5, 0]
		},
		"fixed": {
			"translation": [0, 0, 6.75]
		}
	},
	"groups": [
		{
			"name": "group",
			"origin": [8, 8, 8],
			"color": 0,
			"children": [0, 1, 2, 3, 4, 5, 6]
		}
	]
}