{
	"credit": "Made with Blockbench",
	"texture_size": [32, 32],
	"textures": {
		"0": "item/crying_emoji_mask",
		"particle": "item/crying_emoji_mask"
	},
	"elements": [
		{
			"from": [4, 0, 4],
			"to": [12, 8, 4.5],
			"faces": {
				"north": {"uv": [0, 0, 8, 8], "texture": "#0"},
				"east": {"uv": [0, 0, 0.5, 8], "texture": "#0"},
				"south": {"uv": [0, 0, 8, 8], "texture": "#0"},
				"west": {"uv": [7.5, 0, 8, 8], "texture": "#0"},
				"up": {"uv": [0, 0, 8, 0.5], "texture": "#0"},
				"down": {"uv": [0, 7.5, 8, 8], "texture": "#0"}
			}
		},
		{
			"from": [4, 0, 3.95],
			"to": [12, 8, 3.95],
			"faces": {
				"north": {"uv": [8, 0, 16, 8], "texture": "#0"},
				"south": {"uv": [0, 0, 8, 8], "texture": "#0"}
			}
		},
		{
			"from": [11.5, 0, 4.5],
			"to": [12, 8, 5],
			"faces": {
				"east": {"uv": [0, 0, 0.5, 8], "texture": "#0"},
				"south": {"uv": [0, 0, 0.5, 8], "texture": "#0"},
				"west": {"uv": [0, 0, 0.5, 8], "texture": "#0"},
				"up": {"uv": [0, 0, 0.5, 0.5], "texture": "#0"},
				"down": {"uv": [0, 7.5, 0.5, 8], "texture": "#0"}
			}
		},
		{
			"from": [4, 0, 4.5],
			"to": [4.5, 8, 5],
			"rotation": {"angle": 0, "axis": "y", "origin": [16, 0, 0]},
			"faces": {
				"east": {"uv": [7.5, 0, 8, 8], "texture": "#0"},
				"south": {"uv": [7.5, 0, 8, 8], "texture": "#0"},
				"west": {"uv": [7.5, 0, 8, 8], "texture": "#0"},
				"up": {"uv": [7.5, 7.5, 8, 8], "texture": "#0"},
				"down": {"uv": [0, 0, 0.5, 0.5], "texture": "#0"}
			}
		},
		{
			"from": [4.5, 7.5, 4.5],
			"to": [11.5, 8, 5],
			"rotation": {"angle": 0, "axis": "y", "origin": [12, -4, 0]},
			"faces": {
				"south": {"uv": [0.5, 0, 7.5, 0.5], "texture": "#0"},
				"up": {"uv": [0.5, 0, 7.5, 0.5], "texture": "#0"},
				"down": {"uv": [0.5, 0, 7.5, 0.5], "texture": "#0"}
			}
		},
		{
			"from": [4.5, 0, 4.5],
			"to": [11.5, 0.5, 5],
			"rotation": {"angle": 0, "axis": "y", "origin": [12, 20, 0]},
			"faces": {
				"south": {"uv": [0.5, 0.5, 7.5, 0], "texture": "#0"},
				"up": {"uv": [0.5, 0.5, 7.5, 0], "texture": "#0"},
				"down": {"uv": [0.5, 0.5, 7.5, 0], "texture": "#0"}
			}
		},
		{
			"from": [4.0011, 3.7511, 4.5011],
			"to": [4.4989, 4.2489, 11.9989],
			"rotation": {"angle": 0, "axis": "y", "origin": [16, 0, 0]},
			"faces": {
				"east": {"uv": [8.5, 15.5, 16, 16], "texture": "#0"},
				"south": {"uv": [15.5, 15.5, 16, 16], "rotation": 90, "texture": "#0"},
				"west": {"uv": [8.5, 15.5, 16, 16], "texture": "#0"},
				"up": {"uv": [8.5, 15.5, 16, 16], "rotation": 90, "texture": "#0"},
				"down": {"uv": [8.5, 15.5, 16, 16], "rotation": 90, "texture": "#0"}
			}
		},
		{
			"from": [11.5011, 3.7511, 4.5011],
			"to": [11.9989, 4.2489, 11.9989],
			"faces": {
				"east": {"uv": [16, 15.5, 8.5, 16], "texture": "#0"},
				"south": {"uv": [15.5, 16, 16, 15.5], "rotation": 90, "texture": "#0"},
				"west": {"uv": [16, 15.5, 8.5, 16], "texture": "#0"},
				"up": {"uv": [8.5, 16, 16, 15.5], "rotation": 90, "texture": "#0"},
				"down": {"uv": [8.5, 16, 16, 15.5], "rotation": 90, "texture": "#0"}
			}
		},
		{
			"from": [4.4999, 3.7499, 11.4999],
			"to": [11.5001, 4.2501, 12.0001],
			"rotation": {"angle": 0, "axis": "y", "origin": [8.375, 4, 11.625]},
			"faces": {
				"north": {"uv": [8.5, 15.5, 16, 16], "texture": "#0"},
				"east": {"uv": [15.5, 15.5, 16, 16], "texture": "#0"},
				"south": {"uv": [8.5, 15.5, 16, 16], "texture": "#0"},
				"west": {"uv": [15.5, 15.5, 16, 16], "texture": "#0"},
				"up": {"uv": [8.5, 15.5, 16, 16], "texture": "#0"},
				"down": {"uv": [8.5, 15.5, 16, 16], "texture": "#0"}
			}
		}
	],
	"display": {
		"thirdperson_righthand": {
			"rotation": [75, 45, 0],
			"translation": [0, 0.25, 0.5],
			"scale": [0.375, 0.375, 0.375]
		},
		"thirdperson_lefthand": {
			"rotation": [75, 45, 0],
			"translation": [0, 0.25, 0.5],
			"scale": [0.375, 0.375, 0.375]
		},
		"firstperson_righthand": {
			"translation": [2, 1.75, 0]
		},
		"firstperson_lefthand": {
			"translation": [2, 1.75, 0]
		},
		"ground": {
			"translation": [0, 5.5, 0]
		},
		"gui": {
			"rotation": [30, 145, 0],
			"translation": [0, 6.5, 0],
			"scale": [1.36, 1.36, 1.36]
		},
		"head": {
			"translation": [0, 7.25, 0],
			"scale": [1.81, 1.81, 1.81]
		},
		"fixed": {
			"translation": [0, 12.05, 10],
			"scale": [3.01, 3.01, 3.01]
		}
	}
}