{
	"credit": "Made with Blockbench",
	"texture_size": [32, 32],
	"textures": {
		"0": "item/no_face_mask",
		"particle": "item/no_face_mask"
	},
	"elements": [
		{
			"from": [5, 8.75, 4],
			"to": [11, 9.25, 4.5],
			"faces": {
				"north": {"uv": [1, 0, 7, 0.5], "texture": "#0"},
				"east": {"uv": [6.5, 0, 7, 0.5], "texture": "#0"},
				"south": {"uv": [9, 0, 15, 0.5], "texture": "#0"},
				"west": {"uv": [1, 0, 1.5, 0.5], "texture": "#0"},
				"up": {"uv": [1, 0, 7, 0.5], "texture": "#0"}
			}
		},
		{
			"from": [4.5, 8.25, 4],
			"to": [11.5, 8.75, 4.5],
			"faces": {
				"north": {"uv": [0.5, 0.5, 7.5, 1], "texture": "#0"},
				"east": {"uv": [7, 0.5, 7.5, 1], "texture": "#0"},
				"south": {"uv": [8.5, 0.5, 15.5, 1], "texture": "#0"},
				"west": {"uv": [0.5, 0.5, 1, 1], "texture": "#0"},
				"up": {"uv": [0.5, 0.5, 7.5, 1], "texture": "#0"}
			}
		},
		{
			"from": [4.5, 2, 4],
			"to": [11.5, 3, 4.5],
			"faces": {
				"north": {"uv": [0.5, 7, 7.5, 8], "texture": "#0"},
				"east": {"uv": [7, 7, 7.5, 8], "texture": "#0"},
				"south": {"uv": [8.5, 7, 15.5, 8], "texture": "#0"},
				"west": {"uv": [0.5, 7, 1, 8], "texture": "#0"},
				"down": {"uv": [0.5, 7.5, 7.5, 8], "texture": "#0"}
			}
		},
		{
			"from": [5, 1, 4],
			"to": [11, 2, 4.5],
			"faces": {
				"north": {"uv": [1, 8, 7, 9], "texture": "#0"},
				"east": {"uv": [6.5, 8, 7, 9], "texture": "#0"},
				"south": {"uv": [9, 8, 15, 9], "texture": "#0"},
				"west": {"uv": [1, 8, 1.5, 9], "texture": "#0"},
				"down": {"uv": [1, 8.5, 7, 9], "texture": "#0"}
			}
		},
		{
			"from": [5.5, 0.5, 4],
			"to": [10.5, 1, 4.5],
			"faces": {
				"north": {"uv": [1.5, 9, 6.5, 9.5], "texture": "#0"},
				"east": {"uv": [6, 9, 6.5, 9.5], "texture": "#0"},
				"south": {"uv": [9.5, 9, 14.5, 9.5], "texture": "#0"},
				"west": {"uv": [1.5, 9, 2, 9.5], "texture": "#0"},
				"down": {"uv": [1.5, 9, 6.5, 9.5], "texture": "#0"}
			}
		},
		{
			"from": [6, 0, 4],
			"to": [10, 0.5, 4.5],
			"faces": {
				"north": {"uv": [2, 9.5, 6, 10], "texture": "#0"},
				"east": {"uv": [5.5, 9.5, 6, 10], "texture": "#0"},
				"south": {"uv": [10, 9.5, 14, 10], "texture": "#0"},
				"west": {"uv": [2, 9.5, 2.5, 10], "texture": "#0"},
				"down": {"uv": [2, 9.5, 6, 10], "texture": "#0"}
			}
		},
		{
			"from": [6.5, -0.5, 4],
			"to": [9.5, 0, 4.5],
			"faces": {
				"north": {"uv": [2.5, 10, 5.5, 10.5], "texture": "#0"},
				"east": {"uv": [5, 10, 5.5, 10.5], "texture": "#0"},
				"south": {"uv": [10.5, 10, 13.5, 10.5], "texture": "#0"},
				"west": {"uv": [2.5, 10, 3, 10.5], "texture": "#0"},
				"down": {"uv": [2.5, 10, 5.5, 10.5], "texture": "#0"}
			}
		},
		{
			"from": [4, 3, 4],
			"to": [12, 8.25, 4.5],
			"faces": {
				"north": {"uv": [0, 1, 8, 7], "texture": "#0"},
				"east": {"uv": [7.5, 1, 8, 7], "texture": "#0"},
				"south": {"uv": [8, 1, 16, 7], "texture": "#0"},
				"west": {"uv": [0, 1, 0.5, 7], "texture": "#0"},
				"up": {"uv": [0, 1, 8, 1.5], "texture": "#0"},
				"down": {"uv": [0, 6.5, 8, 7], "texture": "#0"}
			}
		},
		{
			"from": [4.0001, 3.7501, 4.5001],
			"to": [4.4999, 4.2499, 11.9999],
			"rotation": {"angle": 0, "axis": "y", "origin": [16, 0, 0]},
			"faces": {
				"north": {"uv": [15.5, 15.5, 16, 16], "rotation": 90, "texture": "#0"},
				"east": {"uv": [8.5, 15.5, 16, 16], "texture": "#0"},
				"south": {"uv": [15.5, 15.5, 16, 16], "rotation": 90, "texture": "#0"},
				"west": {"uv": [8.5, 15.5, 16, 16], "texture": "#0"},
				"up": {"uv": [8.5, 15.5, 16, 16], "rotation": 90, "texture": "#0"},
				"down": {"uv": [8.5, 15.5, 16, 16], "rotation": 90, "texture": "#0"}
			}
		},
		{
			"from": [11.5001, 3.7501, 4.5001],
			"to": [11.9999, 4.2499, 11.9999],
			"faces": {
				"north": {"uv": [15.5, 16, 16, 15.5], "rotation": 90, "texture": "#0"},
				"east": {"uv": [16, 15.5, 8.5, 16], "texture": "#0"},
				"south": {"uv": [15.5, 16, 16, 15.5], "rotation": 90, "texture": "#0"},
				"west": {"uv": [16, 15.5, 8.5, 16], "texture": "#0"},
				"up": {"uv": [8.5, 16, 16, 15.5], "rotation": 90, "texture": "#0"},
				"down": {"uv": [8.5, 16, 16, 15.5], "rotation": 90, "texture": "#0"}
			}
		},
		{
			"from": [4.4999, 3.7499, 11.4999],
			"to": [11.5001, 4.2501, 12.0001],
			"rotation": {"angle": 0, "axis": "y", "origin": [8.375, 4, 11.625]},
			"faces": {
				"north": {"uv": [8.5, 15.5, 16, 16], "texture": "#0"},
				"east": {"uv": [15.5, 15.5, 16, 16], "texture": "#0"},
				"south": {"uv": [8.5, 15.5, 16, 16], "texture": "#0"},
				"west": {"uv": [15.5, 15.5, 16, 16], "texture": "#0"},
				"up": {"uv": [8.5, 15.5, 16, 16], "texture": "#0"},
				"down": {"uv": [8.5, 15.5, 16, 16], "texture": "#0"}
			}
		}
	],
	"display": {
		"thirdperson_righthand": {
			"rotation": [75, 45, 0],
			"translation": [0, 0, 0.5],
			"scale": [0.375, 0.375, 0.375]
		},
		"thirdperson_lefthand": {
			"rotation": [75, 45, 0],
			"translation": [0, 0, 0.5],
			"scale": [0.375, 0.375, 0.375]
		},
		"firstperson_righthand": {
			"translation": [2, 1.75, 0]
		},
		"firstperson_lefthand": {
			"translation": [2, 1.75, 0]
		},
		"ground": {
			"translation": [0, 6, 0]
		},
		"gui": {
			"rotation": [30, 145, 0],
			"translation": [0, 5.75, 0],
			"scale": [1.36, 1.36, 1.36]
		},
		"head": {
			"translation": [0, 6.5, 0],
			"scale": [1.81, 1.81, 1.81]
		},
		"fixed": {
			"translation": [0, 11.75, 12],
			"scale": [3.26, 3.26, 3.26]
		}
	}
}