{
	"credit": "Made with Blockbench",
	"textures": {
		"1": "item/memeglassessmall"
	},
	"elements": [
		{
			"from": [8.25, 2, 1],
			"to": [15.25, 3, 1.25],
			"rotation": {"angle": 0, "axis": "y", "origin": [16, 0, 0]},
			"faces": {
				"north": {"uv": [0, 0, 7, 1], "texture": "#1"},
				"east": {"uv": [0, 0, 0.5, 1], "texture": "#1"},
				"south": {"uv": [7, 0, 0, 1], "texture": "#1"},
				"west": {"uv": [6.5, 0, 7, 1], "texture": "#1"},
				"up": {"uv": [0, 0, 7, 0.5], "texture": "#1"},
				"down": {"uv": [0, 0.5, 7, 1], "texture": "#1"}
			}
		},
		{
			"from": [15, 2.5, 1],
			"to": [15.25, 3, 8],
			"rotation": {"angle": 0, "axis": "y", "origin": [14, 0, 0.25]},
			"faces": {
				"north": {"uv": [0, 0, 0.5, 0.5], "texture": "#1"},
				"east": {"uv": [7, 0, 0, 0.5], "texture": "#1"},
				"south": {"uv": [6.5, 0, 7, 0.5], "texture": "#1"},
				"west": {"uv": [7, 0, 0, 0.5], "texture": "#1"},
				"up": {"uv": [7, 0, 0, 0.5], "texture": "#1"},
				"down": {"uv": [7, 0, 0, 0.5], "texture": "#1"}
			}
		},
		{
			"from": [0.75, 2.5, 1],
			"to": [1, 3, 8],
			"rotation": {"angle": 0, "axis": "y", "origin": [2, 0, 0.25]},
			"faces": {
				"north": {"uv": [0.5, 0, 0, 0.5], "texture": "#1"},
				"east": {"uv": [0, 0, 7, 0.5], "texture": "#1"},
				"south": {"uv": [7, 0, 6.5, 0.5], "texture": "#1"},
				"west": {"uv": [0, 0, 7, 0.5], "texture": "#1"},
				"up": {"uv": [0, 0, 7, 0.5], "texture": "#1"},
				"down": {"uv": [0, 0, 7, 0.5], "texture": "#1"}
			}
		},
		{
			"from": [7.75, 2, 1],
			"to": [8.25, 3, 1.25],
			"rotation": {"angle": 0, "axis": "y", "origin": [16, 0, 0]},
			"faces": {
				"north": {"uv": [7, 0, 7.5, 1], "texture": "#1"},
				"east": {"uv": [7, 0, 7.5, 1], "texture": "#1"},
				"south": {"uv": [7, 0, 7.5, 1], "texture": "#1"},
				"west": {"uv": [7, 0, 7.5, 1], "texture": "#1"},
				"up": {"uv": [7, 0, 7.5, 0.5], "texture": "#1"},
				"down": {"uv": [7, 0.5, 7.5, 1], "texture": "#1"}
			}
		},
		{
			"from": [8.75, 1.5, 1],
			"to": [14.75, 2, 1.25],
			"rotation": {"angle": 0, "axis": "y", "origin": [16, 0, 0]},
			"faces": {
				"north": {"uv": [0.5, 1, 6.5, 1.5], "texture": "#1"},
				"east": {"uv": [0.5, 1, 1, 1.5], "texture": "#1"},
				"south": {"uv": [6.5, 1, 0.5, 1.5], "texture": "#1"},
				"west": {"uv": [6, 1, 6.5, 1.5], "texture": "#1"},
				"up": {"uv": [0.5, 1, 6.5, 1.5], "texture": "#1"},
				"down": {"uv": [0.5, 1, 6.5, 1.5], "texture": "#1"}
			}
		},
		{
			"from": [9.25, 1, 1],
			"to": [14.25, 1.5, 1.25],
			"rotation": {"angle": 0, "axis": "y", "origin": [16, 0, 0]},
			"faces": {
				"north": {"uv": [1, 1.5, 6, 2], "texture": "#1"},
				"east": {"uv": [1, 1.5, 1.5, 2], "texture": "#1"},
				"south": {"uv": [6, 1.5, 1, 2], "texture": "#1"},
				"west": {"uv": [5.5, 1.5, 6, 2], "texture": "#1"},
				"up": {"uv": [1, 1.5, 6, 2], "texture": "#1"},
				"down": {"uv": [6, 1.5, 1, 2], "texture": "#1"}
			}
		},
		{
			"from": [9.75, 0.5, 1],
			"to": [13.75, 1, 1.25],
			"rotation": {"angle": 0, "axis": "y", "origin": [16, 0, 0]},
			"faces": {
				"north": {"uv": [1.5, 2, 5.5, 2.5], "texture": "#1"},
				"east": {"uv": [1.5, 2, 2, 2.5], "texture": "#1"},
				"south": {"uv": [5.5, 2, 1.5, 2.5], "texture": "#1"},
				"west": {"uv": [5, 2, 5.5, 2.5], "texture": "#1"},
				"up": {"uv": [5.5, 2, 1.5, 2.5], "texture": "#1"},
				"down": {"uv": [5.5, 2, 1.5, 2.5], "texture": "#1"}
			}
		},
		{
			"from": [10.25, 0, 1],
			"to": [13.25, 0.5, 1.25],
			"rotation": {"angle": 0, "axis": "y", "origin": [16, 0, 0]},
			"faces": {
				"north": {"uv": [2, 2.5, 5, 3], "texture": "#1"},
				"east": {"uv": [2, 2.5, 2.5, 3], "texture": "#1"},
				"south": {"uv": [2, 2.5, 5, 3], "texture": "#1"},
				"west": {"uv": [4.5, 2.5, 5, 3], "texture": "#1"},
				"up": {"uv": [2, 2.5, 5, 3], "texture": "#1"},
				"down": {"uv": [2, 2.5, 5, 3], "texture": "#1"}
			}
		},
		{
			"from": [0.75, 2, 1],
			"to": [7.75, 3, 1.25],
			"rotation": {"angle": 0, "axis": "y", "origin": [16, 0, 0]},
			"faces": {
				"north": {"uv": [0, 0, 7, 1], "texture": "#1"},
				"east": {"uv": [0, 0, 0.5, 1], "texture": "#1"},
				"south": {"uv": [7, 0, 0, 1], "texture": "#1"},
				"west": {"uv": [6.5, 0, 7, 1], "texture": "#1"},
				"up": {"uv": [0, 0, 7, 0.5], "texture": "#1"},
				"down": {"uv": [0, 0.5, 7, 1], "texture": "#1"}
			}
		},
		{
			"from": [1.25, 1.5, 1],
			"to": [7.25, 2, 1.25],
			"rotation": {"angle": 0, "axis": "y", "origin": [16, 0, 0]},
			"faces": {
				"north": {"uv": [0.5, 1, 6.5, 1.5], "texture": "#1"},
				"east": {"uv": [0.5, 1, 1, 1.5], "texture": "#1"},
				"south": {"uv": [6.5, 1, 0.5, 1.5], "texture": "#1"},
				"west": {"uv": [6, 1, 6.5, 1.5], "texture": "#1"},
				"up": {"uv": [0.5, 1, 6.5, 1.5], "texture": "#1"},
				"down": {"uv": [0.5, 1, 6.5, 1.5], "texture": "#1"}
			}
		},
		{
			"from": [1.75, 1, 1],
			"to": [6.75, 1.5, 1.25],
			"rotation": {"angle": 0, "axis": "y", "origin": [16, 0, 0]},
			"faces": {
				"north": {"uv": [1, 1.5, 6, 2], "texture": "#1"},
				"east": {"uv": [1, 1.5, 1.5, 2], "texture": "#1"},
				"south": {"uv": [6, 1.5, 1, 2], "texture": "#1"},
				"west": {"uv": [5.5, 1.5, 6, 2], "texture": "#1"},
				"up": {"uv": [1, 1.5, 6, 2], "texture": "#1"},
				"down": {"uv": [6, 1.5, 1, 2], "texture": "#1"}
			}
		},
		{
			"from": [2.25, 0.5, 1],
			"to": [6.25, 1, 1.25],
			"rotation": {"angle": 0, "axis": "y", "origin": [16, 0, 0]},
			"faces": {
				"north": {"uv": [1.5, 2, 5.5, 2.5], "texture": "#1"},
				"east": {"uv": [1.5, 2, 2, 2.5], "texture": "#1"},
				"south": {"uv": [5.5, 2, 1.5, 2.5], "texture": "#1"},
				"west": {"uv": [5, 2, 5.5, 2.5], "texture": "#1"},
				"up": {"uv": [5.5, 2, 1.5, 2.5], "texture": "#1"},
				"down": {"uv": [5.5, 2, 1.5, 2.5], "texture": "#1"}
			}
		},
		{
			"from": [2.75, 0, 1],
			"to": [5.75, 0.5, 1.25],
			"rotation": {"angle": 0, "axis": "y", "origin": [16, 0, 0]},
			"faces": {
				"north": {"uv": [2, 2.5, 5, 3], "texture": "#1"},
				"east": {"uv": [2, 2.5, 2.5, 3], "texture": "#1"},
				"south": {"uv": [2, 2.5, 5, 3], "texture": "#1"},
				"west": {"uv": [4.5, 2.5, 5, 3], "texture": "#1"},
				"up": {"uv": [2, 2.5, 5, 3], "texture": "#1"},
				"down": {"uv": [2, 2.5, 5, 3], "texture": "#1"}
			}
		}
	],
	"display": {
		"thirdperson_righthand": {
			"rotation": [75, 45, 0],
			"translation": [0, 1.5, 2.25],
			"scale": [0.375, 0.375, 0.375]
		},
		"thirdperson_lefthand": {
			"rotation": [75, 45, 0],
			"translation": [0, 1.5, 2.25],
			"scale": [0.375, 0.375, 0.375]
		},
		"firstperson_righthand": {
			"translation": [3.25, 4.5, 0]
		},
		"firstperson_lefthand": {
			"translation": [3.25, 4.5, 0]
		},
		"ground": {
			"translation": [0, 5.5, 0],
			"scale": [0.75, 0.75, 0.75]
		},
		"gui": {
			"rotation": [30, 145, 0],
			"translation": [1.75, 6, 0],
			"scale": [0.9, 0.9, 0.9]
		},
		"head": {
			"translation": [0, 6.5, -0.25]
		},
		"fixed": {
			"rotation": [-69.5, 0, 0],
			"translation": [0, 7.75, -6.75],
			"scale": [1.36, 1.36, 1.36]
		}
	}
}