{
	"credit": "Made with Blockbench",
	"textures": {
		"1": "item/starglasses-rim",
		"2": "item/starglass",
		"particle": "item/starglass"
	},
	"elements": [
		{
			"name": "glasses",
			"from": [1.175, 0.025, 0.1],
			"to": [14.825, 5.05, 0.1],
			"faces": {
				"north": {"uv": [0, 0, 16, 16], "texture": "#2"},
				"east": {"uv": [0, 0, 16, 16], "texture": "#2"},
				"south": {"uv": [0, 0, 16, 16], "texture": "#2"},
				"west": {"uv": [0, 0, 16, 16], "texture": "#2"},
				"up": {"uv": [0, 0, 16, 16], "texture": "#2"},
				"down": {"uv": [0, 0, 16, 16], "texture": "#2"}
			}
		},
		{
			"from": [2.05, 2.6, 0.125],
			"to": [2.1, 2.725, 0.725],
			"rotation": {"angle": 0, "axis": "y", "origin": [-6.025, -5.33256, -6.01063]},
			"faces": {
				"north": {"uv": [5.33333, 0, 10.66667, 16], "texture": "#1"},
				"east": {"uv": [5.33333, 0, 10.66667, 16], "texture": "#1"},
				"south": {"uv": [5.33333, 0, 10.66667, 16], "texture": "#1"},
				"west": {"uv": [5.33333, 0, 10.66667, 16], "texture": "#1"},
				"up": {"uv": [5.33333, 0, 10.66667, 16], "texture": "#1"},
				"down": {"uv": [5.33333, 0, 10.66667, 16], "texture": "#1"}
			}
		},
		{
			"from": [2.05, 2.63346, 0.70679],
			"to": [2.1, 2.75846, 0.78179],
			"rotation": {"angle": 22.5, "axis": "x", "origin": [2.2375, 2.69596, 0.63179]},
			"faces": {
				"north": {"uv": [5.33333, 0, 10.66667, 16], "texture": "#1"},
				"east": {"uv": [5.33333, 0, 10.66667, 16], "texture": "#1"},
				"south": {"uv": [5.33333, 0, 10.66667, 16], "texture": "#1"},
				"west": {"uv": [5.33333, 0, 10.66667, 16], "texture": "#1"},
				"up": {"uv": [5.33333, 0, 10.66667, 16], "texture": "#1"},
				"down": {"uv": [5.33333, 0, 10.66667, 16], "texture": "#1"}
			}
		},
		{
			"from": [2.05, 2.58081, 0.74646],
			"to": [2.1, 2.70581, 1.34646],
			"rotation": {"angle": 0, "axis": "y", "origin": [2.2375, 2.64331, 0.67146]},
			"faces": {
				"north": {"uv": [5.33333, 0, 10.66667, 16], "texture": "#1"},
				"east": {"uv": [5.33333, 0, 10.66667, 16], "texture": "#1"},
				"south": {"uv": [5.33333, 0, 10.66667, 16], "texture": "#1"},
				"west": {"uv": [5.33333, 0, 10.66667, 16], "texture": "#1"},
				"up": {"uv": [5.33333, 0, 10.66667, 16], "texture": "#1"},
				"down": {"uv": [5.33333, 0, 10.66667, 16], "texture": "#1"}
			}
		},
		{
			"from": [2.05, 2.61427, 1.32825],
			"to": [2.1, 2.73927, 1.40325],
			"rotation": {"angle": 22.5, "axis": "x", "origin": [2.2375, 2.67677, 1.25325]},
			"faces": {
				"north": {"uv": [5.33333, 0, 10.66667, 16], "texture": "#1"},
				"east": {"uv": [5.33333, 0, 10.66667, 16], "texture": "#1"},
				"south": {"uv": [5.33333, 0, 10.66667, 16], "texture": "#1"},
				"west": {"uv": [5.33333, 0, 10.66667, 16], "texture": "#1"},
				"up": {"uv": [5.33333, 0, 10.66667, 16], "texture": "#1"},
				"down": {"uv": [5.33333, 0, 10.66667, 16], "texture": "#1"}
			}
		},
		{
			"from": [2.05, 2.56163, 1.36791],
			"to": [2.1, 2.68663, 1.96791],
			"rotation": {"angle": 0, "axis": "y", "origin": [2.2375, 2.62413, 1.29291]},
			"faces": {
				"north": {"uv": [5.33333, 0, 10.66667, 16], "texture": "#1"},
				"east": {"uv": [5.33333, 0, 10.66667, 16], "texture": "#1"},
				"south": {"uv": [5.33333, 0, 10.66667, 16], "texture": "#1"},
				"west": {"uv": [5.33333, 0, 10.66667, 16], "texture": "#1"},
				"up": {"uv": [5.33333, 0, 10.66667, 16], "texture": "#1"},
				"down": {"uv": [5.33333, 0, 10.66667, 16], "texture": "#1"}
			}
		},
		{
			"from": [2.05, 2.59509, 1.9497],
			"to": [2.1, 2.72009, 2.0247],
			"rotation": {"angle": 22.5, "axis": "x", "origin": [2.2375, 2.65759, 1.8747]},
			"faces": {
				"north": {"uv": [5.33333, 0, 10.66667, 16], "texture": "#1"},
				"east": {"uv": [5.33333, 0, 10.66667, 16], "texture": "#1"},
				"south": {"uv": [5.33333, 0, 10.66667, 16], "texture": "#1"},
				"west": {"uv": [5.33333, 0, 10.66667, 16], "texture": "#1"},
				"up": {"uv": [5.33333, 0, 10.66667, 16], "texture": "#1"},
				"down": {"uv": [5.33333, 0, 10.66667, 16], "texture": "#1"}
			}
		},
		{
			"from": [2.05, 2.54244, 1.98937],
			"to": [2.1, 2.66744, 2.58937],
			"rotation": {"angle": 0, "axis": "y", "origin": [2.2375, 2.60494, 1.91437]},
			"faces": {
				"north": {"uv": [5.33333, 0, 10.66667, 16], "texture": "#1"},
				"east": {"uv": [5.33333, 0, 10.66667, 16], "texture": "#1"},
				"south": {"uv": [5.33333, 0, 10.66667, 16], "texture": "#1"},
				"west": {"uv": [5.33333, 0, 10.66667, 16], "texture": "#1"},
				"up": {"uv": [5.33333, 0, 10.66667, 16], "texture": "#1"},
				"down": {"uv": [5.33333, 0, 10.66667, 16], "texture": "#1"}
			}
		},
		{
			"from": [2.05, 5.22456, -1.12674],
			"to": [2.1, 5.34956, -1.05174],
			"rotation": {"angle": 22.5, "axis": "x", "origin": [-6.025, -5.33256, -6.01063]},
			"faces": {
				"north": {"uv": [5.33333, 0, 10.66667, 16], "texture": "#1"},
				"east": {"uv": [5.33333, 0, 10.66667, 16], "texture": "#1"},
				"south": {"uv": [5.33333, 0, 10.66667, 16], "texture": "#1"},
				"west": {"uv": [5.33333, 0, 10.66667, 16], "texture": "#1"},
				"up": {"uv": [5.33333, 0, 10.66667, 16], "texture": "#1"},
				"down": {"uv": [5.33333, 0, 10.66667, 16], "texture": "#1"}
			}
		},
		{
			"from": [2.05, 2.52326, 2.61082],
			"to": [2.1, 2.64826, 3.21082],
			"rotation": {"angle": 0, "axis": "y", "origin": [-6.025, -5.4093, -3.52481]},
			"faces": {
				"north": {"uv": [5.33333, 0, 10.66667, 16], "texture": "#1"},
				"east": {"uv": [5.33333, 0, 10.66667, 16], "texture": "#1"},
				"south": {"uv": [5.33333, 0, 10.66667, 16], "texture": "#1"},
				"west": {"uv": [5.33333, 0, 10.66667, 16], "texture": "#1"},
				"up": {"uv": [5.33333, 0, 10.66667, 16], "texture": "#1"},
				"down": {"uv": [5.33333, 0, 10.66667, 16], "texture": "#1"}
			}
		},
		{
			"from": [2.05, 5.14781, 1.35909],
			"to": [2.1, 5.27281, 1.43409],
			"rotation": {"angle": 22.5, "axis": "x", "origin": [-6.025, -5.4093, -3.52481]},
			"faces": {
				"north": {"uv": [5.33333, 0, 10.66667, 16], "texture": "#1"},
				"east": {"uv": [5.33333, 0, 10.66667, 16], "texture": "#1"},
				"south": {"uv": [5.33333, 0, 10.66667, 16], "texture": "#1"},
				"west": {"uv": [5.33333, 0, 10.66667, 16], "texture": "#1"},
				"up": {"uv": [5.33333, 0, 10.66667, 16], "texture": "#1"},
				"down": {"uv": [5.33333, 0, 10.66667, 16], "texture": "#1"}
			}
		},
		{
			"from": [2.05, 2.42878, 5.0893],
			"to": [2.1, 2.55378, 5.2643],
			"rotation": {"angle": 45, "axis": "x", "origin": [2.0375, 2.49128, 5.1268]},
			"faces": {
				"north": {"uv": [5.33333, 0, 10.66667, 16], "texture": "#1"},
				"east": {"uv": [5.33333, 0, 10.66667, 16], "texture": "#1"},
				"south": {"uv": [5.33333, 0, 10.66667, 16], "texture": "#1"},
				"west": {"uv": [5.33333, 0, 10.66667, 16], "texture": "#1"},
				"up": {"uv": [5.33333, 0, 10.66667, 16], "texture": "#1"},
				"down": {"uv": [5.33333, 0, 10.66667, 16], "texture": "#1"}
			}
		},
		{
			"from": [2.05, 2.24219, 5.16233],
			"to": [2.1, 2.41719, 5.28733],
			"rotation": {"angle": -22.5, "axis": "x", "origin": [2.0375, 2.37969, 5.22483]},
			"faces": {
				"north": {"uv": [5.33333, 0, 10.66667, 16], "rotation": 180, "texture": "#1"},
				"east": {"uv": [5.33333, 0, 10.66667, 16], "rotation": 270, "texture": "#1"},
				"south": {"uv": [5.33333, 0, 10.66667, 16], "texture": "#1"},
				"west": {"uv": [5.33333, 0, 10.66667, 16], "rotation": 90, "texture": "#1"},
				"up": {"uv": [5.33333, 0, 10.66667, 16], "rotation": 180, "texture": "#1"},
				"down": {"uv": [5.33333, 0, 10.66667, 16], "texture": "#1"}
			}
		},
		{
			"from": [2.05, 2.4657, 4.47519],
			"to": [2.1, 2.5907, 5.07519],
			"rotation": {"angle": 0, "axis": "y", "origin": [2.2375, 2.5282, 4.40019]},
			"faces": {
				"north": {"uv": [5.33333, 0, 10.66667, 16], "texture": "#1"},
				"east": {"uv": [5.33333, 0, 10.66667, 16], "texture": "#1"},
				"south": {"uv": [5.33333, 0, 10.66667, 16], "texture": "#1"},
				"west": {"uv": [5.33333, 0, 10.66667, 16], "texture": "#1"},
				"up": {"uv": [5.33333, 0, 10.66667, 16], "texture": "#1"},
				"down": {"uv": [5.33333, 0, 10.66667, 16], "texture": "#1"}
			}
		},
		{
			"from": [2.05, 2.51834, 4.43552],
			"to": [2.1, 2.64334, 4.51052],
			"rotation": {"angle": 22.5, "axis": "x", "origin": [2.2375, 2.58084, 4.36052]},
			"faces": {
				"north": {"uv": [5.33333, 0, 10.66667, 16], "texture": "#1"},
				"east": {"uv": [5.33333, 0, 10.66667, 16], "texture": "#1"},
				"south": {"uv": [5.33333, 0, 10.66667, 16], "texture": "#1"},
				"west": {"uv": [5.33333, 0, 10.66667, 16], "texture": "#1"},
				"up": {"uv": [5.33333, 0, 10.66667, 16], "texture": "#1"},
				"down": {"uv": [5.33333, 0, 10.66667, 16], "texture": "#1"}
			}
		},
		{
			"from": [2.05, 2.48488, 3.85373],
			"to": [2.1, 2.60988, 4.45373],
			"rotation": {"angle": 0, "axis": "y", "origin": [2.2375, 2.54738, 3.77873]},
			"faces": {
				"north": {"uv": [5.33333, 0, 10.66667, 16], "texture": "#1"},
				"east": {"uv": [5.33333, 0, 10.66667, 16], "texture": "#1"},
				"south": {"uv": [5.33333, 0, 10.66667, 16], "texture": "#1"},
				"west": {"uv": [5.33333, 0, 10.66667, 16], "texture": "#1"},
				"up": {"uv": [5.33333, 0, 10.66667, 16], "texture": "#1"},
				"down": {"uv": [5.33333, 0, 10.66667, 16], "texture": "#1"}
			}
		},
		{
			"from": [2.05, 2.53753, 3.81407],
			"to": [2.1, 2.66253, 3.88907],
			"rotation": {"angle": 22.5, "axis": "x", "origin": [2.2375, 2.60003, 3.73907]},
			"faces": {
				"north": {"uv": [5.33333, 0, 10.66667, 16], "texture": "#1"},
				"east": {"uv": [5.33333, 0, 10.66667, 16], "texture": "#1"},
				"south": {"uv": [5.33333, 0, 10.66667, 16], "texture": "#1"},
				"west": {"uv": [5.33333, 0, 10.66667, 16], "texture": "#1"},
				"up": {"uv": [5.33333, 0, 10.66667, 16], "texture": "#1"},
				"down": {"uv": [5.33333, 0, 10.66667, 16], "texture": "#1"}
			}
		},
		{
			"from": [2.05, 2.55671, 3.19261],
			"to": [2.1, 2.68171, 3.26761],
			"rotation": {"angle": 22.5, "axis": "x", "origin": [2.2375, 2.61921, 3.11761]},
			"faces": {
				"north": {"uv": [5.33333, 0, 10.66667, 16], "texture": "#1"},
				"east": {"uv": [5.33333, 0, 10.66667, 16], "texture": "#1"},
				"south": {"uv": [5.33333, 0, 10.66667, 16], "texture": "#1"},
				"west": {"uv": [5.33333, 0, 10.66667, 16], "texture": "#1"},
				"up": {"uv": [5.33333, 0, 10.66667, 16], "texture": "#1"},
				"down": {"uv": [5.33333, 0, 10.66667, 16], "texture": "#1"}
			}
		},
		{
			"from": [2.05, 2.50407, 3.23228],
			"to": [2.1, 2.62907, 3.83228],
			"rotation": {"angle": 0, "axis": "y", "origin": [2.2375, 2.56657, 3.15728]},
			"faces": {
				"north": {"uv": [5.33333, 0, 10.66667, 16], "texture": "#1"},
				"east": {"uv": [5.33333, 0, 10.66667, 16], "texture": "#1"},
				"south": {"uv": [5.33333, 0, 10.66667, 16], "texture": "#1"},
				"west": {"uv": [5.33333, 0, 10.66667, 16], "texture": "#1"},
				"up": {"uv": [5.33333, 0, 10.66667, 16], "texture": "#1"},
				"down": {"uv": [5.33333, 0, 10.66667, 16], "texture": "#1"}
			}
		},
		{
			"from": [13.9, 2.50407, 3.23228],
			"to": [13.95, 2.62907, 3.83228],
			"rotation": {"angle": 0, "axis": "y", "origin": [13.7625, 2.56657, 3.15728]},
			"faces": {
				"north": {"uv": [10.66667, 0, 5.33333, 16], "texture": "#1"},
				"east": {"uv": [10.66667, 0, 5.33333, 16], "texture": "#1"},
				"south": {"uv": [10.66667, 0, 5.33333, 16], "texture": "#1"},
				"west": {"uv": [10.66667, 0, 5.33333, 16], "texture": "#1"},
				"up": {"uv": [10.66667, 0, 5.33333, 16], "texture": "#1"},
				"down": {"uv": [10.66667, 0, 5.33333, 16], "texture": "#1"}
			}
		},
		{
			"from": [13.9, 2.6, 0.125],
			"to": [13.95, 2.725, 0.725],
			"rotation": {"angle": 0, "axis": "y", "origin": [22.025, -5.33256, -6.01063]},
			"faces": {
				"north": {"uv": [10.66667, 0, 5.33333, 16], "texture": "#1"},
				"east": {"uv": [10.66667, 0, 5.33333, 16], "texture": "#1"},
				"south": {"uv": [10.66667, 0, 5.33333, 16], "texture": "#1"},
				"west": {"uv": [10.66667, 0, 5.33333, 16], "texture": "#1"},
				"up": {"uv": [10.66667, 0, 5.33333, 16], "texture": "#1"},
				"down": {"uv": [10.66667, 0, 5.33333, 16], "texture": "#1"}
			}
		},
		{
			"from": [13.9, 2.63346, 0.70679],
			"to": [13.95, 2.75846, 0.78179],
			"rotation": {"angle": 22.5, "axis": "x", "origin": [13.7625, 2.69596, 0.63179]},
			"faces": {
				"north": {"uv": [10.66667, 0, 5.33333, 16], "texture": "#1"},
				"east": {"uv": [10.66667, 0, 5.33333, 16], "texture": "#1"},
				"south": {"uv": [10.66667, 0, 5.33333, 16], "texture": "#1"},
				"west": {"uv": [10.66667, 0, 5.33333, 16], "texture": "#1"},
				"up": {"uv": [10.66667, 0, 5.33333, 16], "texture": "#1"},
				"down": {"uv": [10.66667, 0, 5.33333, 16], "texture": "#1"}
			}
		},
		{
			"from": [13.9, 2.58081, 0.74646],
			"to": [13.95, 2.70581, 1.34646],
			"rotation": {"angle": 0, "axis": "y", "origin": [13.7625, 2.64331, 0.67146]},
			"faces": {
				"north": {"uv": [10.66667, 0, 5.33333, 16], "texture": "#1"},
				"east": {"uv": [10.66667, 0, 5.33333, 16], "texture": "#1"},
				"south": {"uv": [10.66667, 0, 5.33333, 16], "texture": "#1"},
				"west": {"uv": [10.66667, 0, 5.33333, 16], "texture": "#1"},
				"up": {"uv": [10.66667, 0, 5.33333, 16], "texture": "#1"},
				"down": {"uv": [10.66667, 0, 5.33333, 16], "texture": "#1"}
			}
		},
		{
			"from": [13.9, 2.61427, 1.32825],
			"to": [13.95, 2.73927, 1.40325],
			"rotation": {"angle": 22.5, "axis": "x", "origin": [13.7625, 2.67677, 1.25325]},
			"faces": {
				"north": {"uv": [10.66667, 0, 5.33333, 16], "texture": "#1"},
				"east": {"uv": [10.66667, 0, 5.33333, 16], "texture": "#1"},
				"south": {"uv": [10.66667, 0, 5.33333, 16], "texture": "#1"},
				"west": {"uv": [10.66667, 0, 5.33333, 16], "texture": "#1"},
				"up": {"uv": [10.66667, 0, 5.33333, 16], "texture": "#1"},
				"down": {"uv": [10.66667, 0, 5.33333, 16], "texture": "#1"}
			}
		},
		{
			"from": [13.9, 2.56163, 1.36791],
			"to": [13.95, 2.68663, 1.96791],
			"rotation": {"angle": 0, "axis": "y", "origin": [13.7625, 2.62413, 1.29291]},
			"faces": {
				"north": {"uv": [10.66667, 0, 5.33333, 16], "texture": "#1"},
				"east": {"uv": [10.66667, 0, 5.33333, 16], "texture": "#1"},
				"south": {"uv": [10.66667, 0, 5.33333, 16], "texture": "#1"},
				"west": {"uv": [10.66667, 0, 5.33333, 16], "texture": "#1"},
				"up": {"uv": [10.66667, 0, 5.33333, 16], "texture": "#1"},
				"down": {"uv": [10.66667, 0, 5.33333, 16], "texture": "#1"}
			}
		},
		{
			"from": [13.9, 2.59509, 1.9497],
			"to": [13.95, 2.72009, 2.0247],
			"rotation": {"angle": 22.5, "axis": "x", "origin": [13.7625, 2.65759, 1.8747]},
			"faces": {
				"north": {"uv": [10.66667, 0, 5.33333, 16], "texture": "#1"},
				"east": {"uv": [10.66667, 0, 5.33333, 16], "texture": "#1"},
				"south": {"uv": [10.66667, 0, 5.33333, 16], "texture": "#1"},
				"west": {"uv": [10.66667, 0, 5.33333, 16], "texture": "#1"},
				"up": {"uv": [10.66667, 0, 5.33333, 16], "texture": "#1"},
				"down": {"uv": [10.66667, 0, 5.33333, 16], "texture": "#1"}
			}
		},
		{
			"from": [13.9, 2.54244, 1.98937],
			"to": [13.95, 2.66744, 2.58937],
			"rotation": {"angle": 0, "axis": "y", "origin": [13.7625, 2.60494, 1.91437]},
			"faces": {
				"north": {"uv": [10.66667, 0, 5.33333, 16], "texture": "#1"},
				"east": {"uv": [10.66667, 0, 5.33333, 16], "texture": "#1"},
				"south": {"uv": [10.66667, 0, 5.33333, 16], "texture": "#1"},
				"west": {"uv": [10.66667, 0, 5.33333, 16], "texture": "#1"},
				"up": {"uv": [10.66667, 0, 5.33333, 16], "texture": "#1"},
				"down": {"uv": [10.66667, 0, 5.33333, 16], "texture": "#1"}
			}
		},
		{
			"from": [13.9, 5.22456, -1.12674],
			"to": [13.95, 5.34956, -1.05174],
			"rotation": {"angle": 22.5, "axis": "x", "origin": [22.025, -5.33256, -6.01063]},
			"faces": {
				"north": {"uv": [10.66667, 0, 5.33333, 16], "texture": "#1"},
				"east": {"uv": [10.66667, 0, 5.33333, 16], "texture": "#1"},
				"south": {"uv": [10.66667, 0, 5.33333, 16], "texture": "#1"},
				"west": {"uv": [10.66667, 0, 5.33333, 16], "texture": "#1"},
				"up": {"uv": [10.66667, 0, 5.33333, 16], "texture": "#1"},
				"down": {"uv": [10.66667, 0, 5.33333, 16], "texture": "#1"}
			}
		},
		{
			"from": [13.9, 2.52326, 2.61082],
			"to": [13.95, 2.64826, 3.21082],
			"rotation": {"angle": 0, "axis": "y", "origin": [22.025, -5.4093, -3.52481]},
			"faces": {
				"north": {"uv": [10.66667, 0, 5.33333, 16], "texture": "#1"},
				"east": {"uv": [10.66667, 0, 5.33333, 16], "texture": "#1"},
				"south": {"uv": [10.66667, 0, 5.33333, 16], "texture": "#1"},
				"west": {"uv": [10.66667, 0, 5.33333, 16], "texture": "#1"},
				"up": {"uv": [10.66667, 0, 5.33333, 16], "texture": "#1"},
				"down": {"uv": [10.66667, 0, 5.33333, 16], "texture": "#1"}
			}
		},
		{
			"from": [13.9, 5.14781, 1.35909],
			"to": [13.95, 5.27281, 1.43409],
			"rotation": {"angle": 22.5, "axis": "x", "origin": [22.025, -5.4093, -3.52481]},
			"faces": {
				"north": {"uv": [10.66667, 0, 5.33333, 16], "texture": "#1"},
				"east": {"uv": [10.66667, 0, 5.33333, 16], "texture": "#1"},
				"south": {"uv": [10.66667, 0, 5.33333, 16], "texture": "#1"},
				"west": {"uv": [10.66667, 0, 5.33333, 16], "texture": "#1"},
				"up": {"uv": [10.66667, 0, 5.33333, 16], "texture": "#1"},
				"down": {"uv": [10.66667, 0, 5.33333, 16], "texture": "#1"}
			}
		},
		{
			"from": [13.9, 2.42878, 5.0893],
			"to": [13.95, 2.55378, 5.2643],
			"rotation": {"angle": 45, "axis": "x", "origin": [13.9625, 2.49128, 5.1268]},
			"faces": {
				"north": {"uv": [10.66667, 0, 5.33333, 16], "texture": "#1"},
				"east": {"uv": [10.66667, 0, 5.33333, 16], "texture": "#1"},
				"south": {"uv": [10.66667, 0, 5.33333, 16], "texture": "#1"},
				"west": {"uv": [10.66667, 0, 5.33333, 16], "texture": "#1"},
				"up": {"uv": [10.66667, 0, 5.33333, 16], "texture": "#1"},
				"down": {"uv": [10.66667, 0, 5.33333, 16], "texture": "#1"}
			}
		},
		{
			"from": [13.9, 2.24219, 5.16233],
			"to": [13.95, 2.41719, 5.28733],
			"rotation": {"angle": -22.5, "axis": "x", "origin": [13.9625, 2.37969, 5.22483]},
			"faces": {
				"north": {"uv": [10.66667, 0, 5.33333, 16], "rotation": 180, "texture": "#1"},
				"east": {"uv": [5.33333, 16, 10.66667, 0], "rotation": 90, "texture": "#1"},
				"south": {"uv": [10.66667, 0, 5.33333, 16], "texture": "#1"},
				"west": {"uv": [5.33333, 16, 10.66667, 0], "rotation": 270, "texture": "#1"},
				"up": {"uv": [10.66667, 0, 5.33333, 16], "rotation": 180, "texture": "#1"},
				"down": {"uv": [10.66667, 0, 5.33333, 16], "texture": "#1"}
			}
		},
		{
			"from": [13.9, 2.4657, 4.47519],
			"to": [13.95, 2.5907, 5.07519],
			"rotation": {"angle": 0, "axis": "y", "origin": [13.7625, 2.5282, 4.40019]},
			"faces": {
				"north": {"uv": [10.66667, 0, 5.33333, 16], "texture": "#1"},
				"east": {"uv": [10.66667, 0, 5.33333, 16], "texture": "#1"},
				"south": {"uv": [10.66667, 0, 5.33333, 16], "texture": "#1"},
				"west": {"uv": [10.66667, 0, 5.33333, 16], "texture": "#1"},
				"up": {"uv": [10.66667, 0, 5.33333, 16], "texture": "#1"},
				"down": {"uv": [10.66667, 0, 5.33333, 16], "texture": "#1"}
			}
		},
		{
			"from": [13.9, 2.51834, 4.43552],
			"to": [13.95, 2.64334, 4.51052],
			"rotation": {"angle": 22.5, "axis": "x", "origin": [13.7625, 2.58084, 4.36052]},
			"faces": {
				"north": {"uv": [10.66667, 0, 5.33333, 16], "texture": "#1"},
				"east": {"uv": [10.66667, 0, 5.33333, 16], "texture": "#1"},
				"south": {"uv": [10.66667, 0, 5.33333, 16], "texture": "#1"},
				"west": {"uv": [10.66667, 0, 5.33333, 16], "texture": "#1"},
				"up": {"uv": [10.66667, 0, 5.33333, 16], "texture": "#1"},
				"down": {"uv": [10.66667, 0, 5.33333, 16], "texture": "#1"}
			}
		},
		{
			"from": [13.9, 2.48488, 3.85373],
			"to": [13.95, 2.60988, 4.45373],
			"rotation": {"angle": 0, "axis": "y", "origin": [13.7625, 2.54738, 3.77873]},
			"faces": {
				"north": {"uv": [10.66667, 0, 5.33333, 16], "texture": "#1"},
				"east": {"uv": [10.66667, 0, 5.33333, 16], "texture": "#1"},
				"south": {"uv": [10.66667, 0, 5.33333, 16], "texture": "#1"},
				"west": {"uv": [10.66667, 0, 5.33333, 16], "texture": "#1"},
				"up": {"uv": [10.66667, 0, 5.33333, 16], "texture": "#1"},
				"down": {"uv": [10.66667, 0, 5.33333, 16], "texture": "#1"}
			}
		},
		{
			"from": [13.9, 2.53753, 3.81407],
			"to": [13.95, 2.66253, 3.88907],
			"rotation": {"angle": 22.5, "axis": "x", "origin": [13.7625, 2.60003, 3.73907]},
			"faces": {
				"north": {"uv": [10.66667, 0, 5.33333, 16], "texture": "#1"},
				"east": {"uv": [10.66667, 0, 5.33333, 16], "texture": "#1"},
				"south": {"uv": [10.66667, 0, 5.33333, 16], "texture": "#1"},
				"west": {"uv": [10.66667, 0, 5.33333, 16], "texture": "#1"},
				"up": {"uv": [10.66667, 0, 5.33333, 16], "texture": "#1"},
				"down": {"uv": [10.66667, 0, 5.33333, 16], "texture": "#1"}
			}
		},
		{
			"from": [13.9, 2.55671, 3.19261],
			"to": [13.95, 2.68171, 3.26761],
			"rotation": {"angle": 22.5, "axis": "x", "origin": [13.7625, 2.61921, 3.11761]},
			"faces": {
				"north": {"uv": [10.66667, 0, 5.33333, 16], "texture": "#1"},
				"east": {"uv": [10.66667, 0, 5.33333, 16], "texture": "#1"},
				"south": {"uv": [10.66667, 0, 5.33333, 16], "texture": "#1"},
				"west": {"uv": [10.66667, 0, 5.33333, 16], "texture": "#1"},
				"up": {"uv": [10.66667, 0, 5.33333, 16], "texture": "#1"},
				"down": {"uv": [10.66667, 0, 5.33333, 16], "texture": "#1"}
			}
		},
		{
			"from": [7.8, 2.775, 0.05],
			"to": [8.2, 2.925, 0.15],
			"rotation": {"angle": 0, "axis": "y", "origin": [8, 2.85, 0.55]},
			"faces": {
				"north": {"uv": [0, 0, 5.33333, 16], "texture": "#1"},
				"east": {"uv": [0, 0, 5.33333, 16], "texture": "#1"},
				"south": {"uv": [0, 0, 5.33333, 16], "texture": "#1"},
				"west": {"uv": [0, 0, 5.33333, 16], "texture": "#1"},
				"up": {"uv": [0, 0, 5.33333, 16], "texture": "#1"},
				"down": {"uv": [0, 0, 5.33333, 16], "texture": "#1"}
			}
		},
		{
			"from": [7.63811, 2.75772, 0.05],
			"to": [7.78811, 2.90772, 0.15],
			"rotation": {"angle": 0, "axis": "y", "origin": [7.71311, 2.83272, 0.55]},
			"faces": {
				"north": {"uv": [0, 0, 5.33333, 16], "texture": "#1"},
				"east": {"uv": [0, 0, 5.33333, 16], "texture": "#1"},
				"south": {"uv": [0, 0, 5.33333, 16], "texture": "#1"},
				"west": {"uv": [0, 0, 5.33333, 16], "texture": "#1"},
				"up": {"uv": [0, 0, 5.33333, 16], "texture": "#1"},
				"down": {"uv": [0, 0, 5.33333, 16], "texture": "#1"}
			}
		},
		{
			"from": [7.40693, 2.71173, 0.05],
			"to": [7.55693, 2.88673, 0.15],
			"rotation": {"angle": 0, "axis": "y", "origin": [7.48193, 2.78673, 0.55]},
			"faces": {
				"north": {"uv": [0, 0, 5.33333, 16], "texture": "#1"},
				"east": {"uv": [0, 0, 5.33333, 16], "texture": "#1"},
				"south": {"uv": [0, 0, 5.33333, 16], "texture": "#1"},
				"west": {"uv": [0, 0, 5.33333, 16], "texture": "#1"},
				"up": {"uv": [0, 0, 5.33333, 16], "texture": "#1"},
				"down": {"uv": [0, 0, 5.33333, 16], "texture": "#1"}
			}
		},
		{
			"from": [7.08532, 2.66765, 0.05],
			"to": [7.33532, 2.84265, 0.15],
			"rotation": {"angle": 0, "axis": "y", "origin": [7.26032, 2.74265, 0.55]},
			"faces": {
				"north": {"uv": [0, 0, 5.33333, 16], "texture": "#1"},
				"east": {"uv": [0, 0, 5.33333, 16], "texture": "#1"},
				"south": {"uv": [0, 0, 5.33333, 16], "texture": "#1"},
				"west": {"uv": [0, 0, 5.33333, 16], "texture": "#1"},
				"up": {"uv": [0, 0, 5.33333, 16], "texture": "#1"},
				"down": {"uv": [0, 0, 5.33333, 16], "texture": "#1"}
			}
		},
		{
			"from": [7.40693, 2.73673, 0.05],
			"to": [7.60693, 2.88673, 0.15],
			"rotation": {"angle": 0, "axis": "y", "origin": [7.48193, 2.78673, 0.55]},
			"faces": {
				"north": {"uv": [0, 0, 5.33333, 16], "texture": "#1"},
				"east": {"uv": [0, 0, 5.33333, 16], "texture": "#1"},
				"south": {"uv": [0, 0, 5.33333, 16], "texture": "#1"},
				"west": {"uv": [0, 0, 5.33333, 16], "texture": "#1"},
				"up": {"uv": [0, 0, 5.33333, 16], "texture": "#1"},
				"down": {"uv": [0, 0, 5.33333, 16], "texture": "#1"}
			}
		},
		{
			"from": [7.52252, 2.73472, 0.05],
			"to": [7.67252, 2.88472, 0.15],
			"rotation": {"angle": 22.5, "axis": "z", "origin": [7.59752, 2.80972, 0.55]},
			"faces": {
				"north": {"uv": [0, 0, 5.33333, 16], "texture": "#1"},
				"east": {"uv": [0, 0, 5.33333, 16], "texture": "#1"},
				"south": {"uv": [0, 0, 5.33333, 16], "texture": "#1"},
				"west": {"uv": [0, 0, 5.33333, 16], "texture": "#1"},
				"up": {"uv": [0, 0, 5.33333, 16], "texture": "#1"},
				"down": {"uv": [0, 0, 5.33333, 16], "texture": "#1"}
			}
		},
		{
			"from": [7.30091, 2.69064, 0.05],
			"to": [7.45091, 2.86564, 0.15],
			"rotation": {"angle": 22.5, "axis": "z", "origin": [7.37591, 2.76564, 0.55]},
			"faces": {
				"north": {"uv": [0, 0, 5.33333, 16], "texture": "#1"},
				"east": {"uv": [0, 0, 5.33333, 16], "texture": "#1"},
				"south": {"uv": [0, 0, 5.33333, 16], "texture": "#1"},
				"west": {"uv": [0, 0, 5.33333, 16], "texture": "#1"},
				"up": {"uv": [0, 0, 5.33333, 16], "texture": "#1"},
				"down": {"uv": [0, 0, 5.33333, 16], "texture": "#1"}
			}
		},
		{
			"from": [7.75656, 2.76636, 0.05],
			"to": [7.83156, 2.91636, 0.15],
			"rotation": {"angle": 22.5, "axis": "z", "origin": [7.79406, 2.84136, 0.55]},
			"faces": {
				"north": {"uv": [0, 0, 5.33333, 16], "texture": "#1"},
				"east": {"uv": [0, 0, 5.33333, 16], "texture": "#1"},
				"south": {"uv": [0, 0, 5.33333, 16], "texture": "#1"},
				"west": {"uv": [0, 0, 5.33333, 16], "texture": "#1"},
				"up": {"uv": [0, 0, 5.33333, 16], "texture": "#1"},
				"down": {"uv": [0, 0, 5.33333, 16], "texture": "#1"}
			}
		},
		{
			"from": [8.16844, 2.76636, 0.05],
			"to": [8.24344, 2.91636, 0.15],
			"rotation": {"angle": -22.5, "axis": "z", "origin": [8.20594, 2.84136, 0.55]},
			"faces": {
				"north": {"uv": [5.33333, 0, 0, 16], "texture": "#1"},
				"east": {"uv": [5.33333, 0, 0, 16], "texture": "#1"},
				"south": {"uv": [5.33333, 0, 0, 16], "texture": "#1"},
				"west": {"uv": [5.33333, 0, 0, 16], "texture": "#1"},
				"up": {"uv": [5.33333, 0, 0, 16], "texture": "#1"},
				"down": {"uv": [5.33333, 0, 0, 16], "texture": "#1"}
			}
		},
		{
			"from": [8.21189, 2.75772, 0.05],
			"to": [8.36189, 2.90772, 0.15],
			"rotation": {"angle": 0, "axis": "y", "origin": [8.28689, 2.83272, 0.55]},
			"faces": {
				"north": {"uv": [5.33333, 0, 0, 16], "texture": "#1"},
				"east": {"uv": [5.33333, 0, 0, 16], "texture": "#1"},
				"south": {"uv": [5.33333, 0, 0, 16], "texture": "#1"},
				"west": {"uv": [5.33333, 0, 0, 16], "texture": "#1"},
				"up": {"uv": [5.33333, 0, 0, 16], "texture": "#1"},
				"down": {"uv": [5.33333, 0, 0, 16], "texture": "#1"}
			}
		},
		{
			"from": [8.32748, 2.73472, 0.05],
			"to": [8.47748, 2.88472, 0.15],
			"rotation": {"angle": -22.5, "axis": "z", "origin": [8.40248, 2.80972, 0.55]},
			"faces": {
				"north": {"uv": [5.33333, 0, 0, 16], "texture": "#1"},
				"east": {"uv": [5.33333, 0, 0, 16], "texture": "#1"},
				"south": {"uv": [5.33333, 0, 0, 16], "texture": "#1"},
				"west": {"uv": [5.33333, 0, 0, 16], "texture": "#1"},
				"up": {"uv": [5.33333, 0, 0, 16], "texture": "#1"},
				"down": {"uv": [5.33333, 0, 0, 16], "texture": "#1"}
			}
		},
		{
			"from": [8.44307, 2.71173, 0.05],
			"to": [8.59307, 2.88673, 0.15],
			"rotation": {"angle": 0, "axis": "y", "origin": [8.51807, 2.78673, 0.55]},
			"faces": {
				"north": {"uv": [5.33333, 0, 0, 16], "texture": "#1"},
				"east": {"uv": [5.33333, 0, 0, 16], "texture": "#1"},
				"south": {"uv": [5.33333, 0, 0, 16], "texture": "#1"},
				"west": {"uv": [5.33333, 0, 0, 16], "texture": "#1"},
				"up": {"uv": [5.33333, 0, 0, 16], "texture": "#1"},
				"down": {"uv": [5.33333, 0, 0, 16], "texture": "#1"}
			}
		},
		{
			"from": [8.54909, 2.69064, 0.05],
			"to": [8.69909, 2.86564, 0.15],
			"rotation": {"angle": -22.5, "axis": "z", "origin": [8.62409, 2.76564, 0.55]},
			"faces": {
				"north": {"uv": [5.33333, 0, 0, 16], "texture": "#1"},
				"east": {"uv": [5.33333, 0, 0, 16], "texture": "#1"},
				"south": {"uv": [5.33333, 0, 0, 16], "texture": "#1"},
				"west": {"uv": [5.33333, 0, 0, 16], "texture": "#1"},
				"up": {"uv": [5.33333, 0, 0, 16], "texture": "#1"},
				"down": {"uv": [5.33333, 0, 0, 16], "texture": "#1"}
			}
		},
		{
			"from": [8.39307, 2.73673, 0.05],
			"to": [8.59307, 2.88673, 0.15],
			"rotation": {"angle": 0, "axis": "y", "origin": [8.51807, 2.78673, 0.55]},
			"faces": {
				"north": {"uv": [5.33333, 0, 0, 16], "texture": "#1"},
				"east": {"uv": [5.33333, 0, 0, 16], "texture": "#1"},
				"south": {"uv": [5.33333, 0, 0, 16], "texture": "#1"},
				"west": {"uv": [5.33333, 0, 0, 16], "texture": "#1"},
				"up": {"uv": [5.33333, 0, 0, 16], "texture": "#1"},
				"down": {"uv": [5.33333, 0, 0, 16], "texture": "#1"}
			}
		},
		{
			"from": [8.66468, 2.66765, 0.05],
			"to": [8.91468, 2.84265, 0.15],
			"rotation": {"angle": 0, "axis": "y", "origin": [8.73968, 2.74265, 0.55]},
			"faces": {
				"north": {"uv": [5.33333, 0, 0, 16], "texture": "#1"},
				"east": {"uv": [5.33333, 0, 0, 16], "texture": "#1"},
				"south": {"uv": [5.33333, 0, 0, 16], "texture": "#1"},
				"west": {"uv": [5.33333, 0, 0, 16], "texture": "#1"},
				"up": {"uv": [5.33333, 0, 0, 16], "texture": "#1"},
				"down": {"uv": [5.33333, 0, 0, 16], "texture": "#1"}
			}
		},
		{
			"from": [7.04782, 2.68318, 0.05],
			"to": [7.12282, 2.75818, 0.15],
			"rotation": {"angle": -45, "axis": "z", "origin": [7.08532, 2.72068, 0.15]},
			"faces": {
				"north": {"uv": [0, 0, 5.33333, 16], "texture": "#1"},
				"east": {"uv": [0, 0, 5.33333, 16], "texture": "#1"},
				"south": {"uv": [0, 0, 5.33333, 16], "texture": "#1"},
				"west": {"uv": [0, 0, 5.33333, 16], "texture": "#1"},
				"up": {"uv": [0, 0, 5.33333, 16], "texture": "#1"},
				"down": {"uv": [0, 0, 5.33333, 16], "texture": "#1"}
			}
		},
		{
			"from": [7.03229, 2.72068, 0.05],
			"to": [7.10729, 2.78968, 0.15],
			"rotation": {"angle": 0, "axis": "z", "origin": [7.06979, 2.75818, 0.15]},
			"faces": {
				"north": {"uv": [0, 0, 5.33333, 16], "rotation": 90, "texture": "#1"},
				"east": {"uv": [0, 0, 5.33333, 16], "rotation": 270, "texture": "#1"},
				"south": {"uv": [0, 0, 5.33333, 16], "rotation": 270, "texture": "#1"},
				"west": {"uv": [0, 0, 5.33333, 16], "rotation": 270, "texture": "#1"},
				"up": {"uv": [0, 0, 5.33333, 16], "rotation": 270, "texture": "#1"},
				"down": {"uv": [0, 0, 5.33333, 16], "rotation": 270, "texture": "#1"}
			}
		},
		{
			"from": [7.04782, 2.75212, 0.05],
			"to": [7.12282, 2.82712, 0.15],
			"rotation": {"angle": 45, "axis": "z", "origin": [7.08532, 2.78962, 0.15]},
			"faces": {
				"north": {"uv": [0, 0, 5.33333, 16], "texture": "#1"},
				"east": {"uv": [0, 0, 5.33333, 16], "texture": "#1"},
				"south": {"uv": [0, 0, 5.33333, 16], "texture": "#1"},
				"west": {"uv": [0, 0, 5.33333, 16], "texture": "#1"},
				"up": {"uv": [0, 0, 5.33333, 16], "texture": "#1"},
				"down": {"uv": [0, 0, 5.33333, 16], "texture": "#1"}
			}
		},
		{
			"from": [8.87718, 2.68318, 0.05],
			"to": [8.95218, 2.75818, 0.15],
			"rotation": {"angle": 45, "axis": "z", "origin": [8.91468, 2.72068, 0.15]},
			"faces": {
				"north": {"uv": [5.33333, 0, 0, 16], "texture": "#1"},
				"east": {"uv": [5.33333, 0, 0, 16], "texture": "#1"},
				"south": {"uv": [5.33333, 0, 0, 16], "texture": "#1"},
				"west": {"uv": [5.33333, 0, 0, 16], "texture": "#1"},
				"up": {"uv": [5.33333, 0, 0, 16], "texture": "#1"},
				"down": {"uv": [5.33333, 0, 0, 16], "texture": "#1"}
			}
		},
		{
			"from": [8.89271, 2.72068, 0.05],
			"to": [8.96771, 2.78968, 0.15],
			"rotation": {"angle": 0, "axis": "z", "origin": [8.93021, 2.75818, 0.15]},
			"faces": {
				"north": {"uv": [0, 16, 5.33333, 0], "rotation": 90, "texture": "#1"},
				"east": {"uv": [0, 16, 5.33333, 0], "rotation": 270, "texture": "#1"},
				"south": {"uv": [0, 16, 5.33333, 0], "rotation": 270, "texture": "#1"},
				"west": {"uv": [0, 16, 5.33333, 0], "rotation": 270, "texture": "#1"},
				"up": {"uv": [0, 16, 5.33333, 0], "rotation": 270, "texture": "#1"},
				"down": {"uv": [0, 16, 5.33333, 0], "rotation": 270, "texture": "#1"}
			}
		},
		{
			"from": [8.87718, 2.75212, 0.05],
			"to": [8.95218, 2.82712, 0.15],
			"rotation": {"angle": -45, "axis": "z", "origin": [8.91468, 2.78962, 0.15]},
			"faces": {
				"north": {"uv": [5.33333, 0, 0, 16], "texture": "#1"},
				"east": {"uv": [5.33333, 0, 0, 16], "texture": "#1"},
				"south": {"uv": [5.33333, 0, 0, 16], "texture": "#1"},
				"west": {"uv": [5.33333, 0, 0, 16], "texture": "#1"},
				"up": {"uv": [5.33333, 0, 0, 16], "texture": "#1"},
				"down": {"uv": [5.33333, 0, 0, 16], "texture": "#1"}
			}
		},
		{
			"from": [7.02132, 3.22308, 0.075],
			"to": [7.04632, 3.34808, 0.125],
			"rotation": {"angle": 22.5, "axis": "z", "origin": [6.99632, 3.29808, 0.15]},
			"faces": {
				"north": {"uv": [0, 0, 5.33333, 5.33333], "rotation": 180, "texture": "#1"},
				"east": {"uv": [0, 0, 5.33333, 5.33333], "rotation": 180, "texture": "#1"},
				"south": {"uv": [0, 0, 5.33333, 5.33333], "rotation": 180, "texture": "#1"},
				"west": {"uv": [0, 0, 5.33333, 5.33333], "rotation": 180, "texture": "#1"},
				"up": {"uv": [0, 0, 5.33333, 5.33333], "rotation": 180, "texture": "#1"},
				"down": {"uv": [0, 0, 5.33333, 5.33333], "rotation": 180, "texture": "#1"}
			}
		},
		{
			"from": [7.10847, 3.23406, 0.075],
			"to": [7.13347, 3.35906, 0.125],
			"rotation": {"angle": -45, "axis": "z", "origin": [7.08347, 3.30906, 0.15]},
			"faces": {
				"north": {"uv": [0, 0, 5.33333, 5.33333], "rotation": 180, "texture": "#1"},
				"east": {"uv": [0, 0, 5.33333, 5.33333], "rotation": 180, "texture": "#1"},
				"south": {"uv": [0, 0, 5.33333, 5.33333], "rotation": 180, "texture": "#1"},
				"west": {"uv": [0, 0, 5.33333, 5.33333], "rotation": 180, "texture": "#1"},
				"up": {"uv": [0, 0, 5.33333, 5.33333], "rotation": 180, "texture": "#1"},
				"down": {"uv": [0, 0, 5.33333, 5.33333], "rotation": 180, "texture": "#1"}
			}
		},
		{
			"from": [7.15212, 3.16874, 0.075],
			"to": [7.17712, 3.29374, 0.125],
			"rotation": {"angle": 22.5, "axis": "z", "origin": [7.12712, 3.24374, 0.15]},
			"faces": {
				"north": {"uv": [0, 0, 5.33333, 5.33333], "rotation": 180, "texture": "#1"},
				"east": {"uv": [0, 0, 5.33333, 5.33333], "rotation": 180, "texture": "#1"},
				"south": {"uv": [0, 0, 5.33333, 5.33333], "rotation": 180, "texture": "#1"},
				"west": {"uv": [0, 0, 5.33333, 5.33333], "rotation": 180, "texture": "#1"},
				"up": {"uv": [0, 0, 5.33333, 5.33333], "rotation": 180, "texture": "#1"},
				"down": {"uv": [0, 0, 5.33333, 5.33333], "rotation": 180, "texture": "#1"}
			}
		},
		{
			"from": [7.2447, 3.20697, 0.075],
			"to": [7.2697, 3.33197, 0.125],
			"rotation": {"angle": -45, "axis": "z", "origin": [7.2197, 3.28197, 0.15]},
			"faces": {
				"north": {"uv": [0, 0, 5.33333, 5.33333], "rotation": 180, "texture": "#1"},
				"east": {"uv": [0, 0, 5.33333, 5.33333], "rotation": 180, "texture": "#1"},
				"south": {"uv": [0, 0, 5.33333, 5.33333], "rotation": 180, "texture": "#1"},
				"west": {"uv": [0, 0, 5.33333, 5.33333], "rotation": 180, "texture": "#1"},
				"up": {"uv": [0, 0, 5.33333, 5.33333], "rotation": 180, "texture": "#1"},
				"down": {"uv": [0, 0, 5.33333, 5.33333], "rotation": 180, "texture": "#1"}
			}
		},
		{
			"from": [7.16249, 3.29661, 0.075],
			"to": [7.36249, 3.32161, 0.125],
			"rotation": {"angle": -22.5, "axis": "z", "origin": [7.36249, 3.27161, 0.15]},
			"faces": {
				"north": {"uv": [0, 0, 5.33333, 5.33333], "rotation": 270, "texture": "#1"},
				"east": {"uv": [0, 0, 5.33333, 5.33333], "rotation": 90, "texture": "#1"},
				"south": {"uv": [0, 0, 5.33333, 5.33333], "rotation": 90, "texture": "#1"},
				"west": {"uv": [0, 0, 5.33333, 5.33333], "rotation": 90, "texture": "#1"},
				"up": {"uv": [0, 0, 5.33333, 5.33333], "rotation": 90, "texture": "#1"},
				"down": {"uv": [0, 0, 5.33333, 5.33333], "rotation": 90, "texture": "#1"}
			}
		},
		{
			"from": [7.15293, 3.27352, 0.075],
			"to": [7.35293, 3.29852, 0.125],
			"rotation": {"angle": -22.5, "axis": "z", "origin": [7.35293, 3.24852, 0.15]},
			"faces": {
				"north": {"uv": [0, 0, 5.33333, 5.33333], "rotation": 270, "texture": "#1"},
				"east": {"uv": [0, 0, 5.33333, 5.33333], "rotation": 90, "texture": "#1"},
				"south": {"uv": [0, 0, 5.33333, 5.33333], "rotation": 90, "texture": "#1"},
				"west": {"uv": [0, 0, 5.33333, 5.33333], "rotation": 90, "texture": "#1"},
				"up": {"uv": [0, 0, 5.33333, 5.33333], "rotation": 90, "texture": "#1"},
				"down": {"uv": [0, 0, 5.33333, 5.33333], "rotation": 90, "texture": "#1"}
			}
		},
		{
			"from": [7.37957, 3.25248, 0.075],
			"to": [7.40457, 3.30248, 0.125],
			"rotation": {"angle": 22.5, "axis": "z", "origin": [7.35457, 3.25248, 0.15]},
			"faces": {
				"north": {"uv": [0, 0, 5.33333, 5.33333], "rotation": 180, "texture": "#1"},
				"east": {"uv": [0, 0, 5.33333, 5.33333], "rotation": 180, "texture": "#1"},
				"south": {"uv": [0, 0, 5.33333, 5.33333], "rotation": 180, "texture": "#1"},
				"west": {"uv": [0, 0, 5.33333, 5.33333], "rotation": 180, "texture": "#1"},
				"up": {"uv": [0, 0, 5.33333, 5.33333], "rotation": 180, "texture": "#1"},
				"down": {"uv": [0, 0, 5.33333, 5.33333], "rotation": 180, "texture": "#1"}
			}
		},
		{
			"from": [7.35505, 3.19661, 0.075],
			"to": [7.38005, 3.32161, 0.125],
			"rotation": {"angle": -45, "axis": "z", "origin": [7.33005, 3.27161, 0.15]},
			"faces": {
				"north": {"uv": [0, 0, 5.33333, 5.33333], "rotation": 180, "texture": "#1"},
				"east": {"uv": [0, 0, 5.33333, 5.33333], "rotation": 180, "texture": "#1"},
				"south": {"uv": [0, 0, 5.33333, 5.33333], "rotation": 180, "texture": "#1"},
				"west": {"uv": [0, 0, 5.33333, 5.33333], "rotation": 180, "texture": "#1"},
				"up": {"uv": [0, 0, 5.33333, 5.33333], "rotation": 180, "texture": "#1"},
				"down": {"uv": [0, 0, 5.33333, 5.33333], "rotation": 180, "texture": "#1"}
			}
		},
		{
			"from": [7.33737, 3.21429, 0.075],
			"to": [7.36237, 3.33929, 0.125],
			"rotation": {"angle": -45, "axis": "z", "origin": [7.31237, 3.28929, 0.15]},
			"faces": {
				"north": {"uv": [0, 0, 5.33333, 5.33333], "rotation": 180, "texture": "#1"},
				"east": {"uv": [0, 0, 5.33333, 5.33333], "rotation": 180, "texture": "#1"},
				"south": {"uv": [0, 0, 5.33333, 5.33333], "rotation": 180, "texture": "#1"},
				"west": {"uv": [0, 0, 5.33333, 5.33333], "rotation": 180, "texture": "#1"},
				"up": {"uv": [0, 0, 5.33333, 5.33333], "rotation": 180, "texture": "#1"},
				"down": {"uv": [0, 0, 5.33333, 5.33333], "rotation": 180, "texture": "#1"}
			}
		},
		{
			"from": [7.35647, 3.24291, 0.075],
			"to": [7.38147, 3.29291, 0.125],
			"rotation": {"angle": 22.5, "axis": "z", "origin": [7.33147, 3.24291, 0.15]},
			"faces": {
				"north": {"uv": [0, 0, 5.33333, 5.33333], "rotation": 180, "texture": "#1"},
				"east": {"uv": [0, 0, 5.33333, 5.33333], "rotation": 180, "texture": "#1"},
				"south": {"uv": [0, 0, 5.33333, 5.33333], "rotation": 180, "texture": "#1"},
				"west": {"uv": [0, 0, 5.33333, 5.33333], "rotation": 180, "texture": "#1"},
				"up": {"uv": [0, 0, 5.33333, 5.33333], "rotation": 180, "texture": "#1"},
				"down": {"uv": [0, 0, 5.33333, 5.33333], "rotation": 180, "texture": "#1"}
			}
		},
		{
			"from": [7.29806, 3.13782, 0.075],
			"to": [7.32306, 3.21282, 0.125],
			"rotation": {"angle": 22.5, "axis": "z", "origin": [7.27306, 3.16282, 0.15]},
			"faces": {
				"north": {"uv": [0, 0, 5.33333, 5.33333], "rotation": 180, "texture": "#1"},
				"east": {"uv": [0, 0, 5.33333, 5.33333], "rotation": 180, "texture": "#1"},
				"south": {"uv": [0, 0, 5.33333, 5.33333], "rotation": 180, "texture": "#1"},
				"west": {"uv": [0, 0, 5.33333, 5.33333], "rotation": 180, "texture": "#1"},
				"up": {"uv": [0, 0, 5.33333, 5.33333], "rotation": 180, "texture": "#1"},
				"down": {"uv": [0, 0, 5.33333, 5.33333], "rotation": 180, "texture": "#1"}
			}
		},
		{
			"from": [7.31719, 3.15695, 0.075],
			"to": [7.35219, 3.18195, 0.125],
			"rotation": {"angle": -22.5, "axis": "z", "origin": [7.29219, 3.18195, 0.15]},
			"faces": {
				"north": {"uv": [0, 0, 5.33333, 5.33333], "rotation": 180, "texture": "#1"},
				"east": {"uv": [0, 0, 5.33333, 5.33333], "rotation": 180, "texture": "#1"},
				"south": {"uv": [0, 0, 5.33333, 5.33333], "rotation": 180, "texture": "#1"},
				"west": {"uv": [0, 0, 5.33333, 5.33333], "rotation": 180, "texture": "#1"},
				"up": {"uv": [0, 0, 5.33333, 5.33333], "rotation": 180, "texture": "#1"},
				"down": {"uv": [0, 0, 5.33333, 5.33333], "rotation": 180, "texture": "#1"}
			}
		},
		{
			"from": [7.32115, 3.12239, 0.075],
			"to": [7.34615, 3.22239, 0.125],
			"rotation": {"angle": 22.5, "axis": "z", "origin": [7.29615, 3.17239, 0.15]},
			"faces": {
				"north": {"uv": [0, 0, 5.33333, 5.33333], "rotation": 180, "texture": "#1"},
				"east": {"uv": [0, 0, 5.33333, 5.33333], "rotation": 180, "texture": "#1"},
				"south": {"uv": [0, 0, 5.33333, 5.33333], "rotation": 180, "texture": "#1"},
				"west": {"uv": [0, 0, 5.33333, 5.33333], "rotation": 180, "texture": "#1"},
				"up": {"uv": [0, 0, 5.33333, 5.33333], "rotation": 180, "texture": "#1"},
				"down": {"uv": [0, 0, 5.33333, 5.33333], "rotation": 180, "texture": "#1"}
			}
		},
		{
			"from": [2.025, 2.5, 0.125],
			"to": [2.75, 2.825, 0.15],
			"rotation": {"angle": 0, "axis": "y", "origin": [2.3875, 2.6625, 0.1]},
			"faces": {
				"north": {"uv": [10.66667, 0, 16, 16], "texture": "#1"},
				"east": {"uv": [10.66667, 0, 16, 16], "texture": "#1"},
				"south": {"uv": [10.66667, 0, 16, 16], "texture": "#1"},
				"west": {"uv": [10.66667, 0, 16, 16], "texture": "#1"},
				"up": {"uv": [10.66667, 0, 16, 16], "texture": "#1"},
				"down": {"uv": [10.66667, 0, 16, 16], "texture": "#1"}
			}
		},
		{
			"from": [2.125, 2.6, 0.075],
			"to": [2.25, 2.725, 0.175],
			"rotation": {"angle": 0, "axis": "y", "origin": [2.3875, 2.6625, 0.1]},
			"faces": {
				"north": {"uv": [5.33333, 0, 10.66667, 16], "texture": "#1"},
				"east": {"uv": [5.33333, 0, 10.66667, 16], "texture": "#1"},
				"south": {"uv": [5.33333, 0, 10.66667, 16], "texture": "#1"},
				"west": {"uv": [5.33333, 0, 10.66667, 16], "texture": "#1"},
				"up": {"uv": [5.33333, 0, 10.66667, 16], "texture": "#1"},
				"down": {"uv": [5.33333, 0, 10.66667, 16], "texture": "#1"}
			}
		},
		{
			"from": [2.525, 2.6, 0.075],
			"to": [2.65, 2.725, 0.175],
			"rotation": {"angle": 0, "axis": "y", "origin": [2.3875, 2.6625, 0.1]},
			"faces": {
				"north": {"uv": [5.33333, 0, 10.66667, 16], "texture": "#1"},
				"east": {"uv": [5.33333, 0, 10.66667, 16], "texture": "#1"},
				"south": {"uv": [5.33333, 0, 10.66667, 16], "texture": "#1"},
				"west": {"uv": [5.33333, 0, 10.66667, 16], "texture": "#1"},
				"up": {"uv": [5.33333, 0, 10.66667, 16], "texture": "#1"},
				"down": {"uv": [5.33333, 0, 10.66667, 16], "texture": "#1"}
			}
		},
		{
			"from": [13.25, 2.5, 0.125],
			"to": [13.975, 2.825, 0.15],
			"rotation": {"angle": 0, "axis": "y", "origin": [13.6125, 2.6625, 0.1]},
			"faces": {
				"north": {"uv": [16, 0, 10.66667, 16], "texture": "#1"},
				"east": {"uv": [16, 0, 10.66667, 16], "texture": "#1"},
				"south": {"uv": [16, 0, 10.66667, 16], "texture": "#1"},
				"west": {"uv": [16, 0, 10.66667, 16], "texture": "#1"},
				"up": {"uv": [16, 0, 10.66667, 16], "texture": "#1"},
				"down": {"uv": [16, 0, 10.66667, 16], "texture": "#1"}
			}
		},
		{
			"from": [13.35, 2.6, 0.075],
			"to": [13.475, 2.725, 0.175],
			"rotation": {"angle": 0, "axis": "y", "origin": [13.6125, 2.6625, 0.1]},
			"faces": {
				"north": {"uv": [10.66667, 0, 5.33333, 16], "texture": "#1"},
				"east": {"uv": [10.66667, 0, 5.33333, 16], "texture": "#1"},
				"south": {"uv": [10.66667, 0, 5.33333, 16], "texture": "#1"},
				"west": {"uv": [10.66667, 0, 5.33333, 16], "texture": "#1"},
				"up": {"uv": [10.66667, 0, 5.33333, 16], "texture": "#1"},
				"down": {"uv": [10.66667, 0, 5.33333, 16], "texture": "#1"}
			}
		},
		{
			"from": [13.75, 2.6, 0.075],
			"to": [13.875, 2.725, 0.175],
			"rotation": {"angle": 0, "axis": "y", "origin": [13.6125, 2.6625, 0.1]},
			"faces": {
				"north": {"uv": [10.66667, 0, 5.33333, 16], "texture": "#1"},
				"east": {"uv": [10.66667, 0, 5.33333, 16], "texture": "#1"},
				"south": {"uv": [10.66667, 0, 5.33333, 16], "texture": "#1"},
				"west": {"uv": [10.66667, 0, 5.33333, 16], "texture": "#1"},
				"up": {"uv": [10.66667, 0, 5.33333, 16], "texture": "#1"},
				"down": {"uv": [10.66667, 0, 5.33333, 16], "texture": "#1"}
			}
		}
	],
	"display": {
		"thirdperson_righthand": {
			"rotation": [60.29, 16.16, -85.07],
			"translation": [3.75, -3.75, -1],
			"scale": [0.6543, 0.6543, 0.6543]
		},
		"thirdperson_lefthand": {
			"rotation": [60.29, 16.16, -85.07],
			"translation": [3.75, -3.75, -1],
			"scale": [0.6543, 0.6543, 0.6543]
		},
		"firstperson_righthand": {
			"translation": [3, 3.25, -0.5]
		},
		"firstperson_lefthand": {
			"translation": [3, 3.25, -0.5]
		},
		"ground": {
			"translation": [0, 2.5, 0],
			"scale": [0.7, 0.7, 0.7]
		},
		"gui": {
			"rotation": [30, 145, 0],
			"translation": [3.75, 7.25, 0],
			"scale": [1.1, 1.1, 1.1]
		},
		"head": {
			"translation": [0, 3.5, 2.25],
			"scale": [1.22164, 1.22164, 1.22164]
		},
		"fixed": {
			"rotation": [-67.75, 0, 0],
			"translation": [0, 12.75, -9.25],
			"scale": [2, 2, 2]
		}
	},
	"groups": [
		0,
		1,
		2,
		3,
		4,
		5,
		6,
		7,
		8,
		9,
		10,
		11,
		12,
		13,
		14,
		15,
		16,
		17,
		18,
		19,
		20,
		21,
		22,
		23,
		24,
		25,
		26,
		27,
		28,
		29,
		30,
		31,
		32,
		33,
		34,
		35,
		36,
		{
			"name": "bridge",
			"origin": [8.73968, 2.74265, 0.5],
			"color": 0,
			"children": [37, 38, 39, 40, 41, 42, 43, 44, 45, 46, 47, 48, 49, 50, 51, 52, 53, 54, 55, 56, 57]
		},
		{
			"name": "SW",
			"origin": [14.27115, 10.29739, -0.9],
			"color": 0,
			"children": [58, 59, 60, 61, 62, 63, 64, 65, 66, 67, 68, 69, 70]
		},
		{
			"name": "group",
			"origin": [13.6125, 2.6625, 0.1],
			"color": 0,
			"children": [71, 72, 73, 74, 75, 76]
		}
	]
}