{
	"credit": "Made with Blockbench",
	"textures": {
		"particle": "block/black_wool"
	},
	"elements": [
		{
			"from": [1, 1, 0],
			"to": [15, 7, 1],
			"rotation": {"angle": 0, "axis": "y", "origin": [8, 4, 0.5]},
			"faces": {
				"north": {"uv": [0.25, 1, 14.25, 7], "texture": "#particle"},
				"east": {"uv": [0.25, 1, 1.25, 7], "texture": "#particle"},
				"south": {"uv": [0.25, 1, 14.25, 7], "texture": "#particle"},
				"west": {"uv": [0.25, 1, 1.25, 7], "texture": "#particle"},
				"up": {"uv": [0.25, 1, 14.25, 2], "texture": "#particle"},
				"down": {"uv": [0.25, 1, 14.25, 2], "texture": "#particle"}
			}
		},
		{
			"from": [0, 2, 0],
			"to": [1, 3, 8],
			"rotation": {"angle": -45, "axis": "x", "origin": [0.5, 2.5, 0.5]},
			"faces": {
				"north": {"uv": [0, 0, 1, 1], "texture": "#particle"},
				"east": {"uv": [0, 0, 8, 1], "texture": "#particle"},
				"south": {"uv": [0, 0, 1, 1], "texture": "#particle"},
				"west": {"uv": [0, 0, 8, 1], "texture": "#particle"},
				"up": {"uv": [0, 0, 1, 8], "texture": "#particle"},
				"down": {"uv": [0, 0, 1, 8], "texture": "#particle"}
			}
		},
		{
			"from": [0, 5, 0],
			"to": [1, 6, 6],
			"rotation": {"angle": -22.5, "axis": "x", "origin": [0.5, 5.5, 0.5]},
			"faces": {
				"north": {"uv": [0, 0, 1, 1], "texture": "#particle"},
				"east": {"uv": [0, 0, 6, 1], "texture": "#particle"},
				"south": {"uv": [0, 0, 1, 1], "texture": "#particle"},
				"west": {"uv": [0, 0, 6, 1], "texture": "#particle"},
				"up": {"uv": [0, 0, 1, 6], "texture": "#particle"},
				"down": {"uv": [0, 0, 1, 6], "texture": "#particle"}
			}
		},
		{
			"from": [15, 5, 0],
			"to": [16, 6, 6],
			"rotation": {"angle": -22.5, "axis": "x", "origin": [15.5, 5.5, 0.5]},
			"faces": {
				"north": {"uv": [0, 0, 1, 1], "texture": "#particle"},
				"east": {"uv": [0, 0, 6, 1], "texture": "#particle"},
				"south": {"uv": [0, 0, 1, 1], "texture": "#particle"},
				"west": {"uv": [0, 0, 6, 1], "texture": "#particle"},
				"up": {"uv": [0, 0, 1, 6], "texture": "#particle"},
				"down": {"uv": [0, 0, 1, 6], "texture": "#particle"}
			}
		},
		{
			"from": [15, 2, 0],
			"to": [16, 3, 8],
			"rotation": {"angle": -45, "axis": "x", "origin": [15.5, 2.5, 0.5]},
			"faces": {
				"north": {"uv": [0, 0, 1, 1], "texture": "#particle"},
				"east": {"uv": [0, 0, 8, 1], "texture": "#particle"},
				"south": {"uv": [0, 0, 1, 1], "texture": "#particle"},
				"west": {"uv": [0, 0, 8, 1], "texture": "#particle"},
				"up": {"uv": [0, 0, 1, 8], "texture": "#particle"},
				"down": {"uv": [0, 0, 1, 8], "texture": "#particle"}
			}
		}
	],
	"display": {
		"thirdperson_righthand": {
			"translation": [0, -1, 1.25],
			"scale": [0.3, 0.3, 0.3]
		},
		"thirdperson_lefthand": {
			"translation": [0, -1, 1.25],
			"scale": [0.3, 0.3, 0.3]
		},
		"ground": {
			"translation": [0, 2, 0],
			"scale": [0.7, 0.7, 0.7]
		},
		"gui": {
			"rotation": [-19, -26, 0],
			"translation": [-2, 4.25, 0],
			"scale": [0.89, 0.89, 0.89]
		},
		"head": {
			"scale": [0.96, 0.96, 0.96]
		},
		"fixed": {
			"rotation": [-38.25, 0, 0],
			"translation": [0, 4.75, 1.25]
		}
	},
	"groups": [
		0,
		{
			"name": "group",
			"origin": [0.5, 2.5, 0.5],
			"color": 0,
			"children": [1, 2, 3, 4]
		}
	]
}