{
	"credit": "Made with Blockbench",
	"textures": {
		"0": "item/nose_and_ears",
		"particle": "item/nose_and_ears"
	},
	"elements": [
		{
			"from": [3.6, 1.41846, 8.20518],
			"to": [3.975, 1.66846, 8.91218],
			"rotation": {"angle": 22.5, "axis": "x", "origin": [3.725, 1.54346, 8.55868]},
			"faces": {
				"north": {"uv": [11, 5, 12, 4], "rotation": 270, "texture": "#0"},
				"east": {"uv": [11, 5, 12, 4], "rotation": 270, "texture": "#0"},
				"south": {"uv": [16, 5, 15, 6], "texture": "#0"},
				"west": {"uv": [11, 5, 12, 4], "rotation": 270, "texture": "#0"},
				"up": {"uv": [11, 5, 12, 4], "rotation": 270, "texture": "#0"},
				"down": {"uv": [16, 5, 15, 6], "texture": "#0"}
			}
		},
		{
			"from": [3.975, 0.91221, 8.8667],
			"to": [3.975, 2.91221, 9.3667],
			"rotation": {"angle": 0, "axis": "x", "origin": [3.6, 1.91221, 8.8667]},
			"faces": {
				"east": {"uv": [11, 0, 12, 4], "texture": "#0"},
				"west": {"uv": [16, 5, 15, 6], "texture": "#0"}
			}
		},
		{
			"from": [3.975, 0.41221, 8.3667],
			"to": [3.975, 2.91221, 8.8667],
			"rotation": {"angle": 0, "axis": "x", "origin": [3.6, 1.91221, 8.8667]},
			"faces": {
				"east": {"uv": [12, 0, 13, 5], "texture": "#0"},
				"west": {"uv": [16, 5, 15, 6], "texture": "#0"}
			}
		},
		{
			"from": [3.475, 2.61932, 8.5738],
			"to": [3.975, 3.11932, 9.2803],
			"rotation": {"angle": 0, "axis": "x", "origin": [3.725, 2.86932, 8.8238]},
			"faces": {
				"north": {"uv": [14, 5, 15, 4], "texture": "#0"},
				"east": {"uv": [14, 5, 15, 4], "texture": "#0"},
				"south": {"uv": [14, 5, 15, 4], "texture": "#0"},
				"west": {"uv": [14, 5, 15, 4], "texture": "#0"},
				"up": {"uv": [14, 5, 15, 4], "texture": "#0"},
				"down": {"uv": [16, 5, 15, 6], "texture": "#0"}
			}
		},
		{
			"from": [3.475, 2.16221, 7.97025],
			"to": [3.975, 2.66221, 8.97025],
			"rotation": {"angle": -45, "axis": "x", "origin": [3.725, 2.41221, 8.22025]},
			"faces": {
				"east": {"uv": [13, 3, 14, 5], "rotation": 90, "texture": "#0"},
				"west": {"uv": [13, 3, 14, 5], "rotation": 90, "texture": "#0"},
				"up": {"uv": [13, 3, 14, 5], "rotation": 90, "texture": "#0"},
				"down": {"uv": [16, 5, 15, 6], "texture": "#0"}
			}
		},
		{
			"from": [3.475, 2.00304, 8.81864],
			"to": [3.975, 2.50304, 9.52564],
			"rotation": {"angle": 45, "axis": "x", "origin": [3.725, 2.25304, 9.79364]},
			"faces": {
				"north": {"uv": [14, 4, 15, 3], "rotation": 270, "texture": "#0"},
				"east": {"uv": [14, 4, 15, 3], "rotation": 270, "texture": "#0"},
				"south": {"uv": [14, 4, 15, 3], "rotation": 270, "texture": "#0"},
				"west": {"uv": [14, 4, 15, 3], "rotation": 270, "texture": "#0"},
				"up": {"uv": [14, 4, 15, 3], "rotation": 270, "texture": "#0"},
				"down": {"uv": [16, 5, 15, 6], "texture": "#0"}
			}
		},
		{
			"from": [3.475, 0.01577, 8.8238],
			"to": [3.975, 1.51577, 9.3238],
			"rotation": {"angle": 45, "axis": "x", "origin": [3.725, 0.76577, 9.0738]},
			"faces": {
				"north": {"uv": [16, 5, 15, 6], "texture": "#0"},
				"east": {"uv": [15, 0, 14, 3], "texture": "#0"},
				"south": {"uv": [15, 0, 14, 3], "texture": "#0"},
				"west": {"uv": [15, 0, 14, 3], "texture": "#0"}
			}
		},
		{
			"from": [3.475, 0.05866, 8.22025],
			"to": [3.975, 0.55866, 8.72025],
			"rotation": {"angle": 0, "axis": "x", "origin": [3.725, 0.30866, 8.97025]},
			"faces": {
				"north": {"uv": [16, 4, 15, 5], "rotation": 270, "texture": "#0"},
				"east": {"uv": [16, 4, 15, 5], "rotation": 270, "texture": "#0"},
				"south": {"uv": [16, 4, 15, 5], "rotation": 270, "texture": "#0"},
				"west": {"uv": [16, 4, 15, 5], "rotation": 270, "texture": "#0"},
				"up": {"uv": [16, 5, 15, 6], "texture": "#0"},
				"down": {"uv": [16, 4, 15, 5], "rotation": 270, "texture": "#0"}
			}
		},
		{
			"from": [3.475, 0.51577, 8.1167],
			"to": [3.975, 1.01577, 8.6167],
			"rotation": {"angle": 45, "axis": "x", "origin": [3.725, 0.76577, 7.8667]},
			"faces": {
				"north": {"uv": [16, 4, 15, 5], "rotation": 270, "texture": "#0"},
				"east": {"uv": [16, 4, 15, 5], "rotation": 270, "texture": "#0"},
				"south": {"uv": [16, 4, 15, 5], "rotation": 270, "texture": "#0"},
				"west": {"uv": [16, 4, 15, 5], "rotation": 270, "texture": "#0"},
				"up": {"uv": [16, 5, 15, 6], "texture": "#0"},
				"down": {"uv": [16, 4, 15, 5], "rotation": 270, "texture": "#0"}
			}
		},
		{
			"from": [3.475, 0.41221, 7.8667],
			"to": [3.975, 2.41221, 8.3667],
			"rotation": {"angle": 0, "axis": "x", "origin": [3.6, 1.91221, 8.8667]},
			"faces": {
				"north": {"uv": [15, 0, 16, 4], "texture": "#0"},
				"east": {"uv": [15, 0, 16, 4], "texture": "#0"},
				"south": {"uv": [16, 5, 15, 6], "texture": "#0"},
				"west": {"uv": [15, 0, 16, 4], "texture": "#0"}
			}
		},
		{
			"from": [3.475, 1.11932, 9.28091],
			"to": [3.975, 2.61932, 9.78091],
			"rotation": {"angle": 0, "axis": "x", "origin": [3.6, 2.11932, 8.78091]},
			"faces": {
				"north": {"uv": [16, 5, 15, 6], "texture": "#0"},
				"east": {"uv": [14, 0, 13, 3], "texture": "#0"},
				"south": {"uv": [14, 0, 13, 3], "texture": "#0"},
				"west": {"uv": [14, 0, 13, 3], "texture": "#0"}
			}
		},
		{
			"from": [12.025, 1.11932, 9.28091],
			"to": [12.525, 2.61932, 9.78091],
			"rotation": {"angle": 0, "axis": "x", "origin": [12.4, 2.11932, 8.78091]},
			"faces": {
				"north": {"uv": [15, 5, 16, 6], "texture": "#0"},
				"east": {"uv": [13, 0, 14, 3], "texture": "#0"},
				"south": {"uv": [13, 0, 14, 3], "texture": "#0"},
				"west": {"uv": [13, 0, 14, 3], "texture": "#0"}
			}
		},
		{
			"from": [12.025, 0.41221, 7.8667],
			"to": [12.525, 2.41221, 8.3667],
			"rotation": {"angle": 0, "axis": "x", "origin": [12.4, 1.91221, 8.8667]},
			"faces": {
				"north": {"uv": [16, 0, 15, 4], "texture": "#0"},
				"east": {"uv": [16, 0, 15, 4], "texture": "#0"},
				"south": {"uv": [15, 5, 16, 6], "texture": "#0"},
				"west": {"uv": [16, 0, 15, 4], "texture": "#0"}
			}
		},
		{
			"from": [12.025, 0.51577, 8.1167],
			"to": [12.525, 1.01577, 8.6167],
			"rotation": {"angle": 45, "axis": "x", "origin": [12.275, 0.76577, 7.8667]},
			"faces": {
				"north": {"uv": [16, 5, 15, 4], "rotation": 270, "texture": "#0"},
				"east": {"uv": [16, 5, 15, 4], "rotation": 270, "texture": "#0"},
				"south": {"uv": [16, 5, 15, 4], "rotation": 270, "texture": "#0"},
				"west": {"uv": [16, 5, 15, 4], "rotation": 270, "texture": "#0"},
				"up": {"uv": [15, 5, 16, 6], "texture": "#0"},
				"down": {"uv": [16, 5, 15, 4], "rotation": 270, "texture": "#0"}
			}
		},
		{
			"from": [12.025, 0.05866, 8.22025],
			"to": [12.525, 0.55866, 8.72025],
			"rotation": {"angle": 0, "axis": "x", "origin": [12.275, 0.30866, 8.97025]},
			"faces": {
				"north": {"uv": [16, 5, 15, 4], "rotation": 270, "texture": "#0"},
				"east": {"uv": [16, 5, 15, 4], "rotation": 270, "texture": "#0"},
				"south": {"uv": [16, 5, 15, 4], "rotation": 270, "texture": "#0"},
				"west": {"uv": [16, 5, 15, 4], "rotation": 270, "texture": "#0"},
				"up": {"uv": [15, 5, 16, 6], "texture": "#0"},
				"down": {"uv": [16, 5, 15, 4], "rotation": 270, "texture": "#0"}
			}
		},
		{
			"from": [12.025, 0.01577, 8.8238],
			"to": [12.525, 1.51577, 9.3238],
			"rotation": {"angle": 45, "axis": "x", "origin": [12.275, 0.76577, 9.0738]},
			"faces": {
				"north": {"uv": [15, 5, 16, 6], "texture": "#0"},
				"east": {"uv": [14, 0, 15, 3], "texture": "#0"},
				"south": {"uv": [14, 0, 15, 3], "texture": "#0"},
				"west": {"uv": [14, 0, 15, 3], "texture": "#0"}
			}
		},
		{
			"from": [12.025, 2.00304, 8.81864],
			"to": [12.525, 2.50304, 9.52564],
			"rotation": {"angle": 45, "axis": "x", "origin": [12.275, 2.25304, 9.79364]},
			"faces": {
				"north": {"uv": [14, 3, 15, 4], "rotation": 270, "texture": "#0"},
				"east": {"uv": [14, 3, 15, 4], "rotation": 270, "texture": "#0"},
				"south": {"uv": [14, 3, 15, 4], "rotation": 270, "texture": "#0"},
				"west": {"uv": [14, 3, 15, 4], "rotation": 270, "texture": "#0"},
				"up": {"uv": [14, 3, 15, 4], "rotation": 270, "texture": "#0"},
				"down": {"uv": [15, 5, 16, 6], "texture": "#0"}
			}
		},
		{
			"from": [12.025, 2.16221, 7.97025],
			"to": [12.525, 2.66221, 8.97025],
			"rotation": {"angle": -45, "axis": "x", "origin": [12.275, 2.41221, 8.22025]},
			"faces": {
				"east": {"uv": [13, 5, 14, 3], "rotation": 90, "texture": "#0"},
				"west": {"uv": [13, 5, 14, 3], "rotation": 90, "texture": "#0"},
				"up": {"uv": [13, 5, 14, 3], "rotation": 90, "texture": "#0"},
				"down": {"uv": [15, 5, 16, 6], "texture": "#0"}
			}
		},
		{
			"from": [12.025, 2.61932, 8.5738],
			"to": [12.525, 3.11932, 9.2803],
			"rotation": {"angle": 0, "axis": "x", "origin": [12.275, 2.86932, 8.8238]},
			"faces": {
				"north": {"uv": [15, 5, 14, 4], "texture": "#0"},
				"east": {"uv": [15, 5, 14, 4], "texture": "#0"},
				"south": {"uv": [15, 5, 14, 4], "texture": "#0"},
				"west": {"uv": [15, 5, 14, 4], "texture": "#0"},
				"up": {"uv": [15, 5, 14, 4], "texture": "#0"},
				"down": {"uv": [15, 5, 16, 6], "texture": "#0"}
			}
		},
		{
			"from": [12.025, 0.41221, 8.3667],
			"to": [12.025, 2.91221, 8.8667],
			"rotation": {"angle": 0, "axis": "x", "origin": [12.4, 1.91221, 8.8667]},
			"faces": {
				"east": {"uv": [15, 5, 16, 6], "texture": "#0"},
				"west": {"uv": [13, 0, 12, 5], "texture": "#0"}
			}
		},
		{
			"from": [12.025, 0.91221, 8.8667],
			"to": [12.025, 2.91221, 9.3667],
			"rotation": {"angle": 0, "axis": "x", "origin": [12.4, 1.91221, 8.8667]},
			"faces": {
				"east": {"uv": [15, 5, 16, 6], "texture": "#0"},
				"west": {"uv": [12, 0, 11, 4], "texture": "#0"}
			}
		},
		{
			"from": [12.025, 1.41846, 8.20518],
			"to": [12.4, 1.66846, 8.91218],
			"rotation": {"angle": 22.5, "axis": "x", "origin": [12.275, 1.54346, 8.55868]},
			"faces": {
				"north": {"uv": [11, 4, 12, 5], "rotation": 270, "texture": "#0"},
				"east": {"uv": [11, 4, 12, 5], "rotation": 270, "texture": "#0"},
				"south": {"uv": [15, 5, 16, 6], "texture": "#0"},
				"west": {"uv": [11, 4, 12, 5], "rotation": 270, "texture": "#0"},
				"up": {"uv": [11, 4, 12, 5], "rotation": 270, "texture": "#0"},
				"down": {"uv": [15, 5, 16, 6], "texture": "#0"}
			}
		},
		{
			"from": [7.5, 0, 4.50831],
			"to": [8.5, 1.75, 5.75831],
			"rotation": {"angle": 0, "axis": "y", "origin": [0, -3, 1.25831]},
			"faces": {
				"east": {"uv": [4, 0, 6.5, 3.5], "texture": "#0"},
				"south": {"uv": [0, 0, 1, 1], "texture": "#0"},
				"west": {"uv": [6.5, 0, 4, 3.5], "texture": "#0"},
				"down": {"uv": [0, 5, 3, 8], "texture": "#0"}
			}
		},
		{
			"from": [8.16161, 0.14017, 4.50831],
			"to": [8.66161, 0.64017, 5.75831],
			"rotation": {"angle": -45, "axis": "z", "origin": [8.41161, 0.26517, 5.13331]},
			"faces": {
				"north": {"uv": [8, 0, 9, 1], "texture": "#0"},
				"east": {"uv": [4, 4, 7, 5], "texture": "#0"},
				"south": {"uv": [8, 0, 9, 1], "texture": "#0"},
				"up": {"uv": [4, 5, 7, 6], "rotation": 90, "texture": "#0"}
			}
		},
		{
			"from": [7.33839, 0.14017, 4.50831],
			"to": [7.83839, 0.64017, 5.75831],
			"rotation": {"angle": 45, "axis": "z", "origin": [7.58839, 0.26517, 5.13331]},
			"faces": {
				"north": {"uv": [9, 0, 8, 1], "texture": "#0"},
				"south": {"uv": [9, 0, 8, 1], "texture": "#0"},
				"west": {"uv": [7, 4, 4, 5], "texture": "#0"},
				"up": {"uv": [4, 6, 7, 5], "rotation": 90, "texture": "#0"}
			}
		},
		{
			"from": [7.501, 1.29883, 4.54576],
			"to": [8.499, 2.54683, 5.54376],
			"rotation": {"angle": 45, "axis": "x", "origin": [8, 1.67283, 4.91976]},
			"faces": {
				"north": {"uv": [3, 0, 4, 2.5], "texture": "#0"},
				"east": {"uv": [2, 0, 4, 2.5], "texture": "#0"},
				"south": {"uv": [0, 0, 1, 1], "texture": "#0"},
				"west": {"uv": [4, 0, 2, 2.5], "texture": "#0"},
				"up": {"uv": [0, 0, 1, 1], "texture": "#0"}
			}
		},
		{
			"from": [7.501, 0.11753, 4.18093],
			"to": [8.499, 1.61553, 4.92893],
			"rotation": {"angle": 22.5, "axis": "x", "origin": [8.25, 1.11653, 4.42993]},
			"faces": {
				"north": {"uv": [0, 0, 2, 3], "texture": "#0"},
				"east": {"uv": [0, 0, 2, 3], "texture": "#0"},
				"west": {"uv": [0, 0, 2, 3], "texture": "#0"},
				"down": {"uv": [0, 3, 2, 5], "texture": "#0"}
			}
		},
		{
			"from": [4.31097, 2.84176, 5.25831],
			"to": [7.31097, 4.84176, 5.25831],
			"rotation": {"angle": 0, "axis": "z", "origin": [7.56097, 3.14176, 5.13331]},
			"faces": {
				"north": {"uv": [0, 8, 12, 16], "texture": "#0"},
				"south": {"uv": [0, 8, 12, 16], "texture": "#0"}
			}
		},
		{
			"from": [4.31097, 2.76525, 4.8757],
			"to": [7.31097, 4.76525, 4.8757],
			"rotation": {"angle": -22.5, "axis": "x", "origin": [5.81097, 3.76525, 4.8757]},
			"faces": {
				"north": {"uv": [0, 8, 12, 16], "texture": "#0"},
				"south": {"uv": [0, 8, 12, 16], "texture": "#0"}
			}
		},
		{
			"from": [8.68903, 2.84176, 5.25831],
			"to": [11.68903, 4.84176, 5.25831],
			"rotation": {"angle": 0, "axis": "z", "origin": [8.43903, 3.14176, 5.13331]},
			"faces": {
				"north": {"uv": [12, 8, 0, 16], "texture": "#0"},
				"south": {"uv": [12, 8, 0, 16], "texture": "#0"}
			}
		},
		{
			"from": [8.68903, 2.76525, 4.8757],
			"to": [11.68903, 4.76525, 4.8757],
			"rotation": {"angle": -22.5, "axis": "x", "origin": [10.18903, 3.76525, 4.8757]},
			"faces": {
				"north": {"uv": [12, 8, 0, 16], "texture": "#0"},
				"south": {"uv": [12, 8, 0, 16], "texture": "#0"}
			}
		},
		{
			"from": [4.12056, 3.92399, 5.00831],
			"to": [5.12056, 4.17399, 5.25831],
			"rotation": {"angle": 22.5, "axis": "z", "origin": [7.37056, 4.22399, 5.13331]},
			"faces": {
				"north": {"uv": [6, 12, 5, 13], "texture": "#0"},
				"east": {"uv": [6, 12, 5, 13], "texture": "#0"},
				"south": {"uv": [6, 12, 5, 13], "texture": "#0"},
				"up": {"uv": [6, 12, 5, 13], "texture": "#0"},
				"down": {"uv": [6, 12, 5, 13], "texture": "#0"}
			}
		},
		{
			"from": [5.31097, 3.06676, 5.00831],
			"to": [6.31097, 3.31676, 5.25831],
			"rotation": {"angle": 0, "axis": "z", "origin": [7.56097, 3.36676, 5.13331]},
			"faces": {
				"north": {"uv": [6, 12, 5, 13], "texture": "#0"},
				"south": {"uv": [5, 12, 6, 13], "texture": "#0"},
				"west": {"uv": [6, 12, 5, 13], "texture": "#0"},
				"up": {"uv": [6, 12, 5, 13], "texture": "#0"},
				"down": {"uv": [6, 12, 5, 13], "texture": "#0"}
			}
		},
		{
			"from": [4.0054, 1.86581, 5.00931],
			"to": [4.2534, 2.11381, 12.00731],
			"rotation": {"angle": 0, "axis": "y", "origin": [4.1294, 1.86481, 5.50831]},
			"faces": {
				"north": {"uv": [6, 12, 5, 13], "texture": "#0"},
				"east": {"uv": [6, 12, 5, 13], "texture": "#0"},
				"south": {"uv": [6, 12, 5, 13], "texture": "#0"},
				"west": {"uv": [6, 12, 5, 13], "texture": "#0"},
				"up": {"uv": [6, 12, 5, 13], "texture": "#0"},
				"down": {"uv": [6, 12, 5, 13], "texture": "#0"}
			}
		},
		{
			"from": [4.12056, -0.17399, 5.00831],
			"to": [5.12056, 0.07601, 5.25831],
			"rotation": {"angle": -22.5, "axis": "z", "origin": [7.37056, -0.22399, 5.13331]},
			"faces": {
				"north": {"uv": [6, 12, 5, 13], "texture": "#0"},
				"east": {"uv": [6, 12, 5, 13], "texture": "#0"},
				"south": {"uv": [6, 12, 5, 13], "texture": "#0"},
				"up": {"uv": [6, 12, 5, 13], "texture": "#0"},
				"down": {"uv": [6, 12, 5, 13], "texture": "#0"}
			}
		},
		{
			"from": [5.31097, 0.68324, 5.00831],
			"to": [6.31097, 0.93324, 5.25831],
			"rotation": {"angle": 0, "axis": "z", "origin": [7.56097, 0.63324, 5.13331]},
			"faces": {
				"north": {"uv": [6, 12, 5, 13], "texture": "#0"},
				"south": {"uv": [6, 12, 5, 13], "texture": "#0"},
				"west": {"uv": [6, 12, 5, 13], "texture": "#0"},
				"up": {"uv": [6, 12, 5, 13], "texture": "#0"},
				"down": {"uv": [6, 12, 5, 13], "texture": "#0"}
			}
		},
		{
			"from": [3.45374, 1.7418, 5.00831],
			"to": [3.70374, 2.7418, 5.25831],
			"rotation": {"angle": -22.5, "axis": "z", "origin": [4.40374, 0.4918, 5.13331]},
			"faces": {
				"north": {"uv": [6, 12, 5, 13], "texture": "#0"},
				"east": {"uv": [6, 12, 5, 13], "texture": "#0"},
				"south": {"uv": [6, 12, 5, 13], "texture": "#0"},
				"west": {"uv": [6, 12, 5, 13], "texture": "#0"},
				"down": {"uv": [6, 12, 5, 13], "texture": "#0"}
			}
		},
		{
			"from": [3.45374, 1.2582, 5.00831],
			"to": [3.70374, 2.2582, 5.25831],
			"rotation": {"angle": 22.5, "axis": "z", "origin": [4.40374, 3.5082, 5.13331]},
			"faces": {
				"north": {"uv": [6, 12, 5, 13], "texture": "#0"},
				"east": {"uv": [6, 12, 5, 13], "texture": "#0"},
				"south": {"uv": [6, 12, 5, 13], "texture": "#0"},
				"west": {"uv": [6, 12, 5, 13], "texture": "#0"},
				"up": {"uv": [6, 12, 5, 13], "texture": "#0"}
			}
		},
		{
			"from": [6.23495, 1.1654, 5.00831],
			"to": [7.23495, 1.4154, 5.25831],
			"rotation": {"angle": 22.5, "axis": "z", "origin": [7.48495, 1.1154, 5.13331]},
			"faces": {
				"north": {"uv": [6, 12, 5, 13], "texture": "#0"},
				"south": {"uv": [6, 12, 5, 13], "texture": "#0"},
				"up": {"uv": [6, 12, 5, 13], "texture": "#0"},
				"down": {"uv": [6, 12, 5, 13], "texture": "#0"}
			}
		},
		{
			"from": [7.9182, 1.2582, 5.00831],
			"to": [8.1682, 2.2582, 5.25831],
			"rotation": {"angle": -22.5, "axis": "z", "origin": [7.2182, 3.5082, 5.13331]},
			"faces": {
				"north": {"uv": [6, 12, 5, 13], "texture": "#0"},
				"east": {"uv": [6, 12, 5, 13], "texture": "#0"},
				"south": {"uv": [6, 12, 5, 13], "texture": "#0"},
				"west": {"uv": [6, 12, 5, 13], "texture": "#0"},
				"up": {"uv": [6, 12, 5, 13], "texture": "#0"}
			}
		},
		{
			"from": [7.9182, 1.7418, 5.00831],
			"to": [8.1682, 2.7418, 5.25831],
			"rotation": {"angle": 22.5, "axis": "z", "origin": [7.2182, 0.4918, 5.13331]},
			"faces": {
				"north": {"uv": [6, 12, 5, 13], "texture": "#0"},
				"east": {"uv": [6, 12, 5, 13], "texture": "#0"},
				"south": {"uv": [6, 12, 5, 13], "texture": "#0"},
				"west": {"uv": [6, 12, 5, 13], "texture": "#0"},
				"down": {"uv": [6, 12, 5, 13], "texture": "#0"}
			}
		},
		{
			"from": [6.23495, 2.5846, 5.00831],
			"to": [7.23495, 2.8346, 5.25831],
			"rotation": {"angle": -22.5, "axis": "z", "origin": [7.48495, 2.8846, 5.13331]},
			"faces": {
				"north": {"uv": [6, 12, 5, 13], "texture": "#0"},
				"south": {"uv": [6, 12, 5, 13], "texture": "#0"},
				"up": {"uv": [6, 12, 5, 13], "texture": "#0"},
				"down": {"uv": [6, 12, 5, 13], "texture": "#0"}
			}
		},
		{
			"from": [10.87944, 3.92399, 5.00831],
			"to": [11.87944, 4.17399, 5.25831],
			"rotation": {"angle": -22.5, "axis": "z", "origin": [8.62944, 4.22399, 5.13331]},
			"faces": {
				"north": {"uv": [5, 12, 6, 13], "texture": "#0"},
				"south": {"uv": [5, 12, 6, 13], "texture": "#0"},
				"west": {"uv": [5, 12, 6, 13], "texture": "#0"},
				"up": {"uv": [5, 12, 6, 13], "texture": "#0"},
				"down": {"uv": [5, 12, 6, 13], "texture": "#0"}
			}
		},
		{
			"from": [9.68903, 3.06676, 5.00831],
			"to": [10.68903, 3.31676, 5.25831],
			"rotation": {"angle": 0, "axis": "z", "origin": [8.43903, 3.36676, 5.13331]},
			"faces": {
				"north": {"uv": [5, 12, 6, 13], "texture": "#0"},
				"east": {"uv": [5, 12, 6, 13], "texture": "#0"},
				"south": {"uv": [5, 12, 6, 13], "texture": "#0"},
				"up": {"uv": [5, 12, 6, 13], "texture": "#0"},
				"down": {"uv": [5, 12, 6, 13], "texture": "#0"}
			}
		},
		{
			"from": [11.7466, 1.86581, 5.00931],
			"to": [11.9946, 2.11381, 12.00731],
			"rotation": {"angle": 0, "axis": "y", "origin": [11.8706, 1.86481, 5.50831]},
			"faces": {
				"north": {"uv": [5, 12, 6, 13], "texture": "#0"},
				"east": {"uv": [5, 12, 6, 13], "texture": "#0"},
				"south": {"uv": [5, 12, 6, 13], "texture": "#0"},
				"west": {"uv": [5, 12, 6, 13], "texture": "#0"},
				"up": {"uv": [5, 12, 6, 13], "texture": "#0"},
				"down": {"uv": [5, 12, 6, 13], "texture": "#0"}
			}
		},
		{
			"from": [10.87944, -0.17399, 5.00831],
			"to": [11.87944, 0.07601, 5.25831],
			"rotation": {"angle": 22.5, "axis": "z", "origin": [8.62944, -0.22399, 5.13331]},
			"faces": {
				"north": {"uv": [5, 12, 6, 13], "texture": "#0"},
				"south": {"uv": [5, 12, 6, 13], "texture": "#0"},
				"west": {"uv": [5, 12, 6, 13], "texture": "#0"},
				"up": {"uv": [5, 12, 6, 13], "texture": "#0"},
				"down": {"uv": [5, 12, 6, 13], "texture": "#0"}
			}
		},
		{
			"from": [9.68903, 0.68324, 5.00831],
			"to": [10.68903, 0.93324, 5.25831],
			"rotation": {"angle": 0, "axis": "z", "origin": [8.43903, 0.63324, 5.13331]},
			"faces": {
				"north": {"uv": [5, 12, 6, 13], "texture": "#0"},
				"east": {"uv": [5, 12, 6, 13], "texture": "#0"},
				"south": {"uv": [5, 12, 6, 13], "texture": "#0"},
				"up": {"uv": [5, 12, 6, 13], "texture": "#0"},
				"down": {"uv": [5, 12, 6, 13], "texture": "#0"}
			}
		},
		{
			"from": [12.29626, 1.7418, 5.00831],
			"to": [12.54626, 2.7418, 5.25831],
			"rotation": {"angle": 22.5, "axis": "z", "origin": [11.59626, 0.4918, 5.13331]},
			"faces": {
				"north": {"uv": [5, 12, 6, 13], "texture": "#0"},
				"east": {"uv": [5, 12, 6, 13], "texture": "#0"},
				"south": {"uv": [5, 12, 6, 13], "texture": "#0"},
				"west": {"uv": [5, 12, 6, 13], "texture": "#0"},
				"down": {"uv": [5, 12, 6, 13], "texture": "#0"}
			}
		},
		{
			"from": [12.29626, 1.2582, 5.00831],
			"to": [12.54626, 2.2582, 5.25831],
			"rotation": {"angle": -22.5, "axis": "z", "origin": [11.59626, 3.5082, 5.13331]},
			"faces": {
				"north": {"uv": [5, 12, 6, 13], "texture": "#0"},
				"east": {"uv": [5, 12, 6, 13], "texture": "#0"},
				"south": {"uv": [5, 12, 6, 13], "texture": "#0"},
				"west": {"uv": [5, 12, 6, 13], "texture": "#0"},
				"up": {"uv": [5, 12, 6, 13], "texture": "#0"}
			}
		},
		{
			"from": [8.76505, 1.1654, 5.00831],
			"to": [9.76505, 1.4154, 5.25831],
			"rotation": {"angle": -22.5, "axis": "z", "origin": [8.51505, 1.1154, 5.13331]},
			"faces": {
				"north": {"uv": [5, 12, 6, 13], "texture": "#0"},
				"south": {"uv": [5, 12, 6, 13], "texture": "#0"},
				"up": {"uv": [5, 12, 6, 13], "texture": "#0"},
				"down": {"uv": [5, 12, 6, 13], "texture": "#0"}
			}
		},
		{
			"from": [7.8318, 1.2582, 5.00831],
			"to": [8.0818, 2.2582, 5.25831],
			"rotation": {"angle": 22.5, "axis": "z", "origin": [8.7818, 3.5082, 5.13331]},
			"faces": {
				"north": {"uv": [5, 12, 6, 13], "texture": "#0"},
				"east": {"uv": [5, 12, 6, 13], "texture": "#0"},
				"south": {"uv": [5, 12, 6, 13], "texture": "#0"},
				"west": {"uv": [5, 12, 6, 13], "texture": "#0"},
				"up": {"uv": [5, 12, 6, 13], "texture": "#0"}
			}
		},
		{
			"from": [7.8318, 1.7418, 5.00831],
			"to": [8.0818, 2.7418, 5.25831],
			"rotation": {"angle": -22.5, "axis": "z", "origin": [8.7818, 0.4918, 5.13331]},
			"faces": {
				"north": {"uv": [5, 12, 6, 13], "texture": "#0"},
				"east": {"uv": [5, 12, 6, 13], "texture": "#0"},
				"south": {"uv": [5, 12, 6, 13], "texture": "#0"},
				"west": {"uv": [5, 12, 6, 13], "texture": "#0"},
				"down": {"uv": [5, 12, 6, 13], "texture": "#0"}
			}
		},
		{
			"from": [8.76505, 2.5846, 5.00831],
			"to": [9.76505, 2.8346, 5.25831],
			"rotation": {"angle": 22.5, "axis": "z", "origin": [8.51505, 2.8846, 5.13331]},
			"faces": {
				"north": {"uv": [5, 12, 6, 13], "texture": "#0"},
				"south": {"uv": [5, 12, 6, 13], "texture": "#0"},
				"up": {"uv": [5, 12, 6, 13], "texture": "#0"},
				"down": {"uv": [5, 12, 6, 13], "texture": "#0"}
			}
		}
	],
	"display": {
		"thirdperson_righthand": {
			"rotation": [75, 45, 0],
			"translation": [0, 1.5, 1.5],
			"scale": [0.375, 0.375, 0.375]
		},
		"thirdperson_lefthand": {
			"rotation": [75, 45, 0],
			"translation": [0, 1.5, 1.5],
			"scale": [0.375, 0.375, 0.375]
		},
		"firstperson_righthand": {
			"translation": [3.25, 5.25, 0.75],
			"scale": [0.68, 0.68, 0.68]
		},
		"firstperson_lefthand": {
			"translation": [3.25, 5.25, 0.75],
			"scale": [0.68, 0.68, 0.68]
		},
		"ground": {
			"translation": [0, 5.5, 0]
		},
		"gui": {
			"rotation": [30, 145, 0],
			"translation": [-0.25, 7.75, 0],
			"scale": [1.45, 1.45, 1.45]
		},
		"head": {
			"translation": [0, 11.25, -2.25],
			"scale": [1.81, 1.81, 1.81]
		},
		"fixed": {
			"rotation": [-80, 0, 0],
			"translation": [0, 3.25, -22.75],
			"scale": [3.01, 3.01, 3.01]
		}
	},
	"groups": [
		{
			"name": "Ear",
			"origin": [12.125, 4.5, 8],
			"color": 0,
			"children": [0, 1, 2, 3, 4, 5, 6, 7, 8, 9, 10, 11, 12, 13, 14, 15, 16, 17, 18, 19, 20, 21]
		},
		{
			"name": "Nose",
			"origin": [8.25, 3.11746, 3.65538],
			"color": 0,
			"children": [22, 23, 24, 25, 26]
		},
		{
			"name": "Ear",
			"origin": [12.125, 4.5, 8],
			"color": 0,
			"children": []
		},
		{
			"name": "glasses",
			"origin": [7.65995, 4.8846, 4.375],
			"color": 0,
			"children": [27, 28, 29, 30]
		},
		{
			"name": "glasses",
			"origin": [7.65995, 4.8846, 4.375],
			"color": 0,
			"children": [31, 32, 33, 34, 35, 36, 37, 38, 39, 40, 41, 42, 43, 44, 45, 46, 47, 48, 49, 50, 51, 52]
		}
	]
}