{
	"credit": "Made with Blockbench",
	"textures": {
		"0": "item/marvu_mask",
		"particle": "item/marvu_mask"
	},
	"elements": [
		{
			"from": [4, 1, 3],
			"to": [12, 6, 4],
			"faces": {
				"north": {"uv": [0, 0, 8, 5], "texture": "#0"},
				"east": {"uv": [8, 6, 9, 11], "texture": "#0"},
				"south": {"uv": [0, 5, 8, 10], "texture": "#0"},
				"west": {"uv": [9, 6, 10, 11], "texture": "#0"},
				"up": {"uv": [16, 1, 8, 0], "texture": "#0"},
				"down": {"uv": [16, 1, 8, 2], "texture": "#0"}
			}
		},
		{
			"from": [10.23563, 5.69876, 3.001],
			"to": [11.23363, 7.82176, 3.999],
			"rotation": {"angle": 0, "axis": "y", "origin": [-0.76537, -0.15224, 0]},
			"faces": {
				"north": {"uv": [0, 10, 1, 12], "texture": "#0"},
				"south": {"uv": [2, 10, 3, 12], "texture": "#0"},
				"west": {"uv": [3, 10, 4, 12], "texture": "#0"},
				"up": {"uv": [14, 10, 13, 9], "texture": "#0"}
			}
		},
		{
			"from": [10.31963, 7.64976, 3.002],
			"to": [11.02263, 8.35276, 3.998],
			"rotation": {"angle": -45, "axis": "z", "origin": [10.51763, 7.84776, 3.5]},
			"faces": {
				"north": {"uv": [11, 14, 11.5, 14.5], "texture": "#0"},
				"south": {"uv": [14, 11, 14.5, 11.5], "texture": "#0"},
				"west": {"uv": [7, 14, 8, 14.5], "texture": "#0"},
				"up": {"uv": [14.5, 8, 14, 7], "texture": "#0"},
				"down": {"uv": [14.5, 8, 14, 9], "texture": "#0"}
			}
		},
		{
			"from": [10.31275, 5.46708, 3.002],
			"to": [11.30875, 7.46308, 3.998],
			"rotation": {"angle": 22.5, "axis": "z", "origin": [10.31075, 7.46508, 3.5]},
			"faces": {
				"north": {"uv": [4, 10, 5, 12], "texture": "#0"},
				"east": {"uv": [5, 10, 6, 12], "texture": "#0"},
				"south": {"uv": [6, 10, 7, 12], "texture": "#0"}
			}
		},
		{
			"from": [10.16395, 5.46938, 3.004],
			"to": [11.15795, 7.46338, 3.998],
			"rotation": {"angle": -22.5, "axis": "z", "origin": [11.16095, 7.46638, 3.501]},
			"faces": {
				"north": {"uv": [5, 10, 4, 12], "texture": "#0"},
				"east": {"uv": [11, 6, 10, 8], "texture": "#0"},
				"south": {"uv": [7, 10, 6, 12], "texture": "#0"},
				"west": {"uv": [6, 10, 5, 12], "texture": "#0"},
				"up": {"uv": [13, 12, 14, 11], "texture": "#0"},
				"down": {"uv": [13, 12, 14, 13], "texture": "#0"}
			}
		},
		{
			"from": [4.84205, 5.46938, 3.004],
			"to": [5.83605, 7.46338, 3.998],
			"rotation": {"angle": 22.5, "axis": "z", "origin": [4.83905, 7.46638, 3.501]},
			"faces": {
				"north": {"uv": [4, 10, 5, 12], "texture": "#0"},
				"east": {"uv": [5, 10, 6, 12], "texture": "#0"},
				"south": {"uv": [6, 10, 7, 12], "texture": "#0"},
				"west": {"uv": [10, 6, 11, 8], "texture": "#0"},
				"up": {"uv": [14, 12, 13, 11], "texture": "#0"},
				"down": {"uv": [14, 12, 13, 13], "texture": "#0"}
			}
		},
		{
			"from": [4.76637, 5.69876, 3.001],
			"to": [5.76437, 7.82176, 3.999],
			"rotation": {"angle": 0, "axis": "y", "origin": [16.76537, -0.15224, 0]},
			"faces": {
				"north": {"uv": [1, 10, 0, 12], "texture": "#0"},
				"east": {"uv": [4, 10, 3, 12], "texture": "#0"},
				"south": {"uv": [3, 10, 2, 12], "texture": "#0"},
				"up": {"uv": [13, 10, 14, 9], "texture": "#0"}
			}
		},
		{
			"from": [4.69125, 5.46708, 3.002],
			"to": [5.68725, 7.46308, 3.998],
			"rotation": {"angle": -22.5, "axis": "z", "origin": [5.68925, 7.46508, 3.5]},
			"faces": {
				"north": {"uv": [5, 10, 4, 12], "texture": "#0"},
				"south": {"uv": [7, 10, 6, 12], "texture": "#0"},
				"west": {"uv": [6, 10, 5, 12], "texture": "#0"}
			}
		},
		{
			"from": [4.97737, 7.64976, 3.002],
			"to": [5.68037, 8.35276, 3.998],
			"rotation": {"angle": 45, "axis": "z", "origin": [5.48237, 7.84776, 3.5]},
			"faces": {
				"north": {"uv": [11.5, 14, 11, 14.5], "texture": "#0"},
				"east": {"uv": [8, 14, 7, 14.5], "texture": "#0"},
				"south": {"uv": [14.5, 11, 14, 11.5], "texture": "#0"},
				"up": {"uv": [14, 8, 14.5, 7], "texture": "#0"},
				"down": {"uv": [14, 8, 14.5, 9], "texture": "#0"}
			}
		},
		{
			"from": [5.001, 0.001, 3.001],
			"to": [10.999, 1.424, 3.999],
			"faces": {
				"north": {"uv": [8, 2, 14, 3], "texture": "#0"},
				"south": {"uv": [8, 3, 14, 4], "texture": "#0"},
				"down": {"uv": [14, 5, 8, 6], "texture": "#0"}
			}
		},
		{
			"from": [10.78484, 0.09195, 3.002],
			"to": [11.78084, 1.50095, 3.998],
			"rotation": {"angle": -45, "axis": "z", "origin": [11.28284, 0.98995, 3.5]},
			"faces": {
				"north": {"uv": [7, 12, 8, 13.5], "texture": "#0"},
				"east": {"uv": [12, 8, 13, 9.5], "texture": "#0"},
				"south": {"uv": [10, 12, 11, 13.5], "texture": "#0"},
				"up": {"uv": [15, 5, 14, 4], "texture": "#0"}
			}
		},
		{
			"from": [4.21916, 0.09195, 3.002],
			"to": [5.21516, 1.50095, 3.998],
			"rotation": {"angle": 45, "axis": "z", "origin": [4.71716, 0.98995, 3.5]},
			"faces": {
				"north": {"uv": [11, 12, 12, 13.5], "texture": "#0"},
				"south": {"uv": [13, 6, 14, 7.5], "texture": "#0"},
				"west": {"uv": [8, 13, 9, 14.5], "texture": "#0"},
				"up": {"uv": [15, 6, 14, 5], "texture": "#0"}
			}
		},
		{
			"from": [4.25, 2.75, 4],
			"to": [4.5, 3.25, 10.5],
			"rotation": {"angle": 0, "axis": "y", "origin": [16, 0, 0]},
			"faces": {
				"east": {"uv": [5.5, 2.5, 6, 3], "texture": "#0"},
				"west": {"uv": [5.5, 2.5, 6, 3], "texture": "#0"},
				"up": {"uv": [5.5, 2.5, 6, 3], "texture": "#0"},
				"down": {"uv": [5.5, 2.5, 6, 3], "texture": "#0"}
			}
		},
		{
			"from": [4.25, 2.75, 10.5],
			"to": [11.75, 3.25, 10.75],
			"rotation": {"angle": 0, "axis": "y", "origin": [0.25, 0, 0.25]},
			"faces": {
				"north": {"uv": [5.5, 2.5, 6, 3], "texture": "#0"},
				"east": {"uv": [5.5, 2.5, 6, 3], "texture": "#0"},
				"south": {"uv": [5.5, 2.5, 6, 3], "texture": "#0"},
				"west": {"uv": [5.5, 2.5, 6, 3], "texture": "#0"},
				"up": {"uv": [5.5, 2.5, 6, 3], "texture": "#0"},
				"down": {"uv": [5.5, 2.5, 6, 3], "texture": "#0"}
			}
		},
		{
			"from": [11.5, 2.75, 4],
			"to": [11.75, 3.25, 10.5],
			"faces": {
				"east": {"uv": [5.5, 2.5, 6, 3], "texture": "#0"},
				"west": {"uv": [5.5, 2.5, 6, 3], "texture": "#0"},
				"up": {"uv": [5.5, 2.5, 6, 3], "texture": "#0"},
				"down": {"uv": [5.5, 2.5, 6, 3], "texture": "#0"}
			}
		}
	],
	"display": {
		"thirdperson_righthand": {
			"rotation": [75, 45, 0],
			"translation": [0, 0.25, 2.25],
			"scale": [0.375, 0.375, 0.375]
		},
		"thirdperson_lefthand": {
			"rotation": [75, 45, 0],
			"translation": [0, 0.25, 2.25],
			"scale": [0.375, 0.375, 0.375]
		},
		"firstperson_righthand": {
			"rotation": [0, 45, 0],
			"scale": [0.4, 0.4, 0.4]
		},
		"firstperson_lefthand": {
			"rotation": [0, 45, 0],
			"scale": [0.4, 0.4, 0.4]
		},
		"ground": {
			"rotation": [0, -1, 0],
			"translation": [0, 4.75, 0]
		},
		"gui": {
			"rotation": [30, 145, 0],
			"translation": [1, 7.25, 0],
			"scale": [1.43, 1.43, 1.43]
		},
		"head": {
			"translation": [0, 8, 1.75],
			"scale": [1.81, 1.81, 1.81]
		},
		"fixed": {
			"translation": [0, 9, 10.5],
			"scale": [2.35, 2.35, 2.35]
		}
	}
}