{
	"credit": "Made with Blockbench",
	"textures": {
		"0": "item/anime_glasses",
		"particle": "item/anime_glasses"
	},
	"elements": [
		{
			"from": [7.75, 0.75, 4.65],
			"to": [8.25, 1.25, 4.75],
			"faces": {
				"north": {"uv": [7, 1, 8, 2], "texture": "#0"},
				"east": {"uv": [7, 1, 8, 2], "texture": "#0"},
				"south": {"uv": [7, 1, 8, 2], "texture": "#0"},
				"west": {"uv": [7, 1, 8, 2], "texture": "#0"},
				"up": {"uv": [7, 1, 8, 2], "texture": "#0"},
				"down": {"uv": [7, 1, 8, 2], "texture": "#0"}
			}
		},
		{
			"from": [4.9, 0.75, 4.5],
			"to": [5, 1, 8.5],
			"rotation": {"angle": 0, "axis": "y", "origin": [9.4, 0.25, 0.75]},
			"faces": {
				"north": {"uv": [0, 1, 1, 2], "texture": "#0"},
				"east": {"uv": [0, 1, 8, 2], "texture": "#0"},
				"south": {"uv": [0, 1, 1, 2], "texture": "#0"},
				"west": {"uv": [0, 1, 8, 2], "texture": "#0"},
				"up": {"uv": [0, 1, 8, 2], "rotation": 90, "texture": "#0"},
				"down": {"uv": [0, 1, 8, 2], "rotation": 90, "texture": "#0"}
			}
		},
		{
			"from": [11, 0.75, 4.5],
			"to": [11.1, 1, 8.5],
			"rotation": {"angle": 0, "axis": "y", "origin": [6.6, 0.25, 0.75]},
			"faces": {
				"north": {"uv": [1, 1, 0, 2], "texture": "#0"},
				"east": {"uv": [8, 1, 0, 2], "texture": "#0"},
				"south": {"uv": [1, 1, 0, 2], "texture": "#0"},
				"west": {"uv": [8, 1, 0, 2], "texture": "#0"},
				"up": {"uv": [0, 2, 8, 1], "rotation": 90, "texture": "#0"},
				"down": {"uv": [0, 2, 8, 1], "rotation": 90, "texture": "#0"}
			}
		},
		{
			"from": [5, 0, 4.5],
			"to": [7.75, 1.75, 4.75],
			"faces": {
				"north": {"uv": [0, 1, 8, 6], "texture": "#0"},
				"east": {"uv": [0, 1, 1, 6], "texture": "#0"},
				"south": {"uv": [0, 1, 8, 6], "texture": "#0"},
				"west": {"uv": [0, 1, 1, 6], "texture": "#0"},
				"up": {"uv": [0, 1, 8, 2], "texture": "#0"},
				"down": {"uv": [0, 1, 8, 2], "texture": "#0"}
			}
		},
		{
			"from": [8.25, 0, 4.5],
			"to": [11, 1.75, 4.75],
			"rotation": {"angle": 0, "axis": "y", "origin": [16, 0, 0]},
			"faces": {
				"north": {"uv": [8, 1, 0, 6], "texture": "#0"},
				"east": {"uv": [1, 1, 0, 6], "texture": "#0"},
				"south": {"uv": [8, 1, 0, 6], "texture": "#0"},
				"west": {"uv": [1, 1, 0, 6], "texture": "#0"},
				"up": {"uv": [8, 1, 0, 2], "texture": "#0"},
				"down": {"uv": [8, 1, 0, 2], "texture": "#0"}
			}
		}
	],
	"display": {
		"thirdperson_righthand": {
			"rotation": [75, 45, 0],
			"translation": [0, 1.5, 2.25],
			"scale": [0.375, 0.375, 0.375]
		},
		"thirdperson_lefthand": {
			"rotation": [75, 45, 0],
			"translation": [0, 1.5, 2.25],
			"scale": [0.375, 0.375, 0.375]
		},
		"firstperson_righthand": {
			"translation": [3.25, 5.5, 0]
		},
		"firstperson_lefthand": {
			"translation": [3.25, 5.5, 0]
		},
		"ground": {
			"translation": [0, 5.5, 0]
		},
		"gui": {
			"rotation": [30, 145, 0],
			"translation": [1.75, 14, 0],
			"scale": [2.03, 2.03, 2.03]
		},
		"head": {
			"translation": [0, 15.25, 0],
			"scale": [2.12, 2.12, 2.12]
		},
		"fixed": {
			"rotation": [-79.25, 0, 0],
			"translation": [0, 9, -21.5],
			"scale": [3, 3, 3]
		}
	}
}