{
	"credit": "Made with Blockbench",
	"texture_size": [64, 64],
	"textures": {
		"0": "item/banned",
		"particle": "item/banned"
	},
	"elements": [
		{
			"from": [4, 3.25, 4],
			"to": [12, 5.75, 4.5],
			"faces": {
				"north": {"uv": [0, 0, 6.125, 2], "texture": "#0"},
				"east": {"uv": [6.125, 2, 6.375, 4], "texture": "#0"},
				"south": {"uv": [0, 2, 6.125, 4], "texture": "#0"},
				"west": {"uv": [6.125, 2, 6.375, 4], "texture": "#0"},
				"up": {"uv": [0, 4, 6.125, 4.25], "texture": "#0"},
				"down": {"uv": [0, 4, 6.125, 4.25], "texture": "#0"}
			}
		}
	],
	"display": {
		"thirdperson_righthand": {
			"rotation": [75, 0, 0],
			"translation": [0.5, -2.75, 5.25]
		},
		"thirdperson_lefthand": {
			"rotation": [75, 0, 0],
			"translation": [0.5, -2.75, 5.25]
		},
		"firstperson_righthand": {
			"rotation": [0, 180, 0],
			"translation": [-9, 13, 2.75]
		},
		"firstperson_lefthand": {
			"rotation": [0, 180, 0],
			"translation": [-9, 10.5, 2.75]
		},
		"ground": {
			"translation": [0, 5.5, 0]
		},
		"gui": {
			"rotation": [0, 180, 0],
			"translation": [0, 6.75, 0],
			"scale": [1.9, 1.9, 1.9]
		},
		"head": {
			"translation": [0, 7.96, 1.5],
			"scale": [2.25, 2.25, 2.25]
		},
		"fixed": {
			"rotation": [-90, 0, 0],
			"translation": [0, 0, -17],
			"scale": [4, 4, 4]
		}
	}
}