{
	"credit": "Made with Blockbench",
	"textures": {
		"0": "item/nose_and_ears",
		"particle": "item/nose_and_ears"
	},
	"elements": [
		{
			"from": [7.5, 0, 7.50139],
			"to": [8.5, 1.75, 8.75139],
			"rotation": {"angle": 0, "axis": "y", "origin": [0, -3, 4.25139]},
			"faces": {
				"north": {"uv": [0, 0, 0, 0], "texture": "#0"},
				"east": {"uv": [4, 0, 6.5, 3.5], "texture": "#0"},
				"south": {"uv": [0, 0, 1, 1], "texture": "#0"},
				"west": {"uv": [6.5, 0, 4, 3.5], "texture": "#0"},
				"up": {"uv": [0, 0, 0, 0], "texture": "#0"},
				"down": {"uv": [0, 5, 3, 8], "texture": "#0"}
			}
		},
		{
			"from": [8.16161, 0.14017, 7.50139],
			"to": [8.66161, 0.64017, 8.75139],
			"rotation": {"angle": -45, "axis": "z", "origin": [8.41161, 0.26517, 8.12639]},
			"faces": {
				"north": {"uv": [8, 0, 9, 1], "texture": "#0"},
				"east": {"uv": [4, 4, 7, 5], "texture": "#0"},
				"south": {"uv": [8, 0, 9, 1], "texture": "#0"},
				"west": {"uv": [0, 0, 0, 0], "texture": "#0"},
				"up": {"uv": [4, 5, 7, 6], "rotation": 90, "texture": "#0"},
				"down": {"uv": [0, 0, 0, 0], "texture": "#0"}
			}
		},
		{
			"from": [7.33839, 0.14017, 7.50139],
			"to": [7.83839, 0.64017, 8.75139],
			"rotation": {"angle": 45, "axis": "z", "origin": [7.58839, 0.26517, 8.12639]},
			"faces": {
				"north": {"uv": [9, 0, 8, 1], "texture": "#0"},
				"east": {"uv": [0, 0, 0, 0], "texture": "#0"},
				"south": {"uv": [9, 0, 8, 1], "texture": "#0"},
				"west": {"uv": [7, 4, 4, 5], "texture": "#0"},
				"up": {"uv": [4, 6, 7, 5], "rotation": 90, "texture": "#0"},
				"down": {"uv": [0, 0, 0, 0], "texture": "#0"}
			}
		},
		{
			"from": [7.501, 1.29883, 7.53884],
			"to": [8.499, 2.54683, 8.53684],
			"rotation": {"angle": 45, "axis": "x", "origin": [8, 1.67283, 7.91284]},
			"faces": {
				"north": {"uv": [3, 0, 4, 2.5], "texture": "#0"},
				"east": {"uv": [2, 0, 4, 2.5], "texture": "#0"},
				"south": {"uv": [0, 0, 1, 1], "texture": "#0"},
				"west": {"uv": [4, 0, 2, 2.5], "texture": "#0"},
				"up": {"uv": [0, 0, 1, 1], "texture": "#0"},
				"down": {"uv": [0, 0, 0, 0], "texture": "#0"}
			}
		},
		{
			"from": [7.501, 0.11753, 7.17401],
			"to": [8.499, 1.61553, 7.92201],
			"rotation": {"angle": 22.5, "axis": "x", "origin": [8.25, 1.11653, 7.42301]},
			"faces": {
				"north": {"uv": [0, 0, 2, 3], "texture": "#0"},
				"east": {"uv": [0, 0, 2, 3], "texture": "#0"},
				"south": {"uv": [0, 0, 0, 0], "texture": "#0"},
				"west": {"uv": [0, 0, 2, 3], "texture": "#0"},
				"up": {"uv": [0, 0, 0, 0], "texture": "#0"},
				"down": {"uv": [0, 3, 2, 5], "texture": "#0"}
			}
		}
	],
	"display": {
		"thirdperson_righthand": {
			"rotation": [75, 45, 0],
			"translation": [0, 1, 2.5],
			"scale": [0.375, 0.375, 0.375]
		},
		"thirdperson_lefthand": {
			"rotation": [75, 45, 0],
			"translation": [0, 1, 2.5],
			"scale": [0.375, 0.375, 0.375]
		},
		"firstperson_righthand": {
			"translation": [3.25, 5.25, 0.75],
			"scale": [0.68, 0.68, 0.68]
		},
		"firstperson_lefthand": {
			"translation": [3.25, 5.25, 0.75],
			"scale": [0.68, 0.68, 0.68]
		},
		"ground": {
			"translation": [0, 5.5, 0]
		},
		"gui": {
			"rotation": [30, 145, 0],
			"translation": [-0.25, 23.5, 0],
			"scale": [4, 4, 4]
		},
		"head": {
			"translation": [0, 11.25, -7],
			"scale": [1.81, 1.81, 1.81]
		},
		"fixed": {
			"rotation": [-80, 0, 0],
			"translation": [0, 3.25, -22.75],
			"scale": [3.01, 3.01, 3.01]
		}
	},
	"groups": [
		{
			"name": "Ear",
			"origin": [12.125, 4.5, 8],
			"color": 0,
			"children": []
		},
		{
			"name": "Nose",
			"origin": [8.25, 3.11746, 3.65538],
			"color": 0,
			"children": []
		},
		{
			"name": "Ear",
			"origin": [12.125, 4.5, 8],
			"color": 0,
			"children": []
		},
		{
			"name": "Ear",
			"origin": [12.125, 4.5, 8],
			"color": 0,
			"children": []
		},
		{
			"name": "Nose",
			"origin": [8.25, 3.11746, 3.65538],
			"color": 0,
			"children": []
		},
		{
			"name": "Ear",
			"origin": [12.125, 4.5, 8],
			"color": 0,
			"children": []
		},
		{
			"name": "glasses",
			"origin": [7.65995, 4.8846, 4.375],
			"color": 0,
			"children": []
		},
		{
			"name": "glasses",
			"origin": [7.65995, 4.8846, 4.375],
			"color": 0,
			"children": []
		},
		{
			"name": "Ear",
			"origin": [12.125, 4.5, 8],
			"color": 0,
			"children": []
		},
		{
			"name": "Nose",
			"origin": [8.25, 3.11746, 3.65538],
			"color": 0,
			"children": [0, 1, 2, 3, 4]
		},
		{
			"name": "Ear",
			"origin": [12.125, 4.5, 8],
			"color": 0,
			"children": []
		},
		{
			"name": "glasses",
			"origin": [7.65995, 4.8846, 4.375],
			"color": 0,
			"children": []
		},
		{
			"name": "glasses",
			"origin": [7.65995, 4.8846, 4.375],
			"color": 0,
			"children": []
		}
	]
}