{
	"credit": "Made with Blockbench",
	"textures": {
		"0": "item/3d_glasses",
		"particle": "item/3d_glasses"
	},
	"elements": [
		{
			"from": [15.25, 2.5, 1],
			"to": [15.25, 3.5, 8],
			"rotation": {"angle": 0, "axis": "y", "origin": [14, 0, 0.25]},
			"faces": {
				"east": {"uv": [2, 0, 3, 1], "texture": "#0"},
				"west": {"uv": [2, 0, 3, 1], "texture": "#0"}
			}
		},
		{
			"from": [0.75, 2.5, 1],
			"to": [0.75, 3.5, 8],
			"rotation": {"angle": 0, "axis": "y", "origin": [2, 0, 0.25]},
			"faces": {
				"east": {"uv": [2, 0, 3, 1], "texture": "#0"},
				"west": {"uv": [2, 0, 3, 1], "texture": "#0"}
			}
		},
		{
			"from": [0.75, 2.5, 1],
			"to": [15.25, 3.5, 1],
			"rotation": {"angle": 0, "axis": "y", "origin": [16, 0, 0]},
			"faces": {
				"north": {"uv": [2, 0, 3, 1], "texture": "#0"},
				"south": {"uv": [2, 0, 3, 1], "texture": "#0"}
			}
		},
		{
			"from": [13.25, 0.75, 1],
			"to": [14.25, 2.5, 1],
			"rotation": {"angle": 0, "axis": "y", "origin": [16, 0, 0]},
			"faces": {
				"north": {"uv": [2, 0, 3, 1], "texture": "#0"},
				"south": {"uv": [2, 0, 3, 1], "texture": "#0"}
			}
		},
		{
			"from": [9.75, 0.75, 1],
			"to": [13.25, 2.5, 1],
			"rotation": {"angle": 0, "axis": "y", "origin": [16, 0, 0]},
			"faces": {
				"north": {"uv": [0, 0, 1, 1], "texture": "#0"},
				"south": {"uv": [0, 0, 1, 1], "texture": "#0"}
			}
		},
		{
			"from": [2.75, 0.75, 1],
			"to": [6.25, 2.5, 1],
			"faces": {
				"north": {"uv": [1, 0, 2, 1], "texture": "#0"},
				"south": {"uv": [1, 0, 2, 1], "texture": "#0"}
			}
		},
		{
			"from": [8.75, 0.75, 1],
			"to": [9.75, 2.5, 1],
			"rotation": {"angle": 0, "axis": "y", "origin": [16, 0, 0]},
			"faces": {
				"north": {"uv": [2, 0, 3, 1], "texture": "#0"},
				"south": {"uv": [2, 0, 3, 1], "texture": "#0"}
			}
		},
		{
			"from": [8.75, 0, 1],
			"to": [14.25, 0.75, 1],
			"rotation": {"angle": 0, "axis": "y", "origin": [16, 0, 0]},
			"faces": {
				"north": {"uv": [2, 0, 3, 1], "texture": "#0"},
				"south": {"uv": [2, 0, 3, 1], "texture": "#0"}
			}
		},
		{
			"from": [6.25, 0.75, 1],
			"to": [7.25, 2.5, 1],
			"rotation": {"angle": 0, "axis": "y", "origin": [16, 0, 0]},
			"faces": {
				"north": {"uv": [2, 0, 3, 1], "texture": "#0"},
				"south": {"uv": [2, 0, 3, 1], "texture": "#0"}
			}
		},
		{
			"from": [1.75, 0, 1],
			"to": [7.25, 0.75, 1],
			"rotation": {"angle": 0, "axis": "y", "origin": [16, 0, 0]},
			"faces": {
				"north": {"uv": [2, 0, 3, 1], "texture": "#0"},
				"south": {"uv": [2, 0, 3, 1], "texture": "#0"}
			}
		},
		{
			"from": [1.75, 0.75, 1],
			"to": [2.75, 2.5, 1],
			"rotation": {"angle": 0, "axis": "y", "origin": [16, 0, 0]},
			"faces": {
				"north": {"uv": [2, 0, 3, 1], "texture": "#0"},
				"south": {"uv": [2, 0, 3, 1], "texture": "#0"}
			}
		}
	],
	"display": {
		"thirdperson_righthand": {
			"rotation": [75, 45, 0],
			"translation": [1.5, 1.5, 2.75],
			"scale": [0.375, 0.375, 0.375]
		},
		"thirdperson_lefthand": {
			"rotation": [75, 45, 0],
			"translation": [1.5, 1.5, 2.75],
			"scale": [0.375, 0.375, 0.375]
		},
		"firstperson_righthand": {
			"translation": [0, 1.5, 0],
			"scale": [0.68, 0.68, 0.68]
		},
		"firstperson_lefthand": {
			"translation": [0, 1.5, 0],
			"scale": [0.68, 0.68, 0.68]
		},
		"ground": {
			"translation": [0, 5.5, 0]
		},
		"gui": {
			"rotation": [30, 145, 0],
			"translation": [1.75, 5.25, 0],
			"scale": [0.96, 0.96, 0.96]
		},
		"head": {
			"translation": [0, 6.25, -0.25]
		},
		"fixed": {
			"rotation": [-70, 0, 0],
			"translation": [0, 6, -6.5],
			"scale": [1.3, 1.3, 1.3]
		}
	},
	"groups": [
		{
			"name": "meme_glasses",
			"origin": [8, 8, 8],
			"color": 0,
			"children": [0, 1, 2, 3, 4, 5, 6, 7, 8, 9, 10]
		}
	]
}