{
	"credit": "Made with Blockbench",
	"textures": {
		"0": "item/nose_and_ears",
		"particle": "item/nose_and_ears"
	},
	"elements": [
		{
			"from": [3.6, 1.41846, 8.13855],
			"to": [3.975, 1.66846, 8.84555],
			"rotation": {"angle": 22.5, "axis": "x", "origin": [3.725, 1.54346, 8.49205]},
			"faces": {
				"north": {"uv": [11, 5, 12, 4], "rotation": 270, "texture": "#0"},
				"east": {"uv": [11, 5, 12, 4], "rotation": 270, "texture": "#0"},
				"south": {"uv": [16, 5, 15, 6], "texture": "#0"},
				"west": {"uv": [11, 5, 12, 4], "rotation": 270, "texture": "#0"},
				"up": {"uv": [11, 5, 12, 4], "rotation": 270, "texture": "#0"},
				"down": {"uv": [16, 5, 15, 6], "texture": "#0"}
			}
		},
		{
			"from": [3.975, 0.91221, 8.80007],
			"to": [3.975, 2.91221, 9.30007],
			"rotation": {"angle": 0, "axis": "y", "origin": [3.6, 1.91221, 8.80007]},
			"faces": {
				"north": {"uv": [0, 0, 0, 0], "texture": "#0"},
				"east": {"uv": [11, 0, 12, 4], "texture": "#0"},
				"south": {"uv": [0, 0, 0, 0], "texture": "#0"},
				"west": {"uv": [16, 5, 15, 6], "texture": "#0"},
				"up": {"uv": [0, 0, 0, 0], "texture": "#0"},
				"down": {"uv": [0, 0, 0, 0], "texture": "#0"}
			}
		},
		{
			"from": [3.975, 0.41221, 8.30007],
			"to": [3.975, 2.91221, 8.80007],
			"rotation": {"angle": 0, "axis": "y", "origin": [3.6, 1.91221, 8.80007]},
			"faces": {
				"north": {"uv": [0, 0, 0, 0], "texture": "#0"},
				"east": {"uv": [12, 0, 13, 5], "texture": "#0"},
				"south": {"uv": [0, 0, 0, 0], "texture": "#0"},
				"west": {"uv": [16, 5, 15, 6], "texture": "#0"},
				"up": {"uv": [0, 0, 0, 0], "texture": "#0"},
				"down": {"uv": [0, 0, 0, 0], "texture": "#0"}
			}
		},
		{
			"from": [3.475, 2.61932, 8.50717],
			"to": [3.975, 3.11932, 9.21367],
			"rotation": {"angle": 0, "axis": "y", "origin": [3.725, 2.86932, 8.75717]},
			"faces": {
				"north": {"uv": [14, 5, 15, 4], "texture": "#0"},
				"east": {"uv": [14, 5, 15, 4], "texture": "#0"},
				"south": {"uv": [14, 5, 15, 4], "texture": "#0"},
				"west": {"uv": [14, 5, 15, 4], "texture": "#0"},
				"up": {"uv": [14, 5, 15, 4], "texture": "#0"},
				"down": {"uv": [16, 5, 15, 6], "texture": "#0"}
			}
		},
		{
			"from": [3.475, 2.16221, 7.90362],
			"to": [3.975, 2.66221, 8.90362],
			"rotation": {"angle": -45, "axis": "x", "origin": [3.725, 2.41221, 8.15362]},
			"faces": {
				"north": {"uv": [0, 0, 0, 0], "texture": "#0"},
				"east": {"uv": [13, 3, 14, 5], "rotation": 90, "texture": "#0"},
				"south": {"uv": [0, 0, 0, 0], "texture": "#0"},
				"west": {"uv": [13, 3, 14, 5], "rotation": 90, "texture": "#0"},
				"up": {"uv": [13, 3, 14, 5], "rotation": 90, "texture": "#0"},
				"down": {"uv": [16, 5, 15, 6], "texture": "#0"}
			}
		},
		{
			"from": [3.475, 2.00304, 8.75201],
			"to": [3.975, 2.50304, 9.45901],
			"rotation": {"angle": 45, "axis": "x", "origin": [3.725, 2.25304, 9.72701]},
			"faces": {
				"north": {"uv": [14, 4, 15, 3], "rotation": 270, "texture": "#0"},
				"east": {"uv": [14, 4, 15, 3], "rotation": 270, "texture": "#0"},
				"south": {"uv": [14, 4, 15, 3], "rotation": 270, "texture": "#0"},
				"west": {"uv": [14, 4, 15, 3], "rotation": 270, "texture": "#0"},
				"up": {"uv": [14, 4, 15, 3], "rotation": 270, "texture": "#0"},
				"down": {"uv": [16, 5, 15, 6], "texture": "#0"}
			}
		},
		{
			"from": [3.475, 0.01577, 8.75717],
			"to": [3.975, 1.51577, 9.25717],
			"rotation": {"angle": 45, "axis": "x", "origin": [3.725, 0.76577, 9.00717]},
			"faces": {
				"north": {"uv": [16, 5, 15, 6], "texture": "#0"},
				"east": {"uv": [15, 0, 14, 3], "texture": "#0"},
				"south": {"uv": [15, 0, 14, 3], "texture": "#0"},
				"west": {"uv": [15, 0, 14, 3], "texture": "#0"},
				"up": {"uv": [0, 0, 0, 0], "texture": "#0"},
				"down": {"uv": [0, 0, 0, 0], "texture": "#0"}
			}
		},
		{
			"from": [3.475, 0.05866, 8.15362],
			"to": [3.975, 0.55866, 8.65362],
			"rotation": {"angle": 0, "axis": "y", "origin": [3.725, 0.30866, 8.90362]},
			"faces": {
				"north": {"uv": [16, 4, 15, 5], "rotation": 270, "texture": "#0"},
				"east": {"uv": [16, 4, 15, 5], "rotation": 270, "texture": "#0"},
				"south": {"uv": [16, 4, 15, 5], "rotation": 270, "texture": "#0"},
				"west": {"uv": [16, 4, 15, 5], "rotation": 270, "texture": "#0"},
				"up": {"uv": [16, 5, 15, 6], "texture": "#0"},
				"down": {"uv": [16, 4, 15, 5], "rotation": 270, "texture": "#0"}
			}
		},
		{
			"from": [3.475, 0.51577, 8.05007],
			"to": [3.975, 1.01577, 8.55007],
			"rotation": {"angle": 45, "axis": "x", "origin": [3.725, 0.76577, 7.80007]},
			"faces": {
				"north": {"uv": [16, 4, 15, 5], "rotation": 270, "texture": "#0"},
				"east": {"uv": [16, 4, 15, 5], "rotation": 270, "texture": "#0"},
				"south": {"uv": [16, 4, 15, 5], "rotation": 270, "texture": "#0"},
				"west": {"uv": [16, 4, 15, 5], "rotation": 270, "texture": "#0"},
				"up": {"uv": [16, 5, 15, 6], "texture": "#0"},
				"down": {"uv": [16, 4, 15, 5], "rotation": 270, "texture": "#0"}
			}
		},
		{
			"from": [3.475, 0.41221, 7.80007],
			"to": [3.975, 2.41221, 8.30007],
			"rotation": {"angle": 0, "axis": "y", "origin": [3.6, 1.91221, 8.80007]},
			"faces": {
				"north": {"uv": [15, 0, 16, 4], "texture": "#0"},
				"east": {"uv": [15, 0, 16, 4], "texture": "#0"},
				"south": {"uv": [16, 5, 15, 6], "texture": "#0"},
				"west": {"uv": [15, 0, 16, 4], "texture": "#0"},
				"up": {"uv": [0, 0, 0, 0], "texture": "#0"},
				"down": {"uv": [0, 0, 0, 0], "texture": "#0"}
			}
		},
		{
			"from": [3.475, 1.11932, 9.21428],
			"to": [3.975, 2.61932, 9.71428],
			"rotation": {"angle": 0, "axis": "y", "origin": [3.6, 2.11932, 8.71428]},
			"faces": {
				"north": {"uv": [16, 5, 15, 6], "texture": "#0"},
				"east": {"uv": [14, 0, 13, 3], "texture": "#0"},
				"south": {"uv": [14, 0, 13, 3], "texture": "#0"},
				"west": {"uv": [14, 0, 13, 3], "texture": "#0"},
				"up": {"uv": [0, 0, 0, 0], "texture": "#0"},
				"down": {"uv": [0, 0, 0, 0], "texture": "#0"}
			}
		},
		{
			"from": [12.025, 1.11932, 9.21428],
			"to": [12.525, 2.61932, 9.71428],
			"rotation": {"angle": 0, "axis": "y", "origin": [12.4, 2.11932, 8.71428]},
			"faces": {
				"north": {"uv": [15, 5, 16, 6], "texture": "#0"},
				"east": {"uv": [13, 0, 14, 3], "texture": "#0"},
				"south": {"uv": [13, 0, 14, 3], "texture": "#0"},
				"west": {"uv": [13, 0, 14, 3], "texture": "#0"},
				"up": {"uv": [0, 0, 0, 0], "texture": "#0"},
				"down": {"uv": [0, 0, 0, 0], "texture": "#0"}
			}
		},
		{
			"from": [12.025, 0.41221, 7.80007],
			"to": [12.525, 2.41221, 8.30007],
			"rotation": {"angle": 0, "axis": "y", "origin": [12.4, 1.91221, 8.80007]},
			"faces": {
				"north": {"uv": [16, 0, 15, 4], "texture": "#0"},
				"east": {"uv": [16, 0, 15, 4], "texture": "#0"},
				"south": {"uv": [15, 5, 16, 6], "texture": "#0"},
				"west": {"uv": [16, 0, 15, 4], "texture": "#0"},
				"up": {"uv": [0, 0, 0, 0], "texture": "#0"},
				"down": {"uv": [0, 0, 0, 0], "texture": "#0"}
			}
		},
		{
			"from": [12.025, 0.51577, 8.05007],
			"to": [12.525, 1.01577, 8.55007],
			"rotation": {"angle": 45, "axis": "x", "origin": [12.275, 0.76577, 7.80007]},
			"faces": {
				"north": {"uv": [16, 5, 15, 4], "rotation": 270, "texture": "#0"},
				"east": {"uv": [16, 5, 15, 4], "rotation": 270, "texture": "#0"},
				"south": {"uv": [16, 5, 15, 4], "rotation": 270, "texture": "#0"},
				"west": {"uv": [16, 5, 15, 4], "rotation": 270, "texture": "#0"},
				"up": {"uv": [15, 5, 16, 6], "texture": "#0"},
				"down": {"uv": [16, 5, 15, 4], "rotation": 270, "texture": "#0"}
			}
		},
		{
			"from": [12.025, 0.05866, 8.15362],
			"to": [12.525, 0.55866, 8.65362],
			"rotation": {"angle": 0, "axis": "y", "origin": [12.275, 0.30866, 8.90362]},
			"faces": {
				"north": {"uv": [16, 5, 15, 4], "rotation": 270, "texture": "#0"},
				"east": {"uv": [16, 5, 15, 4], "rotation": 270, "texture": "#0"},
				"south": {"uv": [16, 5, 15, 4], "rotation": 270, "texture": "#0"},
				"west": {"uv": [16, 5, 15, 4], "rotation": 270, "texture": "#0"},
				"up": {"uv": [15, 5, 16, 6], "texture": "#0"},
				"down": {"uv": [16, 5, 15, 4], "rotation": 270, "texture": "#0"}
			}
		},
		{
			"from": [12.025, 0.01577, 8.75717],
			"to": [12.525, 1.51577, 9.25717],
			"rotation": {"angle": 45, "axis": "x", "origin": [12.275, 0.76577, 9.00717]},
			"faces": {
				"north": {"uv": [15, 5, 16, 6], "texture": "#0"},
				"east": {"uv": [14, 0, 15, 3], "texture": "#0"},
				"south": {"uv": [14, 0, 15, 3], "texture": "#0"},
				"west": {"uv": [14, 0, 15, 3], "texture": "#0"},
				"up": {"uv": [0, 0, 0, 0], "texture": "#0"},
				"down": {"uv": [0, 0, 0, 0], "texture": "#0"}
			}
		},
		{
			"from": [12.025, 2.00304, 8.75201],
			"to": [12.525, 2.50304, 9.45901],
			"rotation": {"angle": 45, "axis": "x", "origin": [12.275, 2.25304, 9.72701]},
			"faces": {
				"north": {"uv": [14, 3, 15, 4], "rotation": 270, "texture": "#0"},
				"east": {"uv": [14, 3, 15, 4], "rotation": 270, "texture": "#0"},
				"south": {"uv": [14, 3, 15, 4], "rotation": 270, "texture": "#0"},
				"west": {"uv": [14, 3, 15, 4], "rotation": 270, "texture": "#0"},
				"up": {"uv": [14, 3, 15, 4], "rotation": 270, "texture": "#0"},
				"down": {"uv": [15, 5, 16, 6], "texture": "#0"}
			}
		},
		{
			"from": [12.025, 2.16221, 7.90362],
			"to": [12.525, 2.66221, 8.90362],
			"rotation": {"angle": -45, "axis": "x", "origin": [12.275, 2.41221, 8.15362]},
			"faces": {
				"north": {"uv": [0, 0, 0, 0], "texture": "#0"},
				"east": {"uv": [13, 5, 14, 3], "rotation": 90, "texture": "#0"},
				"south": {"uv": [0, 0, 0, 0], "texture": "#0"},
				"west": {"uv": [13, 5, 14, 3], "rotation": 90, "texture": "#0"},
				"up": {"uv": [13, 5, 14, 3], "rotation": 90, "texture": "#0"},
				"down": {"uv": [15, 5, 16, 6], "texture": "#0"}
			}
		},
		{
			"from": [12.025, 2.61932, 8.50717],
			"to": [12.525, 3.11932, 9.21367],
			"rotation": {"angle": 0, "axis": "y", "origin": [12.275, 2.86932, 8.75717]},
			"faces": {
				"north": {"uv": [15, 5, 14, 4], "texture": "#0"},
				"east": {"uv": [15, 5, 14, 4], "texture": "#0"},
				"south": {"uv": [15, 5, 14, 4], "texture": "#0"},
				"west": {"uv": [15, 5, 14, 4], "texture": "#0"},
				"up": {"uv": [15, 5, 14, 4], "texture": "#0"},
				"down": {"uv": [15, 5, 16, 6], "texture": "#0"}
			}
		},
		{
			"from": [12.025, 0.41221, 8.30007],
			"to": [12.025, 2.91221, 8.80007],
			"rotation": {"angle": 0, "axis": "y", "origin": [12.4, 1.91221, 8.80007]},
			"faces": {
				"north": {"uv": [0, 0, 0, 0], "texture": "#0"},
				"east": {"uv": [15, 5, 16, 6], "texture": "#0"},
				"south": {"uv": [0, 0, 0, 0], "texture": "#0"},
				"west": {"uv": [13, 0, 12, 5], "texture": "#0"},
				"up": {"uv": [0, 0, 0, 0], "texture": "#0"},
				"down": {"uv": [0, 0, 0, 0], "texture": "#0"}
			}
		},
		{
			"from": [12.025, 0.91221, 8.80007],
			"to": [12.025, 2.91221, 9.30007],
			"rotation": {"angle": 0, "axis": "y", "origin": [12.4, 1.91221, 8.80007]},
			"faces": {
				"north": {"uv": [0, 0, 0, 0], "texture": "#0"},
				"east": {"uv": [15, 5, 16, 6], "texture": "#0"},
				"south": {"uv": [0, 0, 0, 0], "texture": "#0"},
				"west": {"uv": [12, 0, 11, 4], "texture": "#0"},
				"up": {"uv": [0, 0, 0, 0], "texture": "#0"},
				"down": {"uv": [0, 0, 0, 0], "texture": "#0"}
			}
		},
		{
			"from": [12.025, 1.41846, 8.13855],
			"to": [12.4, 1.66846, 8.84555],
			"rotation": {"angle": 22.5, "axis": "x", "origin": [12.275, 1.54346, 8.49205]},
			"faces": {
				"north": {"uv": [11, 4, 12, 5], "rotation": 270, "texture": "#0"},
				"east": {"uv": [11, 4, 12, 5], "rotation": 270, "texture": "#0"},
				"south": {"uv": [15, 5, 16, 6], "texture": "#0"},
				"west": {"uv": [11, 4, 12, 5], "rotation": 270, "texture": "#0"},
				"up": {"uv": [11, 4, 12, 5], "rotation": 270, "texture": "#0"},
				"down": {"uv": [15, 5, 16, 6], "texture": "#0"}
			}
		},
		{
			"from": [7.5, 0, 4.44168],
			"to": [8.5, 1.75, 5.69168],
			"rotation": {"angle": 0, "axis": "y", "origin": [0, -3, 1.19168]},
			"faces": {
				"north": {"uv": [0, 0, 0, 0], "texture": "#0"},
				"east": {"uv": [4, 0, 6.5, 3.5], "texture": "#0"},
				"south": {"uv": [0, 0, 1, 1], "texture": "#0"},
				"west": {"uv": [6.5, 0, 4, 3.5], "texture": "#0"},
				"up": {"uv": [0, 0, 0, 0], "texture": "#0"},
				"down": {"uv": [0, 5, 3, 8], "texture": "#0"}
			}
		},
		{
			"from": [8.16161, 0.14017, 4.44168],
			"to": [8.66161, 0.64017, 5.69168],
			"rotation": {"angle": -45, "axis": "z", "origin": [8.41161, 0.26517, 5.06668]},
			"faces": {
				"north": {"uv": [8, 0, 9, 1], "texture": "#0"},
				"east": {"uv": [4, 4, 7, 5], "texture": "#0"},
				"south": {"uv": [8, 0, 9, 1], "texture": "#0"},
				"west": {"uv": [0, 0, 0, 0], "texture": "#0"},
				"up": {"uv": [4, 5, 7, 6], "rotation": 90, "texture": "#0"},
				"down": {"uv": [0, 0, 0, 0], "texture": "#0"}
			}
		},
		{
			"from": [7.33839, 0.14017, 4.44168],
			"to": [7.83839, 0.64017, 5.69168],
			"rotation": {"angle": 45, "axis": "z", "origin": [7.58839, 0.26517, 5.06668]},
			"faces": {
				"north": {"uv": [9, 0, 8, 1], "texture": "#0"},
				"east": {"uv": [0, 0, 0, 0], "texture": "#0"},
				"south": {"uv": [9, 0, 8, 1], "texture": "#0"},
				"west": {"uv": [7, 4, 4, 5], "texture": "#0"},
				"up": {"uv": [4, 6, 7, 5], "rotation": 90, "texture": "#0"},
				"down": {"uv": [0, 0, 0, 0], "texture": "#0"}
			}
		},
		{
			"from": [7.501, 1.29883, 4.47913],
			"to": [8.499, 2.54683, 5.47713],
			"rotation": {"angle": 45, "axis": "x", "origin": [8, 1.67283, 4.85313]},
			"faces": {
				"north": {"uv": [3, 0, 4, 2.5], "texture": "#0"},
				"east": {"uv": [2, 0, 4, 2.5], "texture": "#0"},
				"south": {"uv": [0, 0, 1, 1], "texture": "#0"},
				"west": {"uv": [4, 0, 2, 2.5], "texture": "#0"},
				"up": {"uv": [0, 0, 1, 1], "texture": "#0"},
				"down": {"uv": [0, 0, 0, 0], "texture": "#0"}
			}
		},
		{
			"from": [7.501, 0.11753, 4.1143],
			"to": [8.499, 1.61553, 4.8623],
			"rotation": {"angle": 22.5, "axis": "x", "origin": [8.25, 1.11653, 4.3633]},
			"faces": {
				"north": {"uv": [0, 0, 2, 3], "texture": "#0"},
				"east": {"uv": [0, 0, 2, 3], "texture": "#0"},
				"south": {"uv": [0, 0, 0, 0], "texture": "#0"},
				"west": {"uv": [0, 0, 2, 3], "texture": "#0"},
				"up": {"uv": [0, 0, 0, 0], "texture": "#0"},
				"down": {"uv": [0, 3, 2, 5], "texture": "#0"}
			}
		}
	],
	"display": {
		"thirdperson_righthand": {
			"rotation": [75, 45, 0],
			"translation": [0, 1.5, 1.5],
			"scale": [0.375, 0.375, 0.375]
		},
		"thirdperson_lefthand": {
			"rotation": [75, 45, 0],
			"translation": [0, 1.5, 1.5],
			"scale": [0.375, 0.375, 0.375]
		},
		"firstperson_righthand": {
			"translation": [3.25, 5.25, 0.75],
			"scale": [0.68, 0.68, 0.68]
		},
		"firstperson_lefthand": {
			"translation": [3.25, 5.25, 0.75],
			"scale": [0.68, 0.68, 0.68]
		},
		"ground": {
			"translation": [0, 5.5, 0]
		},
		"gui": {
			"rotation": [30, 145, 0],
			"translation": [-0.25, 7.75, 0],
			"scale": [1.45, 1.45, 1.45]
		},
		"head": {
			"translation": [0, 11.25, -1.25],
			"scale": [1.81, 1.81, 1.81]
		},
		"fixed": {
			"rotation": [-90, 0, 0],
			"translation": [0, 1, -17.5],
			"scale": [2.21, 2.21, 2.21]
		}
	},
	"groups": [
		{
			"name": "Ear",
			"origin": [12.125, 4.5, 8],
			"color": 0,
			"children": []
		},
		{
			"name": "Nose",
			"origin": [8.25, 3.11746, 3.65538],
			"color": 0,
			"children": []
		},
		{
			"name": "Ear",
			"origin": [12.125, 4.5, 8],
			"color": 0,
			"children": []
		},
		{
			"name": "glasses",
			"origin": [7.65995, 4.8846, 4.375],
			"color": 0,
			"children": []
		},
		{
			"name": "glasses",
			"origin": [7.65995, 4.8846, 4.375],
			"color": 0,
			"children": []
		},
		{
			"name": "Ear",
			"origin": [12.125, 4.5, 8],
			"color": 0,
			"children": [0, 1, 2, 3, 4, 5, 6, 7, 8, 9, 10, 11, 12, 13, 14, 15, 16, 17, 18, 19, 20, 21]
		},
		{
			"name": "Nose",
			"origin": [8.25, 3.11746, 3.65538],
			"color": 0,
			"children": [22, 23, 24, 25, 26]
		},
		{
			"name": "Ear",
			"origin": [12.125, 4.5, 8],
			"color": 0,
			"children": []
		},
		{
			"name": "glasses",
			"origin": [7.65995, 4.8846, 4.375],
			"color": 0,
			"children": []
		},
		{
			"name": "glasses",
			"origin": [7.65995, 4.8846, 4.375],
			"color": 0,
			"children": []
		}
	]
}