{
	"credit": "Made with Blockbench",
	"texture_size": [64, 64],
	"textures": {
		"0": "item/scuba_maskblue",
		"particle": "item/scuba_maskblue"
	},
	"elements": [
		{
			"from": [10.751, 2.001, 3.501],
			"to": [11.749, 5.999, 4.499],
			"faces": {
				"north": {"uv": [0, 0.75, 0.5, 2.75], "texture": "#0"},
				"east": {"uv": [0.5, 0.75, 0, 2.75], "texture": "#0"},
				"south": {"uv": [0, 0.75, 0.5, 2.75], "texture": "#0"},
				"west": {"uv": [0.5, 0.75, 0, 2.75], "texture": "#0"},
				"up": {"uv": [0.5, 0.75, 1, 1.25], "texture": "#0"},
				"down": {"uv": [0, 0.75, 0.5, 1.25], "texture": "#0"}
			}
		},
		{
			"from": [4.251, 2.001, 3.501],
			"to": [5.249, 5.999, 4.499],
			"rotation": {"angle": 0, "axis": "y", "origin": [16, 0, 0]},
			"faces": {
				"north": {"uv": [0.5, 0.75, 0, 2.75], "texture": "#0"},
				"east": {"uv": [0, 0.75, 0.5, 2.75], "texture": "#0"},
				"south": {"uv": [0.5, 0.75, 0, 2.75], "texture": "#0"},
				"west": {"uv": [0, 0.75, 0.5, 2.75], "texture": "#0"},
				"up": {"uv": [1, 0.75, 0.5, 1.25], "texture": "#0"},
				"down": {"uv": [0.5, 0.75, 0, 1.25], "texture": "#0"}
			}
		},
		{
			"from": [11.751, 3.251, 4.001],
			"to": [11.999, 4.749, 11.999],
			"faces": {
				"north": {"uv": [0, 0, 4.5, 0.75], "texture": "#0"},
				"east": {"uv": [0, 0, 4.5, 0.75], "texture": "#0"},
				"south": {"uv": [0, 0, 0.25, 0.75], "texture": "#0"},
				"west": {"uv": [0, 0, 4.5, 0.75], "texture": "#0"},
				"up": {"uv": [0, 0, 4.5, 0.25], "texture": "#0"},
				"down": {"uv": [0, 0.5, 4.5, 0.75], "texture": "#0"}
			}
		},
		{
			"from": [4.001, 3.251, 4.001],
			"to": [4.249, 4.749, 11.999],
			"faces": {
				"north": {"uv": [0, 0, 4.5, 0.75], "texture": "#0"},
				"east": {"uv": [0, 0, 4.5, 0.75], "texture": "#0"},
				"south": {"uv": [0, 0, 0.25, 0.75], "texture": "#0"},
				"west": {"uv": [0, 0, 4.5, 0.75], "texture": "#0"},
				"up": {"uv": [0, 0, 4.5, 0.25], "texture": "#0"},
				"down": {"uv": [0, 0.5, 4.5, 0.75], "texture": "#0"}
			}
		},
		{
			"from": [4.251, 3.251, 11.751],
			"to": [11.749, 4.749, 11.999],
			"rotation": {"angle": 0, "axis": "y", "origin": [15.5, 0, 7.75]},
			"faces": {
				"north": {"uv": [0, 0, 4.5, 0.75], "texture": "#0"},
				"east": {"uv": [0, 0, 4.5, 0.75], "texture": "#0"},
				"south": {"uv": [0, 0, 4.5, 0.75], "texture": "#0"},
				"west": {"uv": [0, 0, 0.25, 0.75], "texture": "#0"},
				"up": {"uv": [0, 0, 4.5, 0.25], "rotation": 90, "texture": "#0"},
				"down": {"uv": [0, 0.5, 4.5, 0.75], "rotation": 270, "texture": "#0"}
			}
		},
		{
			"from": [4.75, 1.5, 3.5],
			"to": [11.25, 2.5, 4.5],
			"faces": {
				"north": {"uv": [0.5, 0.75, 0, 3.75], "rotation": 90, "texture": "#0"},
				"east": {"uv": [1, 0.75, 0.5, 1.25], "texture": "#0"},
				"south": {"uv": [0, 0.75, 0.5, 3.75], "rotation": 90, "texture": "#0"},
				"west": {"uv": [0.5, 0.75, 1, 1.25], "texture": "#0"},
				"up": {"uv": [0.5, 0.75, 0, 3.75], "rotation": 90, "texture": "#0"},
				"down": {"uv": [0.5, 0.75, 0, 3.75], "rotation": 90, "texture": "#0"}
			}
		},
		{
			"from": [4.75, 5.5, 3.5],
			"to": [11.25, 6.5, 4.5],
			"rotation": {"angle": 0, "axis": "y", "origin": [0, 16, 0]},
			"faces": {
				"north": {"uv": [0, 0.75, 0.5, 3.75], "rotation": 90, "texture": "#0"},
				"east": {"uv": [1, 1.25, 0.5, 0.75], "texture": "#0"},
				"south": {"uv": [0.5, 0.75, 0, 3.75], "rotation": 90, "texture": "#0"},
				"west": {"uv": [0.5, 1.25, 1, 0.75], "texture": "#0"},
				"up": {"uv": [0, 0.75, 0.5, 3.75], "rotation": 90, "texture": "#0"},
				"down": {"uv": [0, 0.75, 0.5, 3.75], "rotation": 90, "texture": "#0"}
			}
		},
		{
			"from": [3.25, 2, 1.75],
			"to": [4.25, 12.5, 2.75],
			"rotation": {"angle": 22.5, "axis": "x", "origin": [0, 0, -0.25]},
			"faces": {
				"north": {"uv": [4.5, 0, 9.5, 0.5], "rotation": 90, "texture": "#0"},
				"east": {"uv": [4.5, 0.5, 9.5, 0], "rotation": 90, "texture": "#0"},
				"south": {"uv": [4.5, 0, 9.5, 0.5], "rotation": 90, "texture": "#0"},
				"west": {"uv": [4.5, 0.5, 9.5, 0], "rotation": 90, "texture": "#0"},
				"up": {"uv": [6, 0.5, 6.5, 1], "rotation": 90, "texture": "#0"},
				"down": {"uv": [4.5, 0, 5, 0.5], "rotation": 90, "texture": "#0"}
			}
		},
		{
			"from": [3.75, 1.5, 1.75],
			"to": [6.75, 2.5, 2.75],
			"rotation": {"angle": 22.5, "axis": "x", "origin": [0, 0, -0.25]},
			"faces": {
				"north": {"uv": [4.5, 0.5, 6, 1], "texture": "#0"},
				"east": {"uv": [4.5, 0.5, 5, 1], "texture": "#0"},
				"south": {"uv": [6, 1, 4.5, 0.5], "texture": "#0"},
				"west": {"uv": [4.5, 0, 5, 0.5], "texture": "#0"},
				"up": {"uv": [6, 0.5, 4.5, 1], "texture": "#0"},
				"down": {"uv": [6, 0.5, 4.5, 1], "texture": "#0"}
			}
		}
	],
	"display": {
		"thirdperson_righthand": {
			"rotation": [75, 45, 0],
			"translation": [0, 0.75, 1],
			"scale": [0.375, 0.375, 0.375]
		},
		"thirdperson_lefthand": {
			"rotation": [75, 45, 0],
			"translation": [0, 0.75, 1],
			"scale": [0.375, 0.375, 0.375]
		},
		"firstperson_righthand": {
			"translation": [0, 2.75, 0.75],
			"scale": [0.68, 0.68, 0.68]
		},
		"firstperson_lefthand": {
			"translation": [0, 2.75, 0.75],
			"scale": [0.68, 0.68, 0.68]
		},
		"ground": {
			"translation": [0, 5.5, 0]
		},
		"gui": {
			"rotation": [30, 145, 0],
			"translation": [0, 6, 0],
			"scale": [1.31, 1.31, 1.31]
		},
		"head": {
			"translation": [0, 7, 0],
			"scale": [1.75, 1.75, 1.75]
		},
		"fixed": {
			"rotation": [-70, 0, 0],
			"translation": [0, 5, -10.75],
			"scale": [1.91, 1.91, 1.91]
		}
	}
}