{
	"credit": "Made with Blockbench",
	"texture_size": [64, 64],
	"textures": {
		"0": "item/portal_turret",
		"particle": "item/portal_turret"
	},
	"elements": [
		{
			"from": [7.751, 15.101, 4.501],
			"to": [8.249, 15.599, 10.499],
			"rotation": {"angle": -45, "axis": "z", "origin": [8, 13.1, 7.5]},
			"faces": {
				"north": {"uv": [1, 10.75, 1.125, 10.875], "texture": "#0"},
				"east": {"uv": [9, 0.5, 10.5, 0.625], "texture": "#0"},
				"south": {"uv": [10.75, 1, 10.875, 1.125], "texture": "#0"},
				"west": {"uv": [9, 0.75, 10.5, 0.875], "texture": "#0"},
				"up": {"uv": [0.625, 10.5, 0.5, 9], "texture": "#0"},
				"down": {"uv": [0.875, 9, 0.75, 10.5], "texture": "#0"}
			}
		},
		{
			"from": [6.501, 14.601, 4.501],
			"to": [9.499, 15.099, 10.499],
			"rotation": {"angle": -45, "axis": "z", "origin": [8, 13.1, 7.5]},
			"faces": {
				"north": {"uv": [10, 7.25, 10.75, 7.375], "texture": "#0"},
				"east": {"uv": [9, 1, 10.5, 1.125], "texture": "#0"},
				"south": {"uv": [10, 7.5, 10.75, 7.625], "texture": "#0"},
				"west": {"uv": [9, 1.25, 10.5, 1.375], "texture": "#0"},
				"up": {"uv": [5.25, 6, 4.5, 4.5], "texture": "#0"},
				"down": {"uv": [0.75, 5, 0, 6.5], "texture": "#0"}
			}
		},
		{
			"from": [6.001, 12.101, 4.501],
			"to": [6.499, 14.099, 10.499],
			"rotation": {"angle": -45, "axis": "z", "origin": [8, 13.1, 7.5]},
			"faces": {
				"north": {"uv": [8.5, 10, 8.625, 10.5], "texture": "#0"},
				"east": {"uv": [4.5, 6, 6, 6.5], "texture": "#0"},
				"south": {"uv": [7.25, 10.25, 7.375, 10.75], "texture": "#0"},
				"west": {"uv": [6, 5.25, 7.5, 5.75], "texture": "#0"},
				"up": {"uv": [1.125, 10.5, 1, 9], "texture": "#0"},
				"down": {"uv": [1.375, 9, 1.25, 10.5], "texture": "#0"}
			}
		},
		{
			"from": [5.501, 12.851, 4.501],
			"to": [5.999, 13.349, 10.499],
			"rotation": {"angle": -45, "axis": "z", "origin": [8, 13.1, 7.5]},
			"faces": {
				"north": {"uv": [1.25, 10.75, 1.375, 10.875], "texture": "#0"},
				"east": {"uv": [9, 2, 10.5, 2.125], "texture": "#0"},
				"south": {"uv": [10.75, 1.25, 10.875, 1.375], "texture": "#0"},
				"west": {"uv": [9, 2.25, 10.5, 2.375], "texture": "#0"},
				"up": {"uv": [1.625, 10.5, 1.5, 9], "texture": "#0"},
				"down": {"uv": [2.375, 9, 2.25, 10.5], "texture": "#0"}
			}
		},
		{
			"from": [6.501, 11.101, 4.501],
			"to": [9.499, 11.599, 10.499],
			"rotation": {"angle": -45, "axis": "z", "origin": [8, 13.1, 7.5]},
			"faces": {
				"north": {"uv": [10, 7.75, 10.75, 7.875], "texture": "#0"},
				"east": {"uv": [9, 2.5, 10.5, 2.625], "texture": "#0"},
				"south": {"uv": [10, 8.25, 10.75, 8.375], "texture": "#0"},
				"west": {"uv": [9, 2.75, 10.5, 2.875], "texture": "#0"},
				"up": {"uv": [5.75, 1.5, 5, 0], "texture": "#0"},
				"down": {"uv": [1.5, 5, 0.75, 6.5], "texture": "#0"}
			}
		},
		{
			"from": [7.751, 10.601, 4.501],
			"to": [8.249, 11.099, 10.499],
			"rotation": {"angle": -45, "axis": "z", "origin": [8, 13.1, 7.5]},
			"faces": {
				"north": {"uv": [1.5, 10.75, 1.625, 10.875], "texture": "#0"},
				"east": {"uv": [9, 3, 10.5, 3.125], "texture": "#0"},
				"south": {"uv": [10.75, 1.5, 10.875, 1.625], "texture": "#0"},
				"west": {"uv": [9, 3.25, 10.5, 3.375], "texture": "#0"},
				"up": {"uv": [2.625, 10.5, 2.5, 9], "texture": "#0"},
				"down": {"uv": [2.875, 9, 2.75, 10.5], "texture": "#0"}
			}
		},
		{
			"from": [9.501, 12.101, 4.501],
			"to": [9.999, 14.099, 10.499],
			"rotation": {"angle": -45, "axis": "z", "origin": [8, 13.1, 7.5]},
			"faces": {
				"north": {"uv": [7.5, 10.25, 7.625, 10.75], "texture": "#0"},
				"east": {"uv": [6, 5.75, 7.5, 6.25], "texture": "#0"},
				"south": {"uv": [7.75, 10.25, 7.875, 10.75], "texture": "#0"},
				"west": {"uv": [6.25, 1.5, 7.75, 2], "texture": "#0"},
				"up": {"uv": [4.625, 10.5, 4.5, 9], "texture": "#0"},
				"down": {"uv": [9.125, 5.5, 9, 7], "texture": "#0"}
			}
		},
		{
			"from": [10.001, 12.851, 4.501],
			"to": [10.499, 13.349, 10.499],
			"rotation": {"angle": -45, "axis": "z", "origin": [8, 13.1, 7.5]},
			"faces": {
				"north": {"uv": [1.75, 10.75, 1.875, 10.875], "texture": "#0"},
				"east": {"uv": [9, 3.5, 10.5, 3.625], "texture": "#0"},
				"south": {"uv": [10.75, 1.75, 10.875, 1.875], "texture": "#0"},
				"west": {"uv": [9, 3.75, 10.5, 3.875], "texture": "#0"},
				"up": {"uv": [9.125, 8.5, 9, 7], "texture": "#0"},
				"down": {"uv": [8.375, 9, 8.25, 10.5], "texture": "#0"}
			}
		},
		{
			"from": [5.5, 8.1, 4.5],
			"to": [6.5, 18.1, 10.5],
			"rotation": {"angle": 0, "axis": "y", "origin": [-1.5, 2.1, 6.5]},
			"faces": {
				"north": {"uv": [2.25, 6.5, 2.5, 9], "texture": "#0"},
				"east": {"uv": [0, 0, 1.5, 2.5], "texture": "#0"},
				"south": {"uv": [2.5, 6.5, 2.75, 9], "texture": "#0"},
				"west": {"uv": [1.5, 0, 3, 2.5], "texture": "#0"},
				"up": {"uv": [4.25, 9.75, 4, 8.25], "texture": "#0"},
				"down": {"uv": [4.5, 8.25, 4.25, 9.75], "texture": "#0"}
			}
		},
		{
			"from": [6.5, 14.6, 4.5],
			"to": [9.5, 18.1, 10.5],
			"rotation": {"angle": 0, "axis": "y", "origin": [-1.5, 2.1, 6.5]},
			"faces": {
				"north": {"uv": [0, 6.5, 0.75, 7.375], "texture": "#0"},
				"east": {"uv": [4, 1.5, 5.5, 2.375], "texture": "#0"},
				"south": {"uv": [6.5, 0, 7.25, 0.875], "texture": "#0"},
				"west": {"uv": [4, 2.5, 5.5, 3.375], "texture": "#0"},
				"up": {"uv": [2.25, 6.5, 1.5, 5], "texture": "#0"},
				"down": {"uv": [3, 5, 2.25, 6.5], "texture": "#0"}
			}
		},
		{
			"from": [6.5, 11.6, 5],
			"to": [9.5, 14.6, 10.5],
			"rotation": {"angle": 0, "axis": "y", "origin": [-1.5, 2.1, 6.5]},
			"faces": {
				"north": {"uv": [7.25, 0.75, 8, 1.5], "texture": "#0"},
				"east": {"uv": [3, 5.5, 4.375, 6.25], "texture": "#0"},
				"south": {"uv": [3, 7.25, 3.75, 8], "texture": "#0"},
				"west": {"uv": [5.5, 3, 6.875, 3.75], "texture": "#0"},
				"up": {"uv": [6.5, 1.375, 5.75, 0], "texture": "#0"},
				"down": {"uv": [6.75, 3.75, 6, 5.125], "texture": "#0"}
			}
		},
		{
			"from": [7.251, 12.851, 4.751],
			"to": [8.749, 13.349, 5.249],
			"rotation": {"angle": 0, "axis": "y", "origin": [-1.5, 2.1, 6.5]},
			"faces": {
				"north": {"uv": [8, 10.5, 8.375, 10.625], "texture": "#0"},
				"east": {"uv": [2, 10.75, 2.125, 10.875], "texture": "#0"},
				"south": {"uv": [10.5, 8, 10.875, 8.125], "texture": "#0"},
				"west": {"uv": [10.75, 2, 10.875, 2.125], "texture": "#0"},
				"up": {"uv": [8.875, 10.625, 8.5, 10.5], "texture": "#0"},
				"down": {"uv": [10.875, 8.5, 10.5, 8.625], "texture": "#0"}
			}
		},
		{
			"from": [7.75, 13.35, 4.75],
			"to": [8.25, 13.85, 5.25],
			"rotation": {"angle": 0, "axis": "y", "origin": [-1.5, 2.1, 6.5]},
			"faces": {
				"north": {"uv": [2.25, 10.75, 2.375, 10.875], "texture": "#0"},
				"east": {"uv": [10.75, 2.25, 10.875, 2.375], "texture": "#0"},
				"south": {"uv": [2.5, 10.75, 2.625, 10.875], "texture": "#0"},
				"west": {"uv": [10.75, 2.5, 10.875, 2.625], "texture": "#0"},
				"up": {"uv": [2.875, 10.875, 2.75, 10.75], "texture": "#0"},
				"down": {"uv": [10.875, 2.75, 10.75, 2.875], "texture": "#0"}
			}
		},
		{
			"from": [7.75, 12.35, 4.75],
			"to": [8.25, 12.85, 5.25],
			"rotation": {"angle": 0, "axis": "y", "origin": [-1.5, 2.1, 6.5]},
			"faces": {
				"north": {"uv": [3, 10.75, 3.125, 10.875], "texture": "#0"},
				"east": {"uv": [10.75, 3, 10.875, 3.125], "texture": "#0"},
				"south": {"uv": [3.25, 10.75, 3.375, 10.875], "texture": "#0"},
				"west": {"uv": [10.75, 3.25, 10.875, 3.375], "texture": "#0"},
				"up": {"uv": [3.625, 10.875, 3.5, 10.75], "texture": "#0"},
				"down": {"uv": [10.875, 3.5, 10.75, 3.625], "texture": "#0"}
			}
		},
		{
			"from": [7.67782, 13.31716, 4.75],
			"to": [8.37782, 13.81716, 5.25],
			"rotation": {"angle": 45, "axis": "z", "origin": [8.02782, 13.06716, 5]},
			"faces": {
				"north": {"uv": [3.75, 10.75, 3.875, 10.875], "texture": "#0"},
				"east": {"uv": [10.75, 3.75, 10.875, 3.875], "texture": "#0"},
				"south": {"uv": [4, 10.75, 4.125, 10.875], "texture": "#0"},
				"west": {"uv": [10.75, 4, 10.875, 4.125], "texture": "#0"},
				"up": {"uv": [4.375, 10.875, 4.25, 10.75], "texture": "#0"},
				"down": {"uv": [10.875, 4.25, 10.75, 4.375], "texture": "#0"}
			}
		},
		{
			"from": [7.61716, 12.37782, 4.75],
			"to": [8.31716, 12.87782, 5.25],
			"rotation": {"angle": 45, "axis": "z", "origin": [7.96716, 13.12782, 5]},
			"faces": {
				"north": {"uv": [4.5, 10.75, 4.625, 10.875], "texture": "#0"},
				"east": {"uv": [10.75, 4.5, 10.875, 4.625], "texture": "#0"},
				"south": {"uv": [10.75, 4.75, 10.875, 4.875], "texture": "#0"},
				"west": {"uv": [10.75, 5, 10.875, 5.125], "texture": "#0"},
				"up": {"uv": [10.875, 5.375, 10.75, 5.25], "texture": "#0"},
				"down": {"uv": [5.875, 10.75, 5.75, 10.875], "texture": "#0"}
			}
		},
		{
			"from": [7.27782, 12.78284, 4.75],
			"to": [7.77782, 13.48284, 5.25],
			"rotation": {"angle": 45, "axis": "z", "origin": [8.02782, 13.13284, 5]},
			"faces": {
				"north": {"uv": [6, 10.75, 6.125, 10.875], "texture": "#0"},
				"east": {"uv": [6.25, 10.75, 6.375, 10.875], "texture": "#0"},
				"south": {"uv": [6.5, 10.75, 6.625, 10.875], "texture": "#0"},
				"west": {"uv": [6.75, 10.75, 6.875, 10.875], "texture": "#0"},
				"up": {"uv": [7.125, 10.875, 7, 10.75], "texture": "#0"},
				"down": {"uv": [7.375, 10.75, 7.25, 10.875], "texture": "#0"}
			}
		},
		{
			"from": [8.21716, 12.72218, 4.75],
			"to": [8.71716, 13.42218, 5.25],
			"rotation": {"angle": 45, "axis": "z", "origin": [7.96716, 13.07218, 5]},
			"faces": {
				"north": {"uv": [10.75, 7.25, 10.875, 7.375], "texture": "#0"},
				"east": {"uv": [7.5, 10.75, 7.625, 10.875], "texture": "#0"},
				"south": {"uv": [10.75, 7.5, 10.875, 7.625], "texture": "#0"},
				"west": {"uv": [7.75, 10.75, 7.875, 10.875], "texture": "#0"},
				"up": {"uv": [10.875, 7.875, 10.75, 7.75], "texture": "#0"},
				"down": {"uv": [8.125, 10.75, 8, 10.875], "texture": "#0"}
			}
		},
		{
			"from": [6.5, 8.1, 4.5],
			"to": [9.5, 11.6, 10.5],
			"rotation": {"angle": 0, "axis": "y", "origin": [-1.5, 2.1, 6.5]},
			"faces": {
				"north": {"uv": [0.75, 6.5, 1.5, 7.375], "texture": "#0"},
				"east": {"uv": [4, 3.5, 5.5, 4.375], "texture": "#0"},
				"south": {"uv": [1.5, 6.5, 2.25, 7.375], "texture": "#0"},
				"west": {"uv": [3, 4.5, 4.5, 5.375], "texture": "#0"},
				"up": {"uv": [6, 6, 5.25, 4.5], "texture": "#0"},
				"down": {"uv": [6.25, 1.5, 5.5, 3], "texture": "#0"}
			}
		},
		{
			"from": [9.5, 8.1, 4.5],
			"to": [10.5, 18.1, 10.5],
			"rotation": {"angle": 0, "axis": "y", "origin": [-1.5, 2.1, 6.5]},
			"faces": {
				"north": {"uv": [2.75, 6.5, 3, 9], "texture": "#0"},
				"east": {"uv": [0, 2.5, 1.5, 5], "texture": "#0"},
				"south": {"uv": [4.5, 6.5, 4.75, 9], "texture": "#0"},
				"west": {"uv": [1.5, 2.5, 3, 5], "texture": "#0"},
				"up": {"uv": [6, 9.75, 5.75, 8.25], "texture": "#0"},
				"down": {"uv": [6.25, 8.25, 6, 9.75], "texture": "#0"}
			}
		},
		{
			"from": [1.5, 10.1, 5.5],
			"to": [2.5, 16.1, 9.5],
			"rotation": {"angle": 0, "axis": "y", "origin": [-1.5, 0.1, 6.5]},
			"faces": {
				"north": {"uv": [6.25, 8.25, 6.5, 9.75], "texture": "#0"},
				"east": {"uv": [3, 0, 4, 1.5], "texture": "#0"},
				"south": {"uv": [6.5, 8.25, 6.75, 9.75], "texture": "#0"},
				"west": {"uv": [3, 1.5, 4, 3], "texture": "#0"},
				"up": {"uv": [8.75, 4.5, 8.5, 3.5], "texture": "#0"},
				"down": {"uv": [8.75, 6, 8.5, 7], "texture": "#0"}
			}
		},
		{
			"from": [1.84462, 15.83254, 5.75],
			"to": [2.84462, 17.83254, 9.25],
			"rotation": {"angle": -22.5, "axis": "z", "origin": [2.34462, 16.83254, 7.5]},
			"faces": {
				"north": {"uv": [9.5, 7.5, 9.75, 8], "texture": "#0"},
				"east": {"uv": [7.75, 1.5, 8.625, 2], "texture": "#0"},
				"south": {"uv": [9.75, 1.5, 10, 2], "texture": "#0"},
				"west": {"uv": [8, 2, 8.875, 2.5], "texture": "#0"},
				"up": {"uv": [5, 9.625, 4.75, 8.75], "texture": "#0"},
				"down": {"uv": [5.25, 8.75, 5, 9.625], "texture": "#0"}
			}
		},
		{
			"from": [13.5, 10.1, 5.5],
			"to": [14.5, 16.1, 9.5],
			"rotation": {"angle": 0, "axis": "y", "origin": [17.5, 0.1, 6.5]},
			"faces": {
				"north": {"uv": [8.25, 7.5, 8.5, 9], "texture": "#0"},
				"east": {"uv": [3, 3, 4, 4.5], "texture": "#0"},
				"south": {"uv": [0, 8.5, 0.25, 10], "texture": "#0"},
				"west": {"uv": [4, 0, 5, 1.5], "texture": "#0"},
				"up": {"uv": [7, 9.5, 6.75, 8.5], "texture": "#0"},
				"down": {"uv": [7.25, 8.5, 7, 9.5], "texture": "#0"}
			}
		},
		{
			"from": [13.15538, 15.83254, 5.75],
			"to": [14.15538, 17.83254, 9.25],
			"rotation": {"angle": 22.5, "axis": "z", "origin": [13.65538, 16.83254, 7.5]},
			"faces": {
				"north": {"uv": [9.75, 4, 10, 4.5], "texture": "#0"},
				"east": {"uv": [8, 2.5, 8.875, 3], "texture": "#0"},
				"south": {"uv": [6.5, 9.75, 6.75, 10.25], "texture": "#0"},
				"west": {"uv": [8, 3, 8.875, 3.5], "texture": "#0"},
				"up": {"uv": [5.5, 9.625, 5.25, 8.75], "texture": "#0"},
				"down": {"uv": [5.75, 8.75, 5.5, 9.625], "texture": "#0"}
			}
		},
		{
			"from": [10.5, 11.1, 6.5],
			"to": [13.5, 15.1, 8.5],
			"rotation": {"angle": 0, "axis": "y", "origin": [17.5, 0.1, 6.5]},
			"faces": {
				"north": {"uv": [6.25, 2, 7, 3], "texture": "#0"},
				"east": {"uv": [6.25, 7.25, 6.75, 8.25], "texture": "#0"},
				"south": {"uv": [3, 6.25, 3.75, 7.25], "texture": "#0"},
				"west": {"uv": [0.75, 7.5, 1.25, 8.5], "texture": "#0"},
				"up": {"uv": [7.25, 1.5, 6.5, 1], "texture": "#0"},
				"down": {"uv": [9, 5.5, 8.25, 6], "texture": "#0"}
			}
		},
		{
			"from": [2.5, 11.1, 6.5],
			"to": [5.5, 15.1, 8.5],
			"rotation": {"angle": 0, "axis": "y", "origin": [-1.5, 0.1, 6.5]},
			"faces": {
				"north": {"uv": [3.75, 6.25, 4.5, 7.25], "texture": "#0"},
				"east": {"uv": [1.25, 7.5, 1.75, 8.5], "texture": "#0"},
				"south": {"uv": [6, 6.25, 6.75, 7.25], "texture": "#0"},
				"west": {"uv": [1.75, 7.5, 2.25, 8.5], "texture": "#0"},
				"up": {"uv": [1, 9, 0.25, 8.5], "texture": "#0"},
				"down": {"uv": [1.75, 8.5, 1, 9], "texture": "#0"}
			}
		},
		{
			"from": [8.96404, 17.79448, 5.5],
			"to": [9.96404, 20.29448, 9.5],
			"rotation": {"angle": 22.5, "axis": "z", "origin": [9.46404, 19.29448, 7.5]},
			"faces": {
				"north": {"uv": [8, 9.5, 8.25, 10.125], "texture": "#0"},
				"east": {"uv": [4.75, 6.5, 5.75, 7.125], "texture": "#0"},
				"south": {"uv": [9.25, 9.5, 9.5, 10.125], "texture": "#0"},
				"west": {"uv": [6.75, 3.75, 7.75, 4.375], "texture": "#0"},
				"up": {"uv": [8.75, 8, 8.5, 7], "texture": "#0"},
				"down": {"uv": [7.5, 8.5, 7.25, 9.5], "texture": "#0"}
			}
		},
		{
			"from": [6.03596, 17.79448, 5.5],
			"to": [7.03596, 20.29448, 9.5],
			"rotation": {"angle": -22.5, "axis": "z", "origin": [6.53596, 19.29448, 7.5]},
			"faces": {
				"north": {"uv": [9.5, 9.5, 9.75, 10.125], "texture": "#0"},
				"east": {"uv": [6.75, 4.5, 7.75, 5.125], "texture": "#0"},
				"south": {"uv": [3, 9.75, 3.25, 10.375], "texture": "#0"},
				"west": {"uv": [6.75, 6.25, 7.75, 6.875], "texture": "#0"},
				"up": {"uv": [7.75, 9.5, 7.5, 8.5], "texture": "#0"},
				"down": {"uv": [8, 8.5, 7.75, 9.5], "texture": "#0"}
			}
		},
		{
			"from": [6.75, 20.1, 5.75],
			"to": [9.25, 20.6, 9.25],
			"rotation": {"angle": 0, "axis": "y", "origin": [-1.5, 2.1, 6.5]},
			"faces": {
				"north": {"uv": [10.25, 5.5, 10.875, 5.625], "texture": "#0"},
				"east": {"uv": [10, 6.25, 10.875, 6.375], "texture": "#0"},
				"south": {"uv": [10.25, 5.75, 10.875, 5.875], "texture": "#0"},
				"west": {"uv": [10, 6.5, 10.875, 6.625], "texture": "#0"},
				"up": {"uv": [4.375, 8.125, 3.75, 7.25], "texture": "#0"},
				"down": {"uv": [5.375, 7.25, 4.75, 8.125], "texture": "#0"}
			}
		},
		{
			"from": [6.5, 17.79448, 5.03596],
			"to": [9.5, 20.29448, 6.03596],
			"rotation": {"angle": 22.5, "axis": "x", "origin": [8, 19.29448, 5.53596]},
			"faces": {
				"north": {"uv": [7.5, 5.25, 8.25, 5.875], "texture": "#0"},
				"east": {"uv": [3.25, 9.75, 3.5, 10.375], "texture": "#0"},
				"south": {"uv": [7.75, 3.5, 8.5, 4.125], "texture": "#0"},
				"west": {"uv": [3.5, 9.75, 3.75, 10.375], "texture": "#0"},
				"up": {"uv": [7.75, 3.75, 7, 3.5], "texture": "#0"},
				"down": {"uv": [3.75, 8, 3, 8.25], "texture": "#0"}
			}
		},
		{
			"from": [6.5, 17.79448, 8.96404],
			"to": [9.5, 20.29448, 9.96404],
			"rotation": {"angle": -22.5, "axis": "x", "origin": [8, 19.29448, 9.46404]},
			"faces": {
				"north": {"uv": [7.75, 4.25, 8.5, 4.875], "texture": "#0"},
				"east": {"uv": [3.75, 9.75, 4, 10.375], "texture": "#0"},
				"south": {"uv": [7.75, 6, 8.5, 6.625], "texture": "#0"},
				"west": {"uv": [4, 9.75, 4.25, 10.375], "texture": "#0"},
				"up": {"uv": [9.75, 4.25, 9, 4], "texture": "#0"},
				"down": {"uv": [9.75, 4.25, 9, 4.5], "texture": "#0"}
			}
		},
		{
			"from": [8.96404, 5.90552, 5.5],
			"to": [9.96404, 8.40552, 9.5],
			"rotation": {"angle": -22.5, "axis": "z", "origin": [9.46404, 6.90552, 7.5]},
			"faces": {
				"north": {"uv": [4.25, 9.75, 4.5, 10.375], "texture": "#0"},
				"east": {"uv": [7, 2, 8, 2.625], "texture": "#0"},
				"south": {"uv": [4.75, 9.75, 5, 10.375], "texture": "#0"},
				"west": {"uv": [7, 2.75, 8, 3.375], "texture": "#0"},
				"up": {"uv": [8.25, 9.5, 8, 8.5], "texture": "#0"},
				"down": {"uv": [8.75, 8, 8.5, 9], "texture": "#0"}
			}
		},
		{
			"from": [6.75, 5.6, 5.75],
			"to": [9.25, 6.1, 9.25],
			"rotation": {"angle": 0, "axis": "y", "origin": [-1.5, 24.1, 6.5]},
			"faces": {
				"north": {"uv": [10.25, 6, 10.875, 6.125], "texture": "#0"},
				"east": {"uv": [10, 6.75, 10.875, 6.875], "texture": "#0"},
				"south": {"uv": [6.5, 10.25, 7.125, 10.375], "texture": "#0"},
				"west": {"uv": [10, 7, 10.875, 7.125], "texture": "#0"},
				"up": {"uv": [6.125, 8.125, 5.5, 7.25], "texture": "#0"},
				"down": {"uv": [0.625, 7.5, 0, 8.375], "texture": "#0"}
			}
		},
		{
			"from": [6.03596, 5.90552, 5.5],
			"to": [7.03596, 8.40552, 9.5],
			"rotation": {"angle": 22.5, "axis": "z", "origin": [6.53596, 6.90552, 7.5]},
			"faces": {
				"north": {"uv": [5, 9.75, 5.25, 10.375], "texture": "#0"},
				"east": {"uv": [6.75, 7, 7.75, 7.625], "texture": "#0"},
				"south": {"uv": [5.25, 9.75, 5.5, 10.375], "texture": "#0"},
				"west": {"uv": [7.25, 0, 8.25, 0.625], "texture": "#0"},
				"up": {"uv": [9, 1.5, 8.75, 0.5], "texture": "#0"},
				"down": {"uv": [3.25, 8.75, 3, 9.75], "texture": "#0"}
			}
		},
		{
			"from": [6.5, 5.90552, 5.03596],
			"to": [9.5, 8.40552, 6.03596],
			"rotation": {"angle": -22.5, "axis": "x", "origin": [8, 6.90552, 5.53596]},
			"faces": {
				"north": {"uv": [6.75, 7.75, 7.5, 8.375], "texture": "#0"},
				"east": {"uv": [5.5, 9.75, 5.75, 10.375], "texture": "#0"},
				"south": {"uv": [7.75, 6.75, 8.5, 7.375], "texture": "#0"},
				"west": {"uv": [5.75, 9.75, 6, 10.375], "texture": "#0"},
				"up": {"uv": [9.25, 9.25, 8.5, 9], "texture": "#0"},
				"down": {"uv": [9.75, 8.5, 9, 8.75], "texture": "#0"}
			}
		},
		{
			"from": [6.5, 5.90552, 8.96404],
			"to": [9.5, 8.40552, 9.96404],
			"rotation": {"angle": 22.5, "axis": "x", "origin": [8, 6.90552, 9.46404]},
			"faces": {
				"north": {"uv": [7.5, 7.75, 8.25, 8.375], "texture": "#0"},
				"east": {"uv": [6, 9.75, 6.25, 10.375], "texture": "#0"},
				"south": {"uv": [8, 0.75, 8.75, 1.375], "texture": "#0"},
				"west": {"uv": [6.25, 9.75, 6.5, 10.375], "texture": "#0"},
				"up": {"uv": [9.75, 9, 9, 8.75], "texture": "#0"},
				"down": {"uv": [10, 0, 9.25, 0.25], "texture": "#0"}
			}
		},
		{
			"from": [11.5, 11.6, 5.5],
			"to": [12.5, 14.6, 6.5],
			"rotation": {"angle": 0, "axis": "y", "origin": [17.5, 0.1, 6.5]},
			"faces": {
				"north": {"uv": [5.75, 6.5, 6, 7.25], "texture": "#0"},
				"east": {"uv": [1.75, 9.25, 2, 10], "texture": "#0"},
				"south": {"uv": [2, 9.25, 2.25, 10], "texture": "#0"},
				"west": {"uv": [9.25, 5, 9.5, 5.75], "texture": "#0"},
				"up": {"uv": [7.75, 6.25, 7.5, 6], "texture": "#0"},
				"down": {"uv": [8.25, 10.25, 8, 10.5], "texture": "#0"}
			}
		},
		{
			"from": [3.5, 11.6, 5.5],
			"to": [4.5, 14.6, 6.5],
			"rotation": {"angle": 0, "axis": "y", "origin": [-1.5, 0.1, 6.5]},
			"faces": {
				"north": {"uv": [9.25, 5.75, 9.5, 6.5], "texture": "#0"},
				"east": {"uv": [9.25, 6.5, 9.5, 7.25], "texture": "#0"},
				"south": {"uv": [9.25, 7.25, 9.5, 8], "texture": "#0"},
				"west": {"uv": [8.5, 9.25, 8.75, 10], "texture": "#0"},
				"up": {"uv": [10.5, 8.25, 10.25, 8], "texture": "#0"},
				"down": {"uv": [9, 10.25, 8.75, 10.5], "texture": "#0"}
			}
		},
		{
			"from": [13.15538, 8.36746, 5.75],
			"to": [14.15538, 10.36746, 9.25],
			"rotation": {"angle": -22.5, "axis": "z", "origin": [13.65538, 9.36746, 7.5]},
			"faces": {
				"north": {"uv": [7.25, 9.75, 7.5, 10.25], "texture": "#0"},
				"east": {"uv": [8.25, 0, 9.125, 0.5], "texture": "#0"},
				"south": {"uv": [7.5, 9.75, 7.75, 10.25], "texture": "#0"},
				"west": {"uv": [3, 8.25, 3.875, 8.75], "texture": "#0"},
				"up": {"uv": [9, 6.875, 8.75, 6], "texture": "#0"},
				"down": {"uv": [9, 7, 8.75, 7.875], "texture": "#0"}
			}
		},
		{
			"from": [10.3, 7.48108, 1.00579],
			"to": [11.7, 8.48108, 3.00579],
			"rotation": {"angle": -45, "axis": "x", "origin": [11, 7.98108, 7.00579]},
			"faces": {
				"north": {"uv": [6.75, 10, 7.125, 10.25], "texture": "#0"},
				"east": {"uv": [7.75, 5, 8.25, 5.25], "texture": "#0"},
				"south": {"uv": [10, 8.5, 10.375, 8.75], "texture": "#0"},
				"west": {"uv": [7.75, 7.5, 8.25, 7.75], "texture": "#0"},
				"up": {"uv": [9.625, 8.5, 9.25, 8], "texture": "#0"},
				"down": {"uv": [9.125, 9.25, 8.75, 9.75], "texture": "#0"}
			}
		},
		{
			"from": [10.5, 2.97677, 1.98886],
			"to": [11.5, 3.97677, 2.98886],
			"rotation": {"angle": 22.5, "axis": "x", "origin": [11, 2.97677, 2.48886]},
			"faces": {
				"north": {"uv": [10.25, 8.75, 10.5, 9], "texture": "#0"},
				"east": {"uv": [9, 10.25, 9.25, 10.5], "texture": "#0"},
				"south": {"uv": [10.25, 9, 10.5, 9.25], "texture": "#0"},
				"west": {"uv": [9.25, 10.25, 9.5, 10.5], "texture": "#0"},
				"up": {"uv": [10.5, 9.5, 10.25, 9.25], "texture": "#0"},
				"down": {"uv": [9.75, 10.25, 9.5, 10.5], "texture": "#0"}
			}
		},
		{
			"from": [10.6, 2.16811, 2.12692],
			"to": [11.4, 3.16811, 2.92692],
			"rotation": {"angle": 0, "axis": "x", "origin": [11, 3.16811, 2.52692]},
			"faces": {
				"north": {"uv": [10.25, 9.5, 10.5, 9.75], "texture": "#0"},
				"east": {"uv": [9.75, 10.25, 10, 10.5], "texture": "#0"},
				"south": {"uv": [10.25, 9.75, 10.5, 10], "texture": "#0"},
				"west": {"uv": [10, 10.25, 10.25, 10.5], "texture": "#0"},
				"up": {"uv": [10.5, 10.25, 10.25, 10], "texture": "#0"},
				"down": {"uv": [10.5, 10.25, 10.25, 10.5], "texture": "#0"}
			}
		},
		{
			"from": [10.7, 1.41811, 2.22692],
			"to": [11.3, 2.16811, 2.82692],
			"rotation": {"angle": 0, "axis": "x", "origin": [11, 2.16811, 2.52692]},
			"faces": {
				"north": {"uv": [9.5, 10.5, 9.625, 10.75], "texture": "#0"},
				"east": {"uv": [9.75, 10.5, 9.875, 10.75], "texture": "#0"},
				"south": {"uv": [10.5, 9.75, 10.625, 10], "texture": "#0"},
				"west": {"uv": [10, 10.5, 10.125, 10.75], "texture": "#0"},
				"up": {"uv": [8.375, 10.875, 8.25, 10.75], "texture": "#0"},
				"down": {"uv": [10.875, 8.25, 10.75, 8.375], "texture": "#0"}
			}
		},
		{
			"from": [10.8, 0.91811, 2.32692],
			"to": [11.2, 1.41811, 2.72692],
			"rotation": {"angle": 0, "axis": "x", "origin": [11, 2.16811, 2.52692]},
			"faces": {
				"north": {"uv": [8.5, 10.75, 8.625, 10.875], "texture": "#0"},
				"east": {"uv": [8.75, 10.75, 8.875, 10.875], "texture": "#0"},
				"south": {"uv": [10.75, 8.75, 10.875, 8.875], "texture": "#0"},
				"west": {"uv": [10.75, 9, 10.875, 9.125], "texture": "#0"},
				"up": {"uv": [10.875, 9.375, 10.75, 9.25], "texture": "#0"},
				"down": {"uv": [9.625, 10.75, 9.5, 10.875], "texture": "#0"}
			}
		},
		{
			"from": [10.9, 0.01811, 2.42692],
			"to": [11.1, 0.91811, 2.62692],
			"rotation": {"angle": 0, "axis": "x", "origin": [11, 2.16811, 2.52692]},
			"faces": {
				"north": {"uv": [10.5, 10, 10.625, 10.25], "texture": "#0"},
				"east": {"uv": [10.25, 10.5, 10.375, 10.75], "texture": "#0"},
				"south": {"uv": [10.5, 10.25, 10.625, 10.5], "texture": "#0"},
				"west": {"uv": [10.5, 10.5, 10.625, 10.75], "texture": "#0"},
				"up": {"uv": [10.875, 9.625, 10.75, 9.5], "texture": "#0"},
				"down": {"uv": [9.875, 10.75, 9.75, 10.875], "texture": "#0"}
			}
		},
		{
			"from": [1.84462, 8.36746, 5.75],
			"to": [2.84462, 10.36746, 9.25],
			"rotation": {"angle": 22.5, "axis": "z", "origin": [2.34462, 9.36746, 7.5]},
			"faces": {
				"north": {"uv": [9.75, 7.5, 10, 8], "texture": "#0"},
				"east": {"uv": [4.75, 8.25, 5.625, 8.75], "texture": "#0"},
				"south": {"uv": [7.75, 9.75, 8, 10.25], "texture": "#0"},
				"west": {"uv": [8.25, 5, 9.125, 5.5], "texture": "#0"},
				"up": {"uv": [9, 8.875, 8.75, 8], "texture": "#0"},
				"down": {"uv": [0.5, 9, 0.25, 9.875], "texture": "#0"}
			}
		},
		{
			"from": [4.5, 5.23351, 5.48023],
			"to": [5.5, 6.23351, 7.48023],
			"rotation": {"angle": -22.5, "axis": "x", "origin": [5, 5.73351, 7.48023]},
			"faces": {
				"north": {"uv": [0, 10.5, 0.25, 10.75], "texture": "#0"},
				"east": {"uv": [8.25, 0.5, 8.75, 0.75], "texture": "#0"},
				"south": {"uv": [0.25, 10.5, 0.5, 10.75], "texture": "#0"},
				"west": {"uv": [9.75, 8, 10.25, 8.25], "texture": "#0"},
				"up": {"uv": [10, 8.75, 9.75, 8.25], "texture": "#0"},
				"down": {"uv": [9, 9.75, 8.75, 10.25], "texture": "#0"}
			}
		},
		{
			"from": [4.9, 0.01811, 2.42692],
			"to": [5.1, 0.91811, 2.62692],
			"rotation": {"angle": 0, "axis": "x", "origin": [5, 2.16811, 2.52692]},
			"faces": {
				"north": {"uv": [0, 10.75, 0.125, 11], "texture": "#0"},
				"east": {"uv": [10.75, 0, 10.875, 0.25], "texture": "#0"},
				"south": {"uv": [0.25, 10.75, 0.375, 11], "texture": "#0"},
				"west": {"uv": [10.75, 0.25, 10.875, 0.5], "texture": "#0"},
				"up": {"uv": [10.875, 9.875, 10.75, 9.75], "texture": "#0"},
				"down": {"uv": [10.125, 10.75, 10, 10.875], "texture": "#0"}
			}
		},
		{
			"from": [4.8, 0.91811, 2.32692],
			"to": [5.2, 1.41811, 2.72692],
			"rotation": {"angle": 0, "axis": "x", "origin": [5, 2.16811, 2.52692]},
			"faces": {
				"north": {"uv": [10.75, 10, 10.875, 10.125], "texture": "#0"},
				"east": {"uv": [10.25, 10.75, 10.375, 10.875], "texture": "#0"},
				"south": {"uv": [10.75, 10.25, 10.875, 10.375], "texture": "#0"},
				"west": {"uv": [10.5, 10.75, 10.625, 10.875], "texture": "#0"},
				"up": {"uv": [10.875, 10.625, 10.75, 10.5], "texture": "#0"},
				"down": {"uv": [10.875, 10.75, 10.75, 10.875], "texture": "#0"}
			}
		},
		{
			"from": [4.7, 1.41811, 2.22692],
			"to": [5.3, 2.16811, 2.82692],
			"rotation": {"angle": 0, "axis": "x", "origin": [5, 2.16811, 2.52692]},
			"faces": {
				"north": {"uv": [0.5, 10.75, 0.625, 11], "texture": "#0"},
				"east": {"uv": [10.75, 0.5, 10.875, 0.75], "texture": "#0"},
				"south": {"uv": [0.75, 10.75, 0.875, 11], "texture": "#0"},
				"west": {"uv": [10.75, 0.75, 10.875, 1], "texture": "#0"},
				"up": {"uv": [0.125, 11.125, 0, 11], "texture": "#0"},
				"down": {"uv": [11.125, 0, 11, 0.125], "texture": "#0"}
			}
		},
		{
			"from": [4.6, 2.16811, 2.12692],
			"to": [5.4, 3.16811, 2.92692],
			"rotation": {"angle": 0, "axis": "x", "origin": [5, 3.16811, 2.52692]},
			"faces": {
				"north": {"uv": [0.5, 10.5, 0.75, 10.75], "texture": "#0"},
				"east": {"uv": [10.5, 0.5, 10.75, 0.75], "texture": "#0"},
				"south": {"uv": [0.75, 10.5, 1, 10.75], "texture": "#0"},
				"west": {"uv": [10.5, 0.75, 10.75, 1], "texture": "#0"},
				"up": {"uv": [1.25, 10.75, 1, 10.5], "texture": "#0"},
				"down": {"uv": [10.75, 1, 10.5, 1.25], "texture": "#0"}
			}
		},
		{
			"from": [4.5, 2.97677, 1.98886],
			"to": [5.5, 3.97677, 2.98886],
			"rotation": {"angle": 22.5, "axis": "x", "origin": [5, 2.97677, 2.48886]},
			"faces": {
				"north": {"uv": [1.25, 10.5, 1.5, 10.75], "texture": "#0"},
				"east": {"uv": [10.5, 1.25, 10.75, 1.5], "texture": "#0"},
				"south": {"uv": [1.5, 10.5, 1.75, 10.75], "texture": "#0"},
				"west": {"uv": [10.5, 1.5, 10.75, 1.75], "texture": "#0"},
				"up": {"uv": [2, 10.75, 1.75, 10.5], "texture": "#0"},
				"down": {"uv": [10.75, 1.75, 10.5, 2], "texture": "#0"}
			}
		},
		{
			"from": [4.501, 5.83323, 7.02613],
			"to": [5.499, 6.83123, 11.02413],
			"rotation": {"angle": -45, "axis": "x", "origin": [5, 6.33223, 8.02513]},
			"faces": {
				"north": {"uv": [2, 10.5, 2.25, 10.75], "texture": "#0"},
				"east": {"uv": [8.5, 4.5, 9.5, 4.75], "texture": "#0"},
				"south": {"uv": [10.5, 2, 10.75, 2.25], "texture": "#0"},
				"west": {"uv": [8.5, 4.75, 9.5, 5], "texture": "#0"},
				"up": {"uv": [3.5, 9.75, 3.25, 8.75], "texture": "#0"},
				"down": {"uv": [3.75, 8.75, 3.5, 9.75], "texture": "#0"}
			}
		},
		{
			"from": [4.3, 7.48108, 1.00579],
			"to": [5.7, 8.48108, 3.00579],
			"rotation": {"angle": -45, "axis": "x", "origin": [5, 7.98108, 7.00579]},
			"faces": {
				"north": {"uv": [9.75, 10, 10.125, 10.25], "texture": "#0"},
				"east": {"uv": [9.75, 8.75, 10.25, 9], "texture": "#0"},
				"south": {"uv": [0, 10.25, 0.375, 10.5], "texture": "#0"},
				"west": {"uv": [9.75, 9, 10.25, 9.25], "texture": "#0"},
				"up": {"uv": [9.625, 9.5, 9.25, 9], "texture": "#0"},
				"down": {"uv": [9.875, 4.5, 9.5, 5], "texture": "#0"}
			}
		},
		{
			"from": [4.3, 4.50621, 3.82381],
			"to": [5.7, 5.50621, 5.82381],
			"rotation": {"angle": 0, "axis": "x", "origin": [5, 5.00621, 7.82381]},
			"faces": {
				"north": {"uv": [10.25, 0, 10.625, 0.25], "texture": "#0"},
				"east": {"uv": [9.75, 9.25, 10.25, 9.5], "texture": "#0"},
				"south": {"uv": [10.25, 0.25, 10.625, 0.5], "texture": "#0"},
				"west": {"uv": [9.75, 9.5, 10.25, 9.75], "texture": "#0"},
				"up": {"uv": [9.875, 5.5, 9.5, 5], "texture": "#0"},
				"down": {"uv": [9.875, 5.5, 9.5, 6], "texture": "#0"}
			}
		},
		{
			"from": [10.5, 5.23351, 5.48023],
			"to": [11.5, 6.23351, 7.48023],
			"rotation": {"angle": -22.5, "axis": "x", "origin": [11, 5.73351, 7.48023]},
			"faces": {
				"north": {"uv": [2.25, 10.5, 2.5, 10.75], "texture": "#0"},
				"east": {"uv": [9.75, 9.75, 10.25, 10], "texture": "#0"},
				"south": {"uv": [10.5, 2.25, 10.75, 2.5], "texture": "#0"},
				"west": {"uv": [0, 10, 0.5, 10.25], "texture": "#0"},
				"up": {"uv": [9.25, 10.25, 9, 9.75], "texture": "#0"},
				"down": {"uv": [10.25, 0, 10, 0.5], "texture": "#0"}
			}
		},
		{
			"from": [10.5, 3.26966, 2.28175],
			"to": [11.5, 4.26966, 3.28175],
			"rotation": {"angle": 22.5, "axis": "x", "origin": [11, 3.26966, 2.78175]},
			"faces": {
				"north": {"uv": [2.5, 10.5, 2.75, 10.75], "texture": "#0"},
				"east": {"uv": [10.5, 2.5, 10.75, 2.75], "texture": "#0"},
				"south": {"uv": [2.75, 10.5, 3, 10.75], "texture": "#0"},
				"west": {"uv": [10.5, 2.75, 10.75, 3], "texture": "#0"},
				"up": {"uv": [3.25, 10.75, 3, 10.5], "texture": "#0"},
				"down": {"uv": [10.75, 3, 10.5, 3.25], "texture": "#0"}
			}
		},
		{
			"from": [10.3, 4.50621, 3.82381],
			"to": [11.7, 5.50621, 5.82381],
			"rotation": {"angle": 0, "axis": "x", "origin": [11, 5.00621, 7.82381]},
			"faces": {
				"north": {"uv": [1.75, 10.25, 2.125, 10.5], "texture": "#0"},
				"east": {"uv": [10, 1.5, 10.5, 1.75], "texture": "#0"},
				"south": {"uv": [10.25, 4.25, 10.625, 4.5], "texture": "#0"},
				"west": {"uv": [1.75, 10, 2.25, 10.25], "texture": "#0"},
				"up": {"uv": [9.875, 6.5, 9.5, 6], "texture": "#0"},
				"down": {"uv": [9.875, 6.5, 9.5, 7], "texture": "#0"}
			}
		},
		{
			"from": [10.501, 5.83323, 7.02613],
			"to": [11.499, 6.83123, 11.02413],
			"rotation": {"angle": -45, "axis": "x", "origin": [11, 6.33223, 8.02513]},
			"faces": {
				"north": {"uv": [3.25, 10.5, 3.5, 10.75], "texture": "#0"},
				"east": {"uv": [8.75, 1.5, 9.75, 1.75], "texture": "#0"},
				"south": {"uv": [10.5, 3.25, 10.75, 3.5], "texture": "#0"},
				"west": {"uv": [8.75, 1.75, 9.75, 2], "texture": "#0"},
				"up": {"uv": [9, 4.5, 8.75, 3.5], "texture": "#0"},
				"down": {"uv": [4, 8.75, 3.75, 9.75], "texture": "#0"}
			}
		},
		{
			"from": [7.3, 10.07487, 13.31802],
			"to": [8.7, 11.07487, 15.31802],
			"rotation": {"angle": 45, "axis": "x", "origin": [8, 10.57487, 9.31802]},
			"faces": {
				"north": {"uv": [10.25, 4.5, 10.625, 4.75], "texture": "#0"},
				"east": {"uv": [10, 1.75, 10.5, 2], "texture": "#0"},
				"south": {"uv": [10.25, 4.75, 10.625, 5], "texture": "#0"},
				"west": {"uv": [10, 4, 10.5, 4.25], "texture": "#0"},
				"up": {"uv": [7.125, 10, 6.75, 9.5], "texture": "#0"},
				"down": {"uv": [9.875, 7, 9.5, 7.5], "texture": "#0"}
			}
		},
		{
			"from": [7.5, 5.57057, 13.33496],
			"to": [8.5, 6.57057, 14.33496],
			"rotation": {"angle": -22.5, "axis": "x", "origin": [8, 5.57057, 13.83496]},
			"faces": {
				"north": {"uv": [3.5, 10.5, 3.75, 10.75], "texture": "#0"},
				"east": {"uv": [10.5, 3.5, 10.75, 3.75], "texture": "#0"},
				"south": {"uv": [3.75, 10.5, 4, 10.75], "texture": "#0"},
				"west": {"uv": [10.5, 3.75, 10.75, 4], "texture": "#0"},
				"up": {"uv": [4.25, 10.75, 4, 10.5], "texture": "#0"},
				"down": {"uv": [10.75, 4, 10.5, 4.25], "texture": "#0"}
			}
		},
		{
			"from": [7.6, 3.76191, 13.3969],
			"to": [8.4, 5.76191, 14.1969],
			"rotation": {"angle": 0, "axis": "x", "origin": [8, 5.76191, 13.7969]},
			"faces": {
				"north": {"uv": [10, 4.25, 10.25, 4.75], "texture": "#0"},
				"east": {"uv": [10, 4.75, 10.25, 5.25], "texture": "#0"},
				"south": {"uv": [10, 5.25, 10.25, 5.75], "texture": "#0"},
				"west": {"uv": [10, 5.75, 10.25, 6.25], "texture": "#0"},
				"up": {"uv": [4.5, 10.75, 4.25, 10.5], "texture": "#0"},
				"down": {"uv": [4.75, 10.5, 4.5, 10.75], "texture": "#0"}
			}
		},
		{
			"from": [6.9, 0.01191, 13.6969],
			"to": [7.1, 0.51191, 13.8969],
			"rotation": {"angle": 0, "axis": "x", "origin": [7, 4.76191, 13.7969]},
			"faces": {
				"north": {"uv": [0.25, 11, 0.375, 11.125], "texture": "#0"},
				"east": {"uv": [11, 0.25, 11.125, 0.375], "texture": "#0"},
				"south": {"uv": [0.5, 11, 0.625, 11.125], "texture": "#0"},
				"west": {"uv": [11, 0.5, 11.125, 0.625], "texture": "#0"},
				"up": {"uv": [0.875, 11.125, 0.75, 11], "texture": "#0"},
				"down": {"uv": [11.125, 0.75, 11, 0.875], "texture": "#0"}
			}
		},
		{
			"from": [7.8, 0.51191, 13.5969],
			"to": [8.2, 2.01191, 13.9969],
			"rotation": {"angle": 0, "axis": "x", "origin": [8, 4.76191, 13.7969]},
			"faces": {
				"north": {"uv": [10.5, 8.75, 10.625, 9.125], "texture": "#0"},
				"east": {"uv": [9, 10.5, 9.125, 10.875], "texture": "#0"},
				"south": {"uv": [9.25, 10.5, 9.375, 10.875], "texture": "#0"},
				"west": {"uv": [10.5, 9.25, 10.625, 9.625], "texture": "#0"},
				"up": {"uv": [1.125, 11.125, 1, 11], "texture": "#0"},
				"down": {"uv": [11.125, 1, 11, 1.125], "texture": "#0"}
			}
		},
		{
			"from": [7.7, 2.01191, 13.4969],
			"to": [8.3, 3.76191, 14.0969],
			"rotation": {"angle": 0, "axis": "x", "origin": [8, 4.76191, 13.7969]},
			"faces": {
				"north": {"uv": [4.75, 10.5, 4.875, 11], "texture": "#0"},
				"east": {"uv": [5, 10.5, 5.125, 11], "texture": "#0"},
				"south": {"uv": [5.25, 10.5, 5.375, 11], "texture": "#0"},
				"west": {"uv": [5.5, 10.5, 5.625, 11], "texture": "#0"},
				"up": {"uv": [1.375, 11.125, 1.25, 11], "texture": "#0"},
				"down": {"uv": [11.125, 1.25, 11, 1.375], "texture": "#0"}
			}
		},
		{
			"from": [7.5, 5.57057, 13.33496],
			"to": [8.5, 6.57057, 14.33496],
			"rotation": {"angle": -22.5, "axis": "x", "origin": [8, 5.57057, 13.83496]},
			"faces": {
				"north": {"uv": [5.75, 10.5, 6, 10.75], "texture": "#0"},
				"east": {"uv": [6, 10.5, 6.25, 10.75], "texture": "#0"},
				"south": {"uv": [6.25, 10.5, 6.5, 10.75], "texture": "#0"},
				"west": {"uv": [6.5, 10.5, 6.75, 10.75], "texture": "#0"},
				"up": {"uv": [7, 10.75, 6.75, 10.5], "texture": "#0"},
				"down": {"uv": [7.25, 10.5, 7, 10.75], "texture": "#0"}
			}
		},
		{
			"from": [7.3, 7.1, 9.5],
			"to": [8.7, 8.1, 12.5],
			"rotation": {"angle": 0, "axis": "x", "origin": [8, 7.6, 8.5]},
			"faces": {
				"north": {"uv": [10.25, 5, 10.625, 5.25], "texture": "#0"},
				"east": {"uv": [9.25, 0.25, 10, 0.5], "texture": "#0"},
				"south": {"uv": [10.25, 5.25, 10.625, 5.5], "texture": "#0"},
				"west": {"uv": [7.25, 9.5, 8, 9.75], "texture": "#0"},
				"up": {"uv": [5.875, 4.5, 5.5, 3.75], "texture": "#0"},
				"down": {"uv": [2.125, 8.5, 1.75, 9.25], "texture": "#0"}
			}
		}
	],
	"display": {
		"thirdperson_righthand": {
			"rotation": [75, 45, 0],
			"translation": [0, 1.5, 1],
			"scale": [0.375, 0.375, 0.375]
		},
		"thirdperson_lefthand": {
			"rotation": [75, 45, 0],
			"translation": [0, 2, 1.5],
			"scale": [0.375, 0.375, 0.375]
		},
		"firstperson_righthand": {
			"translation": [0, -2.5, 3],
			"scale": [0.68, 0.68, 0.68]
		},
		"firstperson_lefthand": {
			"translation": [0, -2.5, 3],
			"scale": [0.68, 0.68, 0.68]
		},
		"ground": {
			"translation": [0, 5, 0],
			"scale": [0.81, 0.81, 0.81]
		},
		"gui": {
			"rotation": [30, 145, 0],
			"translation": [0.5, -1.25, 0],
			"scale": [0.65, 0.65, 0.65]
		},
		"head": {
			"translation": [0, 13.5, 0.5]
		},
		"fixed": {
			"rotation": [-90, 0, 0],
			"translation": [0, -0.5, -18],
			"scale": [2.5, 2.5, 2.5]
		}
	},
	"groups": [
		{
			"name": "body",
			"origin": [2.34462, 9.26746, 7.5],
			"color": 0,
			"children": [
				{
					"name": "aperture",
					"origin": [8, 13, 7.5],
					"color": 0,
					"children": [0, 1, 2, 3, 4, 5, 6, 7]
				},
				8,
				9,
				10,
				11,
				12,
				13,
				14,
				15,
				16,
				17,
				18,
				19,
				20,
				21,
				22,
				23,
				24,
				25,
				26,
				27,
				28,
				29,
				30,
				31,
				32,
				33,
				34,
				35,
				36,
				37,
				38,
				39,
				40,
				41,
				42,
				43,
				44,
				45
			]
		},
		{
			"name": "leftLeg",
			"origin": [10, 5.93934, 7.73223],
			"color": 0,
			"children": [46, 47, 48, 49, 50, 51, 52, 53, 54]
		},
		{
			"name": "rightLeg",
			"origin": [10, 5.93934, 7.73223],
			"color": 0,
			"children": [55, 56, 57, 58]
		},
		{
			"name": "backLeg",
			"origin": [8.3, 4.61331, 8.46908],
			"color": 0,
			"children": [59, 60, 61, 62, 63, 64, 65, 66]
		}
	]
}