{
	"credit": "Made with Blockbench",
	"texture_size": [64, 64],
	"textures": {
		"0": "item/traffic_light",
		"1": "item/traffic_light_ani",
		"particle": "item/traffic_light"
	},
	"elements": [
		{
			"from": [4, 1, 4],
			"to": [12, 9, 12],
			"faces": {
				"north": {"uv": [2, 0, 4, 2], "texture": "#0"},
				"east": {"uv": [2, 0, 4, 2], "texture": "#0"},
				"south": {"uv": [2, 0, 4, 2], "texture": "#0"},
				"west": {"uv": [2, 0, 4, 2], "texture": "#0"},
				"down": {"uv": [6, 0, 4, 2], "texture": "#0"}
			}
		},
		{
			"from": [4, 9, 4],
			"to": [12, 17, 12],
			"faces": {
				"north": {"uv": [2, 2, 4, 0], "texture": "#0"},
				"east": {"uv": [2, 2, 4, 0], "texture": "#0"},
				"south": {"uv": [2, 2, 4, 0], "texture": "#0"},
				"west": {"uv": [2, 2, 4, 0], "texture": "#0"},
				"up": {"uv": [8, 2, 6, 0], "texture": "#0"}
			}
		},
		{
			"from": [5, 0, 5],
			"to": [11, 1, 11],
			"faces": {
				"north": {"uv": [7.5, 2.5, 9, 2.75], "texture": "#0"},
				"east": {"uv": [7.5, 2.5, 9, 2.75], "texture": "#0"},
				"south": {"uv": [7.5, 2.5, 9, 2.75], "texture": "#0"},
				"west": {"uv": [7.5, 2.5, 9, 2.75], "texture": "#0"},
				"down": {"uv": [5.5, 7.5, 4, 6], "texture": "#0"}
			}
		},
		{
			"from": [5, 17, 5],
			"to": [11, 18, 11],
			"rotation": {"angle": 0, "axis": "y", "origin": [0, 16, 0]},
			"faces": {
				"north": {"uv": [7.5, 2.75, 9, 2.5], "texture": "#0"},
				"east": {"uv": [7.5, 2.75, 9, 2.5], "texture": "#0"},
				"south": {"uv": [7.5, 2.75, 9, 2.5], "texture": "#0"},
				"west": {"uv": [7.5, 2.75, 9, 2.5], "texture": "#0"},
				"up": {"uv": [5.5, 6, 4, 7.5], "texture": "#0"}
			}
		},
		{
			"from": [5, 24, 5],
			"to": [11, 25, 11],
			"faces": {
				"north": {"uv": [7.5, 2.5, 9, 2.75], "texture": "#0"},
				"east": {"uv": [7.5, 2.5, 9, 2.75], "texture": "#0"},
				"south": {"uv": [7.5, 2.5, 9, 2.75], "texture": "#0"},
				"west": {"uv": [7.5, 2.5, 9, 2.75], "texture": "#0"},
				"down": {"uv": [5.5, 7.5, 4, 6], "texture": "#0"}
			}
		},
		{
			"from": [13.11286, 3.59595, 3.999],
			"to": [17.11486, 7.59795, 4.001],
			"rotation": {"angle": 45, "axis": "z", "origin": [7.51386, -1.25305, 7]},
			"faces": {
				"north": {"uv": [0.75, 9, 0, 9.75], "texture": "#0"},
				"east": {"uv": [8.25, 1.25, 8, 2], "texture": "#0"},
				"south": {"uv": [7.75, 6.5, 7, 7.25], "texture": "#0"},
				"west": {"uv": [1.75, 8, 1.5, 8.75], "texture": "#0"},
				"down": {"uv": [1.5, 8, 1.75, 8.75], "rotation": 90, "texture": "#0"}
			}
		},
		{
			"from": [13.11286, 8.59595, 3.999],
			"to": [17.11486, 12.59795, 4.001],
			"rotation": {"angle": 45, "axis": "z", "origin": [7.51386, 3.74695, 7]},
			"faces": {
				"north": {"uv": [0.75, 9, 0, 9.75], "texture": "#0"},
				"east": {"uv": [8.25, 1.25, 8, 2], "texture": "#0"},
				"south": {"uv": [7.75, 6.5, 7, 7.25], "texture": "#0"},
				"west": {"uv": [1.75, 8, 1.5, 8.75], "texture": "#0"},
				"down": {"uv": [1.5, 8, 1.75, 8.75], "rotation": 90, "texture": "#0"}
			}
		},
		{
			"from": [13.51386, 3.99695, 3],
			"to": [16.51386, 6.99695, 4],
			"rotation": {"angle": 45, "axis": "z", "origin": [7.51386, -1.25305, 7]},
			"faces": {
				"north": {"uv": [1, 3, 4, 6], "texture": "#1"},
				"east": {"uv": [8.25, 1.25, 8, 2], "texture": "#0"},
				"south": {"uv": [7.75, 6.5, 7, 7.25], "texture": "#0"},
				"west": {"uv": [1, 3, 0, 6], "texture": "#1"},
				"down": {"uv": [0, 6, 1, 3], "rotation": 90, "texture": "#1"}
			}
		},
		{
			"from": [7.01386, 10.10355, 1.5],
			"to": [9.01386, 10.35355, 2.5],
			"rotation": {"angle": 45, "axis": "z", "origin": [7.51386, 9.35355, 7]},
			"faces": {
				"north": {"uv": [6.5, 8.5, 6, 8.625], "texture": "#0"},
				"east": {"uv": [1, 8.75, 0.75, 8.875], "texture": "#0"},
				"west": {"uv": [9, 0.75, 8.75, 0.875], "texture": "#0"},
				"up": {"uv": [5, 8, 4.5, 8.25], "texture": "#0"},
				"down": {"uv": [2.25, 8.5, 1.75, 8.25], "texture": "#0"}
			}
		},
		{
			"from": [6.01386, 10.10355, 2.5],
			"to": [9.01386, 10.35355, 4],
			"rotation": {"angle": 45, "axis": "z", "origin": [7.51386, 9.35355, 7]},
			"faces": {
				"north": {"uv": [9.25, 4, 8.5, 4.125], "texture": "#0"},
				"east": {"uv": [7.875, 8.5, 7.5, 8.625], "texture": "#0"},
				"south": {"uv": [4.5, 8.5, 3.75, 8.625], "texture": "#0"},
				"west": {"uv": [8.875, 7.5, 8.5, 7.625], "texture": "#0"},
				"up": {"uv": [8.5, 7.5, 7.75, 7.875], "texture": "#0"},
				"down": {"uv": [0.75, 8.375, 0, 8], "texture": "#0"}
			}
		},
		{
			"from": [6.82452, 10.10355, 2.5],
			"to": [10.07452, 10.35355, 4],
			"rotation": {"angle": -45, "axis": "z", "origin": [8.57452, 9.35355, 7]},
			"faces": {
				"north": {"uv": [7.625, 8.25, 6.75, 8.375], "texture": "#0"},
				"east": {"uv": [8.875, 7, 8.5, 7.125], "texture": "#0"},
				"south": {"uv": [6.625, 8.25, 5.75, 8.375], "texture": "#0"},
				"west": {"uv": [8.875, 7.25, 8.5, 7.375], "texture": "#0"},
				"up": {"uv": [8.375, 4.5, 7.5, 4.875], "texture": "#0"},
				"down": {"uv": [8.375, 5.375, 7.5, 5], "texture": "#0"}
			}
		},
		{
			"from": [6.82452, 10.10355, 1.5],
			"to": [9.07452, 10.35355, 2.5],
			"rotation": {"angle": -45, "axis": "z", "origin": [8.57452, 9.35355, 7]},
			"faces": {
				"north": {"uv": [5.875, 8.5, 5.25, 8.625], "texture": "#0"},
				"east": {"uv": [0.75, 8.75, 0.5, 8.875], "texture": "#0"},
				"west": {"uv": [9, 0.5, 8.75, 0.625], "texture": "#0"},
				"up": {"uv": [8.375, 8, 7.75, 8.25], "texture": "#0"},
				"down": {"uv": [1.375, 8.5, 0.75, 8.25], "texture": "#0"}
			}
		},
		{
			"from": [6.82452, 15.10355, 1.5],
			"to": [9.07452, 15.35355, 2.5],
			"rotation": {"angle": -45, "axis": "z", "origin": [8.57452, 14.35355, 7]},
			"faces": {
				"north": {"uv": [5.875, 8.5, 5.25, 8.625], "texture": "#0"},
				"east": {"uv": [0.75, 8.75, 0.5, 8.875], "texture": "#0"},
				"west": {"uv": [9, 0.5, 8.75, 0.625], "texture": "#0"},
				"up": {"uv": [8.375, 8, 7.75, 8.25], "texture": "#0"},
				"down": {"uv": [1.375, 8.5, 0.75, 8.25], "texture": "#0"}
			}
		},
		{
			"from": [6.82452, 15.10355, 2.5],
			"to": [10.07452, 15.35355, 4],
			"rotation": {"angle": -45, "axis": "z", "origin": [8.57452, 14.35355, 7]},
			"faces": {
				"north": {"uv": [7.625, 8.25, 6.75, 8.375], "texture": "#0"},
				"east": {"uv": [8.875, 7, 8.5, 7.125], "texture": "#0"},
				"south": {"uv": [6.625, 8.25, 5.75, 8.375], "texture": "#0"},
				"west": {"uv": [8.875, 7.25, 8.5, 7.375], "texture": "#0"},
				"up": {"uv": [8.375, 4.5, 7.5, 4.875], "texture": "#0"},
				"down": {"uv": [8.375, 5.375, 7.5, 5], "texture": "#0"}
			}
		},
		{
			"from": [6.01386, 15.10355, 2.5],
			"to": [9.01386, 15.35355, 4],
			"rotation": {"angle": 45, "axis": "z", "origin": [7.51386, 14.35355, 7]},
			"faces": {
				"north": {"uv": [9.25, 4, 8.5, 4.125], "texture": "#0"},
				"east": {"uv": [7.875, 8.5, 7.5, 8.625], "texture": "#0"},
				"south": {"uv": [4.5, 8.5, 3.75, 8.625], "texture": "#0"},
				"west": {"uv": [8.875, 7.5, 8.5, 7.625], "texture": "#0"},
				"up": {"uv": [8.5, 7.5, 7.75, 7.875], "texture": "#0"},
				"down": {"uv": [0.75, 8.375, 0, 8], "texture": "#0"}
			}
		},
		{
			"from": [7.01386, 15.10355, 1.5],
			"to": [9.01386, 15.35355, 2.5],
			"rotation": {"angle": 45, "axis": "z", "origin": [7.51386, 14.35355, 7]},
			"faces": {
				"north": {"uv": [6.5, 8.5, 6, 8.625], "texture": "#0"},
				"east": {"uv": [1, 8.75, 0.75, 8.875], "texture": "#0"},
				"west": {"uv": [9, 0.75, 8.75, 0.875], "texture": "#0"},
				"up": {"uv": [5, 8, 4.5, 8.25], "texture": "#0"},
				"down": {"uv": [2.25, 8.5, 1.75, 8.25], "texture": "#0"}
			}
		},
		{
			"from": [13.51386, 8.99695, 3],
			"to": [16.51386, 11.99695, 4],
			"rotation": {"angle": 45, "axis": "z", "origin": [7.51386, 3.74695, 7]},
			"faces": {
				"north": {"uv": [1, 0, 4, 3], "texture": "#1"},
				"east": {"uv": [8.25, 1.25, 8, 2], "texture": "#0"},
				"south": {"uv": [7.75, 6.5, 7, 7.25], "texture": "#0"},
				"west": {"uv": [1, 0, 0, 3], "texture": "#1"},
				"down": {"uv": [0, 3, 1, 0], "rotation": 90, "texture": "#1"}
			}
		},
		{
			"from": [6.82452, 5.10355, 1.5],
			"to": [9.07452, 5.35355, 2.5],
			"rotation": {"angle": -45, "axis": "z", "origin": [8.57452, 4.35355, 7]},
			"faces": {
				"north": {"uv": [5.875, 8.5, 5.25, 8.625], "texture": "#0"},
				"east": {"uv": [0.75, 8.75, 0.5, 8.875], "texture": "#0"},
				"west": {"uv": [9, 0.5, 8.75, 0.625], "texture": "#0"},
				"up": {"uv": [8.375, 8, 7.75, 8.25], "texture": "#0"},
				"down": {"uv": [1.375, 8.5, 0.75, 8.25], "texture": "#0"}
			}
		},
		{
			"from": [6.82452, 5.10355, 2.5],
			"to": [10.07452, 5.35355, 4],
			"rotation": {"angle": -45, "axis": "z", "origin": [8.57452, 4.35355, 7]},
			"faces": {
				"north": {"uv": [7.625, 8.25, 6.75, 8.375], "texture": "#0"},
				"east": {"uv": [8.875, 7, 8.5, 7.125], "texture": "#0"},
				"south": {"uv": [6.625, 8.25, 5.75, 8.375], "texture": "#0"},
				"west": {"uv": [8.875, 7.25, 8.5, 7.375], "texture": "#0"},
				"up": {"uv": [8.375, 4.5, 7.5, 4.875], "texture": "#0"},
				"down": {"uv": [8.375, 5.375, 7.5, 5], "texture": "#0"}
			}
		},
		{
			"from": [6.01386, 5.10355, 2.5],
			"to": [9.01386, 5.35355, 4],
			"rotation": {"angle": 45, "axis": "z", "origin": [7.51386, 4.35355, 7]},
			"faces": {
				"north": {"uv": [9.25, 4, 8.5, 4.125], "texture": "#0"},
				"east": {"uv": [7.875, 8.5, 7.5, 8.625], "texture": "#0"},
				"south": {"uv": [4.5, 8.5, 3.75, 8.625], "texture": "#0"},
				"west": {"uv": [8.875, 7.5, 8.5, 7.625], "texture": "#0"},
				"up": {"uv": [8.5, 7.5, 7.75, 7.875], "texture": "#0"},
				"down": {"uv": [0.75, 8.375, 0, 8], "texture": "#0"}
			}
		},
		{
			"from": [7.01386, 5.10355, 1.5],
			"to": [9.01386, 5.35355, 2.5],
			"rotation": {"angle": 45, "axis": "z", "origin": [7.51386, 4.35355, 7]},
			"faces": {
				"north": {"uv": [6.5, 8.5, 6, 8.625], "texture": "#0"},
				"east": {"uv": [1, 8.75, 0.75, 8.875], "texture": "#0"},
				"west": {"uv": [9, 0.75, 8.75, 0.875], "texture": "#0"},
				"up": {"uv": [5, 8, 4.5, 8.25], "texture": "#0"},
				"down": {"uv": [2.25, 8.5, 1.75, 8.25], "texture": "#0"}
			}
		},
		{
			"from": [13.51386, -1.00305, 3],
			"to": [16.51386, 1.99695, 4],
			"rotation": {"angle": 45, "axis": "z", "origin": [7.51386, -6.25305, 7]},
			"faces": {
				"north": {"uv": [1, 6, 4, 9], "texture": "#1"},
				"east": {"uv": [8.25, 1.25, 8, 2], "texture": "#0"},
				"south": {"uv": [7.75, 6.5, 7, 7.25], "texture": "#0"},
				"west": {"uv": [1, 6, 0, 9], "texture": "#1"},
				"down": {"uv": [0, 9, 1, 6], "rotation": 90, "texture": "#1"}
			}
		},
		{
			"from": [3, 3.99695, 13.51386],
			"to": [4, 6.99695, 16.51386],
			"rotation": {"angle": -45, "axis": "x", "origin": [7, -1.25305, 7.51386]},
			"faces": {
				"north": {"uv": [4, 3, 5, 6], "texture": "#1"},
				"east": {"uv": [7, 6.5, 7.75, 7.25], "texture": "#0"},
				"south": {"uv": [8, 1.25, 8.25, 2], "texture": "#0"},
				"west": {"uv": [5, 3, 8, 6], "texture": "#1"},
				"down": {"uv": [5, 3, 4, 6], "texture": "#1"}
			}
		},
		{
			"from": [1.5, 10.10355, 7.01386],
			"to": [2.5, 10.35355, 9.01386],
			"rotation": {"angle": -45, "axis": "x", "origin": [7, 9.35355, 7.51386]},
			"faces": {
				"north": {"uv": [8.75, 0.75, 9, 0.875], "texture": "#0"},
				"south": {"uv": [0.75, 8.75, 1, 8.875], "texture": "#0"},
				"west": {"uv": [6, 8.5, 6.5, 8.625], "texture": "#0"},
				"up": {"uv": [5, 8.25, 4.5, 8], "rotation": 90, "texture": "#0"},
				"down": {"uv": [2.25, 8.25, 1.75, 8.5], "rotation": 270, "texture": "#0"}
			}
		},
		{
			"from": [2.5, 10.10355, 6.01386],
			"to": [4, 10.35355, 9.01386],
			"rotation": {"angle": -45, "axis": "x", "origin": [7, 9.35355, 7.51386]},
			"faces": {
				"north": {"uv": [8.5, 7.5, 8.875, 7.625], "texture": "#0"},
				"east": {"uv": [3.75, 8.5, 4.5, 8.625], "texture": "#0"},
				"south": {"uv": [7.5, 8.5, 7.875, 8.625], "texture": "#0"},
				"west": {"uv": [8.5, 4, 9.25, 4.125], "texture": "#0"},
				"up": {"uv": [8.5, 7.875, 7.75, 7.5], "rotation": 90, "texture": "#0"},
				"down": {"uv": [0.75, 8, 0, 8.375], "rotation": 270, "texture": "#0"}
			}
		},
		{
			"from": [2.5, 10.10355, 6.82452],
			"to": [4, 10.35355, 10.07452],
			"rotation": {"angle": 45, "axis": "x", "origin": [7, 9.35355, 8.57452]},
			"faces": {
				"north": {"uv": [8.5, 7.25, 8.875, 7.375], "texture": "#0"},
				"east": {"uv": [5.75, 8.25, 6.625, 8.375], "texture": "#0"},
				"south": {"uv": [8.5, 7, 8.875, 7.125], "texture": "#0"},
				"west": {"uv": [6.75, 8.25, 7.625, 8.375], "texture": "#0"},
				"up": {"uv": [8.375, 4.875, 7.5, 4.5], "rotation": 90, "texture": "#0"},
				"down": {"uv": [8.375, 5, 7.5, 5.375], "rotation": 270, "texture": "#0"}
			}
		},
		{
			"from": [1.5, 10.10355, 6.82452],
			"to": [2.5, 10.35355, 9.07452],
			"rotation": {"angle": 45, "axis": "x", "origin": [7, 9.35355, 8.57452]},
			"faces": {
				"north": {"uv": [8.75, 0.5, 9, 0.625], "texture": "#0"},
				"south": {"uv": [0.5, 8.75, 0.75, 8.875], "texture": "#0"},
				"west": {"uv": [5.25, 8.5, 5.875, 8.625], "texture": "#0"},
				"up": {"uv": [8.375, 8.25, 7.75, 8], "rotation": 90, "texture": "#0"},
				"down": {"uv": [1.375, 8.25, 0.75, 8.5], "rotation": 270, "texture": "#0"}
			}
		},
		{
			"from": [1.5, 15.10355, 6.82452],
			"to": [2.5, 15.35355, 9.07452],
			"rotation": {"angle": 45, "axis": "x", "origin": [7, 14.35355, 8.57452]},
			"faces": {
				"north": {"uv": [8.75, 0.5, 9, 0.625], "texture": "#0"},
				"south": {"uv": [0.5, 8.75, 0.75, 8.875], "texture": "#0"},
				"west": {"uv": [5.25, 8.5, 5.875, 8.625], "texture": "#0"},
				"up": {"uv": [8.375, 8.25, 7.75, 8], "rotation": 90, "texture": "#0"},
				"down": {"uv": [1.375, 8.25, 0.75, 8.5], "rotation": 270, "texture": "#0"}
			}
		},
		{
			"from": [2.5, 15.10355, 6.82452],
			"to": [4, 15.35355, 10.07452],
			"rotation": {"angle": 45, "axis": "x", "origin": [7, 14.35355, 8.57452]},
			"faces": {
				"north": {"uv": [8.5, 7.25, 8.875, 7.375], "texture": "#0"},
				"east": {"uv": [5.75, 8.25, 6.625, 8.375], "texture": "#0"},
				"south": {"uv": [8.5, 7, 8.875, 7.125], "texture": "#0"},
				"west": {"uv": [6.75, 8.25, 7.625, 8.375], "texture": "#0"},
				"up": {"uv": [8.375, 4.875, 7.5, 4.5], "rotation": 90, "texture": "#0"},
				"down": {"uv": [8.375, 5, 7.5, 5.375], "rotation": 270, "texture": "#0"}
			}
		},
		{
			"from": [2.5, 15.10355, 6.01386],
			"to": [4, 15.35355, 9.01386],
			"rotation": {"angle": -45, "axis": "x", "origin": [7, 14.35355, 7.51386]},
			"faces": {
				"north": {"uv": [8.5, 7.5, 8.875, 7.625], "texture": "#0"},
				"east": {"uv": [3.75, 8.5, 4.5, 8.625], "texture": "#0"},
				"south": {"uv": [7.5, 8.5, 7.875, 8.625], "texture": "#0"},
				"west": {"uv": [8.5, 4, 9.25, 4.125], "texture": "#0"},
				"up": {"uv": [8.5, 7.875, 7.75, 7.5], "rotation": 90, "texture": "#0"},
				"down": {"uv": [0.75, 8, 0, 8.375], "rotation": 270, "texture": "#0"}
			}
		},
		{
			"from": [1.5, 15.10355, 7.01386],
			"to": [2.5, 15.35355, 9.01386],
			"rotation": {"angle": -45, "axis": "x", "origin": [7, 14.35355, 7.51386]},
			"faces": {
				"north": {"uv": [8.75, 0.75, 9, 0.875], "texture": "#0"},
				"south": {"uv": [0.75, 8.75, 1, 8.875], "texture": "#0"},
				"west": {"uv": [6, 8.5, 6.5, 8.625], "texture": "#0"},
				"up": {"uv": [5, 8.25, 4.5, 8], "rotation": 90, "texture": "#0"},
				"down": {"uv": [2.25, 8.25, 1.75, 8.5], "rotation": 270, "texture": "#0"}
			}
		},
		{
			"from": [3, 8.99695, 13.51386],
			"to": [4, 11.99695, 16.51386],
			"rotation": {"angle": -45, "axis": "x", "origin": [7, 3.74695, 7.51386]},
			"faces": {
				"north": {"uv": [4, 0, 5, 3], "texture": "#1"},
				"east": {"uv": [7, 6.5, 7.75, 7.25], "texture": "#0"},
				"south": {"uv": [8, 1.25, 8.25, 2], "texture": "#0"},
				"west": {"uv": [5, 0, 8, 3], "texture": "#1"},
				"down": {"uv": [5, 0, 4, 3], "texture": "#1"}
			}
		},
		{
			"from": [1.5, 5.10355, 6.82452],
			"to": [2.5, 5.35355, 9.07452],
			"rotation": {"angle": 45, "axis": "x", "origin": [7, 4.35355, 8.57452]},
			"faces": {
				"north": {"uv": [8.75, 0.5, 9, 0.625], "texture": "#0"},
				"south": {"uv": [0.5, 8.75, 0.75, 8.875], "texture": "#0"},
				"west": {"uv": [5.25, 8.5, 5.875, 8.625], "texture": "#0"},
				"up": {"uv": [8.375, 8.25, 7.75, 8], "rotation": 90, "texture": "#0"},
				"down": {"uv": [1.375, 8.25, 0.75, 8.5], "rotation": 270, "texture": "#0"}
			}
		},
		{
			"from": [2.5, 5.10355, 6.82452],
			"to": [4, 5.35355, 10.07452],
			"rotation": {"angle": 45, "axis": "x", "origin": [7, 4.35355, 8.57452]},
			"faces": {
				"north": {"uv": [8.5, 7.25, 8.875, 7.375], "texture": "#0"},
				"east": {"uv": [5.75, 8.25, 6.625, 8.375], "texture": "#0"},
				"south": {"uv": [8.5, 7, 8.875, 7.125], "texture": "#0"},
				"west": {"uv": [6.75, 8.25, 7.625, 8.375], "texture": "#0"},
				"up": {"uv": [8.375, 4.875, 7.5, 4.5], "rotation": 90, "texture": "#0"},
				"down": {"uv": [8.375, 5, 7.5, 5.375], "rotation": 270, "texture": "#0"}
			}
		},
		{
			"from": [2.5, 5.10355, 6.01386],
			"to": [4, 5.35355, 9.01386],
			"rotation": {"angle": -45, "axis": "x", "origin": [7, 4.35355, 7.51386]},
			"faces": {
				"north": {"uv": [8.5, 7.5, 8.875, 7.625], "texture": "#0"},
				"east": {"uv": [3.75, 8.5, 4.5, 8.625], "texture": "#0"},
				"south": {"uv": [7.5, 8.5, 7.875, 8.625], "texture": "#0"},
				"west": {"uv": [8.5, 4, 9.25, 4.125], "texture": "#0"},
				"up": {"uv": [8.5, 7.875, 7.75, 7.5], "rotation": 90, "texture": "#0"},
				"down": {"uv": [0.75, 8, 0, 8.375], "rotation": 270, "texture": "#0"}
			}
		},
		{
			"from": [1.5, 5.10355, 7.01386],
			"to": [2.5, 5.35355, 9.01386],
			"rotation": {"angle": -45, "axis": "x", "origin": [7, 4.35355, 7.51386]},
			"faces": {
				"north": {"uv": [8.75, 0.75, 9, 0.875], "texture": "#0"},
				"south": {"uv": [0.75, 8.75, 1, 8.875], "texture": "#0"},
				"west": {"uv": [6, 8.5, 6.5, 8.625], "texture": "#0"},
				"up": {"uv": [5, 8.25, 4.5, 8], "rotation": 90, "texture": "#0"},
				"down": {"uv": [2.25, 8.25, 1.75, 8.5], "rotation": 270, "texture": "#0"}
			}
		},
		{
			"from": [3, -1.00305, 13.51386],
			"to": [4, 1.99695, 16.51386],
			"rotation": {"angle": -45, "axis": "x", "origin": [7, -6.25305, 7.51386]},
			"faces": {
				"north": {"uv": [4, 6, 5, 9], "texture": "#1"},
				"east": {"uv": [7, 6.5, 7.75, 7.25], "texture": "#0"},
				"south": {"uv": [8, 1.25, 8.25, 2], "texture": "#0"},
				"west": {"uv": [5, 6, 8, 9], "texture": "#1"},
				"down": {"uv": [5, 6, 4, 9], "texture": "#1"}
			}
		},
		{
			"from": [13.11286, -1.40405, 3.999],
			"to": [17.11486, 2.59795, 4.001],
			"rotation": {"angle": 45, "axis": "z", "origin": [7.51386, -6.25305, 7]},
			"faces": {
				"north": {"uv": [0.75, 9, 0, 9.75], "texture": "#0"},
				"east": {"uv": [8.25, 1.25, 8, 2], "texture": "#0"},
				"south": {"uv": [7.75, 6.5, 7, 7.25], "texture": "#0"},
				"west": {"uv": [1.75, 8, 1.5, 8.75], "texture": "#0"},
				"down": {"uv": [1.5, 8, 1.75, 8.75], "rotation": 90, "texture": "#0"}
			}
		},
		{
			"from": [3.98514, 8.59595, 13.06867],
			"to": [3.98714, 12.59795, 17.07067],
			"rotation": {"angle": -45, "axis": "x", "origin": [8.48614, 3.74695, 7.46967]},
			"faces": {
				"north": {"uv": [1.5, 8, 1.75, 8.75], "texture": "#0"},
				"east": {"uv": [7, 6.5, 7.75, 7.25], "texture": "#0"},
				"south": {"uv": [8, 1.25, 8.25, 2], "texture": "#0"},
				"west": {"uv": [0, 9, 0.75, 9.75], "texture": "#0"},
				"down": {"uv": [1.75, 8, 1.5, 8.75], "texture": "#0"}
			}
		},
		{
			"from": [3.98514, 3.59595, 13.06867],
			"to": [3.98714, 7.59795, 17.07067],
			"rotation": {"angle": -45, "axis": "x", "origin": [8.48614, -1.25305, 7.46967]},
			"faces": {
				"north": {"uv": [1.5, 8, 1.75, 8.75], "texture": "#0"},
				"east": {"uv": [7, 6.5, 7.75, 7.25], "texture": "#0"},
				"south": {"uv": [8, 1.25, 8.25, 2], "texture": "#0"},
				"west": {"uv": [0, 9, 0.75, 9.75], "texture": "#0"},
				"down": {"uv": [1.75, 8, 1.5, 8.75], "texture": "#0"}
			}
		},
		{
			"from": [3.98514, -1.40405, 13.06867],
			"to": [3.98714, 2.59795, 17.07067],
			"rotation": {"angle": -45, "axis": "x", "origin": [8.48614, -6.25305, 7.46967]},
			"faces": {
				"north": {"uv": [1.5, 8, 1.75, 8.75], "texture": "#0"},
				"east": {"uv": [7, 6.5, 7.75, 7.25], "texture": "#0"},
				"south": {"uv": [8, 1.25, 8.25, 2], "texture": "#0"},
				"west": {"uv": [0, 9, 0.75, 9.75], "texture": "#0"},
				"down": {"uv": [1.75, 8, 1.5, 8.75], "texture": "#0"}
			}
		},
		{
			"from": [-0.51386, -1.00305, 12],
			"to": [2.48614, 1.99695, 13],
			"rotation": {"angle": -45, "axis": "z", "origin": [8.48614, -6.25305, 9]},
			"faces": {
				"north": {"uv": [7.75, 6.5, 7, 7.25], "texture": "#0"},
				"east": {"uv": [1, 6, 0, 9], "texture": "#1"},
				"south": {"uv": [1, 6, 4, 9], "texture": "#1"},
				"west": {"uv": [8.25, 1.25, 8, 2], "texture": "#0"},
				"down": {"uv": [1, 6, 0, 9], "rotation": 90, "texture": "#1"}
			}
		},
		{
			"from": [6.98614, 5.10355, 13.5],
			"to": [8.98614, 5.35355, 14.5],
			"rotation": {"angle": -45, "axis": "z", "origin": [8.48614, 4.35355, 9]},
			"faces": {
				"east": {"uv": [9, 0.75, 8.75, 0.875], "texture": "#0"},
				"south": {"uv": [6.5, 8.5, 6, 8.625], "texture": "#0"},
				"west": {"uv": [1, 8.75, 0.75, 8.875], "texture": "#0"},
				"up": {"uv": [4.5, 8.25, 5, 8], "texture": "#0"},
				"down": {"uv": [1.75, 8.25, 2.25, 8.5], "texture": "#0"}
			}
		},
		{
			"from": [6.98614, 5.10355, 12],
			"to": [9.98614, 5.35355, 13.5],
			"rotation": {"angle": -45, "axis": "z", "origin": [8.48614, 4.35355, 9]},
			"faces": {
				"north": {"uv": [4.5, 8.5, 3.75, 8.625], "texture": "#0"},
				"east": {"uv": [8.875, 7.5, 8.5, 7.625], "texture": "#0"},
				"south": {"uv": [9.25, 4, 8.5, 4.125], "texture": "#0"},
				"west": {"uv": [7.875, 8.5, 7.5, 8.625], "texture": "#0"},
				"up": {"uv": [7.75, 7.875, 8.5, 7.5], "texture": "#0"},
				"down": {"uv": [0, 8, 0.75, 8.375], "texture": "#0"}
			}
		},
		{
			"from": [5.92548, 5.10355, 12],
			"to": [9.17548, 5.35355, 13.5],
			"rotation": {"angle": 45, "axis": "z", "origin": [7.42548, 4.35355, 9]},
			"faces": {
				"north": {"uv": [6.625, 8.25, 5.75, 8.375], "texture": "#0"},
				"east": {"uv": [8.875, 7.25, 8.5, 7.375], "texture": "#0"},
				"south": {"uv": [7.625, 8.25, 6.75, 8.375], "texture": "#0"},
				"west": {"uv": [8.875, 7, 8.5, 7.125], "texture": "#0"},
				"up": {"uv": [7.5, 4.875, 8.375, 4.5], "texture": "#0"},
				"down": {"uv": [7.5, 5, 8.375, 5.375], "texture": "#0"}
			}
		},
		{
			"from": [6.92548, 5.10355, 13.5],
			"to": [9.17548, 5.35355, 14.5],
			"rotation": {"angle": 45, "axis": "z", "origin": [7.42548, 4.35355, 9]},
			"faces": {
				"east": {"uv": [9, 0.5, 8.75, 0.625], "texture": "#0"},
				"south": {"uv": [5.875, 8.5, 5.25, 8.625], "texture": "#0"},
				"west": {"uv": [0.75, 8.75, 0.5, 8.875], "texture": "#0"},
				"up": {"uv": [7.75, 8.25, 8.375, 8], "texture": "#0"},
				"down": {"uv": [0.75, 8.25, 1.375, 8.5], "texture": "#0"}
			}
		},
		{
			"from": [-0.51386, 8.99695, 12],
			"to": [2.48614, 11.99695, 13],
			"rotation": {"angle": -45, "axis": "z", "origin": [8.48614, 3.74695, 9]},
			"faces": {
				"north": {"uv": [7.75, 6.5, 7, 7.25], "texture": "#0"},
				"east": {"uv": [1, 0, 0, 3], "texture": "#1"},
				"south": {"uv": [1, 0, 4, 3], "texture": "#1"},
				"west": {"uv": [8.25, 1.25, 8, 2], "texture": "#0"},
				"down": {"uv": [1, 0, 0, 3], "rotation": 90, "texture": "#1"}
			}
		},
		{
			"from": [6.98614, 15.10355, 13.5],
			"to": [8.98614, 15.35355, 14.5],
			"rotation": {"angle": -45, "axis": "z", "origin": [8.48614, 14.35355, 9]},
			"faces": {
				"east": {"uv": [9, 0.75, 8.75, 0.875], "texture": "#0"},
				"south": {"uv": [6.5, 8.5, 6, 8.625], "texture": "#0"},
				"west": {"uv": [1, 8.75, 0.75, 8.875], "texture": "#0"},
				"up": {"uv": [4.5, 8.25, 5, 8], "texture": "#0"},
				"down": {"uv": [1.75, 8.25, 2.25, 8.5], "texture": "#0"}
			}
		},
		{
			"from": [6.98614, 15.10355, 12],
			"to": [9.98614, 15.35355, 13.5],
			"rotation": {"angle": -45, "axis": "z", "origin": [8.48614, 14.35355, 9]},
			"faces": {
				"north": {"uv": [4.5, 8.5, 3.75, 8.625], "texture": "#0"},
				"east": {"uv": [8.875, 7.5, 8.5, 7.625], "texture": "#0"},
				"south": {"uv": [9.25, 4, 8.5, 4.125], "texture": "#0"},
				"west": {"uv": [7.875, 8.5, 7.5, 8.625], "texture": "#0"},
				"up": {"uv": [7.75, 7.875, 8.5, 7.5], "texture": "#0"},
				"down": {"uv": [0, 8, 0.75, 8.375], "texture": "#0"}
			}
		},
		{
			"from": [5.92548, 15.10355, 12],
			"to": [9.17548, 15.35355, 13.5],
			"rotation": {"angle": 45, "axis": "z", "origin": [7.42548, 14.35355, 9]},
			"faces": {
				"north": {"uv": [6.625, 8.25, 5.75, 8.375], "texture": "#0"},
				"east": {"uv": [8.875, 7.25, 8.5, 7.375], "texture": "#0"},
				"south": {"uv": [7.625, 8.25, 6.75, 8.375], "texture": "#0"},
				"west": {"uv": [8.875, 7, 8.5, 7.125], "texture": "#0"},
				"up": {"uv": [7.5, 4.875, 8.375, 4.5], "texture": "#0"},
				"down": {"uv": [7.5, 5, 8.375, 5.375], "texture": "#0"}
			}
		},
		{
			"from": [6.92548, 15.10355, 13.5],
			"to": [9.17548, 15.35355, 14.5],
			"rotation": {"angle": 45, "axis": "z", "origin": [7.42548, 14.35355, 9]},
			"faces": {
				"east": {"uv": [9, 0.5, 8.75, 0.625], "texture": "#0"},
				"south": {"uv": [5.875, 8.5, 5.25, 8.625], "texture": "#0"},
				"west": {"uv": [0.75, 8.75, 0.5, 8.875], "texture": "#0"},
				"up": {"uv": [7.75, 8.25, 8.375, 8], "texture": "#0"},
				"down": {"uv": [0.75, 8.25, 1.375, 8.5], "texture": "#0"}
			}
		},
		{
			"from": [6.92548, 10.10355, 13.5],
			"to": [9.17548, 10.35355, 14.5],
			"rotation": {"angle": 45, "axis": "z", "origin": [7.42548, 9.35355, 9]},
			"faces": {
				"east": {"uv": [9, 0.5, 8.75, 0.625], "texture": "#0"},
				"south": {"uv": [5.875, 8.5, 5.25, 8.625], "texture": "#0"},
				"west": {"uv": [0.75, 8.75, 0.5, 8.875], "texture": "#0"},
				"up": {"uv": [7.75, 8.25, 8.375, 8], "texture": "#0"},
				"down": {"uv": [0.75, 8.25, 1.375, 8.5], "texture": "#0"}
			}
		},
		{
			"from": [5.92548, 10.10355, 12],
			"to": [9.17548, 10.35355, 13.5],
			"rotation": {"angle": 45, "axis": "z", "origin": [7.42548, 9.35355, 9]},
			"faces": {
				"north": {"uv": [6.625, 8.25, 5.75, 8.375], "texture": "#0"},
				"east": {"uv": [8.875, 7.25, 8.5, 7.375], "texture": "#0"},
				"south": {"uv": [7.625, 8.25, 6.75, 8.375], "texture": "#0"},
				"west": {"uv": [8.875, 7, 8.5, 7.125], "texture": "#0"},
				"up": {"uv": [7.5, 4.875, 8.375, 4.5], "texture": "#0"},
				"down": {"uv": [7.5, 5, 8.375, 5.375], "texture": "#0"}
			}
		},
		{
			"from": [6.98614, 10.10355, 12],
			"to": [9.98614, 10.35355, 13.5],
			"rotation": {"angle": -45, "axis": "z", "origin": [8.48614, 9.35355, 9]},
			"faces": {
				"north": {"uv": [4.5, 8.5, 3.75, 8.625], "texture": "#0"},
				"east": {"uv": [8.875, 7.5, 8.5, 7.625], "texture": "#0"},
				"south": {"uv": [9.25, 4, 8.5, 4.125], "texture": "#0"},
				"west": {"uv": [7.875, 8.5, 7.5, 8.625], "texture": "#0"},
				"up": {"uv": [7.75, 7.875, 8.5, 7.5], "texture": "#0"},
				"down": {"uv": [0, 8, 0.75, 8.375], "texture": "#0"}
			}
		},
		{
			"from": [6.98614, 10.10355, 13.5],
			"to": [8.98614, 10.35355, 14.5],
			"rotation": {"angle": -45, "axis": "z", "origin": [8.48614, 9.35355, 9]},
			"faces": {
				"east": {"uv": [9, 0.75, 8.75, 0.875], "texture": "#0"},
				"south": {"uv": [6.5, 8.5, 6, 8.625], "texture": "#0"},
				"west": {"uv": [1, 8.75, 0.75, 8.875], "texture": "#0"},
				"up": {"uv": [4.5, 8.25, 5, 8], "texture": "#0"},
				"down": {"uv": [1.75, 8.25, 2.25, 8.5], "texture": "#0"}
			}
		},
		{
			"from": [-0.51386, 3.99695, 12],
			"to": [2.48614, 6.99695, 13],
			"rotation": {"angle": -45, "axis": "z", "origin": [8.48614, -1.25305, 9]},
			"faces": {
				"north": {"uv": [7.75, 6.5, 7, 7.25], "texture": "#0"},
				"east": {"uv": [1, 3, 0, 6], "texture": "#1"},
				"south": {"uv": [1, 3, 4, 6], "texture": "#1"},
				"west": {"uv": [8.25, 1.25, 8, 2], "texture": "#0"},
				"down": {"uv": [1, 3, 0, 6], "rotation": 90, "texture": "#1"}
			}
		},
		{
			"from": [12, -1.00305, -0.51386],
			"to": [13, 1.99695, 2.48614],
			"rotation": {"angle": 45, "axis": "x", "origin": [9, -6.25305, 8.48614]},
			"faces": {
				"north": {"uv": [8, 1.25, 8.25, 2], "texture": "#0"},
				"east": {"uv": [5, 6, 8, 9], "texture": "#1"},
				"south": {"uv": [4, 6, 5, 9], "texture": "#1"},
				"west": {"uv": [7, 6.5, 7.75, 7.25], "texture": "#0"},
				"down": {"uv": [4, 9, 5, 6], "texture": "#1"}
			}
		},
		{
			"from": [13.5, 5.10355, 6.98614],
			"to": [14.5, 5.35355, 8.98614],
			"rotation": {"angle": 45, "axis": "x", "origin": [9, 4.35355, 8.48614]},
			"faces": {
				"north": {"uv": [0.75, 8.75, 1, 8.875], "texture": "#0"},
				"east": {"uv": [6, 8.5, 6.5, 8.625], "texture": "#0"},
				"south": {"uv": [8.75, 0.75, 9, 0.875], "texture": "#0"},
				"up": {"uv": [4.5, 8, 5, 8.25], "rotation": 90, "texture": "#0"},
				"down": {"uv": [1.75, 8.5, 2.25, 8.25], "rotation": 270, "texture": "#0"}
			}
		},
		{
			"from": [12, 5.10355, 6.98614],
			"to": [13.5, 5.35355, 9.98614],
			"rotation": {"angle": 45, "axis": "x", "origin": [9, 4.35355, 8.48614]},
			"faces": {
				"north": {"uv": [7.5, 8.5, 7.875, 8.625], "texture": "#0"},
				"east": {"uv": [8.5, 4, 9.25, 4.125], "texture": "#0"},
				"south": {"uv": [8.5, 7.5, 8.875, 7.625], "texture": "#0"},
				"west": {"uv": [3.75, 8.5, 4.5, 8.625], "texture": "#0"},
				"up": {"uv": [7.75, 7.5, 8.5, 7.875], "rotation": 90, "texture": "#0"},
				"down": {"uv": [0, 8.375, 0.75, 8], "rotation": 270, "texture": "#0"}
			}
		},
		{
			"from": [12, 5.10355, 5.92548],
			"to": [13.5, 5.35355, 9.17548],
			"rotation": {"angle": -45, "axis": "x", "origin": [9, 4.35355, 7.42548]},
			"faces": {
				"north": {"uv": [8.5, 7, 8.875, 7.125], "texture": "#0"},
				"east": {"uv": [6.75, 8.25, 7.625, 8.375], "texture": "#0"},
				"south": {"uv": [8.5, 7.25, 8.875, 7.375], "texture": "#0"},
				"west": {"uv": [5.75, 8.25, 6.625, 8.375], "texture": "#0"},
				"up": {"uv": [7.5, 4.5, 8.375, 4.875], "rotation": 90, "texture": "#0"},
				"down": {"uv": [7.5, 5.375, 8.375, 5], "rotation": 270, "texture": "#0"}
			}
		},
		{
			"from": [13.5, 5.10355, 6.92548],
			"to": [14.5, 5.35355, 9.17548],
			"rotation": {"angle": -45, "axis": "x", "origin": [9, 4.35355, 7.42548]},
			"faces": {
				"north": {"uv": [0.5, 8.75, 0.75, 8.875], "texture": "#0"},
				"east": {"uv": [5.25, 8.5, 5.875, 8.625], "texture": "#0"},
				"south": {"uv": [8.75, 0.5, 9, 0.625], "texture": "#0"},
				"up": {"uv": [7.75, 8, 8.375, 8.25], "rotation": 90, "texture": "#0"},
				"down": {"uv": [0.75, 8.5, 1.375, 8.25], "rotation": 270, "texture": "#0"}
			}
		},
		{
			"from": [12, 8.99695, -0.51386],
			"to": [13, 11.99695, 2.48614],
			"rotation": {"angle": 45, "axis": "x", "origin": [9, 3.74695, 8.48614]},
			"faces": {
				"north": {"uv": [8, 1.25, 8.25, 2], "texture": "#0"},
				"east": {"uv": [5, 0, 8, 3], "texture": "#1"},
				"south": {"uv": [4, 0, 5, 3], "texture": "#1"},
				"west": {"uv": [7, 6.5, 7.75, 7.25], "texture": "#0"},
				"down": {"uv": [4, 3, 5, 0], "texture": "#1"}
			}
		},
		{
			"from": [13.5, 15.10355, 6.98614],
			"to": [14.5, 15.35355, 8.98614],
			"rotation": {"angle": 45, "axis": "x", "origin": [9, 14.35355, 8.48614]},
			"faces": {
				"north": {"uv": [0.75, 8.75, 1, 8.875], "texture": "#0"},
				"east": {"uv": [6, 8.5, 6.5, 8.625], "texture": "#0"},
				"south": {"uv": [8.75, 0.75, 9, 0.875], "texture": "#0"},
				"up": {"uv": [4.5, 8, 5, 8.25], "rotation": 90, "texture": "#0"},
				"down": {"uv": [1.75, 8.5, 2.25, 8.25], "rotation": 270, "texture": "#0"}
			}
		},
		{
			"from": [12, 15.10355, 6.98614],
			"to": [13.5, 15.35355, 9.98614],
			"rotation": {"angle": 45, "axis": "x", "origin": [9, 14.35355, 8.48614]},
			"faces": {
				"north": {"uv": [7.5, 8.5, 7.875, 8.625], "texture": "#0"},
				"east": {"uv": [8.5, 4, 9.25, 4.125], "texture": "#0"},
				"south": {"uv": [8.5, 7.5, 8.875, 7.625], "texture": "#0"},
				"west": {"uv": [3.75, 8.5, 4.5, 8.625], "texture": "#0"},
				"up": {"uv": [7.75, 7.5, 8.5, 7.875], "rotation": 90, "texture": "#0"},
				"down": {"uv": [0, 8.375, 0.75, 8], "rotation": 270, "texture": "#0"}
			}
		},
		{
			"from": [12, 15.10355, 5.92548],
			"to": [13.5, 15.35355, 9.17548],
			"rotation": {"angle": -45, "axis": "x", "origin": [9, 14.35355, 7.42548]},
			"faces": {
				"north": {"uv": [8.5, 7, 8.875, 7.125], "texture": "#0"},
				"east": {"uv": [6.75, 8.25, 7.625, 8.375], "texture": "#0"},
				"south": {"uv": [8.5, 7.25, 8.875, 7.375], "texture": "#0"},
				"west": {"uv": [5.75, 8.25, 6.625, 8.375], "texture": "#0"},
				"up": {"uv": [7.5, 4.5, 8.375, 4.875], "rotation": 90, "texture": "#0"},
				"down": {"uv": [7.5, 5.375, 8.375, 5], "rotation": 270, "texture": "#0"}
			}
		},
		{
			"from": [13.5, 15.10355, 6.92548],
			"to": [14.5, 15.35355, 9.17548],
			"rotation": {"angle": -45, "axis": "x", "origin": [9, 14.35355, 7.42548]},
			"faces": {
				"north": {"uv": [0.5, 8.75, 0.75, 8.875], "texture": "#0"},
				"east": {"uv": [5.25, 8.5, 5.875, 8.625], "texture": "#0"},
				"south": {"uv": [8.75, 0.5, 9, 0.625], "texture": "#0"},
				"up": {"uv": [7.75, 8, 8.375, 8.25], "rotation": 90, "texture": "#0"},
				"down": {"uv": [0.75, 8.5, 1.375, 8.25], "rotation": 270, "texture": "#0"}
			}
		},
		{
			"from": [13.5, 10.10355, 6.92548],
			"to": [14.5, 10.35355, 9.17548],
			"rotation": {"angle": -45, "axis": "x", "origin": [9, 9.35355, 7.42548]},
			"faces": {
				"north": {"uv": [0.5, 8.75, 0.75, 8.875], "texture": "#0"},
				"east": {"uv": [5.25, 8.5, 5.875, 8.625], "texture": "#0"},
				"south": {"uv": [8.75, 0.5, 9, 0.625], "texture": "#0"},
				"up": {"uv": [7.75, 8, 8.375, 8.25], "rotation": 90, "texture": "#0"},
				"down": {"uv": [0.75, 8.5, 1.375, 8.25], "rotation": 270, "texture": "#0"}
			}
		},
		{
			"from": [12, 10.10355, 5.92548],
			"to": [13.5, 10.35355, 9.17548],
			"rotation": {"angle": -45, "axis": "x", "origin": [9, 9.35355, 7.42548]},
			"faces": {
				"north": {"uv": [8.5, 7, 8.875, 7.125], "texture": "#0"},
				"east": {"uv": [6.75, 8.25, 7.625, 8.375], "texture": "#0"},
				"south": {"uv": [8.5, 7.25, 8.875, 7.375], "texture": "#0"},
				"west": {"uv": [5.75, 8.25, 6.625, 8.375], "texture": "#0"},
				"up": {"uv": [7.5, 4.5, 8.375, 4.875], "rotation": 90, "texture": "#0"},
				"down": {"uv": [7.5, 5.375, 8.375, 5], "rotation": 270, "texture": "#0"}
			}
		},
		{
			"from": [12, 10.10355, 6.98614],
			"to": [13.5, 10.35355, 9.98614],
			"rotation": {"angle": 45, "axis": "x", "origin": [9, 9.35355, 8.48614]},
			"faces": {
				"north": {"uv": [7.5, 8.5, 7.875, 8.625], "texture": "#0"},
				"east": {"uv": [8.5, 4, 9.25, 4.125], "texture": "#0"},
				"south": {"uv": [8.5, 7.5, 8.875, 7.625], "texture": "#0"},
				"west": {"uv": [3.75, 8.5, 4.5, 8.625], "texture": "#0"},
				"up": {"uv": [7.75, 7.5, 8.5, 7.875], "rotation": 90, "texture": "#0"},
				"down": {"uv": [0, 8.375, 0.75, 8], "rotation": 270, "texture": "#0"}
			}
		},
		{
			"from": [13.5, 10.10355, 6.98614],
			"to": [14.5, 10.35355, 8.98614],
			"rotation": {"angle": 45, "axis": "x", "origin": [9, 9.35355, 8.48614]},
			"faces": {
				"north": {"uv": [0.75, 8.75, 1, 8.875], "texture": "#0"},
				"east": {"uv": [6, 8.5, 6.5, 8.625], "texture": "#0"},
				"south": {"uv": [8.75, 0.75, 9, 0.875], "texture": "#0"},
				"up": {"uv": [4.5, 8, 5, 8.25], "rotation": 90, "texture": "#0"},
				"down": {"uv": [1.75, 8.5, 2.25, 8.25], "rotation": 270, "texture": "#0"}
			}
		},
		{
			"from": [12, 3.99695, -0.51386],
			"to": [13, 6.99695, 2.48614],
			"rotation": {"angle": 45, "axis": "x", "origin": [9, -1.25305, 8.48614]},
			"faces": {
				"north": {"uv": [8, 1.25, 8.25, 2], "texture": "#0"},
				"east": {"uv": [5, 3, 8, 6], "texture": "#1"},
				"south": {"uv": [4, 3, 5, 6], "texture": "#1"},
				"west": {"uv": [7, 6.5, 7.75, 7.25], "texture": "#0"},
				"down": {"uv": [4, 6, 5, 3], "texture": "#1"}
			}
		},
		{
			"from": [-1.11486, -1.40405, 11.999],
			"to": [2.88714, 2.59795, 12.001],
			"rotation": {"angle": -45, "axis": "z", "origin": [8.48614, -6.25305, 9]},
			"faces": {
				"north": {"uv": [7.75, 6.5, 7, 7.25], "texture": "#0"},
				"east": {"uv": [1.75, 8, 1.5, 8.75], "texture": "#0"},
				"south": {"uv": [0.75, 9, 0, 9.75], "texture": "#0"},
				"west": {"uv": [8.25, 1.25, 8, 2], "texture": "#0"},
				"down": {"uv": [1.75, 8.75, 1.5, 8], "rotation": 90, "texture": "#0"}
			}
		},
		{
			"from": [-1.11486, 3.59595, 11.999],
			"to": [2.88714, 7.59795, 12.001],
			"rotation": {"angle": -45, "axis": "z", "origin": [8.48614, -1.25305, 9]},
			"faces": {
				"north": {"uv": [7.75, 6.5, 7, 7.25], "texture": "#0"},
				"east": {"uv": [1.75, 8, 1.5, 8.75], "texture": "#0"},
				"south": {"uv": [0.75, 9, 0, 9.75], "texture": "#0"},
				"west": {"uv": [8.25, 1.25, 8, 2], "texture": "#0"},
				"down": {"uv": [1.75, 8.75, 1.5, 8], "rotation": 90, "texture": "#0"}
			}
		},
		{
			"from": [-1.11486, 8.59595, 11.999],
			"to": [2.88714, 12.59795, 12.001],
			"rotation": {"angle": -45, "axis": "z", "origin": [8.48614, 3.74695, 9]},
			"faces": {
				"north": {"uv": [7.75, 6.5, 7, 7.25], "texture": "#0"},
				"east": {"uv": [1.75, 8, 1.5, 8.75], "texture": "#0"},
				"south": {"uv": [0.75, 9, 0, 9.75], "texture": "#0"},
				"west": {"uv": [8.25, 1.25, 8, 2], "texture": "#0"},
				"down": {"uv": [1.75, 8.75, 1.5, 8], "rotation": 90, "texture": "#0"}
			}
		},
		{
			"from": [12.01286, -1.40405, -1.07067],
			"to": [12.01486, 2.59795, 2.93133],
			"rotation": {"angle": 45, "axis": "x", "origin": [7.51386, -6.25305, 8.53033]},
			"faces": {
				"north": {"uv": [8, 1.25, 8.25, 2], "texture": "#0"},
				"east": {"uv": [0, 9, 0.75, 9.75], "texture": "#0"},
				"south": {"uv": [1.5, 8, 1.75, 8.75], "texture": "#0"},
				"west": {"uv": [7, 6.5, 7.75, 7.25], "texture": "#0"},
				"down": {"uv": [1.5, 8.75, 1.75, 8], "texture": "#0"}
			}
		},
		{
			"from": [12.01286, 3.59595, -1.07067],
			"to": [12.01486, 7.59795, 2.93133],
			"rotation": {"angle": 45, "axis": "x", "origin": [7.51386, -1.25305, 8.53033]},
			"faces": {
				"north": {"uv": [8, 1.25, 8.25, 2], "texture": "#0"},
				"east": {"uv": [0, 9, 0.75, 9.75], "texture": "#0"},
				"south": {"uv": [1.5, 8, 1.75, 8.75], "texture": "#0"},
				"west": {"uv": [7, 6.5, 7.75, 7.25], "texture": "#0"},
				"down": {"uv": [1.5, 8.75, 1.75, 8], "texture": "#0"}
			}
		},
		{
			"from": [12.01286, 8.59595, -1.07067],
			"to": [12.01486, 12.59795, 2.93133],
			"rotation": {"angle": 45, "axis": "x", "origin": [7.51386, 3.74695, 8.53033]},
			"faces": {
				"north": {"uv": [8, 1.25, 8.25, 2], "texture": "#0"},
				"east": {"uv": [0, 9, 0.75, 9.75], "texture": "#0"},
				"south": {"uv": [1.5, 8, 1.75, 8.75], "texture": "#0"},
				"west": {"uv": [7, 6.5, 7.75, 7.25], "texture": "#0"},
				"down": {"uv": [1.5, 8.75, 1.75, 8], "texture": "#0"}
			}
		},
		{
			"from": [1.999, 24.999, 1.999],
			"to": [14.001, 26.001, 14.001],
			"faces": {
				"north": {"uv": [0, 5, 3, 5.25], "texture": "#0"},
				"east": {"uv": [0, 5, 3, 5.25], "texture": "#0"},
				"south": {"uv": [0, 5, 3, 5.25], "texture": "#0"},
				"west": {"uv": [0, 5, 3, 5.25], "texture": "#0"},
				"up": {"uv": [0, 2, 3, 5], "texture": "#0"},
				"down": {"uv": [0, 2, 3, 5], "texture": "#0"}
			}
		},
		{
			"from": [7.5, 18, 7.5],
			"to": [8.5, 24, 8.5],
			"rotation": {"angle": 0, "axis": "y", "origin": [7.5, 0, 7.5]},
			"faces": {
				"north": {"uv": [0.25, 5.5, 0, 7], "texture": "#0"},
				"east": {"uv": [0, 5.5, 0.25, 7], "texture": "#0"},
				"south": {"uv": [0.25, 5.5, 0, 7], "texture": "#0"},
				"west": {"uv": [0, 5.5, 0.25, 7], "texture": "#0"},
				"up": {"uv": [0, 0, 0.25, 0.25], "texture": "#missing"},
				"down": {"uv": [0, 0, 0.25, 0.25], "texture": "#missing"}
			}
		}
	],
	"display": {
		"thirdperson_righthand": {
			"rotation": [75, 45, 0],
			"translation": [0, 2.5, 0],
			"scale": [0.375, 0.375, 0.375]
		},
		"thirdperson_lefthand": {
			"rotation": [75, 45, 0],
			"translation": [0, 2.5, 0],
			"scale": [0.375, 0.375, 0.375]
		},
		"firstperson_righthand": {
			"rotation": [0, 45, 0],
			"scale": [0.4, 0.4, 0.4]
		},
		"firstperson_lefthand": {
			"rotation": [0, 225, 0],
			"scale": [0.4, 0.4, 0.4]
		},
		"ground": {
			"translation": [0, 3, 0],
			"scale": [0.25, 0.25, 0.25]
		},
		"head": {
			"translation": [0, 14.25, 0]
		},
		"fixed": {
			"rotation": [90, 0, 0],
			"translation": [0, 0, -34.2],
			"scale": [2.01, 2.01, 2.01]
		}
	}
}