{
  "model": {
    "type": "minecraft:condition",
    "property": "minecraft:has_component",
    "component": "minecraft:custom_name",
    "on_true": {
      "type": "minecraft:select",
      "property": "minecraft:component",
      "component": "minecraft:custom_name",
      "cases": [
        {
          "when": "Blue Backpack",
          "model": {
            "type": "minecraft:model",
            "model": "minecraft:item/carved_pumpkin/back_backpack_blue",
            "tints": []
          }
        },
        {
          "when": "Doc Ock",
          "model": {
            "type": "minecraft:model",
            "model": "minecraft:item/carved_pumpkin/back_doc_ock_arms",
            "tints": []
          }
        },
        {
          "when": "Fairy Wings",
          "model": {
            "type": "minecraft:model",
            "model": "minecraft:item/carved_pumpkin/back_fairywings",
            "tints": []
          }
        },
        {
          "when": "Awesome Fairy Wings",
          "model": {
            "type": "minecraft:model",
            "model": "minecraft:item/carved_pumpkin/back_fairywingsbutawesome",
            "tints": []
          }
        },
        {
          "when": "Alaira's Broom",
          "model": {
            "type": "minecraft:model",
            "model": "minecraft:item/carved_pumpkin/combo_atelier_witch_alaira_broom",
            "tints": []
          }
        },
        {
          "when": "Coco's Broom",
          "model": {
            "type": "minecraft:model",
            "model": "minecraft:item/carved_pumpkin/combo_atelier_witch_coco_broom",
            "tints": []
          }
        },
        {
          "when": "Kukrow's Broom",
          "model": {
            "type": "minecraft:model",
            "model": "minecraft:item/carved_pumpkin/combo_atelier_witch_kukrow_broom",
            "tints": []
          }
        },
        {
          "when": "Nolnoa's Broom",
          "model": {
            "type": "minecraft:model",
            "model": "minecraft:item/carved_pumpkin/combo_atelier_witch_nolnoa_broom",
            "tints": []
          }
        },
        {
          "when": "Olruggio's Broom",
          "model": {
            "type": "minecraft:model",
            "model": "minecraft:item/carved_pumpkin/combo_atelier_witch_Olruggio_broom",
            "tints": []
          }
        },
        {
          "when": "Qifrey's Broom",
          "model": {
            "type": "minecraft:model",
            "model": "minecraft:item/carved_pumpkin/combo_atelier_witch_qifrey_broom",
            "tints": []
          }
        },
        {
          "when": "Tetia's Broom",
          "model": {
            "type": "minecraft:model",
            "model": "minecraft:item/carved_pumpkin/combo_atelier_witch_tetia_broom",
            "tints": []
          }
        },
        {
          "when": "Theorder's Broom",
          "model": {
            "type": "minecraft:model",
            "model": "minecraft:item/carved_pumpkin/combo_atelier_witch_theorder_broom",
            "tints": []
          }
        },
        {
          "when": "Red Bow Broom",
          "model": {
            "type": "minecraft:model",
            "model": "minecraft:item/carved_pumpkin/combo_red_bow_broom",
            "tints": []
          }
        },
        {
          "when": "Companion Cube",
          "model": {
            "type": "minecraft:model",
            "model": "minecraft:item/carved_pumpkin/companion_cube",
            "tints": []
          }
        },
        {
          "when": "1-Up Mushroom",
          "model": {
            "type": "minecraft:model",
            "model": "minecraft:item/carved_pumpkin/deco_1up_mushroom",
            "tints": []
          }
        },
        {
          "when": "Alto Sign Plate",
          "model": {
            "type": "minecraft:model",
            "model": "minecraft:item/carved_pumpkin/deco_alto_sign_plate",
            "tints": []
          }
        },
        {
          "when": "Alto Sign",
          "model": {
            "type": "minecraft:model",
            "model": "minecraft:item/carved_pumpkin/deco_alto_sign",
            "tints": []
          }
        },
        {
          "when": "American Exit",
          "model": {
            "type": "minecraft:model",
            "model": "minecraft:item/carved_pumpkin/deco_american_exit",
            "tints": []
          }
        },
        {
          "when": "Arrow Down",
          "model": {
            "type": "minecraft:model",
            "model": "minecraft:item/carved_pumpkin/deco_arrow_down",
            "tints": []
          }
        },
        {
          "when": "Arrow Side",
          "model": {
            "type": "minecraft:model",
            "model": "minecraft:item/carved_pumpkin/deco_arrow_side",
            "tints": []
          }
        },
        {
          "when": "Birthday Cake",
          "model": {
            "type": "minecraft:model",
            "model": "minecraft:item/carved_pumpkin/deco_birthday_cake",
            "tints": []
          }
        },
        {
          "when": "Black Red Gift Box",
          "model": {
            "type": "minecraft:model",
            "model": "minecraft:item/carved_pumpkin/deco_black_red_gift_box",
            "tints": []
          }
        },
        {
          "when": "Blue Yellow Gift Box",
          "model": {
            "type": "minecraft:model",
            "model": "minecraft:item/carved_pumpkin/deco_blue_yellow_gift_box",
            "tints": []
          }
        },
        {
          "when": "Cardboard Box",
          "model": {
            "type": "minecraft:model",
            "model": "minecraft:item/carved_pumpkin/deco_cardboard_box",
            "tints": []
          }
        },
        {
          "when": "Checkered Game Board",
          "model": {
            "type": "minecraft:model",
            "model": "minecraft:item/carved_pumpkin/deco_checkered_game_board",
            "tints": []
          }
        },
        {
          "when": "Black Chess Bishop",
          "model": {
            "type": "minecraft:model",
            "model": "minecraft:item/carved_pumpkin/deco_chess_bishop_black",
            "tints": []
          }
        },
        {
          "when": "White Chess Bishop",
          "model": {
            "type": "minecraft:model",
            "model": "minecraft:item/carved_pumpkin/deco_chess_bishop_white",
            "tints": []
          }
        },
        {
          "when": "Black Chess King",
          "model": {
            "type": "minecraft:model",
            "model": "minecraft:item/carved_pumpkin/deco_chess_king_black",
            "tints": []
          }
        },
        {
          "when": "White Chess King",
          "model": {
            "type": "minecraft:model",
            "model": "minecraft:item/carved_pumpkin/deco_chess_king_white",
            "tints": []
          }
        },
        {
          "when": "Black Chess Knight",
          "model": {
            "type": "minecraft:model",
            "model": "minecraft:item/carved_pumpkin/deco_chess_knight_black",
            "tints": []
          }
        },
        {
          "when": "White Chess Knight",
          "model": {
            "type": "minecraft:model",
            "model": "minecraft:item/carved_pumpkin/deco_chess_knight_white",
            "tints": []
          }
        },
        {
          "when": "Black Chess Pawn",
          "model": {
            "type": "minecraft:model",
            "model": "minecraft:item/carved_pumpkin/deco_chess_pawn_black",
            "tints": []
          }
        },
        {
          "when": "White Chess Pawn",
          "model": {
            "type": "minecraft:model",
            "model": "minecraft:item/carved_pumpkin/deco_chess_pawn_white",
            "tints": []
          }
        },
        {
          "when": "Black Chess Queen",
          "model": {
            "type": "minecraft:model",
            "model": "minecraft:item/carved_pumpkin/deco_chess_queen_black",
            "tints": []
          }
        },
        {
          "when": "White Chess Queen",
          "model": {
            "type": "minecraft:model",
            "model": "minecraft:item/carved_pumpkin/deco_chess_queen_white",
            "tints": []
          }
        },
        {
          "when": "Black Chess Rook",
          "model": {
            "type": "minecraft:model",
            "model": "minecraft:item/carved_pumpkin/deco_chess_rook_black",
            "tints": []
          }
        },
        {
          "when": "White Chess Rook",
          "model": {
            "type": "minecraft:model",
            "model": "minecraft:item/carved_pumpkin/deco_chess_rook_white",
            "tints": []
          }
        },
        {
          "when": "Chibi Alex",
          "model": {
            "type": "minecraft:model",
            "model": "minecraft:item/carved_pumpkin/deco_chibi_alex",
            "tints": []
          }
        },
        {
          "when": "Chibi Asuka",
          "model": {
            "type": "minecraft:model",
            "model": "minecraft:item/carved_pumpkin/deco_chibi_asuka",
            "tints": []
          }
        },
        {
          "when": "Chibi Auri",
          "model": {
            "type": "minecraft:model",
            "model": "minecraft:item/carved_pumpkin/deco_chibi_auri",
            "tints": []
          }
        },
        {
          "when": "Chibi Barebug",
          "model": {
            "type": "minecraft:model",
            "model": "minecraft:item/carved_pumpkin/deco_chibi_barebug",
            "tints": []
          }
        },
        {
          "when": "Chibi Bdeathlord",
          "model": {
            "type": "minecraft:model",
            "model": "minecraft:item/carved_pumpkin/deco_chibi_bdeathlord",
            "tints": []
          }
        },
        {
          "when": "Chibi Cherrylax",
          "model": {
            "type": "minecraft:model",
            "model": "minecraft:item/carved_pumpkin/deco_chibi_cherrylax",
            "tints": []
          }
        },
        {
          "when": "Chibi Edwardkee",
          "model": {
            "type": "minecraft:model",
            "model": "minecraft:item/carved_pumpkin/deco_chibi_edwardkee",
            "tints": []
          }
        },
        {
          "when": "Chibi Gendo",
          "model": {
            "type": "minecraft:model",
            "model": "minecraft:item/carved_pumpkin/deco_chibi_gendo",
            "tints": []
          }
        },
        {
          "when": "Chibi Herobrine",
          "model": {
            "type": "minecraft:model",
            "model": "minecraft:item/carved_pumpkin/deco_chibi_herobrine",
            "tints": []
          }
        },
        {
          "when": "Chibi Kaworu",
          "model": {
            "type": "minecraft:model",
            "model": "minecraft:item/carved_pumpkin/deco_chibi_kaworu",
            "tints": []
          }
        },
        {
          "when": "Chibi Lain",
          "model": {
            "type": "minecraft:model",
            "model": "minecraft:item/carved_pumpkin/deco_chibi_lain",
            "tints": []
          }
        },
        {
          "when": "Chibi Liv",
          "model": {
            "type": "minecraft:model",
            "model": "minecraft:item/carved_pumpkin/deco_chibi_liv",
            "tints": []
          }
        },
        {
          "when": "Chibi Marvu",
          "model": {
            "type": "minecraft:model",
            "model": "minecraft:item/carved_pumpkin/deco_chibi_marvu",
            "tints": []
          }
        },
        {
          "when": "Chibi Misato",
          "model": {
            "type": "minecraft:model",
            "model": "minecraft:item/carved_pumpkin/deco_chibi_misato",
            "tints": []
          }
        },
        {
          "when": "Chibi Peter Griffin",
          "model": {
            "type": "minecraft:model",
            "model": "minecraft:item/carved_pumpkin/deco_chibi_peter_griffin",
            "tints": []
          }
        },
        {
          "when": "Chibi Qu Quasar",
          "model": {
            "type": "minecraft:model",
            "model": "minecraft:item/carved_pumpkin/deco_chibi_qu_quasar",
            "tints": []
          }
        },
        {
          "when": "Chibi Rei",
          "model": {
            "type": "minecraft:model",
            "model": "minecraft:item/carved_pumpkin/deco_chibi_rei",
            "tints": []
          }
        },
        {
          "when": "Chibi Shinji",
          "model": {
            "type": "minecraft:model",
            "model": "minecraft:item/carved_pumpkin/deco_chibi_shinji",
            "tints": []
          }
        },
        {
          "when": "Chibi Steve",
          "model": {
            "type": "minecraft:model",
            "model": "minecraft:item/carved_pumpkin/deco_chibi_steve",
            "tints": []
          }
        },
        {
          "when": "Chibi Superpimp",
          "model": {
            "type": "minecraft:model",
            "model": "minecraft:item/carved_pumpkin/deco_chibi_superpimp",
            "tints": []
          }
        },
        {
          "when": "Chibi Zombiext50",
          "model": {
            "type": "minecraft:model",
            "model": "minecraft:item/carved_pumpkin/deco_chibi_zombiext50",
            "tints": []
          }
        },
        {
          "when": "Computer Monitor",
          "model": {
            "type": "minecraft:model",
            "model": "minecraft:item/carved_pumpkin/deco_computer_monitor",
            "tints": []
          }
        },
        {
          "when": "Copper Golem",
          "model": {
            "type": "minecraft:model",
            "model": "minecraft:item/carved_pumpkin/deco_copper_golem",
            "tints": []
          }
        },
        {
          "when": "Drone",
          "model": {
            "type": "minecraft:model",
            "model": "minecraft:item/carved_pumpkin/deco_drone",
            "tints": []
          }
        },
        {
          "when": "Exit",
          "model": {
            "type": "minecraft:model",
            "model": "minecraft:item/carved_pumpkin/deco_exit",
            "tints": []
          }
        },
        {
          "when": "Fake Stone",
          "model": {
            "type": "minecraft:model",
            "model": "minecraft:item/carved_pumpkin/deco_fake_stone",
            "tints": []
          }
        },
        {
          "when": "Fish Bowl",
          "model": {
            "type": "minecraft:model",
            "model": "minecraft:item/carved_pumpkin/deco_fish_bowl",
            "tints": []
          }
        },
        {
          "when": "Frog",
          "model": {
            "type": "minecraft:model",
            "model": "minecraft:item/carved_pumpkin/deco_frog",
            "tints": []
          }
        },
        {
          "when": "Go Sign Plate",
          "model": {
            "type": "minecraft:model",
            "model": "minecraft:item/carved_pumpkin/deco_go_sign_plate",
            "tints": []
          }
        },
        {
          "when": "Go Sign",
          "model": {
            "type": "minecraft:model",
            "model": "minecraft:item/carved_pumpkin/deco_go_sign",
            "tints": []
          }
        },
        {
          "when": "Green Yellow Gift Box",
          "model": {
            "type": "minecraft:model",
            "model": "minecraft:item/carved_pumpkin/deco_green_yellow_gift_box",
            "tints": []
          }
        },
        {
          "when": "Large Billboard",
          "model": {
            "type": "minecraft:model",
            "model": "minecraft:item/carved_pumpkin/deco_large_billboard",
            "tints": []
          }
        },
        {
          "when": "Light Blue White Gift Box",
          "model": {
            "type": "minecraft:model",
            "model": "minecraft:item/carved_pumpkin/deco_light_blue_white_gift_box",
            "tints": []
          }
        },
        {
          "when": "Lime Red Gift Box",
          "model": {
            "type": "minecraft:model",
            "model": "minecraft:item/carved_pumpkin/deco_lime_red_gift_box",
            "tints": []
          }
        },
        {
          "when": "Magenta Pink Gift Box",
          "model": {
            "type": "minecraft:model",
            "model": "minecraft:item/carved_pumpkin/deco_magenta_pink_gift_box",
            "tints": []
          }
        },
        {
          "when": "Mailbox",
          "model": {
            "type": "minecraft:model",
            "model": "minecraft:item/carved_pumpkin/deco_mailbox",
            "tints": []
          }
        },
        {
          "when": "Menorah",
          "model": {
            "type": "minecraft:model",
            "model": "minecraft:item/carved_pumpkin/deco_menorah",
            "tints": []
          }
        },
        {
          "when": "Minispec",
          "model": {
            "type": "minecraft:model",
            "model": "minecraft:item/carved_pumpkin/deco_minispec",
            "tints": []
          }
        },
        {
          "when": "Mushrooms",
          "model": {
            "type": "minecraft:model",
            "model": "minecraft:item/carved_pumpkin/deco_mushrooms",
            "tints": []
          }
        },
        {
          "when": "Navi",
          "model": {
            "type": "minecraft:model",
            "model": "minecraft:item/carved_pumpkin/deco_navi",
            "tints": []
          }
        },
        {
          "when": "Orange White Gift Box",
          "model": {
            "type": "minecraft:model",
            "model": "minecraft:item/carved_pumpkin/deco_orange_white_gift_box",
            "tints": []
          }
        },
        {
          "when": "Picnic Basket",
          "model": {
            "type": "minecraft:model",
            "model": "minecraft:item/carved_pumpkin/deco_picnic_basket",
            "tints": []
          }
        },
        {
          "when": "Pizza",
          "model": {
            "type": "minecraft:model",
            "model": "minecraft:item/carved_pumpkin/deco_pizza",
            "tints": []
          }
        },
        {
          "when": "Post Template",
          "model": {
            "type": "minecraft:model",
            "model": "minecraft:item/carved_pumpkin/deco_post_template",
            "tints": []
          }
        },
        {
          "when": "Question Block",
          "model": {
            "type": "minecraft:model",
            "model": "minecraft:item/carved_pumpkin/deco_question_block",
            "tints": []
          }
        },
        {
          "when": "Red Green Gift Box",
          "model": {
            "type": "minecraft:model",
            "model": "minecraft:item/carved_pumpkin/deco_red_green_gift_box",
            "tints": []
          }
        },
        {
          "when": "Red Yellow Gift Box",
          "model": {
            "type": "minecraft:model",
            "model": "minecraft:item/carved_pumpkin/deco_red_yellow_gift_box",
            "tints": []
          }
        },
        {
          "when": "Rubber Duck",
          "model": {
            "type": "minecraft:model",
            "model": "minecraft:item/carved_pumpkin/deco_rubber_duck",
            "tints": []
          }
        },
        {
          "when": "Slow Sign Plate",
          "model": {
            "type": "minecraft:model",
            "model": "minecraft:item/carved_pumpkin/deco_slow_sign_plate",
            "tints": []
          }
        },
        {
          "when": "Slow Sign",
          "model": {
            "type": "minecraft:model",
            "model": "minecraft:item/carved_pumpkin/deco_slow_sign",
            "tints": []
          }
        },
        {
          "when": "Soot Sprite",
          "model": {
            "type": "minecraft:model",
            "model": "minecraft:item/carved_pumpkin/deco_soot_sprite",
            "tints": []
          }
        },
        {
          "when": "Spongebob",
          "model": {
            "type": "minecraft:model",
            "model": "minecraft:item/carved_pumpkin/deco_spongebob",
            "tints": []
          }
        },
        {
          "when": "Starman",
          "model": {
            "type": "minecraft:model",
            "model": "minecraft:item/carved_pumpkin/deco_starman",
            "tints": []
          }
        },
        {
          "when": "Herobrine Statue",
          "model": {
            "type": "minecraft:model",
            "model": "minecraft:item/carved_pumpkin/deco_statue_herobroine",
            "tints": []
          }
        },
        {
          "when": "Smurfette Statue",
          "model": {
            "type": "minecraft:model",
            "model": "minecraft:item/carved_pumpkin/deco_statue_smurfette",
            "tints": []
          }
        },
        {
          "when": "Stop Sign Plate",
          "model": {
            "type": "minecraft:model",
            "model": "minecraft:item/carved_pumpkin/deco_stop_sign_plate",
            "tints": []
          }
        },
        {
          "when": "Stop Sign",
          "model": {
            "type": "minecraft:model",
            "model": "minecraft:item/carved_pumpkin/deco_stop_sign",
            "tints": []
          }
        },
        {
          "when": "Street Light Mounted",
          "model": {
            "type": "minecraft:model",
            "model": "minecraft:item/carved_pumpkin/deco_street_light_mounted",
            "tints": []
          }
        },
        {
          "when": "Street Light Pole",
          "model": {
            "type": "minecraft:model",
            "model": "minecraft:item/carved_pumpkin/deco_street_light_pole",
            "tints": []
          }
        },
        {
          "when": "Super Mushroom",
          "model": {
            "type": "minecraft:model",
            "model": "minecraft:item/carved_pumpkin/deco_super_mushroom",
            "tints": []
          }
        },
        {
          "when": "Teddy Bear",
          "model": {
            "type": "minecraft:model",
            "model": "minecraft:item/carved_pumpkin/deco_teddy_bear",
            "tints": []
          }
        },
        {
          "when": "Television",
          "model": {
            "type": "minecraft:model",
            "model": "minecraft:item/carved_pumpkin/deco_television",
            "tints": []
          }
        },
        {
          "when": "Tiny Agnes",
          "model": {
            "type": "minecraft:model",
            "model": "minecraft:item/carved_pumpkin/deco_tiny_agnes",
            "tints": []
          }
        },
        {
          "when": "Tiny Jens",
          "model": {
            "type": "minecraft:model",
            "model": "minecraft:item/carved_pumpkin/deco_tiny_jens",
            "tints": []
          }
        },
        {
          "when": "Tiny Vu",
          "model": {
            "type": "minecraft:model",
            "model": "minecraft:item/carved_pumpkin/deco_tiny_vu",
            "tints": []
          }
        },
        {
          "when": "Tombstone 1A",
          "model": {
            "type": "minecraft:model",
            "model": "minecraft:item/carved_pumpkin/deco_tombstone1a",
            "tints": []
          }
        },
        {
          "when": "Tombstone 1B",
          "model": {
            "type": "minecraft:model",
            "model": "minecraft:item/carved_pumpkin/deco_tombstone1b",
            "tints": []
          }
        },
        {
          "when": "Tombstone 1C",
          "model": {
            "type": "minecraft:model",
            "model": "minecraft:item/carved_pumpkin/deco_tombstone1c",
            "tints": []
          }
        },
        {
          "when": "Tombstone 1D",
          "model": {
            "type": "minecraft:model",
            "model": "minecraft:item/carved_pumpkin/deco_tombstone1d",
            "tints": []
          }
        },
        {
          "when": "Tombstone 1E",
          "model": {
            "type": "minecraft:model",
            "model": "minecraft:item/carved_pumpkin/deco_tombstone1e",
            "tints": []
          }
        },
        {
          "when": "Tombstone 1F",
          "model": {
            "type": "minecraft:model",
            "model": "minecraft:item/carved_pumpkin/deco_tombstone1f",
            "tints": []
          }
        },
        {
          "when": "Tombstone 1G",
          "model": {
            "type": "minecraft:model",
            "model": "minecraft:item/carved_pumpkin/deco_tombstone1g",
            "tints": []
          }
        },
        {
          "when": "Tombstone 1H",
          "model": {
            "type": "minecraft:model",
            "model": "minecraft:item/carved_pumpkin/deco_tombstone1h",
            "tints": []
          }
        },
        {
          "when": "Tombstone 1I",
          "model": {
            "type": "minecraft:model",
            "model": "minecraft:item/carved_pumpkin/deco_tombstone1i",
            "tints": []
          }
        },
        {
          "when": "Tombstone 2A",
          "model": {
            "type": "minecraft:model",
            "model": "minecraft:item/carved_pumpkin/deco_tombstone2a",
            "tints": []
          }
        },
        {
          "when": "Tombstone 2B",
          "model": {
            "type": "minecraft:model",
            "model": "minecraft:item/carved_pumpkin/deco_tombstone2b",
            "tints": []
          }
        },
        {
          "when": "Tombstone 2C",
          "model": {
            "type": "minecraft:model",
            "model": "minecraft:item/carved_pumpkin/deco_tombstone2c",
            "tints": []
          }
        },
        {
          "when": "Tombstone 2D",
          "model": {
            "type": "minecraft:model",
            "model": "minecraft:item/carved_pumpkin/deco_tombstone2d",
            "tints": []
          }
        },
        {
          "when": "Tombstone 2E",
          "model": {
            "type": "minecraft:model",
            "model": "minecraft:item/carved_pumpkin/deco_tombstone2e",
            "tints": []
          }
        },
        {
          "when": "Tombstone 2F",
          "model": {
            "type": "minecraft:model",
            "model": "minecraft:item/carved_pumpkin/deco_tombstone2f",
            "tints": []
          }
        },
        {
          "when": "Tombstone 2G",
          "model": {
            "type": "minecraft:model",
            "model": "minecraft:item/carved_pumpkin/deco_tombstone2g",
            "tints": []
          }
        },
        {
          "when": "Tombstone 2H",
          "model": {
            "type": "minecraft:model",
            "model": "minecraft:item/carved_pumpkin/deco_tombstone2h",
            "tints": []
          }
        },
        {
          "when": "Tombstone 2I",
          "model": {
            "type": "minecraft:model",
            "model": "minecraft:item/carved_pumpkin/deco_tombstone2i",
            "tints": []
          }
        },
        {
          "when": "Tombstone 3A",
          "model": {
            "type": "minecraft:model",
            "model": "minecraft:item/carved_pumpkin/deco_tombstone3a",
            "tints": []
          }
        },
        {
          "when": "Tombstone 3B",
          "model": {
            "type": "minecraft:model",
            "model": "minecraft:item/carved_pumpkin/deco_tombstone3b",
            "tints": []
          }
        },
        {
          "when": "Tombstone 3C",
          "model": {
            "type": "minecraft:model",
            "model": "minecraft:item/carved_pumpkin/deco_tombstone3c",
            "tints": []
          }
        },
        {
          "when": "Tombstone 3D",
          "model": {
            "type": "minecraft:model",
            "model": "minecraft:item/carved_pumpkin/deco_tombstone3d",
            "tints": []
          }
        },
        {
          "when": "Tombstone 3E",
          "model": {
            "type": "minecraft:model",
            "model": "minecraft:item/carved_pumpkin/deco_tombstone3e",
            "tints": []
          }
        },
        {
          "when": "Tombstone 3F",
          "model": {
            "type": "minecraft:model",
            "model": "minecraft:item/carved_pumpkin/deco_tombstone3f",
            "tints": []
          }
        },
        {
          "when": "Tombstone 3G",
          "model": {
            "type": "minecraft:model",
            "model": "minecraft:item/carved_pumpkin/deco_tombstone3g",
            "tints": []
          }
        },
        {
          "when": "Tombstone 3H",
          "model": {
            "type": "minecraft:model",
            "model": "minecraft:item/carved_pumpkin/deco_tombstone3h",
            "tints": []
          }
        },
        {
          "when": "Tombstone 3I",
          "model": {
            "type": "minecraft:model",
            "model": "minecraft:item/carved_pumpkin/deco_tombstone3i",
            "tints": []
          }
        },
        {
          "when": "Tombstone 4A",
          "model": {
            "type": "minecraft:model",
            "model": "minecraft:item/carved_pumpkin/deco_tombstone4a",
            "tints": []
          }
        },
        {
          "when": "Tombstone 4B",
          "model": {
            "type": "minecraft:model",
            "model": "minecraft:item/carved_pumpkin/deco_tombstone4b",
            "tints": []
          }
        },
        {
          "when": "Tombstone 4C",
          "model": {
            "type": "minecraft:model",
            "model": "minecraft:item/carved_pumpkin/deco_tombstone4c",
            "tints": []
          }
        },
        {
          "when": "Tombstone 4D",
          "model": {
            "type": "minecraft:model",
            "model": "minecraft:item/carved_pumpkin/deco_tombstone4d",
            "tints": []
          }
        },
        {
          "when": "Tombstone 4E",
          "model": {
            "type": "minecraft:model",
            "model": "minecraft:item/carved_pumpkin/deco_tombstone4e",
            "tints": []
          }
        },
        {
          "when": "Tombstone 4F",
          "model": {
            "type": "minecraft:model",
            "model": "minecraft:item/carved_pumpkin/deco_tombstone4f",
            "tints": []
          }
        },
        {
          "when": "Tombstone 4G",
          "model": {
            "type": "minecraft:model",
            "model": "minecraft:item/carved_pumpkin/deco_tombstone4g",
            "tints": []
          }
        },
        {
          "when": "Tombstone 4H",
          "model": {
            "type": "minecraft:model",
            "model": "minecraft:item/carved_pumpkin/deco_tombstone4h",
            "tints": []
          }
        },
        {
          "when": "Tombstone 4I",
          "model": {
            "type": "minecraft:model",
            "model": "minecraft:item/carved_pumpkin/deco_tombstone4i",
            "tints": []
          }
        },
        {
          "when": "Tombstone 5A",
          "model": {
            "type": "minecraft:model",
            "model": "minecraft:item/carved_pumpkin/deco_tombstone5a",
            "tints": []
          }
        },
        {
          "when": "Tombstone 5B",
          "model": {
            "type": "minecraft:model",
            "model": "minecraft:item/carved_pumpkin/deco_tombstone5b",
            "tints": []
          }
        },
        {
          "when": "Tombstone 5C",
          "model": {
            "type": "minecraft:model",
            "model": "minecraft:item/carved_pumpkin/deco_tombstone5c",
            "tints": []
          }
        },
        {
          "when": "Tombstone 5D",
          "model": {
            "type": "minecraft:model",
            "model": "minecraft:item/carved_pumpkin/deco_tombstone5d",
            "tints": []
          }
        },
        {
          "when": "Tombstone 5E",
          "model": {
            "type": "minecraft:model",
            "model": "minecraft:item/carved_pumpkin/deco_tombstone5e",
            "tints": []
          }
        },
        {
          "when": "Tombstone 5F",
          "model": {
            "type": "minecraft:model",
            "model": "minecraft:item/carved_pumpkin/deco_tombstone5f",
            "tints": []
          }
        },
        {
          "when": "Tombstone 5G",
          "model": {
            "type": "minecraft:model",
            "model": "minecraft:item/carved_pumpkin/deco_tombstone5g",
            "tints": []
          }
        },
        {
          "when": "Tombstone 5H",
          "model": {
            "type": "minecraft:model",
            "model": "minecraft:item/carved_pumpkin/deco_tombstone5h",
            "tints": []
          }
        },
        {
          "when": "Tombstone 5I",
          "model": {
            "type": "minecraft:model",
            "model": "minecraft:item/carved_pumpkin/deco_tombstone5i",
            "tints": []
          }
        },
        {
          "when": "Tombstone 6A",
          "model": {
            "type": "minecraft:model",
            "model": "minecraft:item/carved_pumpkin/deco_tombstone6a",
            "tints": []
          }
        },
        {
          "when": "Tombstone 6B",
          "model": {
            "type": "minecraft:model",
            "model": "minecraft:item/carved_pumpkin/deco_tombstone6b",
            "tints": []
          }
        },
        {
          "when": "Tombstone 6C",
          "model": {
            "type": "minecraft:model",
            "model": "minecraft:item/carved_pumpkin/deco_tombstone6c",
            "tints": []
          }
        },
        {
          "when": "Tombstone 6D",
          "model": {
            "type": "minecraft:model",
            "model": "minecraft:item/carved_pumpkin/deco_tombstone6d",
            "tints": []
          }
        },
        {
          "when": "Tombstone 6E",
          "model": {
            "type": "minecraft:model",
            "model": "minecraft:item/carved_pumpkin/deco_tombstone6e",
            "tints": []
          }
        },
        {
          "when": "Tombstone 6F",
          "model": {
            "type": "minecraft:model",
            "model": "minecraft:item/carved_pumpkin/deco_tombstone6f",
            "tints": []
          }
        },
        {
          "when": "Tombstone 6G",
          "model": {
            "type": "minecraft:model",
            "model": "minecraft:item/carved_pumpkin/deco_tombstone6g",
            "tints": []
          }
        },
        {
          "when": "Tombstone 6H",
          "model": {
            "type": "minecraft:model",
            "model": "minecraft:item/carved_pumpkin/deco_tombstone6h",
            "tints": []
          }
        },
        {
          "when": "Tombstone 6I",
          "model": {
            "type": "minecraft:model",
            "model": "minecraft:item/carved_pumpkin/deco_tombstone6i",
            "tints": []
          }
        },
        {
          "when": "Traffic Cone",
          "model": {
            "type": "minecraft:model",
            "model": "minecraft:item/carved_pumpkin/deco_traffic_cone",
            "tints": []
          }
        },
        {
          "when": "Traffic Light Hanging",
          "model": {
            "type": "minecraft:model",
            "model": "minecraft:item/carved_pumpkin/deco_traffic_light_hanging",
            "tints": []
          }
        },
        {
          "when": "Traffic Light Post",
          "model": {
            "type": "minecraft:model",
            "model": "minecraft:item/carved_pumpkin/deco_traffic_light_post",
            "tints": []
          }
        },
        {
          "when": "Traffic Pylon",
          "model": {
            "type": "minecraft:model",
            "model": "minecraft:item/carved_pumpkin/deco_traffic_pylon",
            "tints": []
          }
        },
        {
          "when": "Twinkly Star",
          "model": {
            "type": "minecraft:model",
            "model": "minecraft:item/carved_pumpkin/deco_twinkly_star",
            "tints": []
          }
        },
        {
          "when": "White Red Gift Box",
          "model": {
            "type": "minecraft:model",
            "model": "minecraft:item/carved_pumpkin/deco_white_red_gift_box",
            "tints": []
          }
        },
        {
          "when": "Heart Circle Cloud",
          "model": {
            "type": "minecraft:model",
            "model": "minecraft:item/carved_pumpkin/effect_heart_circle_cloud",
            "tints": []
          }
        },
        {
          "when": "Heart Cloud",
          "model": {
            "type": "minecraft:model",
            "model": "minecraft:item/carved_pumpkin/effect_heart_float_cloud",
            "tints": []
          }
        },
        {
          "when": "Note Cloud",
          "model": {
            "type": "minecraft:model",
            "model": "minecraft:item/carved_pumpkin/effect_note_cloud",
            "tints": []
          }
        },
        {
          "when": "Sparkle Cloud",
          "model": {
            "type": "minecraft:model",
            "model": "minecraft:item/carved_pumpkin/effect_sparkle_cloud",
            "tints": []
          }
        },
        {
          "when": "Gargoyle Hood",
          "model": {
            "type": "minecraft:model",
            "model": "minecraft:item/carved_pumpkin/gargoyle_hood",
            "tints": []
          }
        },
        {
          "when": "Antlers",
          "model": {
            "type": "minecraft:model",
            "model": "minecraft:item/carved_pumpkin/hat_antlers",
            "tints": []
          }
        },
        {
          "when": "Asuka EVA Interface",
          "model": {
            "type": "minecraft:model",
            "model": "minecraft:item/carved_pumpkin/hat_asuka_eva_interface",
            "tints": []
          }
        },
        {
          "when": "Atelier Witch Alaira",
          "model": {
            "type": "minecraft:model",
            "model": "minecraft:item/carved_pumpkin/hat_atelier_witch_alaira",
            "tints": []
          }
        },
        {
          "when": "Atelier Witch Coco",
          "model": {
            "type": "minecraft:model",
            "model": "minecraft:item/carved_pumpkin/hat_atelier_witch_coco",
            "tints": []
          }
        },
        {
          "when": "Atelier Witch Kukrow",
          "model": {
            "type": "minecraft:model",
            "model": "minecraft:item/carved_pumpkin/hat_atelier_witch_kukrow",
            "tints": []
          }
        },
        {
          "when": "Atelier Witch Nolnoa",
          "model": {
            "type": "minecraft:model",
            "model": "minecraft:item/carved_pumpkin/hat_atelier_witch_nolnoa",
            "tints": []
          }
        },
        {
          "when": "Atelier Witch Olruggio",
          "model": {
            "type": "minecraft:model",
            "model": "minecraft:item/carved_pumpkin/hat_atelier_witch_olruggio",
            "tints": []
          }
        },
        {
          "when": "Atelier Witch Qifrey",
          "model": {
            "type": "minecraft:model",
            "model": "minecraft:item/carved_pumpkin/hat_atelier_witch_qifrey",
            "tints": []
          }
        },
        {
          "when": "Atelier Witch Tetia",
          "model": {
            "type": "minecraft:model",
            "model": "minecraft:item/carved_pumpkin/hat_atelier_witch_tetia",
            "tints": []
          }
        },
        {
          "when": "Atelier Witch Theorder",
          "model": {
            "type": "minecraft:model",
            "model": "minecraft:item/carved_pumpkin/hat_atelier_witch_theorder",
            "tints": []
          }
        },
        {
          "when": "Blue Axolotl",
          "model": {
            "type": "minecraft:model",
            "model": "minecraft:item/carved_pumpkin/hat_axolotl_blue",
            "tints": []
          }
        },
        {
          "when": "Brown Axolotl",
          "model": {
            "type": "minecraft:model",
            "model": "minecraft:item/carved_pumpkin/hat_axolotl_brown",
            "tints": []
          }
        },
        {
          "when": "Cyan Axolotl",
          "model": {
            "type": "minecraft:model",
            "model": "minecraft:item/carved_pumpkin/hat_axolotl_cyan",
            "tints": []
          }
        },
        {
          "when": "Gold Axolotl",
          "model": {
            "type": "minecraft:model",
            "model": "minecraft:item/carved_pumpkin/hat_axolotl_gold",
            "tints": []
          }
        },
        {
          "when": "Pink Axolotl",
          "model": {
            "type": "minecraft:model",
            "model": "minecraft:item/carved_pumpkin/hat_axolotl_pink",
            "tints": []
          }
        },
        {
          "when": "Bird Circle",
          "model": {
            "type": "minecraft:model",
            "model": "minecraft:item/carved_pumpkin/hat_bird_circle",
            "tints": []
          }
        },
        {
          "when": "Black Cat Ear Headphones",
          "model": {
            "type": "minecraft:model",
            "model": "minecraft:item/carved_pumpkin/hat_black_cat_ear_headphones",
            "tints": []
          }
        },
        {
          "when": "Candy Antlers",
          "model": {
            "type": "minecraft:model",
            "model": "minecraft:item/carved_pumpkin/hat_candy_antlers",
            "tints": []
          }
        },
        {
          "when": "Captain Misato No Goggles",
          "model": {
            "type": "minecraft:model",
            "model": "minecraft:item/carved_pumpkin/hat_captain_misato_no_goggles",
            "tints": []
          }
        },
        {
          "when": "Captain Misato",
          "model": {
            "type": "minecraft:model",
            "model": "minecraft:item/carved_pumpkin/hat_captain_misato",
            "tints": []
          }
        },
        {
          "when": "Chao Exclamation",
          "model": {
            "type": "minecraft:model",
            "model": "minecraft:item/carved_pumpkin/hat_chao_exclamation",
            "tints": []
          }
        },
        {
          "when": "Chao Heart",
          "model": {
            "type": "minecraft:model",
            "model": "minecraft:item/carved_pumpkin/hat_chao_heart",
            "tints": []
          }
        },
        {
          "when": "Chao Question",
          "model": {
            "type": "minecraft:model",
            "model": "minecraft:item/carved_pumpkin/hat_chao_question",
            "tints": []
          }
        },
        {
          "when": "Chef",
          "model": {
            "type": "minecraft:model",
            "model": "minecraft:item/carved_pumpkin/hat_chef",
            "tints": []
          }
        },
        {
          "when": "Cherry Beanie",
          "model": {
            "type": "minecraft:model",
            "model": "minecraft:item/carved_pumpkin/hat_cherry_beanie",
            "tints": []
          }
        },
        {
          "when": "Classy",
          "model": {
            "type": "minecraft:model",
            "model": "minecraft:item/carved_pumpkin/hat_classy",
            "tints": []
          }
        },
        {
          "when": "Cowboy",
          "model": {
            "type": "minecraft:model",
            "model": "minecraft:item/carved_pumpkin/hat_cowboy",
            "tints": []
          }
        },
        {
          "when": "Crown",
          "model": {
            "type": "minecraft:model",
            "model": "minecraft:item/carved_pumpkin/hat_crown",
            "tints": []
          }
        },
        {
          "when": "Devilhorns Cherrylax",
          "model": {
            "type": "minecraft:model",
            "model": "minecraft:item/carved_pumpkin/hat_devilhorns_cherrylax",
            "tints": []
          }
        },
        {
          "when": "Devilhorns Lizee",
          "model": {
            "type": "minecraft:model",
            "model": "minecraft:item/carved_pumpkin/hat_devilhorns_lizee",
            "tints": []
          }
        },
        {
          "when": "Fishing Long",
          "model": {
            "type": "minecraft:model",
            "model": "minecraft:item/carved_pumpkin/hat_fishing_long",
            "tints": []
          }
        },
        {
          "when": "Fishing Tall",
          "model": {
            "type": "minecraft:model",
            "model": "minecraft:item/carved_pumpkin/hat_fishing_tall",
            "tints": []
          }
        },
        {
          "when": "Geno",
          "model": {
            "type": "minecraft:model",
            "model": "minecraft:item/carved_pumpkin/hat_geno",
            "tints": []
          }
        },
        {
          "when": "Graduation Cap",
          "model": {
            "type": "minecraft:model",
            "model": "minecraft:item/carved_pumpkin/hat_graduation_cap",
            "tints": []
          }
        },
        {
          "when": "Halo",
          "model": {
            "type": "minecraft:model",
            "model": "minecraft:item/carved_pumpkin/hat_halo",
            "tints": []
          }
        },
        {
          "when": "Jester Cap",
          "model": {
            "type": "minecraft:model",
            "model": "minecraft:item/carved_pumpkin/hat_jester_cap",
            "tints": []
          }
        },
        {
          "when": "Kittyears",
          "model": {
            "type": "minecraft:model",
            "model": "minecraft:item/carved_pumpkin/hat_kittyears",
            "tints": []
          }
        },
        {
          "when": "Krusty Krab",
          "model": {
            "type": "minecraft:model",
            "model": "minecraft:item/carved_pumpkin/hat_krusty_krab",
            "tints": []
          }
        },
        {
          "when": "Librarian",
          "model": {
            "type": "minecraft:model",
            "model": "minecraft:item/carved_pumpkin/hat_librarian",
            "tints": []
          }
        },
        {
          "when": "Luigi",
          "model": {
            "type": "minecraft:model",
            "model": "minecraft:item/carved_pumpkin/hat_luigi",
            "tints": []
          }
        },
        {
          "when": "Maccas Black",
          "model": {
            "type": "minecraft:model",
            "model": "minecraft:item/carved_pumpkin/hat_maccas_black",
            "tints": []
          }
        },
        {
          "when": "Maccas Red",
          "model": {
            "type": "minecraft:model",
            "model": "minecraft:item/carved_pumpkin/hat_maccas_red",
            "tints": []
          }
        },
        {
          "when": "Madoka Ribbons",
          "model": {
            "type": "minecraft:model",
            "model": "minecraft:item/carved_pumpkin/hat_madoka_ribbons",
            "tints": []
          }
        },
        {
          "when": "Mario",
          "model": {
            "type": "minecraft:model",
            "model": "minecraft:item/carved_pumpkin/hat_mario",
            "tints": []
          }
        },
        {
          "when": "Orange Cat Ear Headphones",
          "model": {
            "type": "minecraft:model",
            "model": "minecraft:item/carved_pumpkin/hat_orange_cat_ear_headphones",
            "tints": []
          }
        },
        {
          "when": "Parappa",
          "model": {
            "type": "minecraft:model",
            "model": "minecraft:item/carved_pumpkin/hat_parappa",
            "tints": []
          }
        },
        {
          "when": "Party",
          "model": {
            "type": "minecraft:model",
            "model": "minecraft:item/carved_pumpkin/hat_party",
            "tints": []
          }
        },
        {
          "when": "Pilots Cap",
          "model": {
            "type": "minecraft:model",
            "model": "minecraft:item/carved_pumpkin/hat_pilots_cap",
            "tints": []
          }
        },
        {
          "when": "Pirate",
          "model": {
            "type": "minecraft:model",
            "model": "minecraft:item/carved_pumpkin/hat_pirate",
            "tints": []
          }
        },
        {
          "when": "Poop",
          "model": {
            "type": "minecraft:model",
            "model": "minecraft:item/carved_pumpkin/hat_poop",
            "tints": []
          }
        },
        {
          "when": "Propeller",
          "model": {
            "type": "minecraft:model",
            "model": "minecraft:item/carved_pumpkin/hat_propeller",
            "tints": []
          }
        },
        {
          "when": "Pumpkin Jack",
          "model": {
            "type": "minecraft:model",
            "model": "minecraft:item/carved_pumpkin/hat_pumpkin_jack",
            "tints": []
          }
        },
        {
          "when": "Purple Cat Ear Headphones",
          "model": {
            "type": "minecraft:model",
            "model": "minecraft:item/carved_pumpkin/hat_purple_cat_ear_headphones",
            "tints": []
          }
        },
        {
          "when": "Purple Headphones",
          "model": {
            "type": "minecraft:model",
            "model": "minecraft:item/carved_pumpkin/hat_purple_headphones",
            "tints": []
          }
        },
        {
          "when": "Rat",
          "model": {
            "type": "minecraft:model",
            "model": "minecraft:item/carved_pumpkin/hat_rat",
            "tints": []
          }
        },
        {
          "when": "Red Bow",
          "model": {
            "type": "minecraft:model",
            "model": "minecraft:item/carved_pumpkin/hat_red_bow",
            "tints": []
          }
        },
        {
          "when": "Rei EVA Interface",
          "model": {
            "type": "minecraft:model",
            "model": "minecraft:item/carved_pumpkin/hat_rei_eva_interface",
            "tints": []
          }
        },
        {
          "when": "Rudolph Antlers",
          "model": {
            "type": "minecraft:model",
            "model": "minecraft:item/carved_pumpkin/hat_rudolph_antlers",
            "tints": []
          }
        },
        {
          "when": "Santa",
          "model": {
            "type": "minecraft:model",
            "model": "minecraft:item/carved_pumpkin/hat_santa",
            "tints": []
          }
        },
        {
          "when": "Sombrero",
          "model": {
            "type": "minecraft:model",
            "model": "minecraft:item/carved_pumpkin/hat_sombrero",
            "tints": []
          }
        },
        {
          "when": "Spooky",
          "model": {
            "type": "minecraft:model",
            "model": "minecraft:item/carved_pumpkin/hat_spooky",
            "tints": []
          }
        },
        {
          "when": "Black Straw Hat",
          "model": {
            "type": "minecraft:model",
            "model": "minecraft:item/carved_pumpkin/hat_straw_black",
            "tints": []
          }
        },
        {
          "when": "Blue Straw Hat",
          "model": {
            "type": "minecraft:model",
            "model": "minecraft:item/carved_pumpkin/hat_straw_blue",
            "tints": []
          }
        },
        {
          "when": "Brown Straw Hat",
          "model": {
            "type": "minecraft:model",
            "model": "minecraft:item/carved_pumpkin/hat_straw_brown",
            "tints": []
          }
        },
        {
          "when": "Cyan Straw Hat",
          "model": {
            "type": "minecraft:model",
            "model": "minecraft:item/carved_pumpkin/hat_straw_cyan",
            "tints": []
          }
        },
        {
          "when": "Green Straw Hat",
          "model": {
            "type": "minecraft:model",
            "model": "minecraft:item/carved_pumpkin/hat_straw_green",
            "tints": []
          }
        },
        {
          "when": "Light Blue Straw Hat",
          "model": {
            "type": "minecraft:model",
            "model": "minecraft:item/carved_pumpkin/hat_straw_light_blue",
            "tints": []
          }
        },
        {
          "when": "Lime Straw Hat",
          "model": {
            "type": "minecraft:model",
            "model": "minecraft:item/carved_pumpkin/hat_straw_lime",
            "tints": []
          }
        },
        {
          "when": "Magenta Straw Hat",
          "model": {
            "type": "minecraft:model",
            "model": "minecraft:item/carved_pumpkin/hat_straw_magenta",
            "tints": []
          }
        },
        {
          "when": "Orange Straw Hat",
          "model": {
            "type": "minecraft:model",
            "model": "minecraft:item/carved_pumpkin/hat_straw_orange",
            "tints": []
          }
        },
        {
          "when": "Pink Straw Hat",
          "model": {
            "type": "minecraft:model",
            "model": "minecraft:item/carved_pumpkin/hat_straw_pink",
            "tints": []
          }
        },
        {
          "when": "Purple Straw Hat",
          "model": {
            "type": "minecraft:model",
            "model": "minecraft:item/carved_pumpkin/hat_straw_purple",
            "tints": []
          }
        },
        {
          "when": "Red Straw Hat",
          "model": {
            "type": "minecraft:model",
            "model": "minecraft:item/carved_pumpkin/hat_straw_red",
            "tints": []
          }
        },
        {
          "when": "White Straw Hat",
          "model": {
            "type": "minecraft:model",
            "model": "minecraft:item/carved_pumpkin/hat_straw_white",
            "tints": []
          }
        },
        {
          "when": "Straw Hat",
          "model": {
            "type": "minecraft:model",
            "model": "minecraft:item/carved_pumpkin/hat_straw",
            "tints": []
          }
        },
        {
          "when": "Teruki Hair",
          "model": {
            "type": "minecraft:model",
            "model": "minecraft:item/carved_pumpkin/hat_teruki_hair",
            "tints": []
          }
        },
        {
          "when": "Ultimate Madoka Ribbons",
          "model": {
            "type": "minecraft:model",
            "model": "minecraft:item/carved_pumpkin/hat_ultimate_madoka_ribbons",
            "tints": []
          }
        },
        {
          "when": "Waluigi",
          "model": {
            "type": "minecraft:model",
            "model": "minecraft:item/carved_pumpkin/hat_waluigi",
            "tints": []
          }
        },
        {
          "when": "Wario",
          "model": {
            "type": "minecraft:model",
            "model": "minecraft:item/carved_pumpkin/hat_wario",
            "tints": []
          }
        },
        {
          "when": "White Cat Ear Headphones",
          "model": {
            "type": "minecraft:model",
            "model": "minecraft:item/carved_pumpkin/hat_white_cat_ear_headphones",
            "tints": []
          }
        },
        {
          "when": "Witch",
          "model": {
            "type": "minecraft:model",
            "model": "minecraft:item/carved_pumpkin/hat_witch",
            "tints": []
          }
        },
        {
          "when": "Wizard",
          "model": {
            "type": "minecraft:model",
            "model": "minecraft:item/carved_pumpkin/hat_wizard",
            "tints": []
          }
        },
        {
          "when": "Bonny Head",
          "model": {
            "type": "minecraft:model",
            "model": "minecraft:item/carved_pumpkin/head_bonny",
            "tints": []
          }
        },
        {
          "when": "Lemon Demon Head",
          "model": {
            "type": "minecraft:model",
            "model": "minecraft:item/carved_pumpkin/head_lemon_demon",
            "tints": []
          }
        },
        {
          "when": "Panda Head",
          "model": {
            "type": "minecraft:model",
            "model": "minecraft:item/carved_pumpkin/head_panda",
            "tints": []
          }
        },
        {
          "when": "Blue Pikmin Head",
          "model": {
            "type": "minecraft:model",
            "model": "minecraft:item/carved_pumpkin/head_pikmin_blue",
            "tints": []
          }
        },
        {
          "when": "Red Pikmin Head",
          "model": {
            "type": "minecraft:model",
            "model": "minecraft:item/carved_pumpkin/head_pikmin_red",
            "tints": []
          }
        },
        {
          "when": "Yellow Pikmin Head",
          "model": {
            "type": "minecraft:model",
            "model": "minecraft:item/carved_pumpkin/head_pikmin_yellow",
            "tints": []
          }
        },
        {
          "when": "Piranha Plant Head",
          "model": {
            "type": "minecraft:model",
            "model": "minecraft:item/carved_pumpkin/head_pirhana_plant",
            "tints": []
          }
        },
        {
          "when": "Black Shulker Box Head",
          "model": {
            "type": "minecraft:model",
            "model": "minecraft:item/carved_pumpkin/head_shulker_box_black",
            "tints": []
          }
        },
        {
          "when": "Blue Shulker Box Head",
          "model": {
            "type": "minecraft:model",
            "model": "minecraft:item/carved_pumpkin/head_shulker_box_blue",
            "tints": []
          }
        },
        {
          "when": "Brown Shulker Box Head",
          "model": {
            "type": "minecraft:model",
            "model": "minecraft:item/carved_pumpkin/head_shulker_box_brown",
            "tints": []
          }
        },
        {
          "when": "Cyan Shulker Box Head",
          "model": {
            "type": "minecraft:model",
            "model": "minecraft:item/carved_pumpkin/head_shulker_box_cyan",
            "tints": []
          }
        },
        {
          "when": "Gray Shulker Box Head",
          "model": {
            "type": "minecraft:model",
            "model": "minecraft:item/carved_pumpkin/head_shulker_box_gray",
            "tints": []
          }
        },
        {
          "when": "Green Shulker Box Head",
          "model": {
            "type": "minecraft:model",
            "model": "minecraft:item/carved_pumpkin/head_shulker_box_green",
            "tints": []
          }
        },
        {
          "when": "Light Blue Shulker Box Head",
          "model": {
            "type": "minecraft:model",
            "model": "minecraft:item/carved_pumpkin/head_shulker_box_light_blue",
            "tints": []
          }
        },
        {
          "when": "Light Gray Shulker Box Head",
          "model": {
            "type": "minecraft:model",
            "model": "minecraft:item/carved_pumpkin/head_shulker_box_light_gray",
            "tints": []
          }
        },
        {
          "when": "Lime Shulker Box Head",
          "model": {
            "type": "minecraft:model",
            "model": "minecraft:item/carved_pumpkin/head_shulker_box_lime",
            "tints": []
          }
        },
        {
          "when": "Magenta Shulker Box Head",
          "model": {
            "type": "minecraft:model",
            "model": "minecraft:item/carved_pumpkin/head_shulker_box_magenta",
            "tints": []
          }
        },
        {
          "when": "Orange Shulker Box Head",
          "model": {
            "type": "minecraft:model",
            "model": "minecraft:item/carved_pumpkin/head_shulker_box_orange",
            "tints": []
          }
        },
        {
          "when": "Pink Shulker Box Head",
          "model": {
            "type": "minecraft:model",
            "model": "minecraft:item/carved_pumpkin/head_shulker_box_pink",
            "tints": []
          }
        },
        {
          "when": "Purple Shulker Box Head",
          "model": {
            "type": "minecraft:model",
            "model": "minecraft:item/carved_pumpkin/head_shulker_box_purple",
            "tints": []
          }
        },
        {
          "when": "Red Shulker Box Head",
          "model": {
            "type": "minecraft:model",
            "model": "minecraft:item/carved_pumpkin/head_shulker_box_red",
            "tints": []
          }
        },
        {
          "when": "White Shulker Box Head",
          "model": {
            "type": "minecraft:model",
            "model": "minecraft:item/carved_pumpkin/head_shulker_box_white",
            "tints": []
          }
        },
        {
          "when": "Yellow Shulker Box Head",
          "model": {
            "type": "minecraft:model",
            "model": "minecraft:item/carved_pumpkin/head_shulker_box_yellow",
            "tints": []
          }
        },
        {
          "when": "Shulker Box Head",
          "model": {
            "type": "minecraft:model",
            "model": "minecraft:item/carved_pumpkin/head_shulker_box",
            "tints": []
          }
        },
        {
          "when": "Snowman Head",
          "model": {
            "type": "minecraft:model",
            "model": "minecraft:item/carved_pumpkin/head_snowman",
            "tints": []
          }
        },
        {
          "when": "Squid Head",
          "model": {
            "type": "minecraft:model",
            "model": "minecraft:item/carved_pumpkin/head_squid",
            "tints": []
          }
        },
        {
          "when": "Tiny Agnes Head",
          "model": {
            "type": "minecraft:model",
            "model": "minecraft:item/carved_pumpkin/head_tiny_agnes",
            "tints": []
          }
        },
        {
          "when": "Tiny Jens Head",
          "model": {
            "type": "minecraft:model",
            "model": "minecraft:item/carved_pumpkin/head_tiny_jens",
            "tints": []
          }
        },
        {
          "when": "Tiny Vu Head",
          "model": {
            "type": "minecraft:model",
            "model": "minecraft:item/carved_pumpkin/head_tiny_vu",
            "tints": []
          }
        },
        {
          "when": "Villager Head",
          "model": {
            "type": "minecraft:model",
            "model": "minecraft:item/carved_pumpkin/head_villager",
            "tints": []
          }
        },
        {
          "when": "Warden Horns Head",
          "model": {
            "type": "minecraft:model",
            "model": "minecraft:item/carved_pumpkin/head_warden_horns",
            "tints": []
          }
        },
        {
          "when": "Withers Head",
          "model": {
            "type": "minecraft:model",
            "model": "minecraft:item/carved_pumpkin/head_withers",
            "tints": []
          }
        },
        {
          "when": "Black Crewmate Helmet",
          "model": {
            "type": "minecraft:model",
            "model": "minecraft:item/carved_pumpkin/helmet_crewmate_black",
            "tints": []
          }
        },
        {
          "when": "Blue Crewmate Helmet",
          "model": {
            "type": "minecraft:model",
            "model": "minecraft:item/carved_pumpkin/helmet_crewmate_blue",
            "tints": []
          }
        },
        {
          "when": "Brown Crewmate Helmet",
          "model": {
            "type": "minecraft:model",
            "model": "minecraft:item/carved_pumpkin/helmet_crewmate_brown",
            "tints": []
          }
        },
        {
          "when": "Cyan Crewmate Helmet",
          "model": {
            "type": "minecraft:model",
            "model": "minecraft:item/carved_pumpkin/helmet_crewmate_cyan",
            "tints": []
          }
        },
        {
          "when": "Gray Crewmate Helmet",
          "model": {
            "type": "minecraft:model",
            "model": "minecraft:item/carved_pumpkin/helmet_crewmate_gray",
            "tints": []
          }
        },
        {
          "when": "Green Crewmate Helmet",
          "model": {
            "type": "minecraft:model",
            "model": "minecraft:item/carved_pumpkin/helmet_crewmate_green",
            "tints": []
          }
        },
        {
          "when": "Light Blue Crewmate Helmet",
          "model": {
            "type": "minecraft:model",
            "model": "minecraft:item/carved_pumpkin/helmet_crewmate_light_blue",
            "tints": []
          }
        },
        {
          "when": "Light Gray Crewmate Helmet",
          "model": {
            "type": "minecraft:model",
            "model": "minecraft:item/carved_pumpkin/helmet_crewmate_light_gray",
            "tints": []
          }
        },
        {
          "when": "Lime Crewmate Helmet",
          "model": {
            "type": "minecraft:model",
            "model": "minecraft:item/carved_pumpkin/helmet_crewmate_lime",
            "tints": []
          }
        },
        {
          "when": "Magenta Crewmate Helmet",
          "model": {
            "type": "minecraft:model",
            "model": "minecraft:item/carved_pumpkin/helmet_crewmate_magenta",
            "tints": []
          }
        },
        {
          "when": "Orange Crewmate Helmet",
          "model": {
            "type": "minecraft:model",
            "model": "minecraft:item/carved_pumpkin/helmet_crewmate_orange",
            "tints": []
          }
        },
        {
          "when": "Pink Crewmate Helmet",
          "model": {
            "type": "minecraft:model",
            "model": "minecraft:item/carved_pumpkin/helmet_crewmate_pink",
            "tints": []
          }
        },
        {
          "when": "Purple Crewmate Helmet",
          "model": {
            "type": "minecraft:model",
            "model": "minecraft:item/carved_pumpkin/helmet_crewmate_purple",
            "tints": []
          }
        },
        {
          "when": "Red Crewmate Helmet",
          "model": {
            "type": "minecraft:model",
            "model": "minecraft:item/carved_pumpkin/helmet_crewmate_red",
            "tints": []
          }
        },
        {
          "when": "White Crewmate Helmet",
          "model": {
            "type": "minecraft:model",
            "model": "minecraft:item/carved_pumpkin/helmet_crewmate_white",
            "tints": []
          }
        },
        {
          "when": "Yellow Crewmate Helmet",
          "model": {
            "type": "minecraft:model",
            "model": "minecraft:item/carved_pumpkin/helmet_crewmate_yellow",
            "tints": []
          }
        },
        {
          "when": "Cuphead Helmet",
          "model": {
            "type": "minecraft:model",
            "model": "minecraft:item/carved_pumpkin/helmet_cuphead",
            "tints": []
          }
        },
        {
          "when": "Deadmau5 Helmet",
          "model": {
            "type": "minecraft:model",
            "model": "minecraft:item/carved_pumpkin/helmet_deadmau5",
            "tints": []
          }
        },
        {
          "when": "Divers Helmet",
          "model": {
            "type": "minecraft:model",
            "model": "minecraft:item/carved_pumpkin/helmet_divers",
            "tints": []
          }
        },
        {
          "when": "EVA Unit 01 Helmet",
          "model": {
            "type": "minecraft:model",
            "model": "minecraft:item/carved_pumpkin/helmet_eva_unit_01",
            "tints": []
          }
        },
        {
          "when": "Gir Bot Helmet",
          "model": {
            "type": "minecraft:model",
            "model": "minecraft:item/carved_pumpkin/helmet_gir_bot",
            "tints": []
          }
        },
        {
          "when": "Gir Dog Helmet",
          "model": {
            "type": "minecraft:model",
            "model": "minecraft:item/carved_pumpkin/helmet_gir_dog",
            "tints": []
          }
        },
        {
          "when": "Guy Manuel Helmet",
          "model": {
            "type": "minecraft:model",
            "model": "minecraft:item/carved_pumpkin/helmet_guy_manuel",
            "tints": []
          }
        },
        {
          "when": "Copper Knight Helmet",
          "model": {
            "type": "minecraft:model",
            "model": "minecraft:item/carved_pumpkin/helmet_knights_copper",
            "tints": []
          }
        },
        {
          "when": "Diamond Knight Helmet",
          "model": {
            "type": "minecraft:model",
            "model": "minecraft:item/carved_pumpkin/helmet_knights_diamond",
            "tints": []
          }
        },
        {
          "when": "Gold Knight Helmet",
          "model": {
            "type": "minecraft:model",
            "model": "minecraft:item/carved_pumpkin/helmet_knights_gold",
            "tints": []
          }
        },
        {
          "when": "Iron Knight Helmet",
          "model": {
            "type": "minecraft:model",
            "model": "minecraft:item/carved_pumpkin/helmet_knights_iron",
            "tints": []
          }
        },
        {
          "when": "Netherite Knight Helmet",
          "model": {
            "type": "minecraft:model",
            "model": "minecraft:item/carved_pumpkin/helmet_knights_netherite",
            "tints": []
          }
        },
        {
          "when": "Rune Buying GF Knight Helmet",
          "model": {
            "type": "minecraft:model",
            "model": "minecraft:item/carved_pumpkin/helmet_knights_rune_buying_gf",
            "tints": []
          }
        },
        {
          "when": "Rune Knight Helmet",
          "model": {
            "type": "minecraft:model",
            "model": "minecraft:item/carved_pumpkin/helmet_knights_rune",
            "tints": []
          }
        },
        {
          "when": "Lego Head Helmet",
          "model": {
            "type": "minecraft:model",
            "model": "minecraft:item/carved_pumpkin/helmet_lego_head",
            "tints": []
          }
        },
        {
          "when": "Lego Skull Helmet",
          "model": {
            "type": "minecraft:model",
            "model": "minecraft:item/carved_pumpkin/helmet_lego_skull",
            "tints": []
          }
        },
        {
          "when": "Peehead Helmet",
          "model": {
            "type": "minecraft:model",
            "model": "minecraft:item/carved_pumpkin/helmet_peehead",
            "tints": []
          }
        },
        {
          "when": "Skull Helmet",
          "model": {
            "type": "minecraft:model",
            "model": "minecraft:item/carved_pumpkin/helmet_skull",
            "tints": []
          }
        },
        {
          "when": "Thomas Helmet",
          "model": {
            "type": "minecraft:model",
            "model": "minecraft:item/carved_pumpkin/helmet_thomas",
            "tints": []
          }
        },
        {
          "when": "TV Head Helmet",
          "model": {
            "type": "minecraft:model",
            "model": "minecraft:item/carved_pumpkin/helmet_tvhead",
            "tints": []
          }
        },
        {
          "when": "Banana Hood",
          "model": {
            "type": "minecraft:model",
            "model": "minecraft:item/carved_pumpkin/hood_banana",
            "tints": []
          }
        },
        {
          "when": "Bee Hood",
          "model": {
            "type": "minecraft:model",
            "model": "minecraft:item/carved_pumpkin/hood_bee",
            "tints": []
          }
        },
        {
          "when": "Black Bunny Hood",
          "model": {
            "type": "minecraft:model",
            "model": "minecraft:item/carved_pumpkin/hood_black_bunny",
            "tints": []
          }
        },
        {
          "when": "Blue Bunny Hood",
          "model": {
            "type": "minecraft:model",
            "model": "minecraft:item/carved_pumpkin/hood_blue_bunny",
            "tints": []
          }
        },
        {
          "when": "Brown Bunny Hood",
          "model": {
            "type": "minecraft:model",
            "model": "minecraft:item/carved_pumpkin/hood_brown_bunny",
            "tints": []
          }
        },
        {
          "when": "Chicken Hood",
          "model": {
            "type": "minecraft:model",
            "model": "minecraft:item/carved_pumpkin/hood_chicken",
            "tints": []
          }
        },
        {
          "when": "Fox Hood",
          "model": {
            "type": "minecraft:model",
            "model": "minecraft:item/carved_pumpkin/hood_fox",
            "tints": []
          }
        },
        {
          "when": "Garfield Hood",
          "model": {
            "type": "minecraft:model",
            "model": "minecraft:item/carved_pumpkin/hood_garfield",
            "tints": []
          }
        },
        {
          "when": "Kyubey Hood",
          "model": {
            "type": "minecraft:model",
            "model": "minecraft:item/carved_pumpkin/hood_kyubey",
            "tints": []
          }
        },
        {
          "when": "Lain Hood",
          "model": {
            "type": "minecraft:model",
            "model": "minecraft:item/carved_pumpkin/hood_lain",
            "tints": []
          }
        },
        {
          "when": "Light Blue Bunny Hood",
          "model": {
            "type": "minecraft:model",
            "model": "minecraft:item/carved_pumpkin/hood_light_blue_bunny",
            "tints": []
          }
        },
        {
          "when": "Lime Bunny Hood",
          "model": {
            "type": "minecraft:model",
            "model": "minecraft:item/carved_pumpkin/hood_lime_bunny",
            "tints": []
          }
        },
        {
          "when": "Luna Hood",
          "model": {
            "type": "minecraft:model",
            "model": "minecraft:item/carved_pumpkin/hood_luna",
            "tints": []
          }
        },
        {
          "when": "Magenta Bunny Hood",
          "model": {
            "type": "minecraft:model",
            "model": "minecraft:item/carved_pumpkin/hood_magenta_bunny",
            "tints": []
          }
        },
        {
          "when": "Miku Hair Hood",
          "model": {
            "type": "minecraft:model",
            "model": "minecraft:item/carved_pumpkin/hood_miku_hair",
            "tints": []
          }
        },
        {
          "when": "Misato Hair Hood",
          "model": {
            "type": "minecraft:model",
            "model": "minecraft:item/carved_pumpkin/hood_misato_hair",
            "tints": []
          }
        },
        {
          "when": "Paper Bag Lower Hood",
          "model": {
            "type": "minecraft:model",
            "model": "minecraft:item/carved_pumpkin/hood_paper_bag_lower",
            "tints": []
          }
        },
        {
          "when": "Paper Bag Hood",
          "model": {
            "type": "minecraft:model",
            "model": "minecraft:item/carved_pumpkin/hood_paper_bag",
            "tints": []
          }
        },
        {
          "when": "Pharaoh Hood",
          "model": {
            "type": "minecraft:model",
            "model": "minecraft:item/carved_pumpkin/hood_pharaoh",
            "tints": []
          }
        },
        {
          "when": "Pig Hood",
          "model": {
            "type": "minecraft:model",
            "model": "minecraft:item/carved_pumpkin/hood_pig",
            "tints": []
          }
        },
        {
          "when": "Piglin Hood",
          "model": {
            "type": "minecraft:model",
            "model": "minecraft:item/carved_pumpkin/hood_piglin",
            "tints": []
          }
        },
        {
          "when": "Blue Pikmin Hood",
          "model": {
            "type": "minecraft:model",
            "model": "minecraft:item/carved_pumpkin/hood_pikmin_blue",
            "tints": []
          }
        },
        {
          "when": "Red Pikmin Hood",
          "model": {
            "type": "minecraft:model",
            "model": "minecraft:item/carved_pumpkin/hood_pikmin_red",
            "tints": []
          }
        },
        {
          "when": "Yellow Pikmin Hood",
          "model": {
            "type": "minecraft:model",
            "model": "minecraft:item/carved_pumpkin/hood_pikmin_yellow",
            "tints": []
          }
        },
        {
          "when": "Pink Bunny Hood",
          "model": {
            "type": "minecraft:model",
            "model": "minecraft:item/carved_pumpkin/hood_pink_bunny",
            "tints": []
          }
        },
        {
          "when": "Princess Hair Hood",
          "model": {
            "type": "minecraft:model",
            "model": "minecraft:item/carved_pumpkin/hood_princesshair",
            "tints": []
          }
        },
        {
          "when": "Purple Bunny Hood",
          "model": {
            "type": "minecraft:model",
            "model": "minecraft:item/carved_pumpkin/hood_purple_bunny",
            "tints": []
          }
        },
        {
          "when": "Santa Beard Hood",
          "model": {
            "type": "minecraft:model",
            "model": "minecraft:item/carved_pumpkin/hood_santa_beard",
            "tints": []
          }
        },
        {
          "when": "Trader Hood",
          "model": {
            "type": "minecraft:model",
            "model": "minecraft:item/carved_pumpkin/hood_trader",
            "tints": []
          }
        },
        {
          "when": "Usagi Hair Hood",
          "model": {
            "type": "minecraft:model",
            "model": "minecraft:item/carved_pumpkin/hood_usagi_hair",
            "tints": []
          }
        },
        {
          "when": "White Bunny Hood",
          "model": {
            "type": "minecraft:model",
            "model": "minecraft:item/carved_pumpkin/hood_white_bunny",
            "tints": []
          }
        },
        {
          "when": "Bar of Soap",
          "model": {
            "type": "minecraft:model",
            "model": "minecraft:item/carved_pumpkin/item_bar_of_soap",
            "tints": []
          }
        },
        {
          "when": "Broom",
          "model": {
            "type": "minecraft:model",
            "model": "minecraft:item/carved_pumpkin/item_broom",
            "tints": []
          }
        },
        {
          "when": "Busted Blade",
          "model": {
            "type": "minecraft:model",
            "model": "minecraft:item/carved_pumpkin/item_busted_blade",
            "tints": []
          }
        },
        {
          "when": "Moon Scepter Rework",
          "model": {
            "type": "minecraft:model",
            "model": "minecraft:item/carved_pumpkin/item_moon_scepter_rework",
            "tints": []
          }
        },
        {
          "when": "Moon Scepter",
          "model": {
            "type": "minecraft:model",
            "model": "minecraft:item/carved_pumpkin/item_moon_scepter",
            "tints": []
          }
        },
        {
          "when": "Nintendo Switch",
          "model": {
            "type": "minecraft:model",
            "model": "minecraft:item/carved_pumpkin/item_nintendo_switch",
            "tints": []
          }
        },
        {
          "when": "Scissorblade",
          "model": {
            "type": "minecraft:model",
            "model": "minecraft:item/carved_pumpkin/item_scissorblade",
            "tints": []
          }
        },
        {
          "when": "Spoon",
          "model": {
            "type": "minecraft:model",
            "model": "minecraft:item/carved_pumpkin/item_spoon",
            "tints": []
          }
        },
        {
          "when": "Stick (All The Hotdogs)",
          "model": {
            "type": "minecraft:model",
            "model": "minecraft:item/carved_pumpkin/item_stick_all_the_hotdogs",
            "tints": []
          }
        },
        {
          "when": "Stick (All The Marshmallows)",
          "model": {
            "type": "minecraft:model",
            "model": "minecraft:item/carved_pumpkin/item_stick_all_the_marshmallows",
            "tints": []
          }
        },
        {
          "when": "Stick (Hotdog)",
          "model": {
            "type": "minecraft:model",
            "model": "minecraft:item/carved_pumpkin/item_stick_hotdog",
            "tints": []
          }
        },
        {
          "when": "Stick (Two Marshmallows)",
          "model": {
            "type": "minecraft:model",
            "model": "minecraft:item/carved_pumpkin/item_stick_two_marshmallows",
            "tints": []
          }
        },
        {
          "when": "Toothbrush",
          "model": {
            "type": "minecraft:model",
            "model": "minecraft:item/carved_pumpkin/item_toothbrush",
            "tints": []
          }
        },
        {
          "when": "Tour Guide",
          "model": {
            "type": "minecraft:model",
            "model": "minecraft:item/carved_pumpkin/item_tourguide",
            "tints": []
          }
        },
        {
          "when": "Umbrella",
          "model": {
            "type": "minecraft:model",
            "model": "minecraft:item/carved_pumpkin/item_umbrella",
            "tints": []
          }
        },
        {
          "when": "Unwieldy Blade",
          "model": {
            "type": "minecraft:model",
            "model": "minecraft:item/carved_pumpkin/item_unwieldy_blade",
            "tints": []
          }
        },
        {
          "when": "Leather Horse Armor",
          "model": {
            "type": "minecraft:model",
            "model": "minecraft:item/carved_pumpkin/leather_horse_armor",
            "tints": []
          }
        },
        {
          "when": "3D Glasses Mask",
          "model": {
            "type": "minecraft:model",
            "model": "minecraft:item/carved_pumpkin/mask_3d_glasses",
            "tints": []
          }
        },
        {
          "when": "Anime Glasses Mask (Lower)",
          "model": {
            "type": "minecraft:model",
            "model": "minecraft:item/carved_pumpkin/mask_anime_glasses_lower",
            "tints": []
          }
        },
        {
          "when": "Anime Glasses Mask",
          "model": {
            "type": "minecraft:model",
            "model": "minecraft:item/carved_pumpkin/mask_anime_glasses",
            "tints": []
          }
        },
        {
          "when": "Aviators Mask (Lower)",
          "model": {
            "type": "minecraft:model",
            "model": "minecraft:item/carved_pumpkin/mask_aviators_lower",
            "tints": []
          }
        },
        {
          "when": "Aviators Mask",
          "model": {
            "type": "minecraft:model",
            "model": "minecraft:item/carved_pumpkin/mask_aviators",
            "tints": []
          }
        },
        {
          "when": "Banned Mask",
          "model": {
            "type": "minecraft:model",
            "model": "minecraft:item/carved_pumpkin/mask_banned",
            "tints": []
          }
        },
        {
          "when": "Big Grin Emoji Mask",
          "model": {
            "type": "minecraft:model",
            "model": "minecraft:item/carved_pumpkin/mask_big_grin_emoji",
            "tints": []
          }
        },
        {
          "when": "Black Mask (Lower)",
          "model": {
            "type": "minecraft:model",
            "model": "minecraft:item/carved_pumpkin/mask_black_lower",
            "tints": []
          }
        },
        {
          "when": "Black Mask",
          "model": {
            "type": "minecraft:model",
            "model": "minecraft:item/carved_pumpkin/mask_black",
            "tints": []
          }
        },
        {
          "when": "COVID Face Mask",
          "model": {
            "type": "minecraft:model",
            "model": "minecraft:item/carved_pumpkin/mask_covid_face",
            "tints": []
          }
        },
        {
          "when": "Crying Emoji Mask",
          "model": {
            "type": "minecraft:model",
            "model": "minecraft:item/carved_pumpkin/mask_crying_emoji",
            "tints": []
          }
        },
        {
          "when": "Heart Glasses Mask",
          "model": {
            "type": "minecraft:model",
            "model": "minecraft:item/carved_pumpkin/mask_heart_glasses",
            "tints": []
          }
        },
        {
          "when": "Classic Disguise",
          "model": {
            "type": "minecraft:model",
            "model": "minecraft:item/carved_pumpkin/mask_just_a_fucking_nose_and_ears_and_glasses",
            "tints": []
          }
        },
        {
          "when": "Nose and Ears Mask",
          "model": {
            "type": "minecraft:model",
            "model": "minecraft:item/carved_pumpkin/mask_just_a_fucking_nose_and_ears",
            "tints": []
          }
        },
        {
          "when": "Nose Mask",
          "model": {
            "type": "minecraft:model",
            "model": "minecraft:item/carved_pumpkin/mask_just_a_fucking_nose",
            "tints": []
          }
        },
        {
          "when": "Laugh Cry Emoji Mask",
          "model": {
            "type": "minecraft:model",
            "model": "minecraft:item/carved_pumpkin/mask_laugh_cry_emoji",
            "tints": []
          }
        },
        {
          "when": "Laugh Emoji Mask",
          "model": {
            "type": "minecraft:model",
            "model": "minecraft:item/carved_pumpkin/mask_laugh_emoji",
            "tints": []
          }
        },
        {
          "when": "Marvu Mask",
          "model": {
            "type": "minecraft:model",
            "model": "minecraft:item/carved_pumpkin/mask_marvu",
            "tints": []
          }
        },
        {
          "when": "Meme Glasses Mask (Lower)",
          "model": {
            "type": "minecraft:model",
            "model": "minecraft:item/carved_pumpkin/mask_meme_glasses_lower",
            "tints": []
          }
        },
        {
          "when": "Meme Glasses Mask",
          "model": {
            "type": "minecraft:model",
            "model": "minecraft:item/carved_pumpkin/mask_meme_glasses",
            "tints": []
          }
        },
        {
          "when": "Nervous Smile Emoji Mask",
          "model": {
            "type": "minecraft:model",
            "model": "minecraft:item/carved_pumpkin/mask_nervous_smile_emoji",
            "tints": []
          }
        },
        {
          "when": "No Face Mask",
          "model": {
            "type": "minecraft:model",
            "model": "minecraft:item/carved_pumpkin/mask_no_face",
            "tints": []
          }
        },
        {
          "when": "Purple Guy Mask",
          "model": {
            "type": "minecraft:model",
            "model": "minecraft:item/carved_pumpkin/mask_purple_guy",
            "tints": []
          }
        },
        {
          "when": "Scuba Blue Mask (Lower)",
          "model": {
            "type": "minecraft:model",
            "model": "minecraft:item/carved_pumpkin/mask_scuba_blue_lower",
            "tints": []
          }
        },
        {
          "when": "Scuba Blue Mask",
          "model": {
            "type": "minecraft:model",
            "model": "minecraft:item/carved_pumpkin/mask_scuba_blue",
            "tints": []
          }
        },
        {
          "when": "Scuba Green Mask (Lower)",
          "model": {
            "type": "minecraft:model",
            "model": "minecraft:item/carved_pumpkin/mask_scuba_green_lower",
            "tints": []
          }
        },
        {
          "when": "Scuba Green Mask",
          "model": {
            "type": "minecraft:model",
            "model": "minecraft:item/carved_pumpkin/mask_scuba_green",
            "tints": []
          }
        },
        {
          "when": "Square Mask",
          "model": {
            "type": "minecraft:model",
            "model": "minecraft:item/carved_pumpkin/mask_square",
            "tints": []
          }
        },
        {
          "when": "Starglasses Mask (Lower)",
          "model": {
            "type": "minecraft:model",
            "model": "minecraft:item/carved_pumpkin/mask_starglasses_lower",
            "tints": []
          }
        },
        {
          "when": "Starglasses Mask",
          "model": {
            "type": "minecraft:model",
            "model": "minecraft:item/carved_pumpkin/mask_starglasses",
            "tints": []
          }
        },
        {
          "when": "Portal Turret",
          "model": {
            "type": "minecraft:model",
            "model": "minecraft:item/carved_pumpkin/portal_turret",
            "tints": []
          }
        },
        {
          "when": "Traffic Light Pole",
          "model": {
            "type": "minecraft:model",
            "model": "minecraft:item/carved_pumpkin/traffic_light_pole",
            "tints": []
          }
        },
        {
          "when": "Traffic Light",
          "model": {
            "type": "minecraft:model",
            "model": "minecraft:item/carved_pumpkin/traffic_light",
            "tints": []
          }
        }
      ],
      "fallback": {
        "type": "minecraft:model",
        "model": "minecraft:item/carved_pumpkin"
      }
    },
    "on_false": {
      "type": "minecraft:model",
      "model": "minecraft:item/carved_pumpkin"
    }
  }
}