{
  "model": {
    "type": "minecraft:condition",
    "property": "minecraft:has_component",
    "component": "minecraft:custom_name",
    "on_true": {
      "type": "minecraft:select",
      "property": "minecraft:component",
      "component": "minecraft:custom_name",
      "cases": [
        {
          "when": "Dyable Arrow Down",
          "model": {
            "type": "minecraft:model",
            "model": "minecraft:item/leather_horse_armor/deco_arrow_down_dyable",
            "tints": [
              {
                "type": "minecraft:dye",
                "default": [
                  0.470588,
                  0.298039,
                  0.176471
                ]
              }
            ]
          }
        },
        {
          "when": "Dyable Arrow Side",
          "model": {
            "type": "minecraft:model",
            "model": "minecraft:item/leather_horse_armor/deco_arrow_side_dyable",
            "tints": [
              {
                "type": "minecraft:dye",
                "default": [
                  0.470588,
                  0.298039,
                  0.176471
                ]
              }
            ]
          }
        },
        {
          "when": "Dyable Frog",
          "model": {
            "type": "minecraft:model",
            "model": "minecraft:item/leather_horse_armor/deco_frog_dyable",
            "tints": [
              {
                "type": "minecraft:dye",
                "default": [
                  0.470588,
                  0.298039,
                  0.176471
                ]
              }
            ]
          }
        },
        {
          "when": "Dyable Gift Box",
          "model": {
            "type": "minecraft:model",
            "model": "minecraft:item/leather_horse_armor/deco_gift_box_dyable",
            "tints": [
              {
                "type": "minecraft:dye",
                "default": [
                  0.470588,
                  0.298039,
                  0.176471
                ]
              }
            ]
          }
        },
        {
          "when": "Dyable Lego Brick",
          "model": {
            "type": "minecraft:model",
            "model": "minecraft:item/leather_horse_armor/deco_lego_brick_dyable",
            "tints": [
              {
                "type": "minecraft:dye",
                "default": [
                  0.470588,
                  0.298039,
                  0.176471
                ]
              }
            ]
          }
        },
        {
          "when": "Dyable Navi",
          "model": {
            "type": "minecraft:model",
            "model": "minecraft:item/leather_horse_armor/deco_navi_dyable",
            "tints": [
              {
                "type": "minecraft:dye",
                "default": [
                  0.470588,
                  0.298039,
                  0.176471
                ]
              }
            ]
          }
        },
        {
          "when": "Dyable Rubber Duck",
          "model": {
            "type": "minecraft:model",
            "model": "minecraft:item/leather_horse_armor/deco_rubber_duck_dyable",
            "tints": [
              {
                "type": "minecraft:dye",
                "default": [
                  0.470588,
                  0.298039,
                  0.176471
                ]
              }
            ]
          }
        },
        {
          "when": "Dyable Black Traffic Cone",
          "model": {
            "type": "minecraft:model",
            "model": "minecraft:item/leather_horse_armor/deco_traffic_cone_black_dyable",
            "tints": [
              {
                "type": "minecraft:dye",
                "default": [
                  0.470588,
                  0.298039,
                  0.176471
                ]
              }
            ]
          }
        },
        {
          "when": "Dyable White Traffic Cone",
          "model": {
            "type": "minecraft:model",
            "model": "minecraft:item/leather_horse_armor/deco_traffic_cone_white_dyable",
            "tints": [
              {
                "type": "minecraft:dye",
                "default": [
                  0.470588,
                  0.298039,
                  0.176471
                ]
              }
            ]
          }
        },
        {
          "when": "Dyable Black Traffic Pylon",
          "model": {
            "type": "minecraft:model",
            "model": "minecraft:item/leather_horse_armor/deco_traffic_pylon_black_dyable",
            "tints": [
              {
                "type": "minecraft:dye",
                "default": [
                  0.470588,
                  0.298039,
                  0.176471
                ]
              }
            ]
          }
        },
        {
          "when": "Dyable White Traffic Pylon",
          "model": {
            "type": "minecraft:model",
            "model": "minecraft:item/leather_horse_armor/deco_traffic_pylon_white_dyable",
            "tints": [
              {
                "type": "minecraft:dye",
                "default": [
                  0.470588,
                  0.298039,
                  0.176471
                ]
              }
            ]
          }
        },
        {
          "when": "Dyable Twinkly Star",
          "model": {
            "type": "minecraft:model",
            "model": "minecraft:item/leather_horse_armor/deco_twinkly_star_dyable",
            "tints": [
              {
                "type": "minecraft:dye",
                "default": [
                  0.470588,
                  0.298039,
                  0.176471
                ]
              }
            ]
          }
        },
        {
          "when": "Dyable Warning Sign Plate",
          "model": {
            "type": "minecraft:model",
            "model": "minecraft:item/leather_horse_armor/deco_warning_sign_plate_dyable",
            "tints": [
              {
                "type": "minecraft:dye",
                "default": [
                  0.470588,
                  0.298039,
                  0.176471
                ]
              }
            ]
          }
        },
        {
          "when": "Dyable Heart Circle Cloud",
          "model": {
            "type": "minecraft:model",
            "model": "minecraft:item/leather_horse_armor/effect_heart_circle_cloud_dyable",
            "tints": [
              {
                "type": "minecraft:dye",
                "default": [
                  0.470588,
                  0.298039,
                  0.176471
                ]
              }
            ]
          }
        },
        {
          "when": "Dyable Heart Cloud",
          "model": {
            "type": "minecraft:model",
            "model": "minecraft:item/leather_horse_armor/effect_heart_float_cloud_dyable",
            "tints": [
              {
                "type": "minecraft:dye",
                "default": [
                  0.470588,
                  0.298039,
                  0.176471
                ]
              }
            ]
          }
        },
        {
          "when": "Dyable Sparkle Cloud",
          "model": {
            "type": "minecraft:model",
            "model": "minecraft:item/leather_horse_armor/effect_sparkle_cloud_dyable",
            "tints": [
              {
                "type": "minecraft:dye",
                "default": [
                  0.470588,
                  0.298039,
                  0.176471
                ]
              }
            ]
          }
        },
        {
          "when": "Dyable Axolotl",
          "model": {
            "type": "minecraft:model",
            "model": "minecraft:item/leather_horse_armor/hat_axolotl_dyable",
            "tints": [
              {
                "type": "minecraft:dye",
                "default": [
                  0.470588,
                  0.298039,
                  0.176471
                ]
              }
            ]
          }
        },
        {
          "when": "Dyable Ball Cap",
          "model": {
            "type": "minecraft:model",
            "model": "minecraft:item/leather_horse_armor/hat_ball_cap_dyable",
            "tints": [
              {
                "type": "minecraft:dye",
                "default": [
                  0.470588,
                  0.298039,
                  0.176471
                ]
              }
            ]
          }
        },
        {
          "when": "Dyable Beanie",
          "model": {
            "type": "minecraft:model",
            "model": "minecraft:item/leather_horse_armor/hat_beanie_dyable",
            "tints": [
              {
                "type": "minecraft:dye",
                "default": [
                  0.470588,
                  0.298039,
                  0.176471
                ]
              }
            ]
          }
        },
        {
          "when": "Dyable Big Bow",
          "model": {
            "type": "minecraft:model",
            "model": "minecraft:item/leather_horse_armor/hat_big_bow_dyable",
            "tints": [
              {
                "type": "minecraft:dye",
                "default": [
                  0.470588,
                  0.298039,
                  0.176471
                ]
              }
            ]
          }
        },
        {
          "when": "Dyable Devilhorns Cherrylax",
          "model": {
            "type": "minecraft:model",
            "model": "minecraft:item/leather_horse_armor/hat_devilhorns_cherrylax_dyable",
            "tints": [
              {
                "type": "minecraft:dye",
                "default": [
                  0.470588,
                  0.298039,
                  0.176471
                ]
              }
            ]
          }
        },
        {
          "when": "Dyable Headphones",
          "model": {
            "type": "minecraft:model",
            "model": "minecraft:item/leather_horse_armor/hat_headphones_dyable",
            "tints": [
              {
                "type": "minecraft:dye",
                "default": [
                  0.470588,
                  0.298039,
                  0.176471
                ]
              }
            ]
          }
        },
        {
          "when": "Dyable Party",
          "model": {
            "type": "minecraft:model",
            "model": "minecraft:item/leather_horse_armor/hat_party_dyable",
            "tints": [
              {
                "type": "minecraft:dye",
                "default": [
                  0.470588,
                  0.298039,
                  0.176471
                ]
              }
            ]
          }
        },
        {
          "when": "Dyable Smurf",
          "model": {
            "type": "minecraft:model",
            "model": "minecraft:item/leather_horse_armor/hat_smurf_dyable",
            "tints": [
              {
                "type": "minecraft:dye",
                "default": [
                  0.470588,
                  0.298039,
                  0.176471
                ]
              }
            ]
          }
        },
        {
          "when": "Dyable Straw Hat",
          "model": {
            "type": "minecraft:model",
            "model": "minecraft:item/leather_horse_armor/hat_straw_dyable",
            "tints": [
              {
                "type": "minecraft:dye",
                "default": [
                  0.470588,
                  0.298039,
                  0.176471
                ]
              }
            ]
          }
        },
        {
          "when": "Dyable Trucker Cap",
          "model": {
            "type": "minecraft:model",
            "model": "minecraft:item/leather_horse_armor/hat_trucker_cap_dyable",
            "tints": [
              {
                "type": "minecraft:dye",
                "default": [
                  0.470588,
                  0.298039,
                  0.176471
                ]
              }
            ]
          }
        },
        {
          "when": "Dyable Pikmin Ears Head",
          "model": {
            "type": "minecraft:model",
            "model": "minecraft:item/leather_horse_armor/head_pikmin_ears_dyable",
            "tints": [
              {
                "type": "minecraft:dye",
                "default": [
                  0.470588,
                  0.298039,
                  0.176471
                ]
              }
            ]
          }
        },
        {
          "when": "Dyable Pikmin Mouth Head",
          "model": {
            "type": "minecraft:model",
            "model": "minecraft:item/leather_horse_armor/head_pikmin_mouth_dyable",
            "tints": [
              {
                "type": "minecraft:dye",
                "default": [
                  0.470588,
                  0.298039,
                  0.176471
                ]
              }
            ]
          }
        },
        {
          "when": "Dyable Pikmin Nose Head",
          "model": {
            "type": "minecraft:model",
            "model": "minecraft:item/leather_horse_armor/head_pikmin_nose_dyable",
            "tints": [
              {
                "type": "minecraft:dye",
                "default": [
                  0.470588,
                  0.298039,
                  0.176471
                ]
              }
            ]
          }
        },
        {
          "when": "Dyable Pikmin Poison Head",
          "model": {
            "type": "minecraft:model",
            "model": "minecraft:item/leather_horse_armor/head_pikmin_poison_dyable",
            "tints": [
              {
                "type": "minecraft:dye",
                "default": [
                  0.470588,
                  0.298039,
                  0.176471
                ]
              }
            ]
          }
        },
        {
          "when": "Dyable Shulker Box Head",
          "model": {
            "type": "minecraft:model",
            "model": "minecraft:item/leather_horse_armor/head_shulker_box_dyable",
            "tints": [
              {
                "type": "minecraft:dye",
                "default": [
                  0.470588,
                  0.298039,
                  0.176471
                ]
              }
            ]
          }
        },
        {
          "when": "Dyable Crewmate Helmet",
          "model": {
            "type": "minecraft:model",
            "model": "minecraft:item/leather_horse_armor/helmet_crewmate_dyable",
            "tints": [
              {
                "type": "minecraft:dye",
                "default": [
                  0.470588,
                  0.298039,
                  0.176471
                ]
              }
            ]
          }
        },
        {
          "when": "Dyable Knight Helmet",
          "model": {
            "type": "minecraft:model",
            "model": "minecraft:item/leather_horse_armor/helmet_knights_dyable",
            "tints": [
              {
                "type": "minecraft:dye",
                "default": [
                  0.470588,
                  0.298039,
                  0.176471
                ]
              }
            ]
          }
        },
        {
          "when": "Dyable Bunny Hood",
          "model": {
            "type": "minecraft:model",
            "model": "minecraft:item/leather_horse_armor/hood_bunny_dyable",
            "tints": [
              {
                "type": "minecraft:dye",
                "default": [
                  0.470588,
                  0.298039,
                  0.176471
                ]
              }
            ]
          }
        },
        {
          "when": "Dyable Misato Hair Hood",
          "model": {
            "type": "minecraft:model",
            "model": "minecraft:item/leather_horse_armor/hood_misato_hair_dyable",
            "tints": [
              {
                "type": "minecraft:dye",
                "default": [
                  0.470588,
                  0.298039,
                  0.176471
                ]
              }
            ]
          }
        },
        {
          "when": "Dyable Pikmin Hood",
          "model": {
            "type": "minecraft:model",
            "model": "minecraft:item/leather_horse_armor/hood_pikmin_dyable",
            "tints": [
              {
                "type": "minecraft:dye",
                "default": [
                  0.470588,
                  0.298039,
                  0.176471
                ]
              }
            ]
          }
        },
        {
          "when": "Dyable Pikmin Ears Hood",
          "model": {
            "type": "minecraft:model",
            "model": "minecraft:item/leather_horse_armor/hood_pikmin_ears_dyable",
            "tints": [
              {
                "type": "minecraft:dye",
                "default": [
                  0.470588,
                  0.298039,
                  0.176471
                ]
              }
            ]
          }
        },
        {
          "when": "Dyable Heart Glasses Mask",
          "model": {
            "type": "minecraft:model",
            "model": "minecraft:item/leather_horse_armor/mask_heart_glasses_dyable",
            "tints": [
              {
                "type": "minecraft:dye",
                "default": [
                  0.470588,
                  0.298039,
                  0.176471
                ]
              }
            ]
          }
        },
        {
          "when": "Dyable Scuba Mask",
          "model": {
            "type": "minecraft:model",
            "model": "minecraft:item/leather_horse_armor/mask_scuba_dyable",
            "tints": [
              {
                "type": "minecraft:dye",
                "default": [
                  0.470588,
                  0.298039,
                  0.176471
                ]
              }
            ]
          }
        }
      ],
      "fallback": {
        "type": "minecraft:model",
        "model": "minecraft:item/leather_horse_armor",
        "tints": [
          {
            "type": "minecraft:dye",
            "default": [
                  0.470588,
                  0.298039,
                  0.176471
                ]
          }
        ]
      }
    },
    "on_false": {
      "type": "minecraft:model",
      "model": "minecraft:item/leather_horse_armor",
      "tints": [
          {
            "type": "minecraft:dye",
            "default": [
                  0.470588,
                  0.298039,
                  0.176471
                ]
          }
        ]
    }
  }
}