{
 "parent": "item/handheld",
 "textures": {
  "layer0": "item/leather_horse_armor"
 },
 "overrides": [
{"predicate": {"custom_model_data":306}, "model": "item/deco_warning_sign_plate_dyable"},
{"predicate": {"custom_model_data":307}, "model": "item/deco_traffic_cone_black_dyable"},
{"predicate": {"custom_model_data":308}, "model": "item/deco_traffic_cone_white_dyable"},
{"predicate": {"custom_model_data":309}, "model": "item/deco_traffic_pylon_black_dyable"},
{"predicate": {"custom_model_data":310}, "model": "item/deco_traffic_pylon_white_dyable"},
{"predicate": {"custom_model_data":311}, "model": "item/hat_ball_cap_dyable"},
{"predicate": {"custom_model_data":312}, "model": "item/hood_bunny_dyable"},
{"predicate": {"custom_model_data":313}, "model": "item/hat_straw_dyable"},
{"predicate": {"custom_model_data":314}, "model": "item/hat_headphones_dyable"},
{"predicate": {"custom_model_data":315}, "model": "item/hat_party_dyable"},
{"predicate": {"custom_model_data":316}, "model": "item/hat_big_bow_dyable"},
{"predicate": {"custom_model_data":317}, "model": "item/deco_frog_dyable"},
{"predicate": {"custom_model_data":318}, "model": "item/effect_heart_float_cloud_dyable"},
{"predicate": {"custom_model_data":319}, "model": "item/effect_heart_circle_cloud_dyable"},
{"predicate": {"custom_model_data":320}, "model": "item/deco_gift_box_dyable"},
{"predicate": {"custom_model_data":321}, "model": "item/effect_sparkle_cloud_dyable"},
{"predicate": {"custom_model_data":322}, "model": "item/deco_twinkly_star_dyable"},
{"predicate": {"custom_model_data":323}, "model": "item/deco_arrow_down_dyable"},
{"predicate": {"custom_model_data":324}, "model": "item/deco_arrow_side_dyable"},
{"predicate": {"custom_model_data":325}, "model": "item/helmet_crewmate_dyable"},
{"predicate": {"custom_model_data":326}, "model": "item/mask_scuba_dyable"},
{"predicate": {"custom_model_data":327}, "model": "item/helmet_knights_dyable"},
{"predicate": {"custom_model_data":328}, "model": "item/head_shulker_box_dyable"},
{"predicate": {"custom_model_data":329}, "model": "item/hat_axolotl_dyable"},
{"predicate": {"custom_model_data":330}, "model": "item/hat_beanie_dyable"},
{"predicate": {"custom_model_data":331}, "model": "item/hat_devilhorns_cherrylax_dyable"},
{"predicate": {"custom_model_data":332}, "model": "item/mask_heart_glasses_dyable"},
{"predicate": {"custom_model_data":333}, "model": "item/deco_lego_brick_dyable"},
{"predicate": {"custom_model_data":334}, "model": "item/hood_misato_hair_dyable"},
{"predicate": {"custom_model_data":335}, "model": "item/deco_navi_dyable"},
{"predicate": {"custom_model_data":336}, "model": "item/hood_pikmin_dyable"},
{"predicate": {"custom_model_data":337}, "model": "item/hood_pikmin_ears_dyable"},
{"predicate": {"custom_model_data":338}, "model": "item/head_pikmin_nose_dyable"},
{"predicate": {"custom_model_data":339}, "model": "item/head_pikmin_mouth_dyable"},
{"predicate": {"custom_model_data":340}, "model": "item/head_pikmin_ears_dyable"},
{"predicate": {"custom_model_data":341}, "model": "item/head_pikmin_poison_dyable"},
{"predicate": {"custom_model_data":342}, "model": "item/hat_chao_exclamation"},
{"predicate": {"custom_model_data":343}, "model": "item/hat_chao_question"},
{"predicate": {"custom_model_data":344}, "model": "item/hat_chao_heart"},
{"predicate": {"custom_model_data":345}, "model": "item/hat_smurf_dyable"},
{"predicate": {"custom_model_data":346}, "model": "item/mask_covid_face"},
{"predicate": {"custom_model_data":419}, "model": "item/deco_rubber_duck_dyable"}
 ]
 }